iso3,year,u5mr,dtp3,mcv1,pol3,gdp_pc,health_exp_pc,fertility,female_secondary_enrollment,basic_water,basic_sanitation,physicians_per_1000
ABW,2000,NA,NA,NA,NA,20681.023026962517,NA,1.845,91.7377166748047,95.23353621008,97.9731037869072,NA
ABW,2001,NA,NA,NA,NA,20740.132582817216,NA,1.813,97.3598327636719,95.3590561720825,98.0125082381901,NA
ABW,2002,NA,NA,NA,NA,21307.24825052669,NA,1.8,98.0552368164062,95.484576134085,98.051912689473,NA
ABW,2003,NA,NA,NA,NA,21949.48599608684,NA,1.808,101.518623352051,95.6100960960874,98.0913171407559,NA
ABW,2004,NA,NA,NA,NA,23700.63198991973,NA,1.819,99.1840209960938,95.7356160580899,98.1307215920388,NA
ABW,2005,NA,NA,NA,NA,24171.83713254216,NA,1.844,98.7961730957031,95.8611360200924,98.1701260433217,NA
ABW,2006,NA,NA,NA,NA,24845.658483619995,NA,1.862,99.4164505004883,95.9866559820949,98.2095304946046,NA
ABW,2007,NA,NA,NA,NA,26736.308944404624,NA,1.881,108.058410644531,96.1121759440973,98.2489349458875,NA
ABW,2008,NA,NA,NA,NA,28171.909400850072,NA,1.889,101.330078125,96.2376959060998,98.2883393971704,NA
ABW,2009,NA,NA,NA,NA,25134.7712303589,NA,1.875,100.589973449707,96.3632158681023,98.3277438484533,NA
ABW,2010,NA,NA,NA,NA,24093.140151062573,NA,1.855,97.9808731079102,96.4887358301048,98.3671482997362,NA
ABW,2011,NA,NA,NA,NA,25712.3843015186,NA,1.858,97.4022598266602,96.6142557921072,98.4065527510191,NA
ABW,2012,NA,NA,NA,NA,25119.665544983844,NA,1.907,108.883651733398,96.7397757541097,98.445957202302,NA
ABW,2013,NA,NA,NA,NA,25813.571440843843,NA,1.944,NA,96.7397757541097,98.4853616535849,NA
ABW,2014,NA,NA,NA,NA,26129.839061769275,NA,1.944,NA,96.7397757541097,98.5247661048679,NA
ABW,2015,NA,NA,NA,NA,27458.220153750623,NA,1.899,NA,96.7397757541097,98.5641705561508,NA
ABW,2016,NA,NA,NA,NA,27441.55021446005,NA,1.848,NA,96.7397757541097,98.6035750074337,NA
ABW,2017,NA,NA,NA,NA,28440.04168814911,NA,1.785,NA,NA,98.6429794587166,NA
ABW,2018,NA,NA,NA,NA,30082.158422679753,NA,1.732,143.72492980957,NA,98.6823839099995,NA
ABW,2019,NA,NA,NA,NA,30645.89060245485,NA,1.701,141.99267578125,NA,98.7217883612824,NA
ABW,2020,NA,NA,NA,NA,22759.807175072245,NA,1.662,142.045455932617,NA,98.7611928125653,NA
ABW,2021,NA,NA,NA,NA,26749.329609311764,NA,1.631,135.442672729492,NA,98.8005972638482,NA
ABW,2022,NA,NA,NA,NA,30975.9989121779,NA,1.615,140.441833496094,NA,98.8400017151311,NA
ABW,2023,NA,NA,NA,NA,35718.75311916344,NA,1.602,NA,NA,98.8400017151311,NA
ABW,2024,NA,NA,NA,NA,39498.59412937967,NA,1.606,128.74852420307,NA,98.8400017151311,NA
AFE,2000,138.90554204727565,NA,NA,NA,706.7272609670093,42.76497362237393,5.549893018950133,25.5485401153564,41.72415321010996,21.96219090808459,NA
AFE,2001,135.62599409686297,NA,NA,NA,625.8278154411498,37.84518362660127,5.501766093659847,26.3633804321289,42.36124569735636,22.28366785083865,NA
AFE,2002,127.20582541952668,NA,NA,NA,630.5123276484624,35.026466820076905,5.4496957712057466,26.9570503234863,43.03518769372872,22.624437073019585,NA
AFE,2003,121.1626078640684,NA,NA,NA,815.4322962677348,50.30851499810155,5.407327920135451,27.4211807250977,43.76450450373818,22.99664987289474,NA
AFE,2004,116.02911919795731,NA,NA,NA,989.015463629244,61.88460717514852,5.38130825995291,28.4966602325439,44.50987268288665,23.376233922093167,NA
AFE,2005,106.32460818128544,NA,NA,NA,1126.297323391195,68.72590307017435,5.350398519320968,29.3665599822998,45.34258123297924,23.923052850615075,NA
AFE,2006,99.9110205751859,NA,NA,NA,1235.2666081177138,75.1738953911871,5.305920472429557,30.7157497406006,46.18328321983133,24.468060928214037,NA
AFE,2007,94.69534900648324,NA,NA,NA,1381.5525968928991,84.20363956576713,5.253984801032769,31.8105907440186,46.995485637426725,25.006677364971974,NA
AFE,2008,89.60620415092176,NA,NA,NA,1447.5457543755217,86.60613295014304,5.219403495337566,33.3657188415527,47.897006689112885,25.60242269147635,NA
AFE,2009,85.09217904281662,NA,NA,NA,1408.7534665942826,90.30513198426314,5.142535441797308,34.5432586669922,48.80876562119863,26.21177024053323,NA
AFE,2010,81.92932176582416,NA,NA,NA,1628.9052479313923,104.3537236539824,5.066491306948193,35.623420715332,49.72175870541097,26.823786768524705,0.16446678002695464
AFE,2011,83.5500388786075,NA,NA,NA,1761.9892609615918,112.50023556963257,4.98101022132388,36.5236701965332,50.44107805500349,27.045864238517687,NA
AFE,2012,75.18098551139813,NA,NA,NA,1732.0380214533525,109.276549861823,4.899627175279481,37.6529693603516,51.332652237177896,27.65105049337135,NA
AFE,2013,71.37188339658589,NA,NA,NA,1706.0227441262118,104.979280345368,4.819579317433963,38.6157493591309,52.23087212492248,28.27323798568676,NA
AFE,2014,70.80755440594487,NA,NA,NA,1690.1667924594424,98.49273540145502,4.748087976693783,39.738208770752,53.13897478949433,28.9150756451662,NA
AFE,2015,69.72576411133967,NA,NA,NA,1498.8752400758965,90.7980923306796,4.676522670895813,39.6892509460449,54.0095159166252,29.58062997924282,NA
AFE,2016,68.36302856444922,NA,NA,NA,1334.4705003292756,85.68745981263922,4.615756407082289,40.2670402526855,54.842433680594205,30.20729871132315,NA
AFE,2017,67.73779962236081,NA,NA,NA,1528.1042242128397,89.86726048997079,4.5699152535805565,40.8391418457031,55.69434757454056,30.933487688586855,NA
AFE,2018,63.42294710712327,NA,NA,NA,1552.0737219491923,89.96936937361289,4.521453514694671,41.1385498046875,56.56936034662539,31.60821933508394,NA
AFE,2019,61.491635749926054,NA,NA,NA,1507.085599634839,87.03987731567592,4.471350936409921,41.6500816345215,57.4022346532126,32.2445544986626,NA
AFE,2020,60.62281056031255,NA,NA,NA,1351.5916691087857,81.44614015948075,4.412998740220405,42.3275299072266,58.229480695385426,32.879994032804866,NA
AFE,2021,63.105475457299534,NA,NA,NA,1562.416174777377,92.3503331753643,4.350690764908697,42.7693405151367,59.058826557690736,33.57106633781098,NA
AFE,2022,63.20678831455255,NA,NA,NA,1679.3276216646611,92.0352883967091,4.287079891512355,42.9131698608398,59.88626666503041,34.27916961205134,0.24338494643989383
AFE,2023,59.37564887098708,NA,NA,NA,1571.449189189805,88.48558529144995,4.2238605772753335,NA,60.76144532934317,34.07951394853839,NA
AFE,2024,57.246882477874465,NA,NA,NA,1615.3963556284916,NA,4.1640437912511095,NA,61.63617120285655,34.66345163295131,NA
AFG,2000,131.7,24,27,24,174.9309914301663,NA,7.566,NA,29.7309664339367,22.298273284655,NA
AFG,2001,127.5,33,37,35,138.7068216761131,NA,7.453,0,29.7629255070812,22.3095245309963,0.202
AFG,2002,123.1,36,35,36,178.95408837923534,16.70697403,7.32,NA,31.8360773279001,23.7347094449173,NA
AFG,2003,118.5,41,39,41,198.87111572872664,17.74602509,7.174,6.96920013427734,33.9086290770251,25.160116505547,NA
AFG,2004,113.9,50,48,50,221.76365387301303,21.42300415,7.018,6.38919019699097,35.9993546342258,26.592743290922,NA
AFG,2005,109.3,58,50,58,254.18424914933624,25.11388779,6.858,9.67969036102295,38.1080542246859,28.0329173729232,NA
AFG,2006,104.8,58,53,58,274.21855356157454,28.9412632,6.686,15.3283004760742,40.2157630407476,29.4737113537171,0.166
AFG,2007,100.4,63,55,63,376.2231520038759,32.70893097,6.508,15.3513603210449,42.4294955631251,30.8753174900848,0.182
AFG,2008,96.1,64,59,64,381.7332380284397,39.88624954,6.392,22.7884502410889,44.6537922388598,32.2737202067488,0.183
AFG,2009,91.9,63,60,63,452.053705477043,43.13351822,6.295,28.3175792694092,46.8885842088645,33.6691080892303,0.22
AFG,2010,88,66,62,66,560.6215054631456,46.42438889,6.195,33.0262413024902,49.1337948047642,35.0616668763216,0.244
AFG,2011,84.3,68,64,68,606.6946763377257,52.18721771,6.094,36.9816284179688,51.3896718184372,36.4517450288191,0.258
AFG,2012,80.8,67,59,67,651.4171344700457,52.45247269,5.985,38.5514297485352,53.6558094830286,37.8393855148321,0.246
AFG,2013,77.6,64,57,64,637.0870991170988,56.16043472,5.879,38.722900390625,55.9321352223542,39.2247837532389,0.29
AFG,2014,74.6,62,60,63,625.0549418139383,60.04951096,5.77,38.5330581665039,58.2185747849882,40.6081362553092,0.304
AFG,2015,71.9,64,62,65,565.5697304087512,59.91960526,5.652,37.8227882385254,60.5153476686209,41.9898186307368,0.29
AFG,2016,69.4,66,64,66,522.0822155838985,61.37234497,5.542,38.5832786560059,62.8220704134542,43.3698641937307,0.284
AFG,2017,67.1,64,64,64,525.4697708916185,66.82388306,5.433,39.937858581543,65.142136058033,44.7508111861658,0.245
AFG,2018,64.8,68,66,67,491.3372213826032,71.22509003,5.327,41.3507118225098,67.4758694595857,46.1335435081079,0.303
AFG,2019,62.7,65,57,63,496.6025042584997,74.0642395,5.238,NA,69.8226976480641,47.5183902057843,0.214
AFG,2020,60.7,61,57,61,510.78706336681074,80.0892334,5.145,NA,72.1820710205908,48.9056813120247,0.253
AFG,2021,58.7,55,51,55,356.49621411589226,81.52112579,5.039,NA,74.5545259961346,50.2966403259731,NA
AFG,2022,56.8,58,56,60,357.2611527981439,80.6516037,4.932,NA,76.9392075646596,51.6914397704169,NA
AFG,2023,54.9,60,55,59,413.7578947053032,59.06770706,4.84,45.1596908569336,78.926564391722,53.0909369400519,0.317
AFG,2024,53,59,55,59,NA,NA,4.761,NA,80.8324374493852,54.4957993646086,NA
AFW,2000,166.59718152261135,NA,NA,NA,518.9692260546825,18.146916302715336,6.022146626938357,18.7828693389893,50.4016779043292,21.735887181669177,0.1927505607044675
AFW,2001,160.78131902722646,NA,NA,NA,532.9727872217544,18.71238121072394,5.990074297957009,20.19407081604,51.35091750820859,21.984290335405827,NA
AFW,2002,154.90808166528947,NA,NA,NA,619.3373350307594,19.719471964837915,5.956199611277055,20.6358604431152,52.44338367862464,22.60989477493461,NA
AFW,2003,149.03874453149066,NA,NA,NA,697.4812563370882,31.626171367201874,5.923572271727394,22.5834197998047,53.5375191632245,23.26143475069203,NA
AFW,2004,143.42708787478875,NA,NA,NA,838.2133916658516,36.11329810632741,5.8955079223439455,24.1746807098389,54.6354222041199,23.93751395636293,NA
AFW,2005,138.0552916952041,NA,NA,NA,999.7700230473184,41.82281390644285,5.871766905570454,25.2043399810791,55.737383732205494,24.64184067397058,NA
AFW,2006,133.16726008558285,NA,NA,NA,1234.6418557440284,48.64826704797708,5.846032152183479,25.3873996734619,56.84257608800161,25.36540150835215,NA
AFW,2007,128.6498512372911,NA,NA,NA,1405.880188474094,52.77762009104631,5.8096508666880675,25.3766708374023,57.945309763216166,26.10391838786276,NA
AFW,2008,124.41147139787292,NA,NA,NA,1666.5204827050095,60.55427263030724,5.785477294980181,28.1702404022217,59.04376450580275,26.857264590998103,NA
AFW,2009,125.44548844460331,NA,NA,NA,1453.4952836253,55.503325674102754,5.751125441373299,30.8871803283691,60.143910466588814,27.6306381672926,NA
AFW,2010,117.47601419550828,NA,NA,NA,1662.633658441471,59.57979151254884,5.712902231770102,33.9896202087402,61.245928602485186,28.42264074712747,0.2103655970836937
AFW,2011,114.0677451316078,NA,NA,NA,1844.0543672817716,65.36475037600981,5.665671587225032,35.5903816223145,62.35589495739997,29.22801899571183,NA
AFW,2012,111.21404904192084,NA,NA,NA,1941.1182432181197,67.95899074530048,5.596795476030778,37.8155899047852,63.46462942945527,30.050548404062923,NA
AFW,2013,108.9134987653474,NA,NA,NA,2131.606091328988,75.49070815622188,5.515460804845959,42.5206108093262,64.5702422810871,30.89176802055089,NA
AFW,2014,107.6209756147978,NA,NA,NA,2221.3503376101235,78.73660535774239,5.44001087472848,38.7878112792969,65.67900077122492,31.750837713596127,NA
AFW,2015,104.79258399692344,NA,NA,NA,1860.7276862832423,70.70500188571432,5.346587555018487,40.3699607849121,66.7877641122912,32.625068339627354,NA
AFW,2016,103.1451353529803,NA,NA,NA,1630.0394389525784,61.700242853363534,5.228975134139819,39.0918617248535,67.88859531048814,33.509351412567625,NA
AFW,2017,102.05803690266968,NA,NA,NA,1574.2305643785453,58.50981704852717,5.098889708827972,39.740650177002,68.98514479823197,34.40790093596933,NA
AFW,2018,100.21841529156202,NA,NA,NA,1720.1400924272184,56.28604087361505,4.962572036698459,40.4764213562012,70.08631739838314,35.20161156837149,NA
AFW,2019,100.83605078810504,NA,NA,NA,2216.385055208329,59.26713425842115,4.829142130268045,42.076530456543,71.16991536655894,36.124107547896394,NA
AFW,2020,97.61331231850475,NA,NA,NA,2030.86165860293,64.62418988456379,4.707404635309481,43.326961517334,72.24889250637789,37.059905438737566,NA
AFW,2021,97.2224382375747,NA,NA,NA,2112.794076370788,72.6328495675799,4.6377384603442176,44.3946685791016,73.32163540271459,38.00753784665276,NA
AFW,2022,99.28329769339835,NA,NA,NA,2138.4731525991306,74.44125282360609,4.563357400490721,44.9384689331055,74.39508006000625,39.190617746411505,0.2586355941984673
AFW,2023,93.1384625037946,NA,NA,NA,1841.855063548671,65.88685419848245,4.49771421640594,46.1132011413574,75.46049783112908,40.138712585968584,NA
AFW,2024,91.26900634092068,NA,NA,NA,1411.337029384758,NA,4.41598323738392,46.0673294067383,76.32686580602021,40.56290861448481,NA
AGO,2000,185,31,41,21,563.733795571487,13.15998554,6.639,12.1040000915527,37.8422368865436,33.8004076625916,NA
AGO,2001,176.3,42,72,28,533.5862024124473,29.26095772,6.601,13.2332096099853,38.3388157469695,34.2558546036306,NA
AGO,2002,166.4,47,74,22,999.065855913758,29.37077141,6.567,14.7315998077393,38.8353924997189,34.7112995930867,NA
AGO,2003,155.5,46,62,21,1133.663319606071,35.2206955,6.533,NA,40.3965157225134,35.7566857674784,NA
AGO,2004,143.7,47,64,18,1451.471178724934,50.23310852,6.499,NA,41.9772367862102,36.8026608112345,0.063
AGO,2005,131.5,47,45,14,2145.8862109632746,54.66142273,6.461,NA,43.5743439976406,37.8465318357126,NA
AGO,2006,119.8,44,48,8,2930.444286073203,70.28185272,6.419,NA,45.0139996038983,38.7338819151989,NA
AGO,2007,109,43,58,43,3515.0567898653467,93.42698669,6.372,NA,46.4686546771725,39.6205689404056,NA
AGO,2008,99.2,45,58,44,4578.155264515174,136.34094238,6.32,19.9174499511719,47.9390179800655,40.5073529931406,NA
AGO,2009,90.7,47,58,44,3645.1484656297575,120.5289917,6.26,21.1587905883789,49.4231763682417,41.3926874563562,0.132
AGO,2010,83.4,49,59,45,4101.637155667117,96.95197296,6.194,22.98756980896,50.922281472487,42.2777189153195,NA
AGO,2011,77.2,50,59,45,5184.152691499118,122.11888123,6.12,22.3924407958984,52.4357414255652,43.1620627220945,NA
AGO,2012,72,52,59,47,5702.453062774339,121.84848022,6.039,NA,53.962934811933,44.0453181222275,NA
AGO,2013,67.9,54,59,46,5688.57916215215,142.78450012,5.953,NA,55.5032279600653,44.9270819739207,NA
AGO,2014,64.5,55,56,55,5649.687624691393,130.5861969,5.864,NA,57.0569115656449,45.8077399649675,NA
AGO,2015,61.8,57,52,57,3641.72893919944,107.52857208,5.774,NA,58.6196312007677,46.6837650963553,NA
AGO,2016,59.6,59,49,56,2051.81462126253,94.01481628,5.686,42.9851256990708,60.1920620185519,47.555908833618,NA
AGO,2017,57.9,58,47,52,2790.718868697683,112.75364685,5.6,NA,61.7735122104541,48.4237656848917,0.212
AGO,2018,56.5,67,56,64,2860.093648368199,83.87555695,5.519,NA,63.3627907388021,49.2865229934191,0.211
AGO,2019,55.3,64,59,61,2493.678844401766,64.4466095,5.442,NA,64.1599110373067,49.5470237290202,NA
AGO,2020,54.2,59,54,59,1759.356199182642,56.01641846,5.371,NA,64.9440305436538,49.8016376564917,NA
AGO,2021,53.2,55,48,53,2303.908126627765,66.94487,5.304,49.4286274279557,65.716257719435,50.0511353702384,NA
AGO,2022,51.9,54,50,54,3682.113151369797,103.94506073,5.209,NA,66.47632731978,50.2951359158799,0.244
AGO,2023,50.5,66,63,73,2916.136632842746,76.07118225,5.124,48.1175394651696,67.2244252588497,NA,NA
AGO,2024,49,64,53,56,2665.874447767527,NA,5.048,NA,67.9607422242112,NA,NA
ALB,2000,27,97,95,97,1160.4204705403845,65.47674561,2.217,66.8600311279297,86.3970424808695,89.4886699063414,1.366
ALB,2001,25.6,97,95,97,1326.4165238807702,73.92171478,2.141,69.292106628418,86.9040698997327,90.0309557632919,1.303
ALB,2002,24.3,98,96,98,1479.8388457200615,78.72909546,2.002,NA,87.4516361586881,90.6055152426868,1.167
ALB,2003,22.9,97,93,97,1908.6990068760756,105.43667603,2.006,NA,87.9871911194175,91.1654528669664,1.186
ALB,2004,21.4,97,96,98,2446.9094994779816,136.50724792,1.889,77.1257705688477,88.5105821172325,91.710652089826,1.194
ALB,2005,20,98,97,97,2741.721365495784,149.97515869,1.787,80.9782333374023,89.0211900611453,92.32297892735,NA
ALB,2006,18.5,97,95,97,3057.7725703811257,164.22090149,1.686,82.5476684570312,89.519134788664,92.9214090363528,1.189
ALB,2007,17.1,98,97,99,3743.0552989618714,209.31910706,1.633,84.5937118530273,90.0041896316486,93.5057448871061,1.2
ALB,2008,15.8,99,98,99,4498.5048676360075,237.10340881,1.616,85.9438629150391,90.4761525015769,94.075815843771,NA
ALB,2009,14.5,98,97,98,4213.650075746932,236.94244385,1.638,88.4567413330078,90.9344131913267,94.6311562732715,1.235
ALB,2010,13.3,99,99,99,4149.14469936847,253.98246765,1.653,91.1922378540039,91.3794795002437,95.1721611108923,1.243
ALB,2011,12.2,99,99,99,4465.709143288648,273.75292969,1.677,92.2976379394531,91.8108839327421,95.6984906230124,1.229
ALB,2012,11.2,99,98,99,4280.933163388727,260.68319702,1.719,94.2169723510742,92.2287796980299,96.210272006809,1.27
ALB,2013,10.5,99,99,99,4542.929035567388,276.0765686,1.741,99.1101650982234,92.6315947140716,96.7065607873958,1.276
ALB,2014,9.9,99,98,98,4793.597511315253,293.1267395,1.721,98.9064599746518,93.0200532320908,97.188017102045393,NA
ALB,2015,9.6,99,97,99,4199.539129253976,253.93347168,1.631,99.0993228142471,93.3943279564504,97.6549680441734,NA
ALB,2016,9.4,99,96,98,4457.634122074947,275.43676758,1.555,96.6560853943559,93.7548764271568,98.1079014758832,1.212
ALB,2017,9.3,99,96,99,5006.360129519591,295.52346802,1.486,94.9233468518998,94.1020950646956,98.5472964296809,NA
ALB,2018,9.3,99,94,99,5897.654525887742,349.21127319,1.415,95.8495450622985,94.4363940024548,98.9736466158724,NA
ALB,2019,9.4,99,95,99,6069.439031310275,366.34014893,1.395,95.5375027821055,94.758223221518,99.1830672601737,1.645
ALB,2020,9.4,98,91,98,6027.913507163485,396.17477417,1.371,92.2998271538817,95.0680381522002,99.298792439378,1.879
ALB,2021,9.5,98,87,98,7242.455131466127,465.57043457,1.365,94.3556604734894,95.0815150513051,99.2990351357274,NA
ALB,2022,9.4,97,86,98,7756.961887442532,506.86920166,1.355,93.2280956589459,95.0945651327655,99.2992678183537,NA
ALB,2023,9.4,97,83,97,9730.869219068934,590.62799072,1.348,92.6682931237011,95.107207538325,99.2994944120586,NA
ALB,2024,9.2,97,81,97,11377.775743109876,NA,1.341,106.71573638916,95.1194270680062,99.2997151439025,NA
AND,2000,7.6,98,97,95,21810.250380866553,1294.09118652,1.273,NA,99.9999977350507,99.9999977350507,2.557
AND,2001,7.2,96,97,95,23511.29695008812,1378.70837402,1.305,NA,99.9999981868428,99.9999981868428,2.656
AND,2002,6.8,97,98,95,26528.13006282361,1590.68554688,1.265,85.6831817626953,100,100,3.053
AND,2003,6.5,99,96,99,34063.575598394025,1888.13574219,1.18,85.3645629882812,100,100,3.511
AND,2004,6.2,99,98,99,39021.1107100919,2060.26928711,1.229,81.6305999755859,99.999995252479,99.999995252479,3.217
AND,2005,5.9,98,94,98,40829.81163995376,2279.53051758,1.224,89.1366195678711,100,100,3.295
AND,2006,5.6,93,91,93,43467.196306306774,2151.95092773,1.234,86.9112319946289,100,100,3.065
AND,2007,5.3,96,94,96,48336.25483049259,2388.17407227,1.189,85.7791900634766,100,100,3.04
AND,2008,5,99,98,99,49132.49258400572,2790.11254883,1.25,86.7674026489258,100,100,NA
AND,2009,4.8,99,98,99,43975.00008881326,2679.67358398,1.208,85.9325790405273,99.9999971715362,99.9999971715362,3.17
AND,2010,4.5,99,99,99,42746.83039156702,3286.52954102,1.275,89.1314163208008,99.9999980431632,99.9999980431632,2.949
AND,2011,4.3,99,99,99,46657.14953848111,3555.52319336,1.321,87.0305709838867,100,100,3.136
AND,2012,4.1,99,98,99,41500.54999882881,2788.69238281,1.26,88.2096099853516,99.9999982821599,99.9999982821599,3.112
AND,2013,3.9,96,95,97,42470.32303693656,2886.97241211,1.142,87.4892501831055,100,100,3.165
AND,2014,3.7,97,96,97,44369.67129767766,3005.21557617,1.168,89.3149490356445,100,100,3.297
AND,2015,3.5,97,96,97,38654.952879160024,2672.49731445,1.223,90.8539199829102,100,100,3.754
AND,2016,3.4,98,97,98,40129.83858114741,2785.64599609,1.184,95.5604400634766,100,100,4.058
AND,2017,3.2,99,99,99,40672.9717424447,2876.24194336,1.129,95.4148483276367,100,100,4.119
AND,2018,3.1,99,99,99,42819.757745613286,3159.16162109,1.053,97.8036804199219,100,100,4.535
AND,2019,3,99,99,99,41257.81645934496,3021.078125,1.045,95.9698791503906,100,100,4.392
AND,2020,2.9,99,98,99,37361.10700816147,3282.02587891,1.028,96.9991226196289,99.9999952180714,99.9999952180714,4.587
AND,2021,2.8,99,99,98,42425.70664543573,3668.44750977,1.058,98.0232086181641,100,100,4.758
AND,2022,2.7,98,98,97,42414.04798612277,3190.11328125,1.071,98.0160369873047,99.9999963147646,99.9999963147646,5.157
AND,2023,2.6,98,99,98,46812.42610131024,3605.19799805,1.082,99.4687423706055,100,100,5.068
AND,2024,2.5,98,98,98,49303.64916743357,NA,1.087,101.475868225098,100,100,NA
ARB,2000,61.01752474482481,NA,NA,NA,2664.1252012264904,111.85937494468172,3.93474923419248,56.1960716247559,79.09385033605318,71.44591894582186,NA
ARB,2001,59.162643648453184,NA,NA,NA,2536.6923260073704,114.54145607815056,3.858449682623253,57.5917701721191,79.38498928957038,71.69752670521602,NA
ARB,2002,57.366798570148354,NA,NA,NA,2483.111874850289,113.33566633125908,3.781000749105279,58.7111282348633,79.68335736279815,72.01585564516394,NA
ARB,2003,55.53660675651371,NA,NA,NA,2696.6721254774943,109.51930749439154,3.72725438909958,60.5331802368164,80.04703979169645,72.41141992681693,NA
ARB,2004,55.471251798744426,NA,NA,NA,3133.7018787397496,120.20836476927124,3.679650701554302,61.9100914001465,80.40892838233822,72.78542697722644,NA
ARB,2005,53.77494158601223,NA,NA,NA,3750.69825886818,133.7195052104741,3.6433356042584992,61.6643486022949,80.92351367474228,73.46250531590843,NA
ARB,2006,50.28368508469168,NA,NA,NA,4355.057569337239,153.25551953064542,3.619228495969141,61.9617195129395,81.46815231924981,74.19626694659681,NA
ARB,2007,48.302531853628224,NA,NA,NA,4940.7022651171965,179.23883926170674,3.6042847671164857,61.0592498779297,81.96826836047812,74.94145588969411,NA
ARB,2008,46.471239953465,NA,NA,NA,6091.932064456727,210.95430393983156,3.580285206556612,61.1059417724609,82.7124545564306,75.69771667676414,NA
ARB,2009,44.8441745490491,NA,NA,NA,5134.450060551588,227.07611166212752,3.5711860770288104,62.877799987793,83.23583704585234,76.42023581249842,NA
ARB,2010,44.91735987749797,NA,NA,NA,5944.952172904322,234.6409520209338,3.5718607348387934,63.3116188049316,83.70630863545041,77.14801304201566,NA
ARB,2011,53.893719960424114,NA,NA,NA,6915.827681236946,266.866553538312,3.565975890318818,65.2037963867188,84.2721084424979,77.94222428618835,NA
ARB,2012,43.23797572798559,NA,NA,NA,7384.106828146128,295.080643944446,3.5821603197912855,65.3947219848633,84.81977432949219,78.70320166092384,NA
ARB,2013,40.065110772465154,NA,NA,NA,7376.028295754977,303.5901986162562,3.574127169893304,63.5361595153809,85.35866891080619,80.71289814112092,NA
ARB,2014,38.96647332552705,NA,NA,NA,7338.350927279145,326.49975102855353,3.5621263347277465,63.9555587768555,85.85921739812215,81.38041499703324,NA
ARB,2015,38.326408628059426,NA,NA,NA,6290.5587950169065,312.6098831460769,3.53244359112271,64.5253677368164,86.37443888074601,82.06471656273362,NA
ARB,2016,37.44695168145548,NA,NA,NA,6042.196754396716,311.9479785070944,3.462988078120245,64.8255615234375,86.86316685576422,82.71818987088537,NA
ARB,2017,38.70972642104729,NA,NA,NA,6096.72395041636,307.12661787728194,3.425198221454844,65.4355316162109,87.29435127259185,83.30654294856681,NA
ARB,2018,37.483456062208305,NA,NA,NA,6699.180581754573,325.5921645850569,3.3242687561468345,65.6868133544922,87.70678010473392,83.85432476465618,NA
ARB,2019,35.847761883025726,NA,NA,NA,6674.342244026206,326.6709456612558,3.255093078570634,66.192512512207,88.15106136029458,84.38625120823639,NA
ARB,2020,34.911618449246866,NA,NA,NA,5739.412835805392,327.06962558870384,3.208268656984841,66.1664199829102,88.60627804687262,84.9310720181759,NA
ARB,2021,34.347184058651976,NA,NA,NA,6697.41498492196,336.5871947336939,3.1455884270171492,66.8292694091797,88.95167439618683,85.29708136422956,NA
ARB,2022,36.04093439394783,NA,NA,NA,7950.355819756721,348.7672622385452,3.107766744810512,68.3780136108398,89.37121312208421,85.80413417562619,1.1767238952235954
ARB,2023,35.06583874610879,NA,NA,NA,7513.899078807488,363.4651244231466,3.0897508376237415,67.6763610839844,89.83060485032794,86.35323165027395,NA
ARB,2024,33.71665871050931,NA,NA,NA,7583.811700781444,NA,3.057414579152157,68.0927886962891,90.27621095814034,86.92412737527158,NA
ARE,2000,10.7,94,94,94,29865.502347066005,706.03112793,2.733,NA,99.6158333255027,99.160856612895,1.616
ARE,2001,10.5,94,94,94,27745.17080876723,689.29278564,2.622,NA,99.6138918433509,99.1568733967511,1.759
ARE,2002,10.3,94,94,94,27753.60895263462,754.26220703,2.541,NA,99.6347999053031,99.1529487950729,1.761
ARE,2003,10.2,94,94,94,29659.542856781132,784.89343262,2.491,NA,99.655965555115,99.1490944909121,1.838
ARE,2004,10,94,94,94,33376.715229520916,821.74920654,2.385,NA,99.6773760456002,99.1452977289426,1.762
ARE,2005,9.8,94,92,94,38719.31383076232,898.36480713,2.232,NA,99.6990274979322,99.1415716401996,1.494
ARE,2006,9.6,92,92,94,44342.604832248195,1031.14904785,1.958,NA,99.7209168610159,99.1379008454285,1.407
ARE,2007,9.4,92,92,94,45854.73251581623,1176.49328613,1.792,NA,99.7430448059765,99.1343292735579,1.541
ARE,2008,9.2,92,92,94,50054.170068180334,1465.82446289,1.516,NA,99.7654123439436,99.1308669416224,1.845
ARE,2009,9,93,93,94,37803.06637387768,1531.02209473,1.582,NA,99.7879969026798,99.1274862085327,1.792
ARE,2010,8.8,94,94,94,44795.29493022682,1619.98864746,1.565,NA,99.8107941876286,99.1241974644732,1.749
ARE,2011,8.6,95,95,95,51921.904511613,1787.59997559,1.539,NA,99.8338027658417,99.120999868482,1.786
ARE,2012,8.4,96,96,96,53141.61243400989,1711.38525391,1.532,NA,99.857009861268,99.1178959002456,1.801
ARE,2013,8.2,98,98,98,53247.24094954414,1789.68579102,1.527,NA,99.8804113765895,99.1148814743619,2.045
ARE,2014,7.9,99,99,99,52725.23584079344,1776.7310791,1.483,NA,99.903989878004,99.1119382516612,2.232
ARE,2015,7.6,99,99,99,44910.33499552302,1479.49743652,1.417,NA,99.927750524332,99.1090951528049,2.361
ARE,2016,7.3,99,99,99,42721.09993831847,1592.91906738,1.366,NA,99.9516742010968,99.1063234658359,2.458
ARE,2017,7,97,99,96,43733.61922874352,1695.203125,1.35,NA,99.9757617709263,99.1036305730769,2.502
ARE,2018,6.7,99,99,99,47135.35919439715,1872.58422852,1.288,100.131416320801,100,99.1010218730891,2.605
ARE,2019,6.3,99,99,95,45938.607358199384,1962.46728516,1.247,101.139777479205,99.9999978860586,99.0984768671773,2.71
ARE,2020,5.9,90,99,80,37991.74929716649,2154.41113281,1.289,99.1370929452638,99.9999979225426,99.0960113749665,2.83
ARE,2021,5.6,96,99,96,44118.50471927712,2249.96313477,1.162,102.068631287595,100,99.0936250142386,2.786
ARE,2022,5.3,96,98,95,50759.75892311914,2240.9050293,1.148,98.9789962768555,100,99.0913042673601,2.915
ARE,2023,5,96,98,96,49850.687217516395,2401.52026367,1.2,102.195120776205,99.9999970727207,99.0890518596042,2.992
ARE,2024,4.8,96,98,95,50273.506046983675,NA,1.213,100.110276412248,100,99.0868783474854,NA
ARG,2000,19.4,83,91,88,7637.014892036284,702.23309326,2.591,99.8094177246094,96.2840256103646,87.6669268418186,NA
ARG,2001,18.8,83,89,85,7141.475076628263,660.63378906,2.531,101.411613464355,96.5228185604677,88.1359380067969,3.2481
ARG,2002,18.3,93,95,94,2569.699635191236,219.96408081,2.493,100.75479888916,96.755473929203,88.6033982942423,NA
ARG,2003,17.8,96,97,95,3320.477751339027,261.2038269,2.451,100.139373779297,96.9824151631383,89.0695612672158,NA
ARG,2004,17.3,98,99,91,4242.020990894215,303.31906128,2.43,100.194129943848,97.2043389305384,89.5350610098707,3.1857
ARG,2005,16.7,98,98,95,5067.653422932756,395.64596558,2.426,98.7863388061523,97.421184805077,89.9997295570375,NA
ARG,2006,16.2,91,97,92,5869.380289702044,456.06246948,2.4,98.0361328125,97.633212136416,90.4637841739601,NA
ARG,2007,15.8,91,94,92,7185.251551470267,569.27264404,2.37,98.1988677978516,97.8403603213706,90.9270368517711,NA
ARG,2008,15.4,93,96,94,8944.1102657357,745.40356445,2.432,99.5787734985352,98.0428748675662,91.3897117135692,NA
ARG,2009,15,94,96,97,8150.235270282207,787.78051758,2.4,102.57689666748,98.2407366706243,91.8516400553942,NA
ARG,2010,14.4,94,95,95,10260.13131082542,979.7689209,2.411,104.500671386719,98.434051534291,92.3128332477506,NA
ARG,2011,13.9,91,95,93,12704.283181968423,1208.23120117,2.393,106.733993530273,98.6218573444855,92.7707485221134,NA
ARG,2012,13.3,91,94,90,12949.71748665402,1363.21618652,2.304,107.975830078125,98.8052992922814,93.2268060456617,4.823
ARG,2013,12.7,94,94,90,12963.67577332604,1428.91125488,2.335,109.241096496582,98.8642047608292,93.623132025003,4.884
ARG,2014,12.2,94,95,92,12233.144411918582,1291.32458496,2.386,110.363609313965,98.9232481866542,94.0211240402659,4.925
ARG,2015,11.7,94,89,93,13679.626498095417,1523.90979004,2.35,111.491546630859,98.9823076742804,94.4204076284931,4.98
ARG,2016,11.4,92,90,87,12699.962313775635,1276.79785156,2.241,112.874443054199,99.0413738458383,94.8209557204549,5.024
ARG,2017,11,88,90,85,14532.500930851062,1491.11877441,2.168,113.530090332031,NA,NA,5.094
ARG,2018,10.7,86,94,84,11752.799892297908,1195.59973145,2.067,112.869537353516,NA,NA,5.167
ARG,2019,10.5,83,86,83,9955.974786804276,1007.45629883,1.882,113.60587310791,NA,NA,5.25
ARG,2020,10.3,74,77,74,8535.59938004389,910.9586792,1.601,115.878791809082,NA,NA,5.304
ARG,2021,10.1,81,86,79,10738.017922338438,1182.15930176,1.585,119.181510925293,NA,NA,5.384
ARG,2022,9.9,84,85,84,13962.18940872232,1415.79577637,1.482,117.566009521484,NA,NA,5.437
ARG,2023,9.7,66,80,71,14261.84656679479,1456.98596191,1.5,107.980730920017,NA,NA,5.106
ARG,2024,9.5,75,82,74,13969.78366037374,NA,1.504,NA,NA,NA,NA
ARM,2000,30.6,93,92,96,593.4505817422821,25.6606369,1.3,88.5902481079102,95.6686709319985,88.0309026952269,2.652
ARM,2001,29.1,94,93,97,659.5889885356293,31.90725899,1.2,NA,95.8831045898119,88.2341286586243,2.59
ARM,2002,27.7,94,91,96,742.6511183198187,59.20983887,1.2,NA,96.1112432491429,88.4571722319779,2.545
ARM,2003,26.4,94,94,96,882.0301676954736,66.31577301,1.3,NA,96.3451158105318,88.6878398317561,2.439
ARM,2004,25.1,91,92,93,1130.0879144415808,71.65074158,1.4,NA,96.5805389121638,88.9185327648482,2.443
ARM,2005,23.9,90,94,92,1557.4845890865474,95.55093384,1.3,NA,96.8174664083954,89.1491045548132,2.543
ARM,2006,22.7,87,92,87,2041.6526706899692,124.8989563,1.3,NA,97.0560181785414,89.3798500479523,2.562
ARM,2007,21.6,88,92,90,2962.7023459456896,170.15332031,1.4,94.7361068725586,97.2960930151798,89.6104696374139,2.635
ARM,2008,20.6,89,94,91,3777.668593137672,261.59963989,1.4,93.9530563354492,97.5377930144249,89.8412620835162,2.695
ARM,2009,19.6,93,96,94,2820.592655334702,247.90641785,1.5,99.4727630615234,97.7810340877485,90.0719230280142,2.714
ARM,2010,18.7,94,97,96,3041.344507233394,291.77758789,1.5,104.280326843262,98.0258624289459,90.3025970300034,2.79
ARM,2011,17.8,95,97,96,3349.5530977190615,325.29086304,1.5,92.7371215820312,98.272291670612,90.5332906665256,2.822
ARM,2012,16.9,95,97,96,3511.563996874258,331.91378784,1.6,NA,98.5203266865955,90.7640014188273,2.859
ARM,2013,16.1,95,97,96,3680.1669215888583,392.85253906,1.6,86.4559326171875,98.7705613555546,90.9987016315075,2.878
ARM,2014,15.4,93,97,95,3852.118006103845,404.33874512,1.7,86.6189804077148,99.0173502975581,91.2374729178599,2.883
ARM,2015,14.7,94,97,96,3512.3935027670905,365.51950073,1.6,86.1423797607422,99.2198934316356,91.480572190435,2.919
ARM,2016,14,94,97,96,3524.4247687470715,359.58227539,1.6,NA,99.320044924050407,91.7279143880493,2.887
ARM,2017,13.3,94,96,96,3869.0537386775177,409.80145264,1.6,NA,99.420451960465,91.9795911262643,2.903
ARM,2018,12.7,92,95,92,4196.005623017693,428.34579468,1.6,82.6929233518222,99.462639280417,92.2358515104765,2.893
ARM,2019,12.1,92,95,94,4597.228873995479,533.69952393,1.6,86.6098941525282,99.4591789118501,92.4966218956113,3.026
ARM,2020,11.6,91,94,86,4268.6809330458345,535.2723999,1.7,87.5163440721926,99.4561137881716,92.7619845664061,3.163
ARM,2021,11,93,94,93,4685.179971285085,595.83544922,1.7,89.5961159583451,99.4534764633698,93.0320229848765,3.255
ARM,2022,10.5,93,95,93,6571.974455450988,674.78619385,1.7,90.1215425051106,99.9128544293373,93.3068358390677,3.36
ARM,2023,10,94,96,94,8159.0872096799585,766.95874023,1.9,88.2232017685754,99.9222036184019,93.5674537130871,NA
ARM,2024,9.6,94,96,94,8556.214069567193,NA,1.7,90.1346954711088,99.9315721509168,93.6649426520095,NA
ASM,2000,NA,NA,NA,NA,NA,NA,3.89,NA,95.0344768560381,62.2935163766246,NA
ASM,2001,NA,NA,NA,NA,NA,NA,3.87,NA,95.2698888592873,62.2856155405329,NA
ASM,2002,NA,NA,NA,NA,8972.69636535698,NA,3.866,NA,95.5053008625365,62.2777147044412,NA
ASM,2003,NA,NA,NA,NA,9197.661968369872,NA,3.91,NA,95.7407128657857,62.2698138683495,NA
ASM,2004,NA,NA,NA,NA,8958.428666971735,NA,3.945,NA,95.9761248690348,62.2619130322578,NA
ASM,2005,NA,NA,NA,NA,8831.269759966088,NA,3.863,NA,96.2115368722841,62.254012196166,NA
ASM,2006,NA,NA,NA,NA,8745.166211374039,NA,3.685,NA,96.4469488755332,62.2461113600743,NA
ASM,2007,NA,NA,NA,NA,9231.372409245629,NA,3.509,NA,96.6823608787824,62.2382105239826,NA
ASM,2008,NA,NA,NA,NA,10030.808913090206,NA,3.42,NA,96.9177728820316,62.2303096878909,NA
ASM,2009,NA,NA,NA,NA,12156.029390577727,NA,3.359,NA,97.1531848852808,62.2224088517992,NA
ASM,2010,NA,NA,NA,NA,10375.172014195698,NA,3.292,NA,97.3885968885299,62.2145080157075,NA
ASM,2011,NA,NA,NA,NA,10383.459331450951,NA,3.169,NA,97.6240088917791,62.2066071796158,NA
ASM,2012,NA,NA,NA,NA,11745.489915395769,NA,3.043,NA,97.8594208950283,62.1987063435241,NA
ASM,2013,NA,NA,NA,NA,11813.502203458876,NA,2.932,NA,98.0948328982775,62.1908055074324,NA
ASM,2014,NA,NA,NA,NA,12026.33449294879,NA,2.852,NA,98.3302449015267,62.1829046713407,NA
ASM,2015,NA,NA,NA,NA,12727.41026513862,NA,2.78,NA,98.5656569047758,62.1750038352489,NA
ASM,2016,NA,NA,NA,NA,12843.334290362714,NA,2.699,NA,98.801068908025,62.1671029991572,NA
ASM,2017,NA,NA,NA,NA,11863.683945256464,NA,2.598,NA,99.0364809112742,62.1592021630655,NA
ASM,2018,NA,NA,NA,NA,12552.054686886147,NA,2.494,NA,99.2718929145234,62.1513013269738,NA
ASM,2019,NA,NA,NA,NA,12886.135951721802,NA,2.404,NA,99.5073049177726,62.1434004908821,NA
ASM,2020,NA,NA,NA,NA,14489.258656377484,NA,2.36,NA,99.7427169210217,62.1354996547904,NA
ASM,2021,NA,NA,NA,NA,15236.160487557136,NA,2.327,NA,99.9781289242709,62.1275988186987,NA
ASM,2022,NA,NA,NA,NA,18017.458938397252,NA,2.305,NA,100,62.119697982607,NA
ASM,2023,NA,NA,NA,NA,NA,NA,2.286,NA,100,62.119697982607,NA
ASM,2024,NA,NA,NA,NA,NA,NA,2.267,NA,100,62.119697982607,NA
ATG,2000,14.9,95,95,96,12027.494976822189,520.12213135,2.196,78.4783935546875,97.4577878338136,84.7653410086149,NA
ATG,2001,14.6,97,97,99,11539.182506330751,572.20776367,2.018,NA,97.5248437141817,85.5344312360032,NA
ATG,2002,14.3,98,99,93,11658.694991595605,559.08331299,1.94,NA,97.5893217683329,86.312524859028,NA
ATG,2003,13.9,99,99,99,12173.231986030503,613.65112305,1.887,NA,97.6549763744198,87.0891468581108,NA
ATG,2004,13.6,97,97,97,13037.889577225696,597.74902344,1.852,NA,97.7217760832298,87.8643554393161,NA
ATG,2005,13.3,99,99,98,14368.570879605784,641.3157959,1.832,NA,97.7897055772759,88.6381274061459,NA
ATG,2006,13,99,99,99,16173.8136329968,665.11560059,1.831,NA,97.8587455751822,89.410528383537,NA
ATG,2007,12.7,99,99,98,18204.51240430678,714.27496338,1.86,112.965049743652,97.9288759157596,90.181534098799,1.763
ATG,2008,12.5,99,99,99,18786.67431422159,694.03344727,2.042,121.629211425781,98.0000819253765,90.9512112125374,0.543
ATG,2009,12.2,99,99,98,16472.247852856835,609.50390625,2.006,120.998901367188,98.0723568247824,91.7194750028069,NA
ATG,2010,12,98,98,99,15217.39507909222,724.08880615,1.785,117.978141784668,98.1456600056125,92.4864478668601,NA
ATG,2011,11.8,99,99,99,14911.72750844715,717.28186035,1.746,116.915008544922,98.2201657181989,93.2510130109521,NA
ATG,2012,11.6,98,98,97,15639.80781147868,753.50183105,1.655,126.204559326172,98.2971057730873,94.0042537403254,NA
ATG,2013,11.4,99,96,98,15051.511358742462,739.10491943,1.537,NA,98.3743397990659,94.7571352497532,NA
ATG,2014,11.2,99,93,96,15532.106206358443,826.75598145,1.526,115.915657043457,98.4518716600129,95.5096665851238,NA
ATG,2015,11,99,91,86,16077.634076940634,789.30975342,1.567,119.018043518066,98.5296965955538,96.2618760462753,NA
ATG,2016,10.8,92,88,87,16556.85518015876,817.88891602,1.458,NA,98.6078413769816,97.0132411183707,NA
ATG,2017,10.7,95,99,94,16965.728827381565,791.12322998,1.485,115.81339263916,98.6862412364466,97.7638078582703,2.917
ATG,2018,10.5,95,96,94,18273.427068491183,856.37127686,1.371,119.61092376709,98.7648515516048,98.5136876135771,NA
ATG,2019,10.3,99,97,97,18896.372183224772,808.14996338,1.468,NA,98.8436169017974,99.0899721182438,NA
ATG,2020,10.1,96,89,95,15369.60822504014,873.5246582,1.569,NA,98.9224941519798,99.6041813873018,NA
ATG,2021,9.8,92,85,92,17348.600698718186,835.06512451,1.58,NA,98.9226250605056,99.6050402706189,NA
ATG,2022,9.6,99,99,99,20105.19890851644,891.00323486,1.58,107.737361282367,98.9227120997739,99.605594345624,NA
ATG,2023,9.3,97,94,98,21494.547400072708,841.24884033,1.578,109.004008633981,98.9227464138028,99.6058209466968,NA
ATG,2024,9.1,99,97,99,23542.452694557796,NA,1.582,NA,98.9227269324043,99.6057190215246,NA
AUS,2000,6.2,90,91,90,21908.996801978352,1626.73388672,1.756,NA,99.7122967555461,99.9911608638651,2.476
AUS,2001,6.1,92,92,91,19733.651010264537,1550.37390137,1.739,NA,99.7112430397977,99.9916171040366,2.551
AUS,2002,6,92,94,92,20335.096019102304,1752.93896484,1.756,NA,99.7121919885478,99.9920733442082,2.546
AUS,2003,5.9,93,94,92,23757.589847168372,2227.12768555,1.748,NA,99.7343601568019,99.9925295843797,2.615
AUS,2004,5.8,92,94,92,30886.05009494012,2744.08105469,1.768,NA,99.7563424952725,99.9929858245512,2.692
AUS,2005,5.7,92,94,92,34535.20727090995,2995.87255859,1.807,NA,99.7781476301651,99.9934420647228,2.764
AUS,2006,5.6,92,94,92,36658.82434761221,3174.86865234,1.908,NA,99.7997730308655,99.9938983048943,2.825
AUS,2007,5.4,92,94,92,41128.24766184024,3792.80981445,1.959,NA,99.8212480845919,99.9943545450659,2.99
AUS,2008,5.2,92,94,92,49811.206721898845,4083.42944336,1.984,NA,99.8425531204552,99.9948107852374,3
AUS,2009,5,92,94,92,42954.849488457294,3989.44116211,1.971,NA,99.8636787110095,99.995267025408907,3.104
AUS,2010,4.8,92,94,92,52313.893904121345,4947.96337891,1.928,NA,99.8831426844635,99.9957232655805,3.345
AUS,2011,4.5,92,94,92,62799.38950170316,5876.88525391,1.926,NA,99.8919671201613,99.996179505752,3.296
AUS,2012,4.3,92,94,92,68301.44025125871,6038.87158203,1.92,NA,99.9007717329478,99.9966357459236,3.293
AUS,2013,4.1,91,94,91,68476.67884961178,5811.86865234,1.855,NA,99.9095874586183,99.9970919860951,3.356
AUS,2014,4,92,94,92,62817.20617517368,6098.25439453,1.826,NA,99.9614825180861,99.9975482262667,3.432
AUS,2015,3.9,93,95,93,56970.36130280944,5271.93310547,1.814,147.584396362305,99.9700064923964,99.9980044664382,3.486
AUS,2016,3.8,94,95,94,50084.44406063846,5418.43652344,1.752,144.401290893555,99.9699685481919,99.9984607066097,3.557
AUS,2017,3.8,95,94,95,54117.54771860902,5770.69042969,1.741,144.534530639648,99.9699329598972,99.9989169467813,3.656
AUS,2018,3.8,95,94,95,57410.173734600896,5843.64794922,1.74,132.354217529297,99.9698940747082,99.9993731869528,3.726
AUS,2019,3.8,95,94,95,55194.75850974282,5543.37841797,1.657,139.616836547852,99.9698532048744,99.9998294271244,3.808
AUS,2020,3.8,95,93,95,51983.4523666382,5968.00341797,1.581,135.490798950195,99.9698157102474,100,3.895
AUS,2021,3.7,95,93,95,60758.9044397144,7092.13476563,1.7,133.347183227539,99.9697732704149,100,3.976
AUS,2022,3.7,94,96,94,65169.519111865666,6723.98242188,1.63,130.563079833984,99.9697269040604,100,4.086
AUS,2023,3.7,94,91,94,65058.37731466737,6980.38525391,1.499,131.09733581543,99.9696841388095,100,NA
AUS,2024,3.6,93,91,94,64603.985630846415,NA,1.481,129.089096069336,99.9696359649334,100,NA
AUT,2000,5.5,81,75,71,24487.297468595614,2301.89208984,1.36,NA,99.9999997318786,99.9999792345879,3.876
AUT,2001,5.4,84,79,83,24430.495982840985,2315.42285156,1.33,96.7734069824219,100,99.9999909725854,3.989
AUT,2002,5.3,83,78,82,26334.862215031993,2531.61938477,1.39,96.4945831298828,100,100,4.06
AUT,2003,5.2,84,79,84,32110.115966142475,3122.31201172,1.38,96.9213027954102,100,99.9983790003902,4.144
AUT,2004,5,83,74,83,36614.25065337066,3606.77856445,1.42,96.5513229370117,100,99.996535576376,4.232
AUT,2005,4.9,86,75,86,38157.37022862003,3720.02441406,1.41,97.7880630493164,100,99.9947064734973,4.348
AUT,2006,4.8,83,80,83,40382.20782985749,3899.90722656,1.41,98.4202194213867,99.9999993859507,99.9928944921009,4.477
AUT,2007,4.6,85,79,85,46622.96229136355,4484.81640625,1.38,98.1064224243164,99.9999988465267,99.9911017476995,4.562
AUT,2008,4.5,83,83,83,51581.39823610713,5080.83740234,1.42,98.0029373168945,99.9999991552281,99.9893276003394,4.627
AUT,2009,4.4,83,76,83,47857.44466352659,4939.75878906,1.39,98.306266784668,99.999999017009,99.9875707536701,4.722
AUT,2010,4.3,86,80,86,46611.13934202319,4815.26953125,1.44,98.2814788818359,100,99.9858335152594,4.827
AUT,2011,4.2,89,84,89,51116.89535220424,5191.92333984,1.43,97.5853881835938,100,99.9841152637766,4.875
AUT,2012,4,92,88,92,48250.40591426372,4983.67724609,1.44,98.1663970947266,100,99.982312100595,4.927
AUT,2013,3.9,95,92,95,50305.35457749725,5251.96826172,1.44,99.4306716918945,99.9999971905454,99.9804519832307,5.018
AUT,2014,3.8,98,96,98,51314.972261632225,5418.47558594,1.46,99.4170379638672,100,99.9785877606259,5.076
AUT,2015,3.7,93,96,93,43915.22802085699,4649.59667969,1.49,99.7147521972656,100,99.9767095192409,5.124
AUT,2016,3.6,87,95,87,45061.49939201917,4758.89892578,1.53,99.1238174438477,100,99.9748167576783,5.129
AUT,2017,3.6,90,96,90,47163.7425775142,4999.86962891,1.52,98.8336181640625,99.9999980909991,99.9729077052186,5.182
AUT,2018,3.5,85,94,85,51194.07498412994,5394.55908203,1.47,98.9431686401367,100,99.9728166060806,5.241
AUT,2019,3.5,88,95,88,49885.99473552041,5313.19287109,1.46,100.049346923828,99.9999997360902,99.9727130295408,5.318
AUT,2020,3.4,85,95,85,48716.4098900349,5569.84130859,1.44,100.287178039551,99.9999975918171,99.9726022326155,5.344
AUT,2021,3.4,86,99,86,53648.643797621386,6554.14257813,1.48,101.08470916748,100,99.9724908948366,5.432
AUT,2022,3.3,84,95,84,52336.772522375766,5897.97607422,1.41,100.453628540039,99.999997328228,99.9723650796655,5.432
AUT,2023,3.3,87,90,87,56579.50417546799,6267.93164063,1.32,99.5390701293945,100,99.9722421586423,5.515
AUT,2024,3.3,85,90,85,58268.87876516011,6739.30908203,1.31,99.9565505981445,99.9999971947745,99.9721024074429,NA
AZE,2000,74.3,76,67,75,655.0972495799167,19.01968193,2,NA,75.5627604174925,68.3537161993918,3.552
AZE,2001,69.3,77,68,77,703.6709985846863,19.19010162,1.8,NA,76.4735701189235,69.4110838151646,3.525
AZE,2002,64.4,76,66,80,763.1088954634868,20.45606041,1.8,NA,77.3859207363957,70.4645166968746,3.541
AZE,2003,59.9,77,67,79,883.6925807452558,23.62244987,1.9,NA,78.3004156072873,71.514349403103,3.534
AZE,2004,55.8,77,67,78,1045.0136328105998,27.1906395,2.0535,NA,79.2166351690635,72.5604073968308,3.54
AZE,2005,52.1,75,67,79,1578.3673303066716,34.35204697,2,NA,80.1342105544124,73.9007809135916,3.557
AZE,2006,48.7,78,69,80,2472.957257322871,49.87102127,1.97,NA,81.0533923471331,75.2446071207106,3.532
AZE,2007,45.7,79,75,81,3851.330151751412,74.65649414,1.97,NA,81.9743802928687,76.5920244999871,3.669
AZE,2008,42.9,81,79,85,5574.468104325748,111.88427734,1.9,NA,82.8965426494473,77.9427910031062,3.635
AZE,2009,40.2,81,85,84,4950.399490094231,135.40127563,1.82,NA,83.8200869435287,79.2970479678594,3.626
AZE,2010,37.8,81,89,85,5843.5337683582,153.0665741,1.92,NA,84.7487471999046,80.6565618814243,3.617
AZE,2011,35.5,82,88,86,7189.81869211976,184.93493652,1.96,NA,85.6816333472465,82.0209823776921,3.397
AZE,2012,33.4,79,86,84,7495.865276580995,234.60324097,2,NA,86.6181028034085,83.3900771954371,3.449
AZE,2013,31.4,78,86,83,7875.345366615495,251.67863464,1.98,NA,87.5577162731315,84.7637227824749,3.413
AZE,2014,29.6,78,85,83,7890.840280620872,280.22314453,1.97,NA,88.4995796810973,86.1415854877427,3.401
AZE,2015,27.9,79,84,84,5500.503646284862,236.25979614,1.94,NA,89.4430394265685,87.5234598194959,3.328
AZE,2016,26.5,78,81,84,3880.685227683798,169.69596863,1.9,NA,90.3873981119226,88.9091129023182,3.262
AZE,2017,25.1,76,80,82,4147.198142322201,167.01565552,1.75,NA,91.3319756877674,90.2983404004094,3.197
AZE,2018,23.8,74,77,80,4739.794312340805,180.03610229,1.73,108.65273695473,92.2760684532057,91.6909287439115,3.236
AZE,2019,22.7,74,78,80,4805.753717659173,199.25746155,1.81,107.552111988747,93.2188338102912,93.0865984611418,3.148
AZE,2020,21.5,56,61,68,4229.910649045028,245.21949768,1.7,90.4353484324383,94.1597003364215,94.4852164889199,3.125
AZE,2021,20.5,49,66,66,5408.045351750229,250.9887085,1.52,90.4878029868337,95.0977447085139,95.8663117734363,3.123
AZE,2022,19.6,51,71,67,7770.594223350996,261.44659424,1.67,88.7876201854696,96.0035655798849,96.9106527966691,3.185
AZE,2023,18.7,51,71,67,7133.028380483284,299.81060791,1.55,90.9502304680864,96.8490385896936,97.9482163589564,NA
AZE,2024,17.9,51,71,67,7283.849907617904,NA,1.43,89.60752233538,97.6880841665339,98.9785069136854,NA
BDI,2000,152.4,80,72,72,134.53786175238898,5.67927122,6.872,NA,49.9050035081871,45.8832028889367,0.052
BDI,2001,147.5,81,73,73,132.15955454193212,7.50815582,6.849,NA,50.6076370665848,45.9762261657477,NA
BDI,2002,142.3,81,75,74,120.95230857546832,6.46998882,6.819,NA,51.3135864667635,46.0714530473161,NA
BDI,2003,136.6,82,76,75,111.4066828043908,5.87316799,6.785,8.93451976776123,52.0224447392286,46.1690271798233,NA
BDI,2004,130.4,83,78,76,125.19496518453332,8.88248062,6.746,10.1669101715088,52.7341459347256,46.0744530371063,0.027
BDI,2005,123.7,87,87,82,147.23461929422513,11.13118172,6.708,11.0440502166748,53.4486364755219,45.9780778470214,NA
BDI,2006,116.6,92,92,88,161.89275564031908,14.10514736,6.659,12.2075300216675,54.1661932522389,45.8797490696037,NA
BDI,2007,109.5,99,88,93,166.16274490675522,15.26294613,6.588,12.8603200912476,54.8864129509112,45.7793823625363,NA
BDI,2008,102.6,92,84,89,189.50207457076775,14.67025566,6.515,NA,55.6098997229937,45.6767816936833,NA
BDI,2009,96.1,94,91,96,198.43152404822504,18.31996346,6.409,17.5529193878174,56.3355825265759,45.5719158266356,NA
BDI,2010,90.2,96,92,94,216.72770530197636,24.45114708,6.26,19.8866806030273,57.0647160568921,45.4645083129414,0.045
BDI,2011,84.7,96,93,95,230.0697613811321,23.16802216,6.108,22.7597904205322,57.7968901680733,45.354450786345,0.037
BDI,2012,79.6,96,93,96,231.09878781150672,20.01195908,5.991,25.6550006866455,58.5316929409599,45.2416177840798,0.049
BDI,2013,74.9,96,98,96,234.8447701508713,20.26322556,5.889,30.7229452018777,59.2700188901238,45.125751746761,0.053
BDI,2014,70.6,95,94,95,250.54449215518548,18.06601143,5.794,37.6532236992696,60.0108002103421,45.0067757440714,0.056
BDI,2015,66.9,94,93,94,254.4025852267877,17.67629051,5.695,42.5848131340896,60.754598685409,44.8844503584829,0.046
BDI,2016,63.7,94,93,94,232.9378121001527,18.59472847,5.587,47.4670778135604,61.5013152508053,44.7585847024572,NA
BDI,2017,60.9,91,90,91,246.06072571418372,19.16676521,5.481,49.4867506946943,62.2508547109649,44.6289841238283,0.094
BDI,2018,58.5,90,88,90,245.6616783320092,18.67819214,5.38,48.9246508069948,63.0031105309043,44.4954380894811,0.094
BDI,2019,56.2,93,92,93,234.31061590724977,22.2435379,5.271,44.8293939228029,63.7579908768374,44.3577388229315,NA
BDI,2020,54.3,93,90,93,255.8324539388995,26.21934319,5.177,49.2576387332398,64.4028716190814,44.4548070620661,0.069
BDI,2021,52.3,94,90,94,264.98037926965486,23.11420059,5.078,NA,65.0493033882129,44.5545225988873,0.076
BDI,2022,50.3,91,89,91,302.99250526355235,25.52155113,4.98,NA,65.6975597350143,44.6569603684061,0.078
BDI,2023,48.7,89,86,89,250.62725309725457,28.14028931,4.878,NA,65.8069881708757,44.6456125902738,NA
BDI,2024,47.1,89,86,89,219.42483088269827,NA,4.789,NA,65.9191041847553,44.6339890793582,NA
BEL,2000,5.9,95,82,96,23098.88650774014,1849.91601563,1.67,NA,99.9999953394811,99.484629951934,2.829
BEL,2001,5.7,95,82,96,23015.071263246195,1879.93457031,1.67,164.421981811523,99.9999973086871,99.4847964563623,2.849
BEL,2002,5.5,95,82,96,25006.191397109003,2084.7199707,1.65,166.829498291016,100,99.4849653278491,2.859
BEL,2003,5.3,95,82,96,30655.209267902366,2822.50341797,1.67,166.853012084961,99.9999968589093,99.4851241629527,2.857
BEL,2004,5.2,95,82,96,35429.40779333441,3322.28857422,1.72,158.973358154297,100,99.4852911508851,2.868
BEL,2005,5,97,88,97,36809.70134036188,3415.64599609,1.76,166.336334228516,100,99.4854588007365,2.871
BEL,2006,4.9,98,92,99,38705.10679591471,3547.06835938,1.8,168.262008666992,100,99.4856201119658,2.886
BEL,2007,4.8,98,92,99,44319.16544881302,4066.2121582,1.82,169.791259765625,100,99.4857808585944,2.905
BEL,2008,4.7,99,93,99,48303.397956285975,4656.04150391,1.85,171.841247558594,99.9999989331379,99.4859416700664,2.921
BEL,2009,4.6,98,95,98,44923.34001350815,4755.80859375,1.84,171.172912597656,100,99.4861064041689,2.92
BEL,2010,4.5,98,95,98,44197.39367116197,4626.02685547,1.86,171.341003417969,100,99.4861236387516,2.909
BEL,2011,4.4,98,95,98,47760.8298776546,4990.35595703,1.81,170.005645751953,100,99.4861332173528,2.915
BEL,2012,4.3,99,96,99,44874.17091821225,4763.93505859,1.8,171.274078369141,100,99.4861435479371,2.933
BEL,2013,4.2,99,96,99,46964.59467770559,5005.64990234,1.76,172.689697265625,100,99.4861501236866,3.131
BEL,2014,4.1,99,96,99,47995.778696133944,5110.17333984,1.74,172.866333007812,100,99.4861618443076,3.16
BEL,2015,4.1,99,96,99,40893.804537772005,4465.45556641,1.7,174.837173461914,99.9999977589531,99.4861641764678,3.221
BEL,2016,4.1,98,96,98,41854.5498296444,4569.640625,1.68,170.400466918945,99.9999981505316,99.4861721928964,3.28
BEL,2017,4,98,96,98,44035.3239358548,4827.59326172,1.65,168.216491699219,100,99.4861854185217,3.292
BEL,2018,4,98,96,98,47487.21003925607,5233.68261719,1.62,165.985092163086,99.9999964912518,99.4861848733706,3.355
BEL,2019,3.9,97,96,98,46716.622746796435,5087.45654297,1.6,166.064483642578,100,99.4861954289203,3.424
BEL,2020,3.9,98,96,98,45906.287580524586,5269.40625,1.55,160.896133422852,100,99.4862025266725,3.506
BEL,2021,3.8,98,96,98,51658.23829495799,5847.17333984,1.6,150.585006713867,99.9999987625062,99.486206436114,3.537
BEL,2022,3.8,98,96,98,50605.74966770862,5487.59277344,1.53,151.826583862305,100,99.4862152277247,3.574
BEL,2023,3.7,98,96,98,55291.47545413294,5931.01464844,1.47,152.577819824219,99.9999973101139,99.4862165648512,NA
BEL,2024,3.7,97,96,98,56614.56794990358,NA,1.44,NA,100,99.486220664134,NA
BEN,2000,135,78,70,78,487.4241413842425,14.42371464,5.937,12.5444002151489,61.053428974703,8.52812393636387,NA
BEN,2001,131.7,76,68,77,492.401499509072,16.26979828,5.848,13.908769607544,61.4110451186381,8.93975126867492,NA
BEN,2002,128.5,75,66,76,546.4638296581587,16.9179287,5.793,15.1186399459839,61.7826864714812,9.37391256843619,NA
BEN,2003,125.4,73,65,75,676.0028780842815,21.06955719,5.763,15.833459854126,62.177768242791,9.83877331929082,NA
BEN,2004,122.5,72,63,74,758.6958037863709,24.52665329,5.718,17.0808696746826,62.5694755970266,10.3155921363995,0.038
BEN,2005,119.7,70,61,73,779.4377777532677,25.12485313,5.692,NA,62.9572986699117,10.8039533008181,NA
BEN,2006,117,74,66,76,809.1470725062209,26.60264206,5.673,NA,63.3414202893598,11.3039620341641,NA
BEN,2007,114.4,82,70,82,912.3382471883424,26.79680061,5.627,NA,63.722003378885,11.8157291558234,NA
BEN,2008,112,75,66,77,1060.6025450209872,28.12486076,5.548,NA,64.0987736405784,12.3390077692944,0.059
BEN,2009,109.7,79,71,80,1024.1027785811184,29.69425583,5.491,NA,64.471280030876,12.8733600744969,NA
BEN,2010,107.4,76,68,77,973.2442549315264,29.37720871,5.452,NA,64.8398943690565,13.4190757934874,0.052
BEN,2011,105.1,75,70,77,1059.413588525885,31.76816368,5.436,35.1887283325195,65.2045676976255,13.9760843860142,0.054
BEN,2012,102.9,80,74,80,1071.5258366282956,32.95616913,5.429,NA,65.5652472683148,14.5443123134086,NA
BEN,2013,100.6,77,68,73,1168.926992792259,33.53426743,5.41,41.857421875,65.9215151449037,15.1233051054282,NA
BEN,2014,98.4,74,65,71,1204.39918670094,32.41182327,5.374,43.0372085571289,66.2745990254867,15.7143302277075,NA
BEN,2015,96.1,74,67,72,1002.4188687961384,27.34733391,5.32,46.0378799438477,66.6240261475915,16.3169481534553,NA
BEN,2016,94,78,68,73,1010.533896199298,36.58565903,5.254,47.7052116394043,66.9697053582587,16.9310972411709,0.045
BEN,2017,91.8,76,65,72,1054.9740806681434,38.75862122,5.155,NA,67.3115299235489,17.5567124078682,NA
BEN,2018,89.4,74,61,70,1151.7409703472013,39.54786301,5.031,NA,67.6494113960798,18.1937303852969,0.073
BEN,2019,87,72,58,69,1130.8213533979497,33.9457283,4.9,NA,67.9832516982572,18.8420840944928,0.06
BEN,2020,84.6,70,54,67,1200.1942655778937,36.62052536,4.795,39.4178810119629,68.3129505616936,19.501704357901,NA
BEN,2021,82.2,70,53,68,1318.6515807519838,38.45053101,4.707,40.2546501159668,68.6381245479094,20.1721169387367,0.205
BEN,2022,79.6,69,52,69,1266.4271103190442,37.76291275,4.634,40.2818489074707,68.9589815769274,20.853650768615,0.19
BEN,2023,77.2,69,52,69,1394.1778472183137,46.52822113,4.556,NA,69.2752913846942,21.5460291941212,0.216
BEN,2024,74.7,63,44,63,1485.380188851343,NA,4.48,NA,69.5868397867067,22.248968702791,NA
BFA,2000,176,45,48,45,248.90852692175216,10.00902748,6.519,7.76679992675781,55.6390919539438,8.8416258208353,NA
BFA,2001,171.9,62,63,62,259.48522338043597,10.27519512,6.431,7.95838022232056,55.8329037014079,9.13087025476494,0.04
BFA,2002,167.3,69,64,69,285.65408763753277,11.93992615,6.339,NA,55.6114304370044,10.0598427351821,NA
BFA,2003,162.3,79,76,83,362.3738999969534,16.02656555,6.28,9.13255977630615,55.3903115715643,11.0080883489168,NA
BFA,2004,156.8,79,78,83,403.8128374346103,21.12279129,6.216,10.11203956604,55.1712862578843,11.9759949734472,0.052
BFA,2005,150.8,82,84,94,441.16414801601206,21.34285545,6.182,11.0454902648926,54.9540483069105,12.9610876994314,NA
BFA,2006,144.4,86,88,94,455.5136556200242,23.55202866,6.17,11.844220161438,54.7404102452083,13.9636797865369,NA
BFA,2007,138.1,89,94,93,514.6844511772381,29.72483063,6.11,12.869119644165,54.4775122533974,14.9188541884319,NA
BFA,2008,132.1,93,94,92,619.4375332562643,30.76880074,6.05,15.2496795654297,54.1709291046909,15.8385590424802,0.031
BFA,2009,126.5,92,94,91,601.5695206718585,31.26260567,5.992,16.4878997802734,53.8607620569165,16.7713190117343,0.043
BFA,2010,121.3,91,92,90,624.9572522247657,33.05819321,5.936,18.2026272062904,53.5481792484168,17.717348101652,0.044
BFA,2011,116.6,91,89,90,725.0247677254749,33.70409393,5.869,20.1504937591634,53.2337210751368,18.6760821491649,0.037
BFA,2012,112.3,90,87,90,731.470138867833,33.66717529,5.793,22.4369517647316,52.9175711215547,19.6465931645733,0.046
BFA,2013,108.2,88,82,89,759.7620651684981,42.26796341,5.697,25.1246647585712,52.6002657451869,20.6283173579476,0.045
BFA,2014,104.3,91,88,91,764.8616751062254,38.24516678,5.595,27.3772509415436,52.2827255201391,21.6210077487698,0.047
BFA,2015,100.8,91,88,91,630.124750752312,32.3375206,5.478,31.3499100869596,51.9651331528119,22.623723352134,0.063
BFA,2016,97.4,91,88,91,663.7423648428855,39.50990677,5.331,33.8377858408122,51.6480569278797,23.6358671659231,0.062
BFA,2017,94.1,91,88,91,709.0915358946953,43.37775803,5.17,36.4337512769058,51.3308302109352,24.6558918981723,0.082
BFA,2018,91,91,88,91,777.465618514048,38.48573303,4.921,39.4315297671845,51.0143648746902,25.6835548762607,0.082
BFA,2019,88.1,91,88,91,764.8530777749462,41.06895828,4.681,40.517531621348,50.6996167671279,26.7185691114763,0.091
BFA,2020,85.1,91,88,91,825.2370387824751,57.17589188,4.44,40.2090461523707,50.3862637931321,27.7597483878875,0.096
BFA,2021,82.4,91,88,91,895.5352884429909,63.59171295,4.361,40.1334643135395,50.0752719507407,28.8068022658045,0.101
BFA,2022,79.8,91,88,91,827.3308434866611,64.38339996,4.275,36.1300743115017,49.7662606215165,29.8585926182987,0.148
BFA,2023,77.4,91,88,91,873.4825896510025,71.73455048,4.186,33.6455886002101,49.4606606678806,30.9150753845811,NA
BFA,2024,74.9,91,88,91,981.9926497690816,NA,4.11,33.2389182465594,49.9986600107497,31.7963485938203,NA
BGD,2000,85.5,82,74,83,396.6707302497512,8.27585602,3.279,47.110969543457,94.5566591015105,23.694677075884,NA
BGD,2001,80.2,85,77,85,394.65641001891026,8.10025787,3.203,50.0232887268066,94.7286986016594,25.1767692981385,0.238
BGD,2002,75.3,83,75,83,393.88642232762766,9.05402279,3.126,51.7350006103516,94.905268719924507,26.6816894127761,NA
BGD,2003,70.8,87,76,90,426.7488075436204,9.98434258,3.029,51.6876182556152,95.0805824631407,28.1772949701868,0.26
BGD,2004,66.8,99,81,88,455.6140169097983,10.78997898,2.94,46.7358283996582,95.2545490019723,29.6630423579707,0.269
BGD,2005,63,93,88,94,480.0858507545197,11.31403732,2.846,46.4920997619629,95.4615869207047,31.4358349503108,0.296
BGD,2006,59.6,94,83,95,490.3880265332894,12.05988026,2.755,46.8596611022949,95.6665612927773,33.2264398318266,0.305
BGD,2007,56.5,94,89,96,537.9554927929107,14.03898716,2.666,47.5436897277832,95.8693613830189,35.0339772895148,0.317
BGD,2008,53.6,96,92,96,613.0620410412401,15.5619669,2.577,47.0520896911621,96.0698868772065,36.8575848438424,0.33
BGD,2009,51.1,97,93,97,679.2114774280559,17.7030201,2.484,49.7001609802246,96.2680515706038,38.6964226448975,0.343
BGD,2010,48.7,94,88,94,757.3852803615082,20.62105751,2.38,52.0766891151976,96.4638392169857,40.550092213975,0.352
BGD,2011,46.5,96,93,96,837.3369446956473,22.77348328,2.309,52.972846971647,96.6571382365005,42.417588032588,0.373
BGD,2012,44.4,94,88,94,859.6805363754974,23.43771553,2.263,54.6677284240723,96.8477733718652,44.297586934068804,0.39
BGD,2013,42.4,96,91,96,958.2629897982828,26.96918297,2.247,57.4183984304764,97.035648544406,46.1890615570129,0.412
BGD,2014,40.5,97,94,97,1094.461997028377,29.91152382,2.228,NA,97.220803624287,48.091854377096,0.478
BGD,2015,38.5,98,97,98,1224.3864766816523,33.20998764,2.227,62.5832710266113,97.4031438216165,50.0050245547683,0.476
BGD,2016,36.7,98,97,98,1649.2838085860055,39.30647659,2.227,66.9120125277375,97.5826981722131,51.9283001377065,0.489
BGD,2017,35,98,97,98,1811.0822166864589,42.17510986,2.205,66.8206080291299,97.7594255729943,53.861024982081,0.535
BGD,2018,33.5,98,97,98,1965.2437273146677,44.78892899,2.193,69.0192069270982,97.933316165493,55.8026895798661,0.573
BGD,2019,32.3,98,97,98,2129.7989695460574,45.07677078,2.18,68.6082490748818,98.1043633059551,57.7528738554199,0.63
BGD,2020,31.4,97,97,97,2248.850788282327,49.0274353,2.175,71.128750711381,98.2725719690138,59.7111659386902,0.661
BGD,2021,30.9,97,97,97,2482.849178433572,56.09640121,2.173,75.089641669915,98.4379436580879,61.6770898454809,0.677
BGD,2022,30.7,97,96,97,2716.4859278043114,56.62142181,2.179,72.2731144156835,98.5792972461401,63.6502711298232,0.717
BGD,2023,30.6,97,96,97,2551.017738273069,53.46432495,2.163,71.5461976300242,98.6816683567859,65.6304136319171,0.722
BGD,2024,30.5,97,96,97,2593.4161168077444,NA,2.138,70.4720309842244,98.7825421934741,67.6171751221237,NA
BGR,2000,17.5,93,89,94,1621.2621073899163,94.51976013,1.26,NA,99.7377221618343,85.8270758424306,3.441
BGR,2001,16.7,94,90,94,1770.9070491869052,119.82997894,1.21,79.96337890625,99.7079288676967,85.8352608493331,3.429
BGR,2002,16,93,92,94,2092.9828862555814,148.1479187,1.23,83.0525436401367,99.678880786955,85.8462388142112,3.522
BGR,2003,15.1,96,96,96,2719.4943685928665,195.74369812,1.26,87.1275329589844,99.6504220277504,85.8571204076455,3.604
BGR,2004,14.2,95,95,94,3389.6874336027363,233.11332703,1.33,88.8367919921875,99.6225650156801,85.8679758462279,3.537
BGR,2005,13.3,96,96,97,3899.825963328784,267.74139404,1.37,89.5286712646484,99.5952857314263,85.8787353292987,3.661
BGR,2006,12.5,95,96,96,4523.146557880496,294.10891724,1.44,90.6530914306641,99.5685847178938,85.8894058121124,3.676
BGR,2007,11.9,95,96,95,5888.570814039323,361.23498535,1.49,91.317008972168,99.5424563841982,85.9000132510858,3.675
BGR,2008,11.4,95,96,96,7271.3033885802515,455.54058838,1.56,90.9007110595703,99.5168989901261,85.9105606214377,3.643
BGR,2009,11.1,94,96,94,6988.273162964647,459.30020142,1.66,90.9566192626953,99.4918883371775,85.921008483856,3.733
BGR,2010,10.9,94,97,94,6853.948055111706,484.75228882,1.57,92.1725463867188,99.4674443238524,85.9314028069197,3.747
BGR,2011,10.4,95,95,95,7849.580613028177,555.86419678,1.51,94.100212097168,99.4435439260654,85.9417067262651,3.838
BGR,2012,9.9,95,94,95,7431.957895088705,558.64794922,1.5,93.2204132080078,99.4202191539046,85.9520368037234,3.868
BGR,2013,9.3,95,95,95,7795.9809210892845,553.68725586,1.54,97.8538284301758,99.3974782704321,85.9623980621807,3.953
BGR,2014,8.7,88,93,88,8069.600056676842,616.16296387,1.62,102.488342285156,99.3753090063738,85.9727585294745,3.978
BGR,2015,8.2,91,92,91,7268.654454738727,534.21466064,1.64,101.624610900879,99.3537331088916,85.983155486804307,4.041
BGR,2016,7.7,92,92,92,7822.499232929683,579.76715088,1.67,100.93839263916,99.3327228860736,85.9935449985972,4.107
BGR,2017,7.3,92,94,92,8696.689304279236,647.56402588,1.71,101.615371704102,99.3123099116754,86.0039712709355,4.184
BGR,2018,7,92,93,92,9849.383972251744,719.78033447,1.73,102.039916992188,99.292449043955,86.0143608416048,4.217
BGR,2019,6.7,93,95,93,10353.72045841272,733.06878662,1.79,101.704620361328,99.2731656499931,86.0247532488828,4.236
BGR,2020,6.5,91,88,91,10760.211975413007,906.54833984,1.77,100.332641601562,99.2544596990953,86.0351484540034,4.277
BGR,2021,6.3,89,89,89,12966.145754339632,1109.10290527,1.8,97.4684524536133,99.2363227360567,86.0455390086067,4.296
BGR,2022,6.1,91,91,91,13999.194953095564,1066.69189453,1.78,95.5302886962891,99.2187440542721,86.0559026317979,4.328
BGR,2023,5.9,92,92,92,15853.208636704016,1257.87597656,1.81,94.6070022583008,99.2017331871692,86.0662621462475,NA
BGR,2024,5.7,94,94,94,17596.017366352113,NA,1.72,93.8516082763672,99.1852515713458,86.0765607063355,NA
BHR,2000,12.5,97,98,97,14214.48368393432,451.50253296,2.798,99.2775497436523,99.958665400505,99.9393894019496,1.013
BHR,2001,12,99,98,99,13573.233988759745,457.59741211,2.653,101.788238525391,99.9567270815289,99.9434088778498,1.06
BHR,2002,11.6,98,99,98,13501.47088014247,469.15478516,2.699,96.4201431274414,99.9547887625528,99.9474283537501,1.053
BHR,2003,11.3,97,99,97,14486.026902982188,530.5446167,2.778,91.6311111450195,99.9528504435767,99.9514478296503,1.006
BHR,2004,11,98,99,98,15963.949317161683,527.82989502,2.774,89.1966781616211,99.9509121246006,99.9554673055506,0.922
BHR,2005,10.6,98,99,98,17966.165783762463,557.9574585,2.67,88.6157684326172,99.9489738056245,99.9594867814508,0.995
BHR,2006,10.3,98,99,98,19267.28261507196,578.29705811,2.464,88.737678527832,99.9470354866484,99.9635062573511,0.977
BHR,2007,9.8,97,99,97,20908.404254807345,677.16290283,2.282,NA,99.9450971676723,99.9675257332513,0.995
BHR,2008,9.4,97,99,97,23299.4992780392,734.99511719,2.152,91.3427200317383,99.9431588486962,99.9715452091516,0.984
BHR,2009,9,98,99,97,19465.31407450379,838.52880859,2.047,92.0312271118164,99.9412205297201,99.9755646850518,0.971
BHR,2010,8.6,99,99,99,21819.329109809907,866.67224121,1.987,92.0959724996516,99.939282210744,99.9795841609521,0.971
BHR,2011,8.3,99,99,99,25032.786774333345,921.72064209,2.025,94.5355703439872,99.9373438917679,99.9836036368523,1.001
BHR,2012,8.1,99,99,99,26438.67332304283,1038.1661377,2.11,99.2605924989055,99.9354055727918,99.9876231127526,1.023
BHR,2013,7.9,99,99,99,26989.760114846904,1115.16906738,2.166,107.770879230923,99.9334672538156,99.9916425886528,0.998
BHR,2014,7.8,99,99,99,26451.796564745277,1122.16040039,2.149,104.944132738695,99.9315289348395,99.9956620645531,0.974
BHR,2015,7.7,98,99,98,23734.05511430191,1128.24291992,2.113,100.792652804599,99.9295906158634,99.9996815404533,0.927
BHR,2016,7.6,99,99,99,23800.001440631015,1095.92541504,2.042,100.962353094519,99.9276522968873,100,0.83
BHR,2017,7.7,97,99,98,24784.76935146067,1080.08898926,1.984,101.66381888082,99.9257139779112,100,0.76
BHR,2018,7.7,99,99,99,26324.40665495586,1041.8560791,1.911,100.906915228618,99.9237756589351,100,0.729
BHR,2019,7.8,99,99,99,27259.743859932696,1030.26379395,1.843,101.991173149954,99.921837339959,100,0.687
BHR,2020,8,98,99,98,24342.844455471797,1101.14025879,1.86,NA,99.9198990209829,100,0.741
BHR,2021,8.2,98,99,99,27147.80838822855,1176.92102051,1.852,NA,99.9198990209829,100,NA
BHR,2022,8.4,97,99,97,30470.52192760228,1178.80664063,1.839,106.466008925534,99.9198990209829,100,NA
BHR,2023,8.6,99,99,99,29290.12842150983,1175.81628418,1.824,101.916572717024,99.9198990209829,100,NA
BHR,2024,8.8,96,99,98,29653.568273153414,NA,1.805,97.5734472078148,99.9198990209829,100,NA
BHS,2000,16.2,99,93,91,24940.077508607777,948.88244629,2.06,NA,98.0705934581737,92.9767147467029,NA
BHS,2001,16.3,99,94,98,25371.92376676143,995.71844482,2.02,NA,98.1289046419546,92.9788412178291,NA
BHS,2002,16.5,94,94,93,26781.61959386516,1021.03601074,1.984,96.3615798950195,98.1872158257356,92.9792508409001,NA
BHS,2003,16.7,92,90,93,26429.124778766334,1062.43786621,1.971,NA,98.2455270095165,92.9779436159161,NA
BHS,2004,16.8,93,89,92,26650.293423430317,1078.31152344,1.98,85.6807098388672,98.3038381932975,92.974919542877,NA
BHS,2005,16.9,93,85,93,28602.418186999483,1153.21594238,2.008,86.6847763061523,98.3621493770784,92.9701786217826,NA
BHS,2006,16.8,95,88,94,29184.786508790818,1257.64587402,2.019,87.0278396606445,98.4204605608593,92.9637208526333,NA
BHS,2007,16.5,95,96,95,30051.84895877555,1351.08203125,2.035,90.9297103881836,98.4787717446403,92.9555462354289,NA
BHS,2008,16.2,93,90,93,29392.382441639675,1429.23681641,1.999,90.2368698120117,98.5370829284212,92.9456547701693,2.645
BHS,2009,15.8,96,98,97,27512.913095008407,1416.92468262,2.011,89.9711837768555,98.5953941122021,92.9340464568545,NA
BHS,2010,15.4,99,94,97,27473.100430501963,1444.0065918,1.837,93.3393819715002,98.6537052959831,92.9207212954847,NA
BHS,2011,15.1,98,90,97,27090.83768013795,1442.24768066,1.791,90.580026166594,98.712016479764,92.9056792860598,2.233
BHS,2012,14.7,98,91,99,28552.024268315097,1518.64953613,1.761,95.0642702131211,98.7703276635449,92.8889204285797,NA
BHS,2013,14.4,97,92,97,27642.74197591786,1559.34985352,1.738,87.4039501394502,98.8286388473259,93.1626284658143,NA
BHS,2014,14.2,96,92,96,29137.21756326217,1619.36669922,1.687,93.3709696193691,98.8869500311068,93.436336503049,NA
BHS,2015,14,95,94,95,30719.405417468977,1588.57775879,1.574,77.0907578997387,98.9452612148878,93.7100445402837,NA
BHS,2016,13.8,94,89,94,30616.53631572844,1711.60510254,1.495,86.5407818532819,98.9452612148878,93.7100445402837,NA
BHS,2017,13.7,94,90,94,31875.488174961905,2069.44555664,1.424,94.6372239747634,98.9452612148878,93.7100445402837,1.895
BHS,2018,13.5,90,89,90,32642.335320345184,1875.74035645,1.404,84.2835504392608,98.9452612148878,93.7100445402837,NA
BHS,2019,24.3,89,83,89,33640.336986127826,1881.40393066,1.397,80,98.9452612148878,93.7100445402837,NA
BHS,2020,13.3,83,87,83,26178.75376077077,1861.0637207,1.386,NA,NA,NA,NA
BHS,2021,13.1,86,82,86,30367.860575770803,1946.21960449,1.382,74.0372670807453,NA,NA,NA
BHS,2022,12.9,87,80,87,34957.16132797368,2327.20117188,1.379,NA,NA,NA,NA
BHS,2023,12.7,87,86,87,38231.77448427799,2262.33447266,1.373,95.1823072325164,NA,NA,NA
BHS,2024,12.4,90,86,90,39455.44665485455,NA,1.374,80.9443303948798,NA,NA,NA
BIH,2000,9.5,85,80,87,1338.4805963626086,106.5786972,1.282,NA,97.4048252713074,95.0784435393171,1.312
BIH,2001,8.9,91,92,92,1387.8936294212144,105.10999298,1.23,NA,97.319504252611,95.0879638199528,1.303
BIH,2002,8.4,80,89,86,1606.5467454132015,118.87058258,1.231,NA,97.2320116330882,95.0981431878974,1.3
BIH,2003,8,87,84,87,2033.947009358639,168.42216492,1.219,NA,97.1423004507177,95.1088597606974,1.33
BIH,2004,7.6,84,88,87,2452.686091738601,222.27758789,1.221,NA,97.0503974569639,95.1202453648273,1.372
BIH,2005,7.4,93,90,95,2739.610768660567,241.64047241,1.203,NA,96.9562697238871,95.1357940491604,1.409
BIH,2006,7.2,87,85,91,3166.128653448332,281.26403809,1.18,NA,96.8599179487528,95.1516329661408,1.46
BIH,2007,7.1,95,96,95,3931.489487375052,363.86224365,1.19,82.0863876342773,96.7613473898559,95.1678945136016,1.54
BIH,2008,7,91,84,92,4841.693119346486,459.29174805,1.21,86.2433471679688,96.6605523174734,95.1844586275953,1.59
BIH,2009,6.9,90,93,90,4539.918637749675,409.29098511,1.267,88.1162567138672,96.5575305327522,95.20132167847,1.674
BIH,2010,6.8,89,91,90,4506.478285483886,406.13046265,1.26,86.8139724731445,96.4522822969049,95.2184837600235,1.749
BIH,2011,6.8,88,89,89,4982.693757682627,456.96905518,1.209,89.1719207763672,96.3448010624916,95.2360155321308,1.839
BIH,2012,6.7,92,94,87,4693.788991153808,444.93655396,1.252,92.2725219726562,96.2350673868213,95.2539082676635,1.914
BIH,2013,6.7,89,92,87,5034.566348170675,475.07409668,1.278,94.078239440918,96.1231183417835,95.2720361490621,1.997
BIH,2014,6.7,86,89,86,5206.065734751322,493.07333374,1.262,92.1992111206055,96.008918332446,95.2905317745254,2.083
BIH,2015,6.7,82,83,74,4662.258692194478,430.83413696,1.322,87.665657043457,96.0694403538991,95.3129339341419,2.107
BIH,2016,6.8,78,68,79,4928.566590311397,450.44155884,1.36,85.0680236816406,96.0724133360056,95.3361467691692,2.146
BIH,2017,6.8,75,69,75,5345.019787664728,471.32647705,1.419,85.6158828735352,96.1569041351994,95.360235583008,2.163
BIH,2018,6.8,73,68,73,6047.847072073918,529.85546875,1.504,87.8049774169922,96.1478367143062,95.3850620124746,2.457
BIH,2019,6.7,80,79,80,6122.375413523533,546.4508667,1.509,87.5772018432617,96.1384735195781,NA,2.584
BIH,2020,6.6,78,70,78,6130.311879682659,594.8225708,1.515,87.7414093017578,96.1287930670731,NA,NA
BIH,2021,6.4,76,61,77,7295.34378682258,697.07427979,1.49,87.8970108032227,96.1188407812551,NA,NA
BIH,2022,6.2,75,58,75,7655.5942102438285,667.29681396,1.481,89.2550964355469,96.1086192936171,NA,NA
BIH,2023,6,73,55,87,8663.023264586292,772.88568115,1.486,90.4367218017578,96.0981021077665,NA,NA
BIH,2024,6.9,79,69,79,9358.78768951134,NA,1.492,NA,96.0873127231219,NA,NA
BLR,2000,12.8,99,98,99,1276.288034099996,57.02944183,1.317,NA,97.8523126087327,91.9136871793446,3.268
BLR,2001,11.8,99,99,99,1244.373185234307,73.3659668,1.286,NA,97.8488587505276,91.8950406947121,3.252
BLR,2002,10.9,99,99,99,1479.3806633717477,85.97066498,1.24,NA,97.8455566770834,91.8772136566358,3.275
BLR,2003,10.1,50,99,53,1819.5265311469911,108.51013947,1.232,NA,97.8422351567313,91.8592816297479,3.303
BLR,2004,9.4,99,99,99,2378.337004701288,140.99655151,1.233,NA,97.9212434834377,92.3080167229921,3.299
BLR,2005,8.7,99,99,98,3126.0717666524847,196.13806152,1.252,NA,98.0009256778293,92.7606037607482,3.326
BLR,2006,8,99,97,97,3848.2235030016295,221.70170593,1.335,NA,98.081163773337,93.2164038239813,3.393
BLR,2007,7.3,95,99,90,4735.481075560663,278.63424683,1.429,NA,98.1616148412989,93.6735706995362,3.55
BLR,2008,6.6,97,99,98,6376.175691620632,348.92633057,1.488,113.924789428711,98.2423602894853,94.1325479318341,3.578
BLR,2009,6.1,96,99,98,5352.488091906969,288.44775391,1.509,111.873641967773,98.3240931023965,94.5970585071849,3.713
BLR,2010,5.6,98,99,99,6034.67885177216,341.13800049,1.494,109.212499250285,98.4067317637628,95.0666547452999,3.511
BLR,2011,5.2,98,99,98,6527.659342878603,317.82492065,1.515,107.11359577607,98.4898792244549,95.5392069475239,3.794
BLR,2012,4.9,98,98,98,6953.215916831005,364.09957886,1.62,105.727632878972,98.5737838074881,96.0160380409651,3.885
BLR,2013,4.6,98,99,98,7998.0802045456,454.51959229,1.668,103.164486990226,98.658371398837,96.4967422557482,3.939
BLR,2014,4.3,97,99,97,8341.318092948832,448.27426147,1.696,102.551671847254,98.7435395155894,96.9807658359305,4.082
BLR,2015,4.1,99,99,99,5967.0559505877745,360.91937256,1.724,102.211121335612,98.8292261861592,97.4677528685491,4.255
BLR,2016,3.9,98,98,98,5039.775609494454,296.94720459,1.733,102.01233919664,98.9152496756769,97.9567271053164,4.372
BLR,2017,3.6,97,97,98,5785.544919351936,331.94082642,1.541,101.583542654067,99.0015077424337,98.4471393205969,4.427
BLR,2018,3.4,97,98,98,6360.037502312003,349.99176025,1.448,100.837960983045,99.0880364550957,98.9391988814901,4.486
BLR,2019,3.1,98,98,98,6837.773396456351,400.11621094,1.382,99.9048197524061,99.1750106647627,99.4338632205589,4.546
BLR,2020,2.9,97,97,97,6542.855799767677,420.43655396,1.369,99.9308910788603,99.2623480849323,99.5940049296976,4.605
BLR,2021,2.7,98,98,97,7489.718947138883,484.03930664,1.371,99.8514568766293,99.3932172039885,99.6591219571066,4.686
BLR,2022,2.6,98,98,98,7994.648060748886,529.01873779,1.326,97.7828329479802,99.8584120587223,99.6897638568081,4.669
BLR,2023,2.4,98,97,98,7896.753882955836,558.22644043,1.208,97.184372562362,99.8755846398108,99.7199437262096,4.717
BLR,2024,2.3,98,98,98,8317.6339991379209,NA,1.217,95.0767756373877,99.8924920429612,99.7473526999237,NA
BLZ,2000,24.5,91,96,91,4726.506754596157,139.00151062,3.633,69.6441192626953,89.4207966981103,83.9950793415802,1.042
BLZ,2001,23.6,96,94,96,4718.777151047391,163.11247253,3.526,71.5002288818359,89.6672176355809,83.9981236500007,NA
BLZ,2002,22.8,89,88,93,4858.860625993618,172.81750488,3.43,NA,89.9135823182955,84.0010582579802,NA
BLZ,2003,22.1,96,96,95,4959.740124346046,175.13619995,3.335,77.1278610229492,90.1598864955055,84.0038792244829,NA
BLZ,2004,21.5,97,97,97,5153.713082653632,176.26716614,3.252,79.1648864746094,90.4061362273858,84.0065922016108,NA
BLZ,2005,21,96,95,96,5270.4147913531215,181.24623108,3.173,76.4672164916992,90.6523242612086,83.9996958672325,NA
BLZ,2006,20.6,98,99,98,5524.7816783498565,196.13124084,3.021,77.7098617553711,90.8984562243048,83.9933189485274,NA
BLZ,2007,20.2,96,96,97,5762.210233029382,233.67915344,2.885,77.4540634155273,91.1445369343611,83.9874657603305,NA
BLZ,2008,19.7,94,96,94,5711.8145885970935,257.84707642,2.78,77.7610168457031,91.3905513616233,83.9821223616587,NA
BLZ,2009,19.3,97,97,98,5399.671000019193,243.3110199,2.659,77.4153671264648,91.6365142592411,83.977302195762,0.771
BLZ,2010,18.8,96,98,96,5461.4073599900075,244.02867126,2.552,78.3641404805915,91.8801627270239,83.972997548098,NA
BLZ,2011,18.3,95,98,95,5596.052221522894,252.81436157,2.531,78.6071233872433,92.1248741739695,83.9708984759609,NA
BLZ,2012,17.7,98,96,98,5732.665199423469,247.97563171,2.51,80.2218941529101,92.3707609731193,83.9714754365874,1.157
BLZ,2013,17,95,99,95,5957.349536190055,263.10794067,2.498,82.749944824542,92.6178797642057,83.9751251055118,NA
BLZ,2014,16.3,95,95,95,6128.12053089077,298.51965332,2.474,82.7300117898782,92.8662134129202,83.9821211094783,NA
BLZ,2015,15.6,94,96,94,6154.622642303688,286.78604126,2.433,82.8789389276581,93.1158763105632,83.9929567244339,NA
BLZ,2016,15,95,95,96,6140.867139194692,293.09829712,2.396,88.9483912761822,93.3669304730938,84.0080355199731,NA
BLZ,2017,14.4,88,90,88,6071.854518464531,280.71743774,2.368,87.3819122314453,93.6193465760244,84.027602259463,1.131
BLZ,2018,13.9,96,97,96,6011.990368885873,286.83633423,2.343,88.364140080516,93.8731706836075,84.0520275827063,1.086
BLZ,2019,13.5,98,96,98,6171.614497614228,298.14306641,2.142,88.4514778969396,94.1316195459167,84.0839153038299,NA
BLZ,2020,13.2,79,82,79,5238.540781756958,279.10131836,2.04,87.8505494505495,94.3918809907388,84.1193982319828,NA
BLZ,2021,13,83,79,83,6142.9893055703105,308.93920898,1.837,90.1186996190982,94.6148163127858,84.1586414948366,NA
BLZ,2022,12.8,84,81,84,7068.217280431452,298.01553345,1.949,89.0278593037432,94.7220374936113,84.2021316466722,NA
BLZ,2023,12.8,85,93,85,7424.758213210218,309.40835571,2.007,84.5732792044884,94.8298821080115,84.2497280854857,NA
BLZ,2024,12.7,88,84,88,7681.244005831128,NA,2.021,87.4232987312572,94.8473253067341,84.3017658171591,NA
BMU,2000,NA,NA,NA,NA,56542.9569455727,NA,1.738,NA,100,99.9791403999453,NA
BMU,2001,NA,NA,NA,NA,59490.24520342024,NA,1.861,90.8878479003906,100,99.9770577444815,NA
BMU,2002,NA,NA,NA,NA,63358.5658652763,NA,1.815,90.6635818481445,100,99.9749750890177,NA
BMU,2003,NA,NA,NA,NA,67106.80280832238,NA,1.79,92.7162399291992,100,99.972892433554,NA
BMU,2004,NA,NA,NA,NA,71692.15890016785,NA,1.76,95.5397262573242,100,99.9708097780902,NA
BMU,2005,NA,NA,NA,NA,77628.10352250801,NA,1.782,93.513313293457,100,99.9687271226264,NA
BMU,2006,NA,NA,NA,NA,97781.45589967216,NA,1.79,87.4717788696289,100,99.9666444671626,NA
BMU,2007,NA,NA,NA,NA,107395.65148389144,NA,1.934,NA,100,99.9645618116988,NA
BMU,2008,NA,NA,NA,NA,110268.56240126384,NA,1.86,NA,100,99.962479156235,NA
BMU,2009,NA,NA,NA,NA,104711.71242035711,NA,1.853,NA,100,99.9603965007712,NA
BMU,2010,NA,NA,NA,NA,104111.82424480189,NA,1.767,97.601318359375,100,99.9583138453074,NA
BMU,2011,NA,NA,NA,NA,99049.0169927667,NA,1.569,96.2374572753906,100,99.9562311898436,NA
BMU,2012,NA,NA,NA,NA,100213.49338528737,NA,1.528,94.1572113037109,100,99.9541485343798,NA
BMU,2013,NA,NA,NA,NA,101704.40746217009,NA,1.522,92.5261001586914,100,99.952065878916,NA
BMU,2014,NA,NA,NA,NA,100961.57660281131,NA,1.42,91.6382293701172,100,99.9499832234522,NA
BMU,2015,NA,NA,NA,NA,104855.3668221354,NA,1.44,92.7939910888672,100,99.9479005679884,NA
BMU,2016,NA,NA,NA,NA,108747.35614430488,NA,1.45,NA,100,99.9458179125246,NA
BMU,2017,NA,NA,NA,NA,112339.42558746735,NA,1.419,NA,100,99.9437352570609,NA
BMU,2018,NA,NA,NA,NA,113204.82210837994,NA,1.374,NA,100,99.9416526015971,NA
BMU,2019,NA,NA,NA,NA,115798.04077557832,NA,1.383,NA,100,99.9416526015971,NA
BMU,2020,NA,NA,NA,NA,106976.5462396322,NA,1.451,NA,100,99.9416526015971,NA
BMU,2021,NA,NA,NA,NA,112765.08167306028,NA,1.389,NA,100,99.9416526015971,NA
BMU,2022,NA,NA,NA,NA,121613.9399836291,NA,1.397,NA,100,99.9416526015971,NA
BMU,2023,NA,NA,NA,NA,132604.43908621595,NA,1.401,79.9730606079102,100,99.9416526015971,NA
BMU,2024,NA,NA,NA,NA,142855.37471378178,NA,1.405,NA,100,99.9416526015971,NA
BOL,2000,70.7,75,84,74,975.7770603587506,42.89028168,3.991,70.1280364990234,81.2238988047302,34.9158555656195,NA
BOL,2001,66.3,71,88,71,930.1682272143124,44.88241577,3.89,73.2119827270508,81.8386242036735,36.1069276710251,1.18
BOL,2002,62.1,77,91,76,888.2213289743515,43.49106216,3.802,78.0644607543945,82.4311855099011,37.2788771085079,NA
BOL,2003,58.2,88,96,82,893.0137602111491,46.41044998,3.721,80.8071975708008,83.0130635028599,38.442320447364,NA
BOL,2004,54.5,84,90,84,953.1918932462772,46.35359192,3.633,83.8102722167969,83.5879589258241,39.6007187610011,NA
BOL,2005,51,85,89,84,1020.1232620073686,51.76200867,3.558,85.2724075317383,84.1552356884604,40.7534588124944,NA
BOL,2006,47.7,83,88,82,1202.7115044632694,56.05701447,3.533,84.9520263671875,84.715963142208,41.9015542609366,NA
BOL,2007,44.7,84,86,85,1354.5490594992878,63.62155914,3.447,84.8977508544922,85.2691692733434,43.4810447232478,0.327
BOL,2008,41.8,88,92,87,1692.6724845587646,77.9777298,3.364,84.6359786987305,85.8158829165859,45.0792272443347,NA
BOL,2009,39.1,93,93,92,1731.181721122093,89.57923889,3.287,83.5469284057617,86.3551793920247,46.6950103282874,NA
BOL,2010,36.7,91,88,90,1929.783730771584,100.39356232,3.213,87.5005794020571,86.8874436823724,48.3285858519966,0.433
BOL,2011,34.4,95,96,95,2315.5212193060715,119.78379059,3.143,85.4463613535963,87.4130245086648,49.9801309822713,0.461
BOL,2012,32.3,93,92,93,2575.598570980836,135.32060242,3.076,86.9054153516049,87.931656511904,51.6491998600636,NA
BOL,2013,30.3,86,87,87,2870.0237700075613,159.99380493,3.01,88.5871712557106,88.4281721555752,53.3191514172046,NA
BOL,2014,28.4,85,89,84,3041.435031624083,179.3274231,2.947,89.1304081626405,88.9095566150389,54.9966309177459,NA
BOL,2015,26.7,89,95,88,2996.0128981134417,196.25799561,2.886,89.9740673277194,89.3856764745398,56.6920160774471,NA
BOL,2016,25,87,94,87,3035.8734773213155,207.4511261,2.829,89.7963617272291,89.856829031751,58.4055072099322,1.569
BOL,2017,23.4,84,83,83,4048.4011973983856,214.58572388,2.777,88.5199336270253,90.322518307567,60.1364043539165,1.016
BOL,2018,22,83,89,83,4206.855293666104,231.18806458,2.73,87.8603570044998,90.7842800477343,61.8863758501478,NA
BOL,2019,20.6,75,79,75,4203.15492855788,241.34619141,2.688,88.0304372690611,91.2290518215196,63.6552770936558,1.088
BOL,2020,19.3,68,74,68,3580.967617783027,248.69514465,2.651,88.4047972829548,91.6695086739786,65.4426819747995,0.961
BOL,2021,18.2,70,75,70,4010.7605368620434,276.20880127,2.618,90.1926069467688,92.1056066930792,67.2484529429256,1.284
BOL,2022,17.3,69,69,69,4219.461137424454,260.88070679,2.584,90.3370506966397,92.5375227246145,69.0727323107113,NA
BOL,2023,16.4,67,68,67,4274.70820547613,255.04104614,2.547,91.2883197233107,92.9647725892341,70.4335419312464,NA
BOL,2024,15.7,59,67,59,4421.166098899988,NA,2.523,90.2157592773438,93.3877494672031,71.5839204142996,NA
BRA,2000,34.4,98,99,99,3766.5478633983457,313.92590332,2.247,NA,93.5416689721765,73.3661541884085,NA
BRA,2001,32.2,98,99,99,3176.2897505252413,271.56121826,2.162,NA,93.871177189366,74.2359273551558,NA
BRA,2002,30.1,99,96,99,2855.9401713704933,248.37753296,2.081,NA,94.1864278135922,75.086752161079,NA
BRA,2003,28.2,99,97,99,3090.606890783902,253.08970642,2.006,NA,94.4949101012948,75.9322033943991,NA
BRA,2004,26.3,99,97,99,3663.8226249781137,297.68243408,1.973,NA,94.796510365405,76.7719281688316,NA
BRA,2005,24.6,99,98,99,4827.781658902905,387.93121338,1.942,NA,95.0913772217223,77.6060442876745,NA
BRA,2006,23.1,99,99,99,5934.1456185745365,489.53884888,1.896,NA,95.3798210203177,78.4350490232115,NA
BRA,2007,21.7,99,99,99,7409.690038228608,607.73022461,1.854,NA,95.6619556450111,79.2590292856141,NA
BRA,2008,20.5,99,99,99,8908.333384679483,713.67193604,1.815,NA,95.9378940948521,80.0780747503367,NA
BRA,2009,19.5,99,99,99,8678.658473065296,728.55639648,1.799,NA,96.2074114306889,80.8914821354002,NA
BRA,2010,18.6,99,99,99,11403.284003869394,906.0098877,1.786,NA,96.4709800912933,81.7001428038359,NA
BRA,2011,17.9,99,99,98,13396.626315804127,1043.3548584,1.777,NA,96.7300307300568,82.5075308980562,1.87
BRA,2012,17.2,95,99,96,12521.723845443394,968.7277832,1.766,97.6602020263672,96.9831894902775,83.3102185091362,NA
BRA,2013,16.7,97,98,96,12458.890339662465,993.79608154,1.761,106.981796264648,97.230310353602,84.1075664930758,1.906
BRA,2014,16.3,93,97,96,12274.994163021336,1030.66271973,1.775,105.905128479004,97.4719067025274,84.9007604089727,NA
BRA,2015,16,96,96,98,8936.195588944402,796.15252686,1.777,103.670433044434,97.7078492139171,85.6891694067484,NA
BRA,2016,16.8,89,95,72,8836.285460256942,810.20037842,1.727,104.728561401367,97.921760549945,86.4725409994878,NA
BRA,2017,15.4,83,87,84,10080.507872282147,954.75012207,1.74,104.489143371582,98.1978808317894,87.2513460581389,2.198
BRA,2018,15.2,87,92,85,9300.660729040035,880.28430176,1.744,106.413528442383,98.5580120515387,88.0250303307035,NA
BRA,2019,15,70,91,85,9029.83304401079,868.17248535,1.705,105.773582458496,98.773134154073,88.7943635272571,2.351
BRA,2020,14.9,77,79,74,7074.194074957075,680.76843262,1.653,106.353302001953,99.0720677672897,89.5591441286736,NA
BRA,2021,14.7,68,73,68,7972.536960806947,768.27075195,1.638,110.021629333496,99.4272648803619,90.3198016289812,2.191
BRA,2022,14.6,77,81,75,9281.332821368642,871.27526855,1.629,108.587013244629,99.6149419025106,91.0196550646128,NA
BRA,2023,14.4,90,87,85,10377.58977191948,1009.83563232,1.619,NA,99.8980595100623,91.7128476214348,2.357
BRA,2024,14.2,91,93,82,10310.548877816553,NA,1.614,105.251502990723,99.9999987323028,92.4012701604853,NA
BRB,2000,14.4,93,94,86,11674.673647176442,622.47875977,1.933,108.796867370605,98.0685680611877,89.6408774970221,1.393
BRB,2001,14.5,84,93,93,11639.516052205392,643.1159668,1.955,107.765472412109,98.1161361778788,90.0296586370686,1.601
BRB,2002,14.7,87,91,86,11760.452473613275,689.30773926,1.862,107.324180603027,98.1637042945698,90.4184397771151,NA
BRB,2003,14.8,89,90,90,12075.958702064896,808.06054688,1.856,107.501808166504,98.2112724112608,90.8072209171617,NA
BRB,2004,14.9,93,98,93,12886.366527246744,942.37701416,1.797,108.083801269531,98.2588405279519,91.1960020572082,NA
BRB,2005,14.8,92,93,91,14214.420221357172,963.07849121,1.738,107.802139282227,98.3064086446429,91.5847831972547,1.82
BRB,2006,14.7,84,92,85,15619.600595551145,1028.39282227,1.702,108.45157623291,98.3539767613339,91.9735643373012,NA
BRB,2007,14.5,93,75,93,17235.439643478516,1043.49401855,1.755,109.797866821289,98.4015448780249,92.3623454773478,NA
BRB,2008,14.3,85,94,85,17565.692997059192,1136.53637695,1.756,111.353240966797,98.449112994716,92.7511266173943,NA
BRB,2009,14.1,93,94,93,16294.909949183397,1163.96875,1.77,110.057472229004,98.496681111407,93.1399077574408,NA
BRB,2010,13.9,86,85,90,20610.51507213626,1114.3729248,1.785,106.974426269531,98.544249228098,93.5286888974873,NA
BRB,2011,13.7,91,93,91,20508.149881038174,1163.2668457,1.758,108.517181396484,98.5918173447891,93.9174700375338,NA
BRB,2012,13.5,87,90,88,20804.11500046942,1294.78674316,1.731,NA,98.6393854614801,94.3062511775803,NA
BRB,2013,13.3,91,87,91,20410.20654385681,1246.16491699,1.729,NA,98.6869535781711,94.6950323176268,NA
BRB,2014,13.1,94,95,95,20192.70840817969,1175.44348145,1.727,109.352897644043,98.7345216948622,95.0838134576733,NA
BRB,2015,12.8,97,96,97,20424.208753001894,1154.62719727,1.726,109.521759033203,98.7820898115532,95.4725945977198,NA
BRB,2016,12.4,97,92,97,20295.56720720463,1181.14257813,1.724,109.759788513184,98.8296579282442,95.8613757377664,NA
BRB,2017,12.1,90,92,91,20284.57620524608,1182.00366211,1.724,110.261192321777,98.8772260449352,96.2501568778129,2.541
BRB,2018,11.8,95,85,94,21381.242630320863,1169.35559082,1.72,108.398483276367,98.9247941616263,96.6389380178594,NA
BRB,2019,11.4,90,92,91,21912.15012428567,1168.11938477,1.715,106.941482543945,98.9723622783173,97.0277191579059,NA
BRB,2020,11.1,85,89,85,19194.491973673936,1234.30041504,1.708,105.184692382812,99.0199303950083,97.3312392700884,2.616
BRB,2021,10.7,82,77,84,21079.614527179096,1391.49853516,1.709,104.736427307129,99.0674985116994,97.3330327442074,2.871
BRB,2022,10.4,86,85,86,24387.038729376098,1302.0592041,1.712,106.201553344727,99.1150666283904,98.0924623115578,2.958
BRB,2023,10.1,85,89,85,25583.878782726963,1286.47680664,1.708,104.055282592773,99.1626347450814,98.0924623115578,NA
BRB,2024,9.8,94,88,94,26544.870728262063,NA,1.708,106.336565096953,99.1626347450814,98.0924623115578,NA
BRN,2000,10.3,99,99,99,20130.257234662356,519.05047607,2.398,87.9611587524414,99.5610226883862,72.7148465774726,1.029
BRN,2001,10,97,99,99,18287.827228191378,474.11706543,2.337,89.8383865356445,99.5835794186549,73.9314819787646,NA
BRN,2002,9.8,94,99,99,18621.292257752495,482.52624512,2.264,91.2054824829102,99.6061361489237,75.1481173800566,1.176
BRN,2003,9.7,92,98,99,20677.90011431882,545.55560303,2.185,92.2724304199219,99.6286928791924,76.3647527813482,NA
BRN,2004,9.6,92,99,92,24423.094699554786,630.73266602,2.104,94.7744827270508,99.6512496094612,77.5813881826402,1.312
BRN,2005,9.5,94,98,93,29386.27038228621,657.31945801,2.024,97.0742797851562,99.6738063397299,78.7980235839323,1.087
BRN,2006,9.5,97,97,94,34674.79952364521,664.74499512,1.969,100.890647888184,99.6963630699986,80.0146589852238,1.094
BRN,2007,9.6,99,97,95,36217.329070601496,710.42297363,1.933,101.234901428223,99.7189198002674,81.2312943865159,1.06
BRN,2008,9.6,98,99,97,42156.568583867185,792.01367188,1.918,101.119102478027,99.7414765305361,82.4479297878079,1.493
BRN,2009,9.7,99,99,99,30946.467377382753,739.28015137,1.921,102.777656555176,99.7640332608049,83.6645651890999,1.156
BRN,2010,9.9,95,94,99,34937.55553571547,795.97766113,1.937,103.281120300293,99.7865899910736,84.8812005903915,1.435
BRN,2011,10,97,91,96,46382.827425534895,864.63787842,1.957,103.50959777832,99.8091467213424,86.0978359916835,1.522
BRN,2012,10.2,95,95,92,46968.59711649224,869.36553955,1.973,107.718727111816,99.8317034516111,87.3144713929755,1.469
BRN,2013,10.4,99,96,99,44003.064427346115,835.32452393,1.978,105.909843444824,99.8542601818798,88.5311067942671,1.595
BRN,2014,10.6,99,97,99,41026.508424795655,785.41210938,1.969,98.996940612793,99.8768169121486,89.7477421955591,1.485
BRN,2015,10.7,99,96,99,30625.128774465637,731.04980469,1.947,95.8460998535156,99.8993736424173,90.9643775968511,1.75
BRN,2016,10.7,99,98,99,26663.29729506015,679.46929932,1.915,93.33837890625,99.9000219255643,92.1810129981427,NA
BRN,2017,10.7,99,97,99,28024.382458025215,636.22973633,1.881,91.7844619750977,99.9000444673207,93.3976483994347,1.578
BRN,2018,10.6,99,99,99,30988.119026722685,748.69073486,1.848,92.0042572021484,99.9000669989146,94.6142838007268,1.763
BRN,2019,10.5,99,97,99,30426.573065652785,678.81982422,1.819,91.2721405029297,99.9000895203528,95.8309192020188,NA
BRN,2020,10.4,99,99,99,26834.359223394295,658.38983154,1.796,89.4443214522913,100,97.0475546033103,NA
BRN,2021,10.3,99,99,99,31006.963628978527,665.87030029,1.778,NA,100,98.2641900046024,1.886
BRN,2022,10.2,99,97,99,36632.92809521554,648.55499268,1.764,NA,100,99.4808254058944,NA
BRN,2023,10.1,99,97,99,32890.54918120193,733.00543213,1.747,93.2725572697522,100,100,NA
BRN,2024,9.9,99,99,99,33153.47389135133,NA,1.731,NA,100,100,NA
BTN,2000,77.7,92,78,98,771.9249114106186,30.5911293,3.378,27.6800708770752,83.7501240711568,44.0519313998862,NA
BTN,2001,73.2,88,78,88,812.2382107720562,35.08880234,3.188,31.5314197540283,84.6535806640707,44.4113711801723,NA
BTN,2002,68.8,86,78,89,895.7994899309724,32.9380188,3.012,NA,85.6151812486618,46.6649669760176,NA
BTN,2003,64.6,95,88,96,1022.3824031101774,37.15467834,2.865,NA,86.5628618532112,48.8831966104405,NA
BTN,2004,60.6,89,87,90,1130.3593460679604,46.06135941,2.781,NA,87.4959833141751,51.0646518155056,0.181
BTN,2005,56.7,95,93,95,1299.9493857835896,46.79434204,2.726,42.8833503723145,88.4084271837874,53.1957068456674,NA
BTN,2006,52.9,95,90,96,1405.6071618158026,54.21236038,2.66,45.8921585083008,89.2613067874058,55.1902160222257,NA
BTN,2007,49.5,95,95,93,1850.4157043339765,64.72015381,2.589,50.2554206848145,90.1032675931057,57.1569433731048,0.212
BTN,2008,46.2,96,99,96,1919.5977489639497,57.59343338,2.481,54.2678604125977,90.9340269726951,59.0952861405735,0.249
BTN,2009,43.3,93,94,93,1918.3959921109315,59.74616623,2.364,61.660530090332,91.7530531120039,61.0391347142958,NA
BTN,2010,40.5,91,95,92,2435.579805667197,72.38789368,2.252,67.4368286132812,92.5602860254371,62.9550752421624,NA
BTN,2011,37.9,95,95,95,2787.979676085619,77.75431824,2.155,72.9664916992188,93.3554661162874,64.8429159627493,NA
BTN,2012,35.5,97,95,97,2751.212886429395,84.0940094,2.068,79.2052764892578,94.1374950272393,66.7004803420863,0.271
BTN,2013,33.2,97,94,97,2679.9521720153784,86.41462708,2,84.4945220947266,94.9064132984793,68.5280843950493,0.28
BTN,2014,31.2,99,97,98,2849.4999864730285,87.19132233,1.923,92.2578125,95.6623573310029,70.3262594115748,0.333
BTN,2015,29.2,99,97,98,2954.0408191109696,96.86671448,1.835,92.4895401000977,96.4055382033785,72.0956866215508,0.339
BTN,2016,27.4,98,97,97,3152.309051067865,97.42939758,1.738,93.3539505004883,97.1361403441531,73.8369686889029,0.4
BTN,2017,25.8,98,97,97,3435.2880473566224,103.63583374,1.621,93.6836013793945,97.8543901425613,75.5507698570494,0.31
BTN,2018,24.2,97,97,97,3400.204172453423,102.01222992,1.517,94.7654841059746,98.426622147403,77.2378421749847,0.421
BTN,2019,22.7,97,97,97,3576.8798710050314,115.71811676,1.448,97.6848520202403,98.9633804015347,78.8989372535781,0.336
BTN,2020,21.3,95,93,96,3191.6690699933065,134.13723755,1.502,97.5008417517849,99.0775205402574,80.5347803811223,0.486
BTN,2021,20,98,97,98,3570.612579808724,161.46617126,1.488,100.878047817838,99.1933487306505,82.1461906791953,0.561
BTN,2022,19,98,97,98,3711.327679815909,138.00679016,1.478,98.562791614893,99.3108092905856,83.7339782184806,0.553
BTN,2023,18,99,99,98,3831.325354946087,162.19680786,1.462,94.91450020137,99.4298614038042,85.2990010822165,NA
BTN,2024,17.2,98,97,99,NA,NA,1.449,94.0369291275477,99.5465791835972,86.8421082075035,NA
BWA,2000,79.8,97,91,97,3450.811806229918,206.93144226,3.294,77.4799728393555,75.45956642678,53.7395555164228,0.298
BWA,2001,79.3,97,91,97,3206.071236898528,203.01203918,3.248,76.1001892089844,75.7549489796856,54.7451404334018,0.298
BWA,2002,77.9,97,92,97,3117.250871830112,206.11392212,3.175,77.1014633178711,75.9139062526894,55.6040876882088,0.307
BWA,2003,76.7,96,92,96,4230.123269099257,269.58544922,3.106,77.884407043457,76.0519848505784,56.4322629301627,0.296
BWA,2004,75.7,96,93,96,4956.692877352137,297.2512207,3.063,79.5718383789062,76.1888838062927,57.2488048403831,0.396
BWA,2005,70.8,96,93,96,5391.070766196335,281.38796997,3.082,80.3644027709961,76.3234089658612,58.0524375220249,0.253
BWA,2006,66,96,94,96,5291.583791448487,258.01873779,3.114,83.5707702636719,77.3793746447191,58.8441205990319,0.315
BWA,2007,64.3,96,95,96,5529.125746325323,305.22042847,3.127,84.5229568481445,78.8176379061459,59.9949103231663,0.371
BWA,2008,63.7,96,95,96,5503.073953143129,324.54284668,3.131,81.0781402587891,80.2083565652811,61.1111581446206,0.367
BWA,2009,60.6,96,96,96,5082.933883324043,336.53146362,3.133,NA,81.548204891568,62.1889472021203,0.348
BWA,2010,58.4,95,96,96,6215.732160779186,389.55178833,3.135,NA,82.8396938380661,63.2298770256248,0.403
BWA,2011,58.8,95,97,96,7287.382953349189,427.70709229,3.103,NA,84.0822411614888,64.2325786938522,0.395
BWA,2012,53.9,95,97,96,6595.538450154237,418.82244873,3.07,NA,85.1198176551296,65.037275052661,0.388
BWA,2013,50.3,95,97,96,6666.912195834866,433.29150391,3.045,NA,86.1035328726968,65.7908304969597,NA
BWA,2014,49,95,97,96,7122.364234215034,418.82452393,3.027,NA,87.0620077919626,66.5214936855642,NA
BWA,2015,46.7,95,97,96,6141.203947266163,374.79058838,3.008,NA,87.9952713631677,67.2288878869323,NA
BWA,2016,45.1,95,97,96,6749.05994339013,389.3107605,2.99,NA,88.9036684785342,67.9129615984092,0.371
BWA,2017,42.1,95,97,96,7104.964010880272,471.05056763,2.969,NA,89.7870788598082,68.5731443566445,NA
BWA,2018,41.2,95,97,96,7407.95940141786,447.4473877,2.941,NA,90.6438201661521,69.2069921595304,0.402
BWA,2019,40,95,97,96,7172.089564800282,438.28546143,2.906,NA,91.4749479975469,69.8150599678289,0.395
BWA,2020,38.9,95,87,96,6323.2974967658965,386.28860474,2.861,NA,91.5461365187927,70.3974291175514,0.433
BWA,2021,37.1,95,97,96,7807.887945704713,492.14276123,2.827,74.0652465820312,91.6110310251098,70.9542350453954,0.422
BWA,2022,35.7,86,90,86,8328.7090572666,477.77633667,2.785,NA,91.6703014636918,71.4864919930582,0.407
BWA,2023,34.6,95,97,96,7826.353764832983,489.59677124,2.732,NA,91.7236550803662,71.9941392506475,0.379
BWA,2024,33.3,95,97,96,7695.75319445165,NA,2.703,NA,91.7713640807246,72.115456599001,NA
CAF,2000,165.5,37,36,38,239.1541337260706,9.9123354,5.851,NA,59.0104891106011,20.5939671158027,NA
CAF,2001,162.5,40,35,40,237.9517025447346,9.20995235,5.807,7.64059019088745,57.8285760231061,20.5472812527442,NA
CAF,2002,159,44,42,42,248.63929097840335,10.44132614,5.785,NA,56.6533336515989,20.5005930190466,NA
CAF,2003,155.6,47,49,44,278.403992150941,12.15000153,5.799,NA,55.4843767503789,20.4536055406808,NA
CAF,2004,151.8,51,55,45,303.461321152782,12.96809387,5.784,NA,54.321703276721,20.4063183359002,0.079
CAF,2005,147.9,54,62,47,311.95002313868673,13.93517494,5.812,NA,53.1725538897854,19.9721484876891,NA
CAF,2006,143.5,51,61,47,333.94251990303104,15.15495491,5.84,NA,52.0363869925111,19.5450443579564,NA
CAF,2007,139.3,48,59,46,380.8870488394754,18.24629021,5.867,NA,50.9129861465533,19.1248924348841,NA
CAF,2008,135.5,45,58,46,437.24827472489,18.02888489,5.902,NA,49.801462843986,18.7110288344225,0.0405
CAF,2009,489.3,42,56,45,456.47167389840394,21.37773895,5.936,8.72708988189697,48.7012778059616,18.3030854351949,0.045
CAF,2010,150.7,45,53,46,476.8737869507277,17.01008034,5.963,NA,47.6121825064348,17.9009516216973,NA
CAF,2011,125.1,47,49,47,534.0572814716355,19.62990761,6.009,11.4032897949219,46.5333196670966,17.5040118095515,NA
CAF,2012,121.9,47,48,47,544.3958491427853,21.33021736,6.047,10.7241497039795,45.4644259836138,17.1121597682915,NA
CAF,2013,134.2,23,25,23,364.3669626083801,17.36794472,6.075,NA,44.4049337595255,16.7250416550218,NA
CAF,2014,186.8,45,47,50,409.8504859646996,18.7120266,6.099,NA,43.3540006911393,16.3420825760043,NA
CAF,2015,113.7,43,46,51,366.3228539381206,18.44194221,6.126,NA,42.3113468572103,15.9631877672806,0.07
CAF,2016,126.8,42,45,52,387.17620344431776,21.07796097,6.126,11.0433397293091,41.2766435897443,15.5882414691861,NA
CAF,2017,155.2,42,41,48,432.3240256842626,28.81619644,6.127,12.7931003570557,40.2488145100733,15.2164870297134,NA
CAF,2018,120.2,40,39,45,455.2439628595339,51.3541069,6.108,NA,39.2275482962991,14.8478356260426,0.069
CAF,2019,254.7,38,37,43,449.2284676024388,35.76099014,6.09,NA,38.2122663974409,14.481982156805,NA
CAF,2020,124.2,37,36,40,462.87907129401145,42.63476563,6.059,NA,37.2024024961025,14.1186349646869,NA
CAF,2021,178.7,35,34,38,492.26314283050743,46.25038147,6.052,NA,36.1973817854423,13.7575074575386,0.022
CAF,2022,424.6,33,32,35,467.3598250262383,47.91523361,6.023,NA,36.2950440146654,13.8462941483121,0.029
CAF,2023,92.6,40,39,42,495.9788972887206,53.81136703,6.012,NA,36.3972597405494,13.939220081887,0.074
CAF,2024,89.7,42,41,48,516.1609999960363,NA,5.954,NA,36.5040268237207,14.0362838980325,NA
CAN,2000,6.2,89,96,88,24271.002056382134,1988.15942383,1.51,103.028327941895,99.5548066941218,99.8666796985606,NA
CAN,2001,6.2,89,95,88,23822.09621093203,2041.87512207,1.54,NA,99.5594403921651,99.8688346973746,1.8871
CAN,2002,6.2,88,95,88,24256.019233718485,2134.84960938,1.52,NA,99.5605310127561,99.869342983024,1.8969
CAN,2003,6.2,91,95,88,28301.864593742783,2534.86474609,1.55,NA,99.5616379756981,99.8698601366665,NA
CAN,2004,6.1,91,94,91,32145.541262021703,2896.19335938,1.56,NA,99.5627264648411,99.8703662409249,1.8971
CAN,2005,6.1,93,94,93,36383.66000680948,3268.46850586,1.58,99.006706237793,99.4969698010964,99.8639583203514,NA
CAN,2006,6,95,93,95,40504.03709778064,3758.35961914,1.63,99.2596435546875,99.4312610155848,99.8430162755526,1.9086
CAN,2007,6,94,94,99,44660.08388922812,4187.87255859,1.67,99.9474716186523,99.3664505915258,99.7607606816524,NA
CAN,2008,5.9,92,93,96,46710.25268644837,4454.11621094,1.7,100.854469299316,99.3013182064874,99.6782742849719,1.959
CAN,2009,5.8,91,91,93,40874.883193290254,4355.83056641,1.69,101.66227722168,99.235861272703,99.5955583039344,NA
CAN,2010,5.7,89,90,90,47560.66660094058,5060.88818359,1.65,101.41626739502,99.1700909228102,99.5126181540999,2.0384
CAN,2011,5.6,87,88,87,52223.85883985308,5399.98779297,1.63,102.087600708008,99.1038601959252,99.4293838454061,NA
CAN,2012,5.6,91,89,91,52670.34473354148,5518.5703125,1.63,111.17195892334,99.0365046606561,99.3455544247407,2.3962
CAN,2013,5.5,91,90,91,52638.11872352365,5460.03173828,1.61,111.877288818359,98.9690828452765,99.2616780948354,2.4509
CAN,2014,5.4,91,90,91,50960.843117466145,5209.93164063,1.61,112.173736572266,98.9015865745503,99.1777500183005,2.4961
CAN,2015,5.3,91,89,91,43594.194104539434,4658.83789063,1.6,112.104141235352,98.8340306892804,99.0937780508687,2.5388
CAN,2016,5.3,91,89,91,42314.06158172182,4647.14892578,1.59,111.972282409668,98.7664020547712,99.0097526693879,2.3105
CAN,2017,5.2,91,90,91,45129.62811662297,4894.7734375,1.55,112.20565032959,98.6987271756663,98.9256763278337,2.6102
CAN,2018,5.2,91,90,91,46539.17615704053,5052.90185547,1.51,112.037117004395,98.6309996680104,98.84154412867,2.411
CAN,2019,5.2,91,90,92,46352.869344521125,5098.88720703,1.47,111.364883422852,98.5631782582907,98.7573247700797,2.418
CAN,2020,5.2,92,90,92,43537.839298903986,5646.19433594,1.41,110.553207397461,98.4952442433058,98.6730086081464,2.415
CAN,2021,5.2,92,90,92,52886.66163727032,6511.46972656,1.44,109.483619689941,98.4271662446964,98.5885671606396,2.444
CAN,2022,5.3,92,92,92,56256.80072640145,6252.34033203,1.34,108.356742858887,98.35892858848,98.5883597851291,2.814
CAN,2023,5.4,92,92,92,54220.328503987526,6186.65234375,1.27,104.46174621582,98.2905039744417,98.5881318805776,2.819
CAN,2024,5.4,92,92,92,54340.34772247326,6377.96875,1.25,NA,98.2902608624259,98.5878834990178,NA
CEB,2000,12.318883414651376,NA,NA,NA,3959.624948966453,221.7521694417335,1.3177716237695636,92.1599731445312,NA,91.72307550069156,2.5700928239371588
CEB,2001,11.709139974095253,NA,NA,NA,4360.962635220902,252.15549633454464,1.2754714348285108,93.6195373535156,NA,88.35885930964335,NA
CEB,2002,11.307268543692429,NA,NA,NA,4941.342514076482,298.23143603493594,1.2533647469042013,95.179328918457,NA,88.66310271429494,NA
CEB,2003,10.99996076697078,NA,NA,NA,5948.849610485368,373.1911443197928,1.2510659253921457,96.3957214355469,NA,88.92997017650774,NA
CEB,2004,10.538767688216746,NA,NA,NA,7180.270370296584,446.9600804895369,1.2764470903796967,93.8796615600586,NA,89.1932364863796,NA
CEB,2005,10.02625330684358,NA,NA,NA,8352.507132082988,522.8012586597889,1.3126692421689652,94.5416717529297,98.26095384052012,89.46237367504571,NA
CEB,2006,9.380219295121483,NA,NA,NA,9466.685261621968,580.3377018885029,1.341989255712867,95.7903518676758,98.31379848696318,89.91115324551598,NA
CEB,2007,8.723517957078872,NA,NA,NA,11997.274382835858,729.697767570638,1.3812177153077063,95.3202819824219,98.3623259207682,90.38595621463432,NA
CEB,2008,8.205507394142126,NA,NA,NA,14573.689270779152,927.6774740226574,1.463503386002424,97.6833877563477,98.40950068832788,90.8648413939551,NA
CEB,2009,7.750346415714476,NA,NA,NA,12302.03915741038,842.5805082182175,1.4876130376320351,99.450798034668,98.47409907372084,91.31982166391792,NA
CEB,2010,7.33253040004125,NA,NA,NA,12635.75412098686,869.1719164759877,1.4618344812175663,99.8252182006836,98.34923155314758,91.76149193196406,2.738962398615296
CEB,2011,6.953847409813723,NA,NA,NA,13997.300077148786,920.709058276828,1.3933610504725022,99.7757720947266,98.22258011364222,92.20220052109642,NA
CEB,2012,6.623999988556313,NA,NA,NA,13104.066588243006,863.7558953691542,1.416013517241165,98.8466262817383,98.09327651369226,92.63221714583632,NA
CEB,2013,6.317386205899222,NA,NA,NA,13712.674403081131,911.4203380864744,1.392412772970501,103.632446289062,97.95864876421638,93.06386525796096,NA
CEB,2014,6.037690139159522,NA,NA,NA,14208.409078657452,932.8184687134404,1.4476872074213285,102.559707641602,97.83075434100594,93.4927942949864,NA
CEB,2015,5.804880752045494,NA,NA,NA,12596.886254746794,817.1421048562432,1.467835941710494,101.608428955078,97.66644947881696,93.95171525376736,NA
CEB,2016,5.53686433246911,NA,NA,NA,12874.69995616595,854.458742634355,1.5303457143616432,100.713256835938,97.50025718421227,94.41602480949774,NA
CEB,2017,5.27542081196346,NA,NA,NA,14339.82430593893,941.309979111415,1.591012932199323,100.939628601074,97.33091996848955,94.78004268729627,NA
CEB,2018,5.044378910135532,NA,NA,NA,16227.24847194895,1057.7859181411804,1.5838033847933226,100.836486816406,97.16075896370528,95.05054483968468,NA
CEB,2019,4.868019975316722,NA,NA,NA,16534.92648704071,1095.4614214138965,1.581126079430465,100.356903076172,96.99176725310645,95.2616627039685,NA
CEB,2020,4.732891412917114,NA,NA,NA,16581.352611502767,1187.604626144713,1.5693554563457857,102.413429260254,96.8396846494824,95.45290704508965,NA
CEB,2021,4.6754157737720075,NA,NA,NA,19223.92740306512,1412.782144535026,1.570011598529297,101.258842468262,96.68522635822586,95.6343078030199,NA
CEB,2022,4.693924319098005,NA,NA,NA,19530.155323217215,1374.1600690946043,1.4949103871239595,99.9802322387695,96.5077615448944,95.83850440511932,3.907951715402623
CEB,2023,4.752436945133471,NA,NA,NA,22690.373617421643,1626.967485300391,1.3966719113541777,99.3405303955078,96.33636444570864,96.04115370028887,NA
CEB,2024,4.7930421228267,NA,NA,NA,24604.806859560387,NA,1.3091254433819868,99.3405303955078,96.15178109253576,96.0479885305529,NA
CHE,2000,5.6,93,82,95,38865.02193968802,3550.12597656,1.5,91.4543914794922,100,99.8809744521453,3.51
CHE,2001,5.5,93,82,95,39638.79110618639,3751.75244141,1.38,92.095100402832,99.9999998783755,99.8809658313733,3.514
CHE,2002,5.4,93,82,95,42458.73846791871,4198.36376953,1.39,90.531982421875,100,99.8809871491783,3.561
CHE,2003,5.3,93,82,95,49335.7456291067,5005.11816406,1.39,90.4961929321289,100,99.8810032241511,3.658
CHE,2004,5.2,93,82,95,54659.45714882332,5593.4765625,1.42,90.2133483886719,100,99.8810219544494,3.696
CHE,2005,5.1,94,87,94,56242.89336456386,5661.17431641,1.42,91.0430221557617,99.9999983311842,99.8810375348048,3.74
CHE,2006,4.9,94,87,94,59011.03245920162,5657.28222656,1.44,91.4252090454102,100,99.8810597647058,3.79
CHE,2007,4.8,94,87,94,64989.15532560305,6124.81445313,1.46,92.7012786865234,99.9999997540921,99.8810759344812,3.788
CHE,2008,4.7,95,92,96,74175.19278985547,7075.70751953,1.48,93.4715118408203,99.9999971629862,99.8810918351395,3.82
CHE,2009,4.6,95,92,96,71568.31238856722,7263.62695313,1.5,94.0488586425781,100,99.8811142742757,3.836
CHE,2010,4.6,95,92,96,76531.37294076907,7645.25732422,1.52,95.2613372802734,99.9999991015242,99.8811300380304,3.808
CHE,2011,4.5,96,93,96,90476.7589651577,9139.43066406,1.52,95.6100234985352,99.9999978036397,99.884002235061,3.832
CHE,2012,4.4,96,93,96,85836.2076767359,8868.98144531,1.52,96.7207107543945,100,99.8868750975179,3.915
CHE,2013,4.4,96,93,96,87304.33058135571,9247.28417969,1.52,99.7940216064453,100,99.889735714421107,4.039
CHE,2014,4.3,96,94,96,88724.99094026383,9469.6640625,1.54,NA,99.9999983307103,99.8925900927449,4.125
CHE,2015,4.3,96,94,96,83806.44760038373,9200.10058594,1.54,102.201698303223,100,99.8954458615596,4.196
CHE,2016,4.2,96,94,96,82153.07454478886,9201.47460938,1.54,102.22403717041,99.9999985540874,99.8982917124867,4.25
CHE,2017,4.1,96,95,96,82254.37692697672,9354.22070313,1.52,102.139213562012,100,99.8998756361922,4.297
CHE,2018,4.1,96,95,96,85217.36915122741,9541.07421875,1.52,102.257682800293,99.999997064468,99.8998706855138,4.338
CHE,2019,4,96,95,96,84121.93103044144,9609.80273438,1.48,101.935157775879,99.9999991347299,99.8998728058584,4.349
CHE,2020,4,97,97,96,85897.7843338323,10294.578125,1.46,102.080001831055,100,99.8998740977632,4.388
CHE,2021,4,96,95,96,93664.77366961108,11197.76464844,1.52,101.687019348145,99.9999966128277,99.8998704339259,4.435
CHE,2022,3.9,96,96,96,94394.51068035244,10930.13964844,1.39,101.519386291504,100,99.8998753786739,4.477
CHE,2023,3.9,95,95,95,100623.54962729648,11783.66992188,1.33,101.31884765625,100,99.8998744202541,NA
CHE,2024,3.9,96,96,96,103998.18668560409,NA,1.29,100.214630126953,99.9999967819997,99.8998709349206,NA
CHI,2000,NA,NA,NA,NA,43479.19407676891,NA,1.49,NA,NA,NA,NA
CHI,2001,NA,NA,NA,NA,41873.74061461271,NA,1.48,NA,NA,NA,NA
CHI,2002,NA,NA,NA,NA,44459.73181889767,NA,1.47,NA,NA,NA,NA
CHI,2003,NA,NA,NA,NA,48570.77966321663,NA,1.51,NA,NA,NA,NA
CHI,2004,NA,NA,NA,NA,56259.53442263336,NA,1.5,NA,NA,NA,NA
CHI,2005,NA,NA,NA,NA,57647.11889080056,NA,1.46,NA,NA,NA,NA
CHI,2006,NA,NA,NA,NA,62745.10065935568,NA,1.47,NA,NA,NA,NA
CHI,2007,NA,NA,NA,NA,74139.97799443004,NA,1.53,NA,NA,NA,NA
CHI,2008,NA,NA,NA,NA,NA,NA,1.56,NA,NA,NA,NA
CHI,2009,NA,NA,NA,NA,57778.54070630521,NA,1.57,NA,NA,NA,NA
CHI,2010,NA,NA,NA,NA,56123.459796345145,NA,1.58,NA,NA,NA,NA
CHI,2011,NA,NA,NA,NA,60415.26320756576,NA,1.59,NA,NA,NA,NA
CHI,2012,NA,NA,NA,NA,58809.569894541266,NA,1.58,NA,NA,NA,NA
CHI,2013,NA,NA,NA,NA,59308.466658867386,NA,1.56,NA,NA,NA,NA
CHI,2014,NA,NA,NA,NA,64697.54850243251,NA,1.54,NA,NA,NA,NA
CHI,2015,NA,NA,NA,NA,61847.82122388566,NA,1.5,NA,NA,NA,NA
CHI,2016,NA,NA,NA,NA,55947.579811974014,NA,1.46,NA,NA,NA,NA
CHI,2017,NA,NA,NA,NA,55806.35542574283,NA,1.41,NA,NA,NA,NA
CHI,2018,NA,NA,NA,NA,60784.81253971616,NA,1.37,NA,NA,NA,NA
CHI,2019,NA,NA,NA,NA,60564.62939936814,NA,1.35,NA,NA,NA,NA
CHI,2020,NA,NA,NA,NA,56785.94020050392,NA,1.33,NA,NA,NA,NA
CHI,2021,NA,NA,NA,NA,66915.39639257225,NA,1.36,NA,NA,NA,NA
CHI,2022,NA,NA,NA,NA,67627.1417347907,NA,1.37,NA,NA,NA,NA
CHI,2023,NA,NA,NA,NA,74585.52240962943,NA,1.37,NA,NA,NA,NA
CHI,2024,NA,NA,NA,NA,NA,NA,1.37,NA,NA,NA,NA
CHL,2000,10.9,91,97,91,5052.992457663253,353.25033569,2.046,87.8805084228516,96.3391511046989,93.0315875725164,NA
CHL,2001,10.3,97,96,96,4563.595298668896,323.63336182,2.007,NA,96.5072402967363,93.4409142723436,NA
CHL,2002,9.8,97,95,97,4430.847411579841,319.53222656,1.934,90.2218780517578,96.6625859523194,93.8324984055007,0.882
CHL,2003,9.4,96,96,96,4773.401775207537,346.1635437,1.885,91.2260513305664,96.7800041993786,94.1786535457262,0.936
CHL,2004,9.2,93,94,94,6120.59152055344,422.96481323,1.844,91.6760330200195,96.8968896897354,94.5235711330979,0.974
CHL,2005,9.1,91,90,92,7480.3233099863555,495.56002808,1.825,92.6120986938477,97.0126905323196,94.8666435594801,0.97
CHL,2006,9,94,91,94,9318.656552961203,565.8493042,1.798,92.9499893188477,97.1279537978578,95.2084736344443,1.031
CHL,2007,8.9,96,92,95,10346.413818453251,643.05963135,1.826,92.7402114868164,97.2423387378927,95.5487017791555,1.028
CHL,2008,8.8,95,96,95,10683.218877251113,719.07501221,1.85,92.7565612792969,97.3561722018665,95.8876613172274,1.031
CHL,2009,8.8,94,93,94,10098.801716728622,730.63336182,1.855,91.1818389892578,97.4691378531682,96.2250417785822,1.022
CHL,2010,8.7,92,93,92,12632.870472419238,861.72436523,1.844,92.4085998535156,97.5812457914008,96.5608717645089,1.423
CHL,2011,8.6,94,91,93,14487.392783203197,984.4486084,1.823,92.4001922607422,97.6928032000078,96.895427820741,1.575
CHL,2012,8.4,90,90,90,15241.906998111876,1070.51293945,1.798,91.1228790283203,97.8035215361194,97.2284642217627,1.735
CHL,2013,8.3,91,90,90,15683.548636915511,1171.77038574,1.786,99.6723937988281,97.9135421057834,97.5601040614425,1.868
CHL,2014,8.1,95,97,95,14529.676720633584,1138.66113281,1.774,100.32071685791,98.0228724170245,97.8903546452322,2.016
CHL,2015,7.9,96,96,96,13433.920298703231,1122.13378906,1.737,101.253883361816,98.1315104153015,98.2192140338201,2.138
CHL,2016,7.7,95,93,95,13649.85204528032,1167.89306641,1.686,101.831230163574,98.240006839884,98.5469573760897,2.286
CHL,2017,7.6,93,93,93,14879.90862271865,1353.69274902,1.563,102.539222717285,98.3483784150021,98.8734482786872,2.43
CHL,2018,7.3,95,93,95,15659.480867562766,1430.70263672,1.543,103.21607208252,98.4565155199366,99.1482997350228,2.569
CHL,2019,7,96,95,96,14495.716721686991,1348.99401855,1.43,104.032539367676,98.5642151245882,99.2440906332437,2.627
CHL,2020,6.8,93,91,93,13114.815470545014,1270.97814941,1.307,103.239501953125,98.671391193466,99.3144814902357,2.798
CHL,2021,6.7,95,92,95,16206.832549342109,1576.69287109,1.176,106.125999450684,98.7780212070676,100,2.979
CHL,2022,6.8,96,94,96,15405.616577407298,1541.37927246,1.255,105.129852294922,98.8839274081625,99.9999982963226,3.178
CHL,2023,6.9,96,94,96,17067.036479915365,1736.52038574,1.167,104.630210876465,98.9890250912798,100,3.334
CHL,2024,6.8,95,93,95,16709.889397230672,1759.70605469,1.14,104.45320892334,99.0811612150969,99.9999955987514,NA
CHN,2000,36.6,85,84,86,969.1995136962868,42.80797577,1.628,NA,80.5934883327843,56.8201092570023,1.263
CHN,2001,34.1,86,85,86,1065.4059757451932,44.36042023,1.563,60.5879211425781,80.9279647085062,57.5684600392291,1.28
CHN,2002,31.4,86,85,86,1163.5595767342556,49.92394638,1.566,NA,81.8650671947267,59.7190918918749,1.137
CHN,2003,28.8,86,85,87,1306.9724540855702,56.54468155,1.57,62.8477210998535,82.7791612491228,61.8436136467816,1.185
CHN,2004,26.3,87,86,87,1530.927262157233,64.28150177,1.605,NA,83.6692871081214,63.9406214031558,1.215
CHN,2005,24,87,86,87,1777.644968284641,73.00266266,1.624,NA,84.5333851261105,66.007414871417,1.239
CHN,2006,21.9,93,93,94,2129.256969996132,82.48256683,1.644,74.5925979614258,85.3617795517819,68.0323487727096,1.273
CHN,2007,20.1,93,94,94,2734.727098776927,98.5569458,1.666,79.0239715576172,86.1591731490747,70.020980914326,1.294
CHN,2008,18.5,97,97,99,3523.44302065213,133.83999634,1.701,84.1128692626953,86.9310466925724,71.9796237589,1.343
CHN,2009,17.1,99,99,99,3898.2445915881062,164.87619019,1.714,90.3999099731445,87.6756600660426,73.906061649452,1.419
CHN,2010,15.7,99,99,99,4629.245517100773,188.87156677,1.687,91.5306159985424,88.3938119002149,75.8010481056182,1.46
CHN,2011,14.6,99,99,99,5703.760279733456,239.19824219,1.668,93.0778922934558,89.0737896182727,77.6512502388913,1.485
CHN,2012,13.5,99,99,99,6405.057424134903,284.69760132,1.798,93.6776786470658,89.7224776817502,79.464667537609,1.562
CHN,2013,12.5,99,99,99,7147.035186223441,329.08572388,1.714,NA,90.3447948783421,81.2468005281191,1.658
CHN,2014,11.6,99,99,99,7781.065974849738,362.28695679,1.769,NA,90.9415850511528,82.9984761523817,1.711
CHN,2015,10.7,99,99,99,8175.332850773929,393.09768677,1.67,NA,91.5125864728114,84.7193121416501,1.797
CHN,2016,10,99,99,99,8254.868593203568,398.17489624,1.772,NA,92.0580332231986,86.4094766918916,1.888
CHN,2017,9.3,99,99,99,8979.676527098563,439.94006348,1.795,NA,92.577308673558,88.0683084431652,2.003
CHN,2018,8.6,99,99,99,10085.663814881918,504.10980225,1.539,NA,93.068663255545,89.6942189460529,2.122
CHN,2019,8,99,99,99,10342.90095243346,538.99157715,1.496,NA,93.5326999183951,91.2881339239822,2.255
CHN,2020,7.5,99,99,99,10627.463798961868,582.95092773,1.236,NA,93.9705270769772,92.8514975328901,2.385
CHN,2021,7,99,99,99,12887.435724294062,670.25897217,1.117,NA,94.6329735273297,94.3857583646751,2.517
CHN,2022,6.6,99,99,99,12970.605641432652,755.43597412,1.034,NA,95.4385845932759,95.8923648413213,3.112
CHN,2023,6.1,96,95,97,12951.178239704272,763.37762451,0.999,NA,96.0883413082236,97.2411682339468,NA
CHN,2024,5.7,97,95,97,13303.148154386816,NA,1.013,NA,96.1224151867516,97.2718787578263,NA
CIV,2000,140.4,65,68,66,936.6365413487983,30.33073425,5.773,NA,68.7946138845833,20.0416175559052,NA
CIV,2001,136.9,66,71,70,924.7272949620664,30.58369255,5.704,NA,69.1799896467784,20.7171311612942,NA
CIV,2002,133.1,65,71,70,967.8158644159912,32.55319595,5.641,NA,69.5630827839749,21.3928455958678,NA
CIV,2003,129.2,62,70,68,1111.171350878869,43.81231308,5.572,NA,69.9435023946029,22.0684596804749,NA
CIV,2004,125.3,68,78,76,1199.8252452854629,47.04700851,5.527,NA,70.3215551742465,22.7442737383766,0.106
CIV,2005,121.2,77,84,87,1197.746169794149,46.69436264,5.499,NA,70.6961620276826,23.5549453716697,0.085
CIV,2006,117.4,77,73,76,1230.4305683858356,47.08904266,5.448,NA,71.0679891332651,24.3743169320385,NA
CIV,2007,113.5,76,67,75,1367.5381772232606,56.15083694,5.403,NA,71.4370073419778,25.2023258965762,NA
CIV,2008,109,74,63,58,1583.9706670137175,64.67678833,5.357,NA,71.8031717766337,26.0389018909406,0.128
CIV,2009,105.2,81,67,77,1540.45393569596,71.06480408,5.332,NA,72.1658002425728,26.8833706227341,NA
CIV,2010,101.6,78,64,75,1553.5488704814325,70.04605103,5.292,NA,72.5255308385242,27.736273942075,NA
CIV,2011,98.4,61,49,58,1596.6282656599792,67.97618103,5.244,NA,72.8823142494903,28.5975387967836,0.14
CIV,2012,95.3,82,74,83,1546.9460184731029,69.86203003,5.19,NA,73.2358134121721,29.4667970282772,NA
CIV,2013,92,75,70,74,1786.1586203132365,67.13149261,5.135,NA,73.5860051813631,30.3439798658214,NA
CIV,2014,88.6,73,59,71,1991.3653942340416,74.3581543,5.071,34.3625665088411,73.932866465233,31.2290182892459,0.214
CIV,2015,85.5,79,67,77,1814.7185508801672,58.43181992,4.97,37.982068610823,74.2789991723986,32.1245714539308,NA
CIV,2016,83,87,73,81,1862.5959708128676,61.85705566,4.873,40.5872787120579,74.623678155198,33.0299664803717,NA
CIV,2017,80.5,83,70,82,1964.299303383425,63.77943039,4.757,43.9337901584799,74.9670485097416,33.945429522791,NA
CIV,2018,77.9,83,74,83,2130.866193811438,65.87952423,4.596,46.3947128556196,75.3089683562102,34.8708875943719,0.351
CIV,2019,75.3,79,71,79,2141.7683617011467,68.30471039,4.523,49.4831223999723,75.6490184756229,35.8059580233634,0.149
CIV,2020,73,72,63,65,2179.7293483293465,78.97766876,4.461,51.9265625097734,75.9870680852305,36.7505613601134,0.153
CIV,2021,70.8,73,65,71,2455.9812764114818,92.39588928,4.411,54.4109890656109,76.3229847618577,37.704616869195,0.167
CIV,2022,68.7,73,62,71,2333.3712830125887,84.89915466,4.349,52.166846663702,76.6566348508061,38.6680398290793,0.162
CIV,2023,66.5,79,70,77,2591.965904811898,87.68105316,4.283,63.094766197367,76.9878854497263,39.6407426651959,0.166
CIV,2024,64.5,77,75,74,2727.8935220697044,NA,4.23,64.4785040152839,77.2470593822361,40.4070687976128,NA
CMR,2000,143.9,62,49,57,708.5657316259653,30.438097,5.514,NA,55.8213658801787,37.5661811000038,NA
CMR,2001,141,63,51,61,715.4702964705854,29.82297325,5.441,29.9767608642578,56.6676381767761,37.7799954148968,NA
CMR,2002,137.6,66,53,66,789.6238110725543,31.79577446,5.435,22.2719993591309,57.4955566062435,37.9947075137207,NA
CMR,2003,134.3,73,61,72,988.2412767918462,38.56394196,5.432,28.0853691101074,58.3047768722943,38.3633336781567,NA
CMR,2004,130.9,73,64,72,1133.3932674967289,42.25278473,5.436,24.1630897521973,59.0958722241739,38.736762781943,0.188
CMR,2005,127.6,80,68,79,1142.624662521058,43.10830688,5.421,24.6076393127441,59.8676453814021,39.1141100533379,0.061
CMR,2006,124.2,81,73,78,1191.4545899096834,44.52022934,5.369,21.4851398468018,60.6211512430006,39.4959944299355,NA
CMR,2007,120.8,82,74,81,1325.672482159333,50.30911255,5.343,29.0990791320801,61.3565272358718,39.8824343932762,0.073
CMR,2008,117.2,84,80,82,1492.142698014529,54.58909225,5.294,33.4918212890625,62.0739139861275,40.2734502147764,NA
CMR,2009,113.7,80,74,79,1461.3899923233655,51.14823914,5.236,37.8445510864258,62.7730584341751,40.6687438087427,0.07
CMR,2010,109.5,84,79,83,1398.5870202504714,50.03335571,5.154,NA,63.4545114882578,41.0686436848584,0.087
CMR,2011,105.2,81,76,80,1513.9605699487818,58.33031845,5.052,45.500515576506,64.1180510058743,41.47285114669,0.091
CMR,2012,100.8,79,74,78,1449.0987436227924,56.96441269,4.982,48.7718363160742,64.7638368158669,41.8813685431632,NA
CMR,2013,96.5,76,71,75,1575.9288211889684,57.22771454,4.905,50.4201711277728,65.3916897275554,42.2938755253473,NA
CMR,2014,92.4,76,71,76,1649.443390594896,71.61038208,4.844,54.1409312621764,66.0018143956848,42.7103744161323,NA
CMR,2015,88.5,76,71,75,1415.0000971056854,58.38298035,4.841,55.5473133749889,66.594406364624,43.1308620153925,NA
CMR,2016,85.1,78,72,77,1441.7201725688024,57.99372482,4.842,56.4790090222202,67.1696687119462,43.555339313602,NA
CMR,2017,81.9,74,67,73,1496.089517712422,56.7457695,4.804,NA,67.7271653530667,43.9831129823405,NA
CMR,2018,78.9,68,61,68,1610.6964159101708,58.32909393,4.74,NA,68.2677705308144,44.4148640176423,0.131
CMR,2019,76.6,67,61,68,1555.2266047647745,56.79493713,4.651,NA,68.7910816912942,44.8498829146317,NA
CMR,2020,74.4,68,63,68,1555.6037066074864,66.17185211,4.557,NA,69.29764588045,45.2885112207418,0.098
CMR,2021,71.9,71,65,71,1672.3265734087215,72.59731293,4.468,42.6115884063623,69.787122797367,45.7300133468788,0.126
CMR,2022,69.4,71,68,62,1604.8772695489472,72.12950897,4.397,43.2072311629303,70.2600597493354,46.1747220268822,0.136
CMR,2023,67,75,71,74,1720.4751015450624,79.09996796,4.322,42.4944197803389,70.7167101481695,46.6226225275107,NA
CMR,2024,64.8,77,71,76,1830.0083368472697,NA,4.261,NA,71.410178711283,47.0729484414837,NA
COD,2000,184.6,30,26,30,377.9254214813948,17.52071953,6.702,NA,37.5495370732434,23.7477310886232,NA
COD,2001,178.4,30,34,29,142.67814260441207,5.4341011,6.663,NA,37.5216314439844,23.2925757259411,NA
COD,2002,172.2,38,41,39,162.38052907429022,4.17578602,6.606,NA,37.4846118447221,22.8409794207926,NA
COD,2003,165.9,42,48,45,161.4915535243958,6.03257608,6.549,NA,37.4384405884601,22.3929738740922,NA
COD,2004,159.4,54,57,51,180.6647649636327,7.83304834,6.53,NA,37.3830762048941,21.9485957968142,0.107
COD,2005,124.4,61,61,59,214.5397404735186,8.55065727,6.526,NA,37.3204734649606,21.5079480867388,NA
COD,2006,118.9,62,63,62,255.44522956875124,10.37645721,6.547,NA,37.2515489023917,21.0891369417888,NA
COD,2007,113.8,65,64,64,294.1016151244193,11.5629034,6.559,23.2989292144775,37.1762282091892,20.6788073735842,NA
COD,2008,109.2,68,64,67,352.9003633719953,15.36659527,6.58,25.5026206970215,37.0934309203905,20.2769257473546,NA
COD,2009,105,71,65,69,280.1789910357925,12.75762081,6.591,26.7931995391846,37.0040705646358,19.8835866395137,0.088
COD,2010,101.4,60,66,68,352.4003987546921,12.1423111,6.587,26.997859954834,36.9070813122382,19.4987263873328,NA
COD,2011,98.3,70,66,65,372.5142738757892,11.89942932,6.582,28.7195892333984,36.8033581567191,19.1224518584775,NA
COD,2012,95.9,71,69,69,409.93142478378354,13.20595551,6.559,28.7509708404541,36.691850585446,18.754668067258,NA
COD,2013,94.1,71,68,71,460.37033493010705,15.37901688,6.527,29.3779392242432,36.5724802578576,18.3953621300218,0.085
COD,2014,92.7,73,69,72,489.17595209731945,18.22281265,6.483,31.4399604797363,36.4456556153398,18.044594889942,NA
COD,2015,91.9,70,65,69,495.8266330148833,18.57252884,6.437,32.7438697814941,36.3108122967194,17.7022823048892,NA
COD,2016,91.5,70,63,66,459.7650365903877,19.3114109,6.392,NA,36.1678765737664,17.3684018777428,NA
COD,2017,91.5,71,65,71,431.05255912878806,18.14648819,6.349,NA,36.016305001478,17.0428367247806,NA
COD,2018,91.7,71,64,72,518.1696268753709,17.29077148,6.302,NA,35.8564891827066,16.7256345274003,NA
COD,2019,92.2,73,65,74,504.00419142285995,19.20812035,6.253,NA,35.6878940308452,16.416662028181,0.162
COD,2020,92.7,70,62,72,486.4255726822558,20.5593071,6.206,NA,35.5104494105668,16.1158651582213,NA
COD,2021,92.9,65,55,65,595.743074403567,21.58848572,6.156,42.9527015686035,35.3236207810538,16.1461710925268,0.171
COD,2022,92.5,65,56,66,687.7385875546851,24.3800106,6.106,NA,35.1273466119185,16.1744730669276,0.208
COD,2023,91.3,60,52,61,660.2120523899703,23.43148804,6.051,NA,35.4034461859588,16.2386817602994,NA
COD,2024,89.7,65,55,65,649.3833385567245,NA,5.981,NA,35.6813611952254,16.3033122368932,NA
COG,2000,112.5,33,34,31,1024.3015910918073,17.35089302,4.724,NA,58.3988116212173,11.9201113215231,NA
COG,2001,109.3,31,35,32,854.5983144080948,20.303905489999998,4.67,NA,58.6923918261786,11.9684717452745,NA
COG,2002,104.6,41,37,41,905.5381355447043,16.99031258,4.697,31.5139694213867,59.1842225873936,12.2942562189499,NA
COG,2003,98.9,50,50,50,1016.8236341214334,21.51475716,4.696,30.9671497344971,59.6736944537537,12.623677389001,NA
COG,2004,92.3,67,65,67,1306.1013632459944,27.50056839,4.69,39.0756301879883,60.6181552928178,13.081524943127,0.212
COG,2005,85.7,63,54,62,1799.0515836615414,30.90304375,4.669,NA,61.5609564350404,13.5511098859657,NA
COG,2006,79.5,74,61,73,2103.5821381210976,35.94208145,4.651,NA,62.5017877997765,14.0325360521402,0.204
COG,2007,73.9,73,59,71,2206.4710186341385,41.96711731,4.649,NA,63.4409103501595,14.526041670099,0.101
COG,2008,69.2,80,69,77,2832.0917777764325,63.41820908,4.726,NA,64.3791200953514,15.0320398597223,NA
COG,2009,65.3,80,63,76,2271.1521917596647,48.65313721,4.808,NA,65.3159834381157,15.5506904084731,NA
COG,2010,62.4,76,75,72,2946.557980677078,54.56225586,4.851,NA,66.2515975807208,16.0823108780158,0.111
COG,2011,60,83,83,72,3396.16505817952,59.51348114,4.826,NA,67.1844431261946,16.6267539486772,0.114
COG,2012,57.9,85,80,68,3732.327373203891,71.2766571,4.785,46.8735198974609,68.1146295030684,17.1843319193312,NA
COG,2013,56.2,85,80,69,3697.417058842495,71.85824585,4.731,NA,69.0417229915666,17.7552084772419,NA
COG,2014,54.5,90,80,77,3601.236580871796,71.03118896,4.665,NA,69.9648050667042,18.3393600656814,NA
COG,2015,52.7,80,80,68,2439.351894036956,57.30290604,4.607,NA,70.8834804766701,18.9369281667441,NA
COG,2016,51,71,67,61,2093.107285588428,54.3000145,4.546,NA,71.7973477617,19.5480521293593,0.102
COG,2017,49.3,69,70,60,2211.633098747971,52.29982376,4.496,NA,72.7060273572944,20.1728789551264,NA
COG,2018,47.6,75,75,68,2694.4341319142677,47.310215,4.442,NA,72.9020532045187,20.2685707874205,0.099
COG,2019,52.2,79,73,73,2488.424667249158,58.42106628,4.38,NA,73.0980812765278,20.3642632516174,NA
COG,2020,44.5,73,68,69,1993.5866719310015,80.09735107,4.329,NA,73.2936799973637,20.4597460251332,NA
COG,2021,43,77,68,74,2516.1625514543157,78.60149384,4.28,NA,73.4884211673414,20.5548099594917,NA
COG,2022,41.5,78,65,52,2620.8380426740187,53.11892319,4.215,NA,NA,NA,0.173
COG,2023,40.3,78,65,52,2477.978455448662,75.55332184,4.157,NA,NA,NA,NA
COG,2024,39.1,78,72,76,2482.248994845599,NA,4.109,NA,NA,NA,NA
COL,2000,25,79,88,82,2555.0075103996796,134.71453857,2.574,79.0934371948242,90.9190300374548,75.4148773585247,1.264
COL,2001,24.2,80,93,83,2472.9908403583336,138.47569275,2.522,NA,91.2370228033185,76.3087852021203,1.29
COL,2002,23.5,81,93,83,2428.9296977158447,132.18363953,2.489,81.1554718017578,91.5497229084839,77.201981016796,1.321
COL,2003,22.7,92,93,92,2311.9421876029073,129.71965027,2.45,NA,91.857192440764,78.094433998105,1.352
COL,2004,22.1,89,92,89,2818.5719541304416,159.61109924,2.384,86.3882904052734,92.1592296058929,78.9859213001689,1.391
COL,2005,21.4,93,94,93,3456.066108745124,209.68319702,2.309,90.4880218505859,92.4559019256854,79.8764166229858,1.432
COL,2006,20.7,93,95,94,3789.8536121702714,240.10488892,2.241,94.4033432006836,92.7472892906741,80.7659057665672,1.469
COL,2007,20.1,94,95,93,4769.926147194003,309.61691284,2.195,97.2881469726562,93.0332113422634,81.654183644965,1.511
COL,2008,19.5,92,92,92,5541.836296658978,379.16812134,2.155,98.2433624267578,93.314014699102,82.5414361223495,1.563
COL,2009,18.8,92,95,92,5250.972924335177,383.91674805,2.096,102.675201416016,93.5897587496726,83.4276365451397,1.617
COL,2010,18.2,88,88,88,6398.295844710204,452.44281006,2.01,104.365089416504,93.860299409895,84.3126146543662,1.666
COL,2011,17.6,85,88,85,7400.994069566899,501.84420776,1.938,105.441833496094,94.125708214804,85.1963554743704,1.754
COL,2012,17.1,92,94,91,8108.598382442293,547.00732422,1.899,101.408042907715,94.3863166731145,86.0790424953877,1.814
COL,2013,16.5,91,92,91,8279.102556429807,580.96453857,1.86,102.072303771973,94.6419721075512,86.9605014574524,1.884
COL,2014,16,90,91,90,8187.208248900844,588.29449463,1.822,101.245910644531,94.8927542496252,87.8407302764007,1.96
COL,2015,15.5,91,94,91,6248.514905345122,470.099823,1.771,101.232261657715,95.1389846235131,88.7199118898909,2.022
COL,2016,15,91,93,91,5959.842503675744,448.84588623,1.719,101.674926757812,95.3807152978726,89.5980252896949,2.088
COL,2017,14.5,92,93,92,6479.532312924286,497.54016113,1.717,102.081871032715,95.6178346039203,90.4749374427322,2.163
COL,2018,14,92,95,92,6816.968183095439,526.11828613,1.715,102.91561126709,95.8504284105736,91.3506596764722,2.242
COL,2019,13.5,94,95,94,6472.545449247049,507.06231689,1.71,104.421806335449,96.0785830726848,92.2252062631808,2.317
COL,2020,13.1,88,90,88,5339.687113579434,464.41998291,1.694,103.599342346191,96.3025836876793,93.0987394041419,2.394
COL,2021,12.7,87,86,86,6222.621643976142,568.84130859,1.68,105.227256774902,96.5223081416627,93.9711220297613,2.467
COL,2022,12.3,87,88,86,6680.445068544809,507.07064819,1.663,103.587738037109,96.7380353192518,94.8425154559797,NA
COL,2023,11.9,90,93,90,7000.836605010462,571.15496826,1.645,NA,96.9496589659827,95.7128008202529,2.535
COL,2024,11.5,89,93,89,7919.2088682534495,644.30908203,1.634,NA,97.0965711084738,96.5820151977995,NA
COM,2000,79.9,70,70,70,633.3090327762441,47.59479904,5.227,NA,87.3387610880315,24.4251137817351,NA
COM,2001,76.8,70,70,70,681.1638576199628,45.34629059,5.195,NA,87.5288111586306,26.1545650647282,NA
COM,2002,73.8,89,71,98,764.6134983254302,51.12159729,5.155,31.1893806457519,87.4264757809148,27.7107884685143,NA
COM,2003,71,80,67,80,959.691049354812,63.91786194,5.115,34.5227088928223,87.322688934515,29.2480866735385,NA
COM,2004,68.3,76,76,73,1072.2840902962091,70.61806488,5.065,36.0644111633301,87.2174998697346,30.7668527595674,0.198
COM,2005,65.8,68,67,67,1105.7879686678848,67.80059814,5.012,NA,87.1113174713824,32.2696522597859,0.196
COM,2006,63.4,69,66,69,1138.4790840434505,65.72916412,4.934,NA,87.0042522799134,33.75605986205,NA
COM,2007,61.2,75,65,75,1289.7363105636107,69.87202454,4.859,NA,86.8964208746241,35.2256531986229,NA
COM,2008,59.2,81,76,81,1455.0276859558574,73.75498962,4.805,NA,86.7879033627296,36.6778613088967,NA
COM,2009,57.3,83,79,84,1410.3051695947322,69.4848938,4.778,NA,86.6788340551763,38.1124210259684,0.199
COM,2010,55.6,74,72,82,1386.574242845299,69.21523285,4.755,NA,86.5693640440455,39.5290364231299,NA
COM,2011,54,83,79,85,1531.4378937295123,81.19863892,4.722,NA,86.4595303039768,40.9270162396415,NA
COM,2012,52.5,86,85,85,1490.315113512812,77.10220337,4.652,NA,86.3494754574658,42.3060704892515,0.181
COM,2013,51.2,83,82,82,1603.327971073032,81.81765747,4.572,60.1044710048694,86.2393591823008,43.665877233981,NA
COM,2014,50,80,80,79,1615.717236620122,84.63935852,4.489,63.5484732484643,86.1291911979684,45.005792347169,NA
COM,2015,48.9,80,81,81,1329.3704823598596,61.16300201,4.42,NA,86.0191792490847,46.3255872493184,NA
COM,2016,47.9,75,77,75,1365.4840344449694,63.53099442,4.348,NA,85.9094298430236,47.6248040673008,0.291
COM,2017,46.9,79,75,79,1423.9248027796975,75.01337433,4.278,59.3382174230061,85.8000023194019,48.9029223957365,NA
COM,2018,45.8,77,74,77,1527.4052712528485,74.89152527,4.208,64.5565253389451,85.6910036830202,50.159514854681,0.285
COM,2019,44.8,78,76,71,1510.232181515922,78.23674774,4.138,NA,85.582654605357,51.3942491790653,NA
COM,2020,43.7,74,75,64,1519.3466555620607,89.67817688,4.071,NA,85.4750115485724,52.6066035113726,0.441
COM,2021,42.6,72,68,72,1554.9728919015288,100.50016785,3.999,NA,85.368182871054,53.7961210274577,NA
COM,2022,41.4,78,71,72,1465.479642861996,124.14363861,3.935,56.4125595092773,85.2623417962655,54.9623663372908,0.424
COM,2023,40.2,75,70,62,1560.2737847685466,102.23101807,3.878,NA,85.1575256557465,56.104836588019,NA
COM,2024,39,75,70,62,1662.7566331250366,NA,3.822,NA,85.0539278589302,57.2230888156822,NA
CPV,2000,36,90,86,90,1189.5147934589058,59.54011154,3.545,NA,79.3677594529209,36.827954010232,NA
CPV,2001,32.8,90,88,91,1223.3305533157543,63.55782318,3.366,66.4298477172852,79.6627777965322,39.1910554393962,NA
CPV,2002,30.5,91,89,92,1328.5787427066589,69.12203979,3.192,69.4299468994141,79.9527732071617,41.5375071985025,NA
CPV,2003,29,92,90,93,1717.9756536965494,84.6628952,3.033,72.023063659668,80.2372000142623,43.8664094982459,NA
CPV,2004,28.2,93,91,94,1929.490814687812,93.43228912,2.9,72.0146408081055,80.6602617486896,46.1784728572733,0.493
CPV,2005,28,95,93,95,2004.1468041756325,96.08917999,2.726,76.0318069458008,81.0817210123183,48.4726022548582,NA
CPV,2006,28,96,94,97,2256.9966619107527,113.13097382,2.555,89.9302597045898,81.5021226151102,50.7498010778296,NA
CPV,2007,28.1,98,96,98,3324.5767521249763,127.73626709,2.409,89.594841003418,81.920929167246,53.0093493269466,NA
CPV,2008,27.9,99,97,99,3908.648858225763,127.79390717,2.298,88.2079620361328,82.3386902741848,55.2521980462488,NA
CPV,2009,27.5,99,97,99,3659.720463616276,130.23704529,2.246,89.8743209838867,82.754314077093,57.4769284411617,0.136
CPV,2010,26.7,99,97,99,3579.46006137809,146.07247925,2.329,92.7251093032265,83.1663318440796,59.6818514080991,0.573
CPV,2011,25.6,90,96,90,4002.0138688878537,157.08999634,2.329,95.5805200729927,83.522244248535,61.8006547143134,0.571
CPV,2012,24.2,94,91,94,3736.8151701108713,174.66062927,2.153,99.621336354691607,83.8774934810221,63.9530735782999,0.508
CPV,2013,22.6,93,91,93,3960.975967913446,191.1048584,2.067,103.923782348633,84.2318960930689,66.0992428842147,0.601
CPV,2014,20.9,95,93,95,3985.607065481337,193.39482117,2.031,104.643058776855,84.5854646017969,68.2388818808702,0.461
CPV,2015,19.2,93,92,93,3415.0626673093116,150.28823853,1.968,105.428949752596,84.9382015962204,70.3717073692285,0.743
CPV,2016,17.6,96,93,95,3608.9660523490647,157.39906311,1.966,107.346835625835,85.581322426682,72.496932762021,0.731
CPV,2017,16.2,96,96,96,3893.095713825062,174.43547058,1.93,108.513703183866,86.333068742186,74.6142580571751,0.659
CPV,2018,15.1,98,99,98,4294.965100357294,205.5345459,1.804,104.00895690918,87.0755452684611,76.7237249815456,0.711
CPV,2019,14.1,96,98,97,4380.781173311284,211.24963379,1.698,103.593505622998,87.808568861158,78.8249549430518,0.743
CPV,2020,13.3,93,95,94,3539.226612482986,249.71989441,1.591,106.038487060385,88.5325658069206,80.9181460926349,0.725
CPV,2021,12.7,93,95,94,3971.4440920342254,262.42272949,1.554,104.706914193831,89.2475125078835,83.0030877232497,0.732
CPV,2022,12.1,93,95,94,4323.313620327087,297.08233643,1.533,103.582593697222,90.0089261333879,83.045304882988,0.718
CPV,2023,11.6,93,95,94,4794.901219172586,290.12619019,1.522,NA,91.14605423466,83.0869470550891,0.73
CPV,2024,11.1,93,95,94,5192.481573258781,NA,1.511,NA,92.2800892661912,83.1279216157097,NA
CRI,2000,13.1,88,82,80,3812.7538828492393,250.30950928,2.413,NA,94.6502911361544,93.6849644850518,1.322
CRI,2001,12.6,91,82,92,3985.129845062071,258.00057983,2.312,NA,95.06241560763,93.9239551778215,NA
CRI,2002,12.2,94,94,94,4067.718514290924,279.41705322,2.162,67.3832092285156,95.4574835012159,94.1561067618918,NA
CRI,2003,11.8,88,89,88,4173.148564155143,290.83309937,2.084,NA,95.8356618938296,94.3814516576699,NA
CRI,2004,11.5,90,88,90,4431.011720784304,293.77548218,2.028,79.4942398071289,96.1969667880475,94.5999033929198,NA
CRI,2005,11.3,91,89,91,4703.007217847779,313.48355103,2.038,80.8845825195312,96.5413161028421,94.8112740526154,NA
CRI,2006,11.2,89,90,89,5256.596408591589,364.52426147,1.937,88.0462265014648,96.8693455688098,95.0158919320253,2.053
CRI,2007,11.1,89,90,89,6137.711999255424,429.41894531,1.954,88.5167999267578,97.1812060474922,95.2137195498557,2.102
CRI,2008,10.9,90,89,89,6937.242615960555,518.1114502,1.98,90.038932800293,97.4773794147113,95.4049708043013,2.169
CRI,2009,10.7,86,81,80,6832.69829924138,537.06317139,1.953,96.3420486450195,97.7577854110193,95.6700736028265,2.228
CRI,2010,10.5,88,83,93,8265.788202755815,663.69165039,1.827,99.3017730712891,98.0009426570817,95.9272885931521,2.317
CRI,2011,10.2,85,83,82,9276.391075113472,753.42633057,1.877,101.516792297363,98.2283678408566,96.176583273924,2.384
CRI,2012,9.8,91,90,90,10126.999102417712,788.53100586,1.851,105.142471313477,98.4744866370989,96.4170699422162,2.471
CRI,2013,9.5,95,91,95,10803.240196217295,829.93658447,1.779,111.334037780762,98.7063924008677,96.6492260936329,2.556
CRI,2014,9.2,91,95,91,10911.497878334028,836.23120117,1.8,117.044647216797,98.925021084525,96.8735289807789,2.659
CRI,2015,9,92,93,92,11714.710598073205,889.3762207,1.797,117.688652038574,99.1313622232054,97.0905446199626,1.806
CRI,2016,8.9,97,93,97,12091.030160615412,884.73028564,1.746,120.720222473145,99.3263015038118,97.3007564187582,1.955
CRI,2017,8.9,96,96,96,12317.090277130375,867.76733398,1.714,125.053909301758,99.5106743044316,97.5045870013496,2.101
CRI,2018,9,94,94,94,12590.24937816141,917.31018066,1.706,129.916809082031,99.6853095331448,97.7025136559983,2.253
CRI,2019,9.1,95,95,96,12884.685995198872,930.43511963,1.6,137.081527709961,99.7975280834127,97.8949564570676,2.376
CRI,2020,9.3,97,95,97,12394.049396949187,969.89099121,1.448,137.818099975586,99.8105394546059,98.0823538854413,2.494
CRI,2021,9.6,93,89,92,12838.11853589308,977.14831543,1.353,146.792526245117,99.8118715066538,98.265064236441,2.564
CRI,2022,9.9,95,90,95,13625.900849132848,978.84155273,1.335,138.920425415039,99.8131236656386,98.4434940972081,2.687
CRI,2023,10.1,99,93,99,16942.026811937547,1163.30224609,1.33,130.602096557617,99.8143035929016,98.6179737414505,NA
CRI,2024,10.4,99,93,99,18587.15322034816,NA,1.318,126.321907043457,99.8154123406248,98.7888406524124,NA
CSS,2000,30.336554213522145,NA,NA,NA,6477.264821233952,290.57061875586203,2.351377804399359,84.1384582519531,NA,NA,0.8165908755534627
CSS,2001,29.612902440586765,NA,NA,NA,6647.625478490716,291.12371998972174,2.3106699790052527,85.4113006591797,92.4619030228357,82.13480979975374,NA
CSS,2002,28.914716991064264,NA,NA,NA,6903.074185761982,325.1984260090477,2.239824292649186,86.253303527832,92.67518935173852,82.5607161895709,NA
CSS,2003,28.216808167651795,NA,NA,NA,7551.08983381761,351.5130894875404,2.1852528394754045,85.5014877319336,92.90838340416896,82.97890115777072,NA
CSS,2004,27.642053115702705,NA,NA,NA,8233.610825438749,393.1246190701541,2.139705077240176,87.184928894043,93.14433686319748,83.40725045802839,NA
CSS,2005,27.125631576063125,NA,NA,NA,9439.337206449856,442.3475975295703,2.1284538139482594,87.0105285644531,94.63533036568175,87.24435305912546,NA
CSS,2006,26.66429783739392,NA,NA,NA,10883.047552074237,485.72985267802784,2.120134245792632,88.0535583496094,94.792466704154,87.56533217093055,NA
CSS,2007,26.20603224838349,NA,NA,NA,12134.906697874114,539.4397825317325,2.1187769469756437,89.0260162353516,94.9524353075298,87.88863167019241,NA
CSS,2008,25.7292304129259,NA,NA,NA,13890.130309420843,590.4201114781537,2.1148507133973657,90.3264465332031,95.11380522139488,88.21086693685213,NA
CSS,2009,25.26084051489037,NA,NA,NA,11554.058919475832,604.6435920483141,2.1082844701000307,90.5165176391602,95.27461381435278,88.52642669686631,NA
CSS,2010,24.87519090305445,NA,NA,NA,12711.087492862964,627.8078592981055,2.071737089763258,92.3794174194336,95.4808207106622,88.84498488369222,1.264903105616458
CSS,2011,24.46797830168996,NA,NA,NA,13526.946756199952,650.7231894625046,2.052888303722614,93.7695693969727,95.69029037864692,89.14774182032426,NA
CSS,2012,23.98739761080284,NA,NA,NA,14290.63493201025,680.8794287736389,2.047529116227275,92.6677703857422,95.89474111569788,89.44309160247354,NA
CSS,2013,23.545931743935498,NA,NA,NA,14577.168927244596,712.6072568389824,2.040209867525505,90.9500732421875,96.08382494975966,89.75542838935435,NA
CSS,2014,23.084774339180964,NA,NA,NA,14947.942696311587,730.3531083377388,2.025658755806178,91.1048202514648,96.2822300959083,90.0390168085027,NA
CSS,2015,22.59260854267821,NA,NA,NA,14497.539323601686,752.9047943947263,1.999183011322129,89.8365783691406,96.4771117148552,90.30021586218184,NA
CSS,2016,22.130981638820774,NA,NA,NA,13376.805775901224,747.2260861266808,1.9695623172878307,91.5283126831055,96.6668970026093,90.53888723914834,NA
CSS,2017,21.618688842568467,NA,NA,NA,13671.137763413171,788.5823093854355,1.937264196976598,90.4940338134766,96.85699507009842,90.7771375893304,NA
CSS,2018,21.09488565002775,NA,NA,NA,13896.74090409629,790.7480492536743,1.920452214481247,89.5968170166016,97.0592710435723,91.13267255704876,NA
CSS,2019,21.482570616553563,NA,NA,NA,13995.85483640742,820.2398122142786,1.8917930636499936,90.3829193115234,97.24342606766652,91.4114217974076,NA
CSS,2020,20.234078793008717,NA,NA,NA,11957.22322253705,796.1579800089922,1.8703615383850207,88.2120513916016,97.29924774156586,91.44619418043096,NA
CSS,2021,19.83000136204731,NA,NA,NA,13995.269492172782,851.9530106797473,1.8396718940956989,88.1179504394531,97.44987503328768,91.57155460463125,NA
CSS,2022,19.25190554091308,NA,NA,NA,17456.308484567646,915.9554487159083,1.8384852300809675,86.8843231201172,97.5801710088132,91.73897766224567,2.5250801321604337
CSS,2023,18.67342807530616,NA,NA,NA,17596.540424961247,915.8474071402976,1.8316800860028744,87.5298004150391,97.64656993274804,92.12605263891176,NA
CSS,2024,18.153685484859633,NA,NA,NA,19903.811231190768,NA,1.8297681396882597,87.1795120239258,97.69078445112169,92.11532995774722,NA
CUB,2000,8.6,95,94,98,2751.381771481403,181.09315491,1.608,84.1651306152344,91.7610721399503,81.3080697127974,5.941
CUB,2001,8.2,98,96,99,2842.9670431039403,198.49874878,1.595,86.8774185180664,91.9170181666427,81.5051365608873,5.952
CUB,2002,7.9,99,98,98,3005.2110424786833,213.81524658,1.645,88.5356063842773,92.0704754889772,81.700801188387,6.001
CUB,2003,7.6,72,99,98,3202.781098656367,227.49208069,1.627,91.2225875854492,92.2115760300604,81.8877194696665,6.068
CUB,2004,7.3,88,99,98,3399.219628934021,232.22746277,1.546,92.1042175292969,92.3412457236427,82.0663791534735,6.203
CUB,2005,7.1,89,98,99,3786.337992252912,331.50354004,1.486,93.3225631713867,92.4685863425789,82.6899916406474,6.268
CUB,2006,6.8,89,96,99,4329.982659643831,386.8258667,1.402,94.1421432495117,92.5950448888063,83.3149183953816,6.339
CUB,2007,6.6,93,97,99,4807.438889606839,569.43585205,1.436,93.2863693237305,92.7206267884333,83.9411498169061,6.416
CUB,2008,6.5,95,98,99,4986.12436479175,609.27282715,1.576,92.9718399047852,92.8453176917664,84.5686588894511,6.602
CUB,2009,6.3,96,99,99,5089.235197571668,675.53399658,1.678,91.8882904052734,92.9690063115847,85.1973567326843,6.63
CUB,2010,6.2,96,99,99,5272.2675582483525,608.5847168,1.673,91.8081243138248,93.0918301196751,85.8273291036307,6.772
CUB,2011,6.1,97,99,99,6104.461052361658,695.81542969,1.734,91.5008008947274,93.2137774983012,86.4585513716305,6.957
CUB,2012,6.1,99,99,98,6470.83673392653,601.74957275,1.668,90.8615314533005,93.3348598456684,87.0910198102198,7.26
CUB,2013,6,99,99,99,6828.364282453959,712.26629639,1.678,90.8856536605418,93.4501274945212,87.7216207113472,7.408
CUB,2014,6.1,99,99,99,7146.704590513279,867.69702148,1.655,96.875305891987,93.5636719296171,88.3531363979165,7.582
CUB,2015,6.1,99,99,99,7727.919972079983,991.08496094,1.685,97.5443944674153,93.6769409300078,88.9864920345571,7.803
CUB,2016,6.3,99,99,98,8110.558742836164,990.92346191,1.6,99.2363989742163,93.789720928695,89.6215521812865,8.003
CUB,2017,6.4,99,99,98,8610.608296054288,987.81030273,1.585,99.8315436409602,93.9033102492432,90.2590050806412,8.187
CUB,2018,6.6,99,99,99,8911.462059987256,981.90283203,1.607,100.943717956543,94.0175439331674,90.8986460916429,8.505
CUB,2019,6.9,99,99,99,9232.261159351829,1023.39715576,1.54,101.62084197998,94.1321684364764,91.5402228633008,8.677
CUB,2020,7.2,99,98,98,9605.27914559614,1199.35327148,1.489,102.091444168153,94.3125042863125,92.1835753798285,9.291
CUB,2021,7.5,99,99,98,NA,NA,1.427,99.8342771913984,94.7764082535519,92.8284902817438,9.542
CUB,2022,7.8,99,99,98,NA,NA,1.412,104.243159338676,94.9002231685934,93.4747105097717,NA
CUB,2023,8.2,99,99,99,NA,NA,1.439,96.3481332918381,95.0236345510277,94.1220801306732,NA
CUB,2024,8.6,99,99,99,NA,NA,1.445,92.6143549896492,95.1464064347704,94.7703506688301,NA
CUW,2000,NA,NA,NA,NA,15841.261235994916,NA,2.342,NA,98.700791720998,98.3110015914789,NA
CUW,2001,NA,NA,NA,NA,16609.84545364854,NA,2.405,NA,98.8021593568268,98.3770070202266,NA
CUW,2002,NA,NA,NA,NA,16723.692525346774,NA,2.3,NA,98.9035269926556,98.4430124489743,NA
CUW,2003,NA,NA,NA,NA,16695.735113775718,NA,2.191,NA,99.0048946284844,98.5090178777219,NA
CUW,2004,NA,NA,NA,NA,16671.340339165494,NA,2.099,NA,99.1062622643132,98.5750233064696,NA
CUW,2005,NA,NA,NA,NA,17032.33566207436,NA,2.037,NA,99.207629900142,98.6410287352173,NA
CUW,2006,NA,NA,NA,NA,17400.163778018647,NA,2.1,NA,99.3089975359708,98.707034163965,NA
CUW,2007,NA,NA,NA,NA,18005.716585077247,NA,2,NA,99.4103651717996,98.7730395927127,NA
CUW,2008,NA,NA,NA,NA,19423.335243017525,NA,2.2,NA,99.5117328076284,98.8390450214604,NA
CUW,2009,NA,NA,NA,NA,19540.24765793481,NA,2.1,NA,99.6131004434572,98.9050504502081,NA
CUW,2010,NA,NA,NA,NA,19847.23101279792,NA,2.2,NA,99.714468079286,98.9710558789558,NA
CUW,2011,NA,NA,NA,NA,19426.326400220172,NA,2.1,NA,99.8158357151148,99.0370613077035,NA
CUW,2012,NA,NA,NA,NA,19809.822317048216,NA,2.2,NA,99.9172033509436,99.1030667364512,NA
CUW,2013,NA,NA,NA,NA,19721.29218295503,NA,2.1,90.2323376007587,100,99.1690721651989,NA
CUW,2014,NA,NA,NA,NA,19623.030071366404,NA,2,NA,100,99.1690721651989,NA
CUW,2015,NA,NA,NA,NA,19361.812963022618,NA,1.9,NA,100,99.1690721651989,NA
CUW,2016,NA,NA,NA,NA,18944.09627728747,NA,1.7,NA,100,99.1690721651989,NA
CUW,2017,NA,NA,NA,NA,18938.244096518694,NA,1.5,NA,100,99.1690721651989,NA
CUW,2018,NA,NA,NA,NA,19119.124488702942,NA,1.7,NA,100,NA,NA
CUW,2019,NA,NA,NA,NA,19220.686579307476,NA,1.6,NA,100,NA,NA
CUW,2020,NA,NA,NA,NA,16299.813434990156,NA,1.4,139.717813051146,100,NA,NA
CUW,2021,NA,NA,NA,NA,17795.582661618202,NA,1.4,NA,100,NA,NA
CUW,2022,NA,NA,NA,NA,20057.140474717537,NA,1.4,NA,100,NA,NA
CUW,2023,NA,NA,NA,NA,21217.81103217848,NA,1.3,128.630460448642,100,NA,NA
CUW,2024,NA,NA,NA,NA,22832.895395866653,NA,1.4,94.2307662963867,100,NA,NA
CYM,2000,NA,NA,NA,NA,NA,NA,1.707,92.0926513671875,NA,NA,NA
CYM,2001,NA,NA,NA,NA,NA,NA,1.697,82.9303970336914,96.139263803681,83.9378304447852,NA
CYM,2002,NA,NA,NA,NA,NA,NA,1.681,81.3360900878906,96.139263803681,83.9378304447852,NA
CYM,2003,NA,NA,NA,NA,NA,NA,1.672,NA,96.139263803681,83.9378304447852,NA
CYM,2004,NA,NA,NA,NA,NA,NA,1.671,88.0128173828125,96.139263803681,83.9378304447852,NA
CYM,2005,NA,NA,NA,NA,NA,NA,1.665,83.8930282592773,96.139263803681,83.9378304447852,NA
CYM,2006,NA,NA,NA,NA,87085.09458661405,NA,1.665,85.9129409790039,96.1015337423313,83.8037938650307,NA
CYM,2007,NA,NA,NA,NA,89888.26112648527,NA,1.681,89.0017929077148,96.0638036809816,83.669757285276,NA
CYM,2008,NA,NA,NA,NA,89655.11855745212,NA,1.703,99.2827301025391,96.0260736196319,83.5357207055214,NA
CYM,2009,NA,NA,NA,NA,81373.5721242232,NA,1.723,NA,95.9883435582822,83.518925,NA
CYM,2010,NA,NA,NA,NA,76837.671006444245,NA,1.694,NA,95.9506134969325,83.5017524539877,NA
CYM,2011,NA,NA,NA,NA,75280.96176999864,NA,1.637,93.3884297520661,95.9128834355828,83.4842030674846,NA
CYM,2012,NA,NA,NA,NA,75101.59068832321,NA,1.531,91.0924369747899,95.8751533742332,83.4662768404908,NA
CYM,2013,NA,NA,NA,NA,75113.73422828132,NA,1.445,91.1194833153929,95.8374233128834,83.4479737730061,NA
CYM,2014,NA,NA,NA,NA,75845.30555725773,NA,1.334,NA,95.7996932515338,83.4292938650307,NA
CYM,2015,NA,NA,NA,NA,76379.20987779871,NA,1.269,NA,95.7619631901841,83.4102371165644,NA
CYM,2016,NA,NA,NA,NA,77802.25356580228,NA,1.231,NA,95.7242331288344,83.3908035276073,NA
CYM,2017,NA,NA,NA,NA,80053.94426570315,NA,1.222,NA,95.6865030674847,83.3709930981595,NA
CYM,2018,NA,NA,NA,NA,83865.55403933558,NA,1.277,87.5760649087221,95.648773006135,83.3508058282208,NA
CYM,2019,NA,NA,NA,NA,88254.29024868665,NA,1.508,85.8134918212891,95.6110429447853,83.3302417177914,NA
CYM,2020,NA,NA,NA,NA,82338.79774390228,NA,1.554,84.5747222900391,95.5733128834356,83.3093007668711,NA
CYM,2021,NA,NA,NA,NA,86449.67490373024,NA,1.551,84.5653184565318,95.5355828220859,83.2879829754601,NA
CYM,2022,NA,NA,NA,NA,93030.70514478032,NA,1.541,84.132682800293,95.4978527607362,83.2662883435582,NA
CYM,2023,NA,NA,NA,NA,99143.5180243123,NA,1.531,86.5183246073298,95.4601226993865,83.2442168711656,NA
CYM,2024,NA,NA,NA,NA,NA,NA,1.525,84.3549078439777,95.4601226993865,83.2442168711656,NA
CYP,2000,6.6,97,86,97,14388.3525390625,750.51672363,1.638,NA,99.8808389848329,99.6199406645238,1.899
CYP,2001,6.2,97,86,97,14821.44921875,782.16162109,1.566,93.900146484375,99.8807090471894,99.6200247256728,1.908
CYP,2002,5.8,98,86,98,16093.2158203125,890.48297119,1.497,97.9807815551758,99.8807921007244,99.6199751312853,1.87
CYP,2003,5.4,98,86,98,20252.24609375,1145.05847168,1.505,98.4973907470703,99.8771500644463,99.6136877795187,1.851
CYP,2004,5.1,98,86,98,23792.619140625,1286.97155762,1.512,97.8886032104492,99.8735238773651,99.6072927397661,1.898
CYP,2005,4.7,98,86,98,24959.26171875,1366.01708984,1.479,95.3425979614258,99.8665320571823,99.6007951565338,1.881
CYP,2006,4.4,97,87,97,26729.28125,1474.02062988,1.509,94.5044784545898,99.8586266149932,99.5942003777619,1.822
CYP,2007,4.1,97,87,97,31244.87890625,1694.27185059,1.449,94.3996505737305,99.8506916800731,99.5874947603584,1.974
CYP,2008,3.8,97,87,97,35397.296875,2155.24658203,1.479,93.5492401123047,99.8427359254953,99.5806869469341,2.007
CYP,2009,3.5,99,87,99,32236.44921875,2105.4777832,1.475,92.990852355957,99.8347516446659,99.57376515883,2.046
CYP,2010,3.2,99,87,99,31105.02734375,2045.2923584,1.434,91.9940032958984,99.8267504796292,99.5667445489434,2.127
CYP,2011,3,99,87,99,32485.798828125,2114.66894531,1.36,93.5325469970703,99.8187291029918,99.5596171415889,2.206
CYP,2012,2.8,99,86,99,28991.935546875,1899.37255859,1.382,96.1862869262695,99.8106809810866,99.5523804913216,2.236
CYP,2013,2.7,99,86,99,27764.73046875,1923.03869629,1.304,98.834846496582,99.8025995652533,99.5451371787791,2.326
CYP,2014,2.6,99,86,99,26993.103515625,1869.46398926,1.312,98.3846588134766,99.7944906652545,99.5378944664201,2.396
CYP,2015,2.5,97,90,97,23088.44140625,1570.54638672,1.323,99.2361526489258,99.7863671756961,99.5306978983581,2.498
CYP,2016,2.5,97,90,97,24280.056640625,1619.91918945,1.357,99.3960037231445,99.7782153871909,99.5235457103291,2.594
CYP,2017,2.6,97,90,97,26247.44921875,1742.67626953,1.323,99.9665832519531,99.7700560798569,99.5164756897262,2.651
CYP,2018,2.7,99,90,97,29120.375,1987.69470215,1.319,99.575309753418,99.7618820715217,99.5094911557165,2.789
CYP,2019,3,96,86,96,29227.173828125,2059.45019531,1.33,101.438819885254,99.7537103444436,99.5026390696851,2.928
CYP,2020,3.3,96,86,96,28130.341796875,2443.37207031,1.361,102.048797607422,99.7455373868703,99.4959339092573,3.197
CYP,2021,3.7,96,86,96,32937.83984375,2947.81494141,1.392,102.309028625488,99.737372137771,99.4893875128893,3.355
CYP,2022,4.1,96,84,96,33231.04296875,2748.6159668,1.393,103.748672485352,99.7292193859115,99.4830286709908,3.556
CYP,2023,4.6,95,82,95,36623.69140625,2899.36499023,1.389,105.460327148438,99.7210789435355,99.4768823557025,NA
CYP,2024,5,94,99,94,38674.29296875,NA,1.38,106.717170715332,99.7211088299984,99.477676242612,NA
CZE,2000,5.5,98,97,98,6062.9215284279335,342.92108154,1.15,NA,97.972246151234,99.0199352987206,3.38
CZE,2001,5.2,98,97,97,6669.0749484749695,388.54403687,1.15,96.0028305053711,97.9706166565361,99.0183220788767,3.442
CZE,2002,5,98,98,97,8101.260185881106,497.74203491,1.17,96.5834121704102,98.0088325485114,99.0224988407021,3.491
CZE,2003,4.8,97,97,97,9852.456779458013,640.66040039,1.18,97.2614288330078,98.0470367968107,99.0268406201915,3.509
CZE,2004,4.6,98,97,96,11782.554667611654,746.32891846,1.23,96.1095199584961,98.085247563922,99.0313656821167,3.499
CZE,2005,4.4,97,97,96,13442.49162843091,852.65246582,1.29,96.7818069458008,98.1234653444269,99.0360747100717,3.539
CZE,2006,4.1,98,97,98,15259.078816200416,942.11804199,1.34,98.0861129760742,98.1616913225965,99.0409691577394,3.551
CZE,2007,3.9,99,98,99,18452.65328121963,1110.17663574,1.45,98.2276916503906,98.1999097628059,99.0460417932649,3.561
CZE,2008,3.7,99,97,99,22774.70450762051,1449.33679199,1.51,98.6582107543945,98.2381464447503,99.0513031802799,3.558
CZE,2009,3.5,99,98,99,19817.42158365543,1442.24279785,1.51,98.4950180053711,98.2763785982176,99.0567489826448,3.584
CZE,2010,3.4,99,98,99,20160.435507705897,1509.44726563,1.51,99.010498046875,98.314633387884,99.0623856130317,3.599
CZE,2011,3.3,99,98,99,22049.10807886823,1649.15905762,1.43,99.5668029785156,98.352878485221,99.0682046251775,3.637
CZE,2012,3.2,99,98,99,20014.035401516467,1509.77526855,1.45,99.93798828125,98.3922881866856,99.0741157391505,3.676
CZE,2013,3.1,98,99,99,20260.49549993748,1508.79907227,1.46,107.348907470703,98.533960928643907,99.0797791585542,3.689
CZE,2014,3.1,97,99,99,20038.41631802569,1512.59326172,1.53,106.452461242676,98.7302061350028,99.0755485007891,3.9345
CZE,2015,3.2,97,99,97,17931.59876707676,1308.8013916,1.57,105.372566223145,98.7304761661286,99.0751703935412,3.9516
CZE,2016,3.2,96,98,96,18753.96867180957,1374.9005127,1.63,103.56421661377,98.7307511669182,99.0747972565215,4.0194
CZE,2017,3.2,96,97,94,20913.197632212043,1516.75012207,1.69,102.751281738281,98.7310570576695,99.0743713886289,4.0676
CZE,2018,3.1,97,96,96,23705.932981129885,1750.81188965,1.71,102.012992858887,98.7313948988611,99.073893834029,4.069
CZE,2019,3,97,92,97,24062.719001334302,1805.44030762,1.71,100.916809082031,98.731767831264,99.0733677168251,4.112
CZE,2020,2.9,97,94,96,23472.891545441667,2106.28027344,1.74,99.9065322875977,98.7321788477487,99.0728030542538,4.153
CZE,2021,2.8,94,97,94,27696.461952754424,2538.03344727,1.83,102.618659973145,98.7326235754859,99.0721814938167,4.246
CZE,2022,2.7,94,97,94,28282.22367158567,2431.08496094,1.64,103.715873718262,98.7330958150591,99.0715177493914,4.352
CZE,2023,2.6,90,87,90,31761.594410249065,2671.08398438,1.46,98.0195083618164,98.7336065681001,99.0708089030162,NA
CZE,2024,2.6,86,89,86,31823.307829056383,2692.76416016,1.36,NA,98.7341483522106,99.0700543925256,NA
DEU,2000,5.4,90,92,94,23925.85599019911,2336.36230469,1.38,NA,100,99.21811250617,3.263
DEU,2001,5.2,93,94,96,23878.364147165095,2338.12231445,1.35,98.947509765625,99.9999997139462,99.2187285711442,3.31
DEU,2002,5.1,93,94,97,25486.59420087475,2557.53564453,1.34,100.203979492188,99.9999978295524,99.2193421952122,3.338
DEU,2003,5,97,95,96,30711.102251133085,3139.36328125,1.34,100.351638793945,99.9999979068126,99.2199547418402,3.369
DEU,2004,4.9,96,96,96,34566.73591437353,3447.26977539,1.36,100.461128234863,99.9999988199317,99.2205650986776,3.392
DEU,2005,4.7,96,96,95,35084.43635462689,3544.56616211,1.34,100.427360534668,100,99.2211744184797,3.413
DEU,2006,4.6,96,96,94,36980.33499489538,3681.3659668,1.33,101.229377746582,99.9999996366367,99.2217727206521,3.465
DEU,2007,4.5,96,97,95,42350.92172114887,4162.6875,1.37,100.871421813965,99.9999987891849,99.2223722833519,3.528
DEU,2008,4.4,96,97,95,46379.164795347875,4647.31005859,1.38,101.961143493652,100,99.2229706553604,3.584
DEU,2009,4.3,96,97,95,42471.88686252258,4655.171875,1.36,100.680168151855,100,99.2235594374559,3.662
DEU,2010,4.2,96,97,94,42396.96659762935,4592.07128906,1.39,102.300201416016,99.9999997873648,99.2241473116782,3.757
DEU,2011,4.1,95,97,94,47630.976188357236,5016.23583984,1.39,102.559692382812,100,99.2247340689137,3.849
DEU,2012,4,95,97,94,44718.01592140687,4744.87011719,1.41,101.587738037109,99.9999983586453,99.2247613890783,3.922
DEU,2013,4,93,97,93,47206.83535142419,5080.62402344,1.42,101.26392364502,100,99.2247932083091,4.015
DEU,2014,4,93,97,93,48959.59912031329,5287.34423828,1.47,100.556137084961,100,99.2248234415877,4.088
DEU,2015,3.9,93,97,92,41929.75491107217,4605.59033203,1.5,99.435302734375,100,99.2248544718085,4.12
DEU,2016,3.9,91,97,91,42948.938193269365,4723.32421875,1.6,98.584228515625,99.9999994713636,99.224925403148,4.166
DEU,2017,3.8,91,97,91,45553.93414953386,5039.35302734,1.57,98.1771011352539,100,99.2250385348841,4.226
DEU,2018,3.8,91,97,91,48916.16866121543,5473.55712891,1.57,97.601936340332,100,99.2251947749957,4.287
DEU,2019,3.7,91,97,91,47656.199739747026,5447.31787109,1.54,97.6850433349609,99.9999994577197,99.2253839958428,4.373
DEU,2020,3.7,91,97,91,47394.87345044692,5906.80615234,1.53,97.8931121826172,99.9999988416059,99.2256156866511,4.443
DEU,2021,3.7,92,98,92,52349.24599944222,6653.58349609,1.58,98.0514907836914,99.9999988425523,99.2258902349631,4.503
DEU,2022,3.7,89,96,88,50506.51796385433,6226.14208984,1.455,97.7000427246094,99.9999971569363,99.2262023543276,4.534
DEU,2023,3.7,89,96,88,54776.76682354909,6394.62255859,1.39,97.6778869628906,99.9999970615884,99.2265552501835,NA
DEU,2024,3.7,89,96,88,56103.73231825545,6849.26367188,1.36,97.7090530395508,100,99.2269528917777,NA
DJI,2000,98.5,46,50,46,737.6121836440517,35.48954773,4.601,NA,74.3096347205208,43.8005585471414,NA
DJI,2001,96.3,53,49,49,742.1337911070628,33.61427689,4.518,NA,74.527572653683,43.8212949493816,NA
DJI,2002,94,62,62,62,743.0132704203476,39.49966431,4.41,NA,74.7450869974976,43.8420347636871,NA
DJI,2003,91.6,68,66,68,764.634465224597,46.27521896,4.296,NA,74.96217201496,43.8627723780355,NA
DJI,2004,89.3,64,60,64,806.2616529449637,40.04951477,4.162,NA,75.1788322527145,43.883509634259,0.156
DJI,2005,86.9,71,65,71,844.4483573908004,45.12551498,4.035,NA,75.3947621757465,45.4139101542283,0.167
DJI,2006,84.6,72,67,72,898.4646281367736,53.26344299,3.899,NA,75.6105690415926,46.9402321181691,0.216
DJI,2007,82.3,88,74,88,969.573220191902,55.18254471,3.756,NA,75.8259576941353,48.4620248883816,NA
DJI,2008,79.9,89,73,89,1119.152333469688,55.90976715,3.621,NA,76.0409140930528,49.9792625492526,NA
DJI,2009,77.7,89,84,89,1150.937585748896,56.92132568,3.521,NA,76.2551640290106,51.4914501079009,NA
DJI,2010,75.5,88,85,88,1213.2335255342946,55.7044487,3.431,NA,76.4718213203658,53.0040688366127,NA
DJI,2011,73.4,87,84,87,1306.3455284497677,61.89852524,3.341,NA,76.6907534448216,54.5173591170882,NA
DJI,2012,71.3,81,83,81,1400.193578589536,64.8536911,3.255,NA,76.9115444598486,56.031031232703,NA
DJI,2013,69.2,82,80,82,2075.944984247476,60.57233047,3.187,NA,77.1343417786065,57.545815952446,NA
DJI,2014,67.2,78,71,78,2214.620841424321,65.53726196,3.116,NA,77.3584793969034,59.060863750812,0.201
DJI,2015,65.2,84,74,84,2376.1255471987265,79.54257965,3.041,NA,77.5846153985274,60.5779617075524,NA
DJI,2016,63.2,68,75,68,2510.430007624096,68.82745361,2.969,NA,77.8118431649469,62.0957006266769,NA
DJI,2017,61.2,76,81,76,2618.95521147369,64.94396973,2.916,NA,78.0402986467674,63.6147917367826,NA
DJI,2018,59.4,84,86,84,2718.0833879920333,68.79101563,2.858,NA,78.2698510281145,65.1354027813767,NA
DJI,2019,57.5,85,83,85,2837.169023409324,68.4744873,2.798,NA,78.500379190124,66.6577106028334,NA
DJI,2020,55.7,70,62,70,2844.888106478533,66.53086853,2.745,NA,78.7317549952208,66.7421157146302,NA
DJI,2021,54,59,50,59,3025.9112641354923,86.88237762,2.699,NA,78.9636292425205,66.8311205695029,NA
DJI,2022,52.1,59,50,59,3133.2577977246297,79.13184357,2.653,NA,79.1958862115465,66.9247194918968,0.211
DJI,2023,50.5,72,76,72,3381.297797107218,77.57087708,2.609,NA,79.4286344922977,67.0234840121481,NA
DJI,2024,48.9,77,75,77,3552.723350792218,NA,2.618,NA,79.661532568521,NA,NA
DMA,2000,19.4,99,99,99,4867.398963237587,259.0213623,2.346,109.667503356934,94.2668749983249,64.0425728567548,NA
DMA,2001,19.7,99,99,99,5527.515273004963,231.52333069,2.399,110.292030334473,94.3836399842442,65.298253781627,1.816
DMA,2002,20.1,98,99,98,5488.027849693565,226.86923218,2.16,113.493911743164,94.5072339611788,66.5539347064993,NA
DMA,2003,20.6,99,99,99,5447.440114962842,242.78863525,2.075,118.673797607422,94.6298513844787,67.8096156313715,NA
DMA,2004,21.1,99,99,99,5778.833065465062,253.70576477,2.023,113.794143676758,94.7515617669834,69.0652965562438,NA
DMA,2005,21.6,98,98,98,5695.224423946745,263.66098022,1.998,113.61287689209,94.8722688677582,70.3209774811161,NA
DMA,2006,22.2,95,97,96,6055.78109574854,271.24331665,2.074,112.754333496094,94.9920765320284,71.5766584059883,NA
DMA,2007,22.8,96,96,93,6459.035036896091,293.30905151,2.022,113.574249267578,95.1109272137674,72.8323393308606,NA
DMA,2008,23.5,96,99,95,6971.326338392885,336.0015564,1.968,109.499076843262,95.2288638936291,74.0880202557328,NA
DMA,2009,24.2,99,99,99,7487.490103951535,354.04888916,1.918,113.975158691406,95.3458592055333,75.3437011806051,NA
DMA,2010,24.9,98,99,99,7549.619646803747,369.75668335,1.887,109.529899597168,95.4619169199444,76.5993821054773,NA
DMA,2011,25.7,98,99,98,7705.407172483186,387.11709595,1.861,109.063751220703,95.5770987585217,77.8550630303496,NA
DMA,2012,26.5,97,99,97,7528.510019901552,407.42053223,1.827,99.9667110519308,95.6914288767891,79.1107439552219,NA
DMA,2013,27.4,97,93,96,7822.217972113976,382.10519409,1.778,NA,95.8049070233585,80.3664248800941,NA
DMA,2014,28.3,97,94,97,8131.748760967352,389.05343628,1.713,89.9837875366211,95.9175225784431,80.3664248800941,NA
DMA,2015,29.2,98,96,98,8282.598747021415,396.23742676,1.648,92.5211486816406,96.0292697173861,80.3664248800941,NA
DMA,2016,30.2,99,96,99,8802.561720413629,424.15756226,1.581,NA,96.1401644767525,80.3664248800941,NA
DMA,2017,31.1,91,77,91,8224.648965714136,415.87072754,1.54,NA,96.2501691726005,80.3664248800941,1.168
DMA,2018,32.1,94,84,94,9215.308540564503,503.34179688,1.517,NA,96.3592925117814,NA,1.158
DMA,2019,33,99,92,99,9491.149959623735,465.63766479,1.504,103.694158075601,96.4675351456684,NA,NA
DMA,2020,33.8,96,92,96,7827.748426804263,452.65899658,1.495,103.190559387207,96.574889313875,NA,NA
DMA,2021,34.4,92,88,92,8376.404141411134,521.41455078,1.484,101.098901098901,96.6813469673205,NA,NA
DMA,2022,35,82,87,82,9323.66089490562,542.53948975,1.482,100.132102966309,96.7869037849825,NA,NA
DMA,2023,35.4,56,84,57,9912.962127666682,492.4524231,1.484,96.3274307250977,96.8915616749148,NA,NA
DMA,2024,35.7,90,80,90,10405.278777758196,NA,1.48,NA,96.9953113262366,NA,NA
DNK,2000,5.6,97,99,97,30722.025183756657,2491.54174805,1.77,NA,99.9999969457606,99.5972376023296,2.913
DNK,2001,5.5,97,94,97,30768.477547111157,2597.97290039,1.74,133.292358398438,100,99.5972416304782,2.933
DNK,2002,5.4,98,95,98,33257.16225865088,2891.71069336,1.72,128.355743408203,100,99.5972442699568,3.037
DNK,2003,5.2,96,96,96,40519.09749059236,3602.28295898,1.76,128.095794677734,100,99.5972440111371,3.081
DNK,2004,5,95,96,95,46625.05009801095,4189.47265625,1.78,124.252517700195,100,99.5972402944734,3.227
DNK,2005,4.8,93,95,93,48925.80766987841,4436.07421875,1.8,124.212532043457,99.9999987386533,99.597236324295,3.335
DNK,2006,4.6,93,90,93,52119.17879842821,4770.13720703,1.85,120.008277893066,100,99.5972374048181,3.424
DNK,2007,4.5,87,89,87,58631.656643363545,5453.83837891,1.84,119.769317626953,99.9999976665951,99.5972334856175,3.458
DNK,2008,4.3,88,87,88,64616.665758366296,6117.69677734,1.89,118.893989562988,99.9999973602883,99.5972323943496,3.579
DNK,2009,4.2,89,84,89,58412.747235851304,6208.48486328,1.84,118.309303283691,99.9999973124597,99.5972316699416,3.651
DNK,2010,4.1,90,85,90,58104.54455949811,6156.68554688,1.87,119.537956237793,99.9999962682703,99.5972300585554,3.726
DNK,2011,4.1,91,87,91,61809.73789822204,6426.39990234,1.75,122.875732421875,99.9999977912366,99.5972309188778,3.789
DNK,2012,4.1,94,90,94,58443.77471039677,6155.76367188,1.73,125.330131530762,100,99.5972365782487,3.837
DNK,2013,4.1,94,89,94,61377.594059041185,6320.08447266,1.67,133.14208984375,99.9999990521906,99.5972308171769,3.849
DNK,2014,4.1,94,90,94,62520.45097470115,6447.92382813,1.69,134.744125366211,100,99.5972357033725,3.877
DNK,2015,4.1,93,91,93,53094.01336075736,5508.53369141,1.71,136.163803100586,100,99.5972338246899,3.93
DNK,2016,4,94,94,94,54500.92604102175,5603.75830078,1.79,132.793762207031,99.9999998039442,99.5972301475052,3.999
DNK,2017,3.9,98,97,98,57521.55149922252,5817.42529297,1.75,130.848114013672,100,99.5972303913109,4.109
DNK,2018,3.9,97,95,97,61324.76650455651,6219.12988281,1.73,129.861923217773,100,99.5972321137483,4.196
DNK,2019,3.8,97,96,97,59404.266324772296,6049.93408203,1.7,128.905914306641,99.9999975731289,99.5972264992143,4.251
DNK,2020,3.7,97,94,97,60985.48856015139,6520.65771484,1.68,129.851684570312,100,99.5972310070963,4.377
DNK,2021,3.7,97,95,97,69340.73349221384,7429.99023438,1.72,131.364761352539,100,99.5972289739284,4.498
DNK,2022,3.8,97,95,98,67781.0940939514,6451.19433594,1.55,129.684188842773,100,99.5972313839473,NA
DNK,2023,3.9,97,95,97,68043.54669712431,6510.625,1.5,126.258628845215,99.9999977179038,99.5972246130908,NA
DNK,2024,4,96,94,96,71026.4832271897,6745.06152344,1.47,124.96704864502,99.9999997876119,99.5972261435858,NA
DOM,2000,39.6,78,85,71,2831.458836380334,138.29624939,2.869,65.4546279907227,91.0193202795321,76.5972413927346,1.825
DOM,2001,38.6,72,88,71,2935.893673126681,143.32540894,2.827,NA,91.3815553025836,77.1486058727442,NA
DOM,2002,37.7,82,86,74,3065.6032952419596,152.86595154,2.764,74.3092880249023,91.7350612908746,77.6989945887233,NA
DOM,2003,37,79,83,65,2383.2617178039336,104.59856415,2.703,NA,92.1383561014256,78.3032583035324,NA
DOM,2004,36.4,79,81,66,2451.691616165686,105.12216187,2.641,74.4618911743164,92.5503842742875,78.9271188808874,NA
DOM,2005,36,87,79,86,3878.312067352443,168.85827637,2.574,76.9029235839844,92.9442462304413,79.5457900352117,NA
DOM,2006,35.6,89,80,88,4055.142703473711,161.94844055,2.508,NA,93.3208356941648,80.1598054522456,NA
DOM,2007,35.3,85,80,86,4649.645588758138,190.14048767,2.51,87.4022064208984,93.6801822070971,80.7688357715562,NA
DOM,2008,35.1,82,80,86,5023.585134035155,229.29747009,2.546,85.55322265625,94.0226829898878,81.3729094599305,1.085
DOM,2009,34.9,82,81,85,4973.951869999516,237.11128235,2.574,85.7362594604492,94.3479459728681,81.9711115493229,NA
DOM,2010,34.9,88,81,85,5478.6247039895425,270.03961182,2.556,82.6135120660269,94.6571919447174,82.5643436966814,NA
DOM,2011,34.8,84,82,84,5826.510141091945,293.95123291,2.527,82.1754815446393,94.9411577041221,83.1400170777366,1.507
DOM,2012,34.8,85,82,85,6013.819650026031,304.23754883,2.497,82.4110479058614,95.2053026765105,83.7029811065399,NA
DOM,2013,34.8,83,77,82,6136.594293293015,302.28512573,2.474,83.5120440264172,95.4569183357095,84.2618165680841,NA
DOM,2014,34.9,91,82,90,6496.451669711419,312.44223022,2.451,84.1616453624047,95.6965659361733,84.8168092520689,NA
DOM,2015,34.9,85,84,87,6800.953093954736,322.04864502,2.43,83.8323050910617,95.9246900261845,85.3681191078801,NA
DOM,2016,34.9,87,79,82,7160.442009823075,328.36526489,2.41,83.7006235554531,96.1415849688893,85.9156708340948,NA
DOM,2017,34.9,84,80,80,7412.715715715117,329.54168701,2.398,83.2663415112375,96.3474703370499,86.4591843551148,NA
DOM,2018,34.7,87,85,86,7882.982215849437,332.47702026,2.397,83.2545036540322,96.5419932414165,86.9970340675961,1.426
DOM,2019,34.4,89,90,92,8183.016236003749,357.44137573,2.366,85.3244113670457,96.7258902380545,87.5294360450425,1.431
DOM,2020,33.8,82,76,80,7135.222732558986,354.25689697,2.329,83.4156580342242,96.8998955257888,88.0566185078015,1.948
DOM,2021,33,84,82,83,8527.075485820502,433.89172363,2.294,79.2421801882118,97.3054739452924,88.5790077931484,2.029
DOM,2022,32.3,88,85,88,10104.244934908073,469.34915161,2.267,80.1246063749448,97.3603332914567,89.0968114947434,2.234
DOM,2023,31.5,90,88,89,10630.431743829022,488.8727417,2.243,79.048372719494,97.4107460357747,89.6102380882298,2.426
DOM,2024,30.6,87,89,88,10875.661844309196,NA,2.222,80.5245385688015,97.4571299883182,90.1198237574984,NA
DZA,2000,41.7,86,80,86,1772.928691227614,61.85785294,2.59,67.3292007446289,88.9938081102024,84.480825904855,NA
DZA,2001,40.2,89,83,89,1896.3002087801287,67.05859375,2.519,72.1403121948242,89.1698016074929,84.7599258051821,NA
DZA,2002,38.6,86,81,86,1937.4641141301884,66.681633,2.429,76.0977172851562,89.3436399760295,85.0328039749713,1.114
DZA,2003,37,87,84,87,2283.7729934612553,75.9513092,2.451,79.9414901733398,89.5151088113819,85.2991661888618,NA
DZA,2004,35.4,86,81,86,2816.9938496055483,92.6876297,2.5,84.5551605224609,89.6842209126681,85.5590698525635,NA
DZA,2005,33.9,88,83,88,3233.1333963421216,100.83694458,2.562,87.1950912475586,89.8507731580286,85.8122570569518,1.026
DZA,2006,32.5,95,91,95,3660.661047453223,116.7750473,2.628,88.9450912475586,90.0150202695134,86.0591336531477,NA
DZA,2007,31.2,95,92,95,4167.451699375306,150.86651611,2.704,77.9382171630859,90.1767439508853,86.2994372254318,1.195
DZA,2008,30.1,93,88,92,5180.918815146864,206.37207031,2.785,83.4692001342773,90.3361987493803,86.5335634120034,NA
DZA,2009,29,95,92,94,4235.42990456612,207.20181274,2.825,99.0396575927734,90.4918619672067,86.7594833299859,NA
DZA,2010,28.1,95,95,95,4912.785855036717,227.95396423,2.875,104.490663909822,90.6443416237761,86.9781345697396,NA
DZA,2011,27.3,95,95,95,5916.3136436434315,285.5020752,2.899,106.780606139925,90.7933523397582,87.1892375603954,NA
DZA,2012,26.6,95,95,95,6033.648846895432,340.09176636,2.996,NA,90.9547062510195,87.0935387595053,NA
DZA,2013,25.9,95,95,95,5979.601389605846,337.57348633,2.997,NA,91.1128578356774,86.9868785430175,NA
DZA,2014,25.4,95,95,95,6094.693923149557,366.58615112,3.084,NA,91.268060653484,86.8698473645812,NA
DZA,2015,24.9,95,95,95,4685.059027290017,296.76834106,3.091,NA,91.4201507009501,86.7425206516531,NA
DZA,2016,24.5,91,94,91,4424.985290275557,265.53491211,3.091,NA,91.56940001457,86.6054840366106,1.819
DZA,2017,24,91,88,91,4554.667539578281,270.93231201,3.09,NA,91.715636706346,86.4588236326811,NA
DZA,2018,23.7,91,80,91,4577.210291804906,271.53808594,3.019,NA,91.859120820781,86.3030907782839,1.708
DZA,2019,23.3,88,80,88,4468.453418836562,242.07049561,2.997,NA,91.9998016191508,86.1385037232471,0.973
DZA,2020,22.9,84,80,84,3743.5419522928983,211.07240295,2.94,NA,92.1378242692677,85.9654731245039,NA
DZA,2021,22.6,81,79,81,4160.559267369248,208.93911743,2.87,NA,92.273231858432,85.7843029485606,NA
DZA,2022,22.3,77,79,77,4960.303343328876,180.33454895,2.817,106.153022766113,92.3236727252335,85.8262858406741,1.66
DZA,2023,22,92,99,88,5370.477235078005,233.37947083,2.766,103.220718383789,92.3726404744191,85.8670433970582,NA
DZA,2024,21.6,92,94,89,5752.990766514655,NA,2.723,106.533807793893,92.4200285933986,85.9064861325463,NA
EAP,2000,41.96954553823525,NA,NA,NA,961.3014223699636,38.38704161725179,1.9173000642930624,57.4583702087402,79.88124197557761,56.330594593200296,1.1344944095012457
EAP,2001,39.88423668536898,NA,NA,NA,1014.5246700361788,39.5186247465139,1.8645265487618607,59.6201210021973,80.3535177465829,57.23149209476397,NA
EAP,2002,37.55725275926587,NA,NA,NA,1113.9991524989614,44.08120934738309,1.8570246904892973,60.7778282165527,81.22681119629696,59.32134660394252,NA
EAP,2003,34.48121871823692,NA,NA,NA,1251.2777153581608,50.33559536851252,1.8514268616626297,62.4713592529297,82.09670261471399,61.17921328172504,NA
EAP,2004,33.276157742541216,NA,NA,NA,1439.9321454339115,56.639687356351885,1.8690565064061797,65.5361480712891,82.94834849599508,63.018638140260016,NA
EAP,2005,30.29070510585037,NA,NA,NA,1653.6791360518057,65.02178367019555,1.8764427568017248,67.9784088134766,83.78021086684346,64.8412846601322,NA
EAP,2006,28.42241154699923,NA,NA,NA,1976.6313065145468,74.61254229580513,1.8905558018873605,71.2711868286133,84.58476005094577,66.63066589519981,NA
EAP,2007,26.755983796209662,NA,NA,NA,2481.3870449206347,89.2576304285462,1.907584134640052,75.1587600708008,85.3664686145374,68.4287609423732,NA
EAP,2008,26.20644905727303,NA,NA,NA,3117.8313110535537,116.58827527062289,1.928812502646334,78.0776062011719,86.13005577551534,70.20607506061374,NA
EAP,2009,23.727457850137743,NA,NA,NA,3359.517215848749,138.5121140705462,1.934779527917172,82.513557434082,86.87059409979594,71.96116937227129,NA
EAP,2010,22.43994934511708,NA,NA,NA,4057.8652147283337,160.36428132004173,1.9134999322180273,83.5061721801758,87.5758248586429,73.69388614887659,1.1710842611245895
EAP,2011,21.368502681419272,NA,NA,NA,4913.89394942906,200.30122813897208,1.9053022932125756,85.043327331543,88.21657229202252,75.39421180270591,NA
EAP,2012,19.973724180029723,NA,NA,NA,5434.825271202886,233.5036384392954,1.9910776587011532,85.8580169677734,88.83153669523026,77.07172187745859,NA
EAP,2013,19.13655969509177,NA,NA,NA,5952.768929721401,263.8171619048959,1.9221824900928044,86.7732620239258,89.42650464271559,78.72886349640417,NA
EAP,2014,18.0713618055203,NA,NA,NA,6373.64846984799,287.3271265167316,1.952156890378724,86.4382019042969,90.0020557751214,80.36651445907155,NA
EAP,2015,17.48655575264114,NA,NA,NA,6589.770764274615,307.27050452969394,1.878533300703052,86.6689224243164,90.55812098965104,81.98394448674001,NA
EAP,2016,16.472034183073497,NA,NA,NA,6683.183867003526,312.57896169598445,1.9284533212800896,86.1764984130859,91.09531263112034,83.58220566810259,NA
EAP,2017,15.647483444370184,NA,NA,NA,7241.925338643612,342.752366201755,1.9258311130755472,86.3374404907227,91.6137154644933,85.1612904831338,NA
EAP,2018,15.53817154617954,NA,NA,NA,8045.946304585072,388.6102204138536,1.740434750804936,87.1004104614258,92.12501522086085,86.7164623211125,NA
EAP,2019,15.01809403277975,NA,NA,NA,8286.398117929199,414.60968182013863,1.7048043006112634,88.7187194824219,92.60463813440376,88.24841108314762,NA
EAP,2020,15.182394893456664,NA,NA,NA,8391.276346454935,446.4538730859133,1.527896895035688,89.6240463256836,93.05956739197318,89.74934820342537,NA
EAP,2021,15.012296700999888,NA,NA,NA,9974.578296901747,515.5273406578114,1.4404934680795989,90.2519989013672,93.6676417580085,91.22979600969128,NA
EAP,2022,14.844860195650083,NA,NA,NA,10106.99359778137,566.0302862983734,1.3855264886508118,91.0241012573242,94.30784422212945,92.576331860161,2.354171047968665
EAP,2023,14.474959436385088,NA,NA,NA,10125.909520864452,570.0461541074975,1.3614044988915592,91.7414016723633,94.75929742302752,93.80707777190716,NA
EAP,2024,13.949881867143942,NA,NA,NA,10396.795740505122,NA,1.3682919369180904,91.4979476928711,94.81307944585296,94.26036441539708,NA
EAR,2000,79.45537176554616,NA,NA,NA,1346.2395395696,63.40250625097557,3.391239051062796,46.7289085388184,80.42239233980065,37.590069475716184,NA
EAR,2001,76.2893190449641,NA,NA,NA,1311.1827082939528,63.93203674673695,3.3307873975337077,47.482608795166,80.94823694985409,39.08520723996079,NA
EAR,2002,73.20510288656529,NA,NA,NA,1251.302965985316,58.77964262999467,3.2530521647969803,49.3242111206055,81.52718467540426,40.69151811108193,NA
EAR,2003,70.16972375826698,NA,NA,NA,1368.4791121955857,65.85553828641861,3.1786841458478925,51.7258796691895,82.10648277718941,42.3173089232731,NA
EAR,2004,67.62127255869491,NA,NA,NA,1563.105911311681,74.32216337265697,3.115006277226581,52.8359489440918,82.6838782755359,44.06431875371243,NA
EAR,2005,64.27007005993993,NA,NA,NA,1788.2835098084215,85.02660186156471,3.0577445556332967,54.1323089599609,83.22942541778254,45.84005614433397,NA
EAR,2006,61.445917265839014,NA,NA,NA,2011.1090345287123,93.78611223622578,3.006105368368793,55.6428298950195,83.80277795666842,47.64243397104773,NA
EAR,2007,58.74685221615049,NA,NA,NA,2342.6881067814215,108.24504205414614,2.953671857364809,57.7741012573242,84.36828143963118,49.467500749967066,NA
EAR,2008,56.61462456090751,NA,NA,NA,2594.5563279799258,119.56241860274508,2.911765701230542,59.4695892333984,84.95065079509185,51.30136233519568,NA
EAR,2009,53.62834463163164,NA,NA,NA,2457.2865796637207,120.10093866857127,2.873071562904046,60.5215606689453,85.50789116714726,53.1383555033196,NA
EAR,2010,51.434656463223774,NA,NA,NA,2938.7985941537945,137.3998351681977,2.8207226195273667,62.7889289855957,86.04759077999724,54.98530610606608,NA
EAR,2011,48.82095342050745,NA,NA,NA,3262.9099913496825,153.44090287151198,2.77693436477876,64.592170715332,86.5669676769277,56.833320040420794,NA
EAR,2012,46.62214175007729,NA,NA,NA,3359.1308653836863,160.5543028474227,2.7363659654295476,66.4391098022461,87.08043140721145,58.68000561908185,NA
EAR,2013,44.494297006347416,NA,NA,NA,3328.4175223225925,166.6350543118319,2.686929618904052,67.96826171875,87.59225188078916,60.862742177143915,NA
EAR,2014,42.46662589538909,NA,NA,NA,3347.3255579255583,165.92717749758577,2.6268235532816373,71.2105178833008,88.09971862904693,62.71151919685358,NA
EAR,2015,40.68128134829254,NA,NA,NA,3174.369620209285,165.20106295856434,2.6060636092790044,71.9440231323242,88.5966668480896,64.5760088750241,NA
EAR,2016,38.999765693730595,NA,NA,NA,3223.9805446069004,161.0072051029097,2.575438289298978,73.3005599975586,89.08797846100352,66.43567437010347,NA
EAR,2017,37.47169567755265,NA,NA,NA,3457.649431571862,166.13663521277311,2.515369028801173,72.9086227416992,89.44061055019627,67.9114060278797,NA
EAR,2018,36.15627664867838,NA,NA,NA,3463.508822633745,159.6997596474996,2.4821594527749826,74.0610427856445,89.92568156231339,69.76778198732623,NA
EAR,2019,34.91016418222636,NA,NA,NA,3483.3154546961537,159.8212970455748,2.4277956178820403,74.4964599609375,90.41073981620264,71.63014363780881,NA
EAR,2020,33.700117980571946,NA,NA,NA,3187.037812348008,162.1397489940112,2.3732509700690936,75.2726287841797,90.89339896966912,73.44706596924254,NA
EAR,2021,33.83126802537465,NA,NA,NA,3698.9836318784673,186.69371327093563,2.34167487073807,76.0862274169922,91.35620653427247,75.20932576887444,NA
EAR,2022,32.71764549007836,NA,NA,NA,4043.8277633156786,191.39292629362703,2.3189517975754037,77.3045883178711,91.79035456640052,76.92930050651374,1.0220225502547369
EAR,2023,30.87858265849247,NA,NA,NA,4252.597334157857,201.32127616790785,2.298166545865791,77.2803115844727,92.15571207612176,78.48967816554466,NA
EAR,2024,29.399320144919763,NA,NA,NA,4450.187119373852,NA,2.280196822613896,77.4464111328125,92.5181175707612,79.8931379649915,NA
EAS,2000,39.6,NA,NA,NA,4103.33628080966,239.83267620517245,1.8703013186966455,60.9457092285156,81.42448922206263,60.86914238607574,1.2130777822234144
EAS,2001,37.5,NA,NA,NA,3783.3092197468727,222.89050627281767,1.813928015830516,62.8622512817383,81.85194730011239,61.65969369039263,NA
EAS,2002,35.5,NA,NA,NA,3813.81685560294,224.5368427088089,1.8036084211982917,63.8230400085449,83.01978681016155,63.465339899149605,NA
EAS,2003,32.6,NA,NA,NA,4162.833981668181,253.02041615632777,1.796595489035845,65.3064880371094,83.79388521466038,65.11620731324194,NA
EAS,2004,31.5,NA,NA,NA,4634.662394339101,279.713123154029,1.8122527039700271,68.1626815795898,84.55200895253014,66.75065905661538,NA
EAS,2005,28.7,NA,NA,NA,4910.914726437917,293.8646879508237,1.816201681623037,70.5025024414062,85.29501213265777,68.37113223340178,NA
EAS,2006,27,NA,NA,NA,5170.318905427998,299.85595449760996,1.83449759597526,73.6256332397461,86.01624778704992,69.96813164160737,NA
EAS,2007,25.4,NA,NA,NA,5739.387507738724,323.5164102856499,1.854734406826228,77.3227996826172,86.72039086674782,71.577121023138,NA
EAS,2008,24.9,NA,NA,NA,6569.115765121576,375.8729711790406,1.873871554433009,80.100212097168,87.40939525389898,73.16991492681768,NA
EAS,2009,22.5,NA,NA,NA,6713.650451310042,421.1885250678803,1.87816877219437,84.3223571777344,88.07652026441373,74.74013505922268,NA
EAS,2010,21.4,NA,NA,NA,7784.344658222995,479.3879758725852,1.8603357816582131,85.2631530761719,88.71194042132524,76.29065663020968,1.277628022770276
EAS,2011,20.3,NA,NA,NA,8955.748698199506,588.7552077122558,1.8557528749253287,86.7125930786133,89.28858193239985,77.81080486796989,NA
EAS,2012,19.1,NA,NA,NA,9507.129740753708,627.13244385485,1.9384700565733353,87.5260620117188,89.84189842094057,79.31041701638537,NA
EAS,2013,18.2,NA,NA,NA,9553.8618750751,603.347478303646,1.8707970286389528,88.3574523925781,90.37750452984244,80.79295306787242,NA
EAS,2014,17.2,NA,NA,NA,9793.533637719927,617.3950128353187,1.899013372424058,88.063102722168,90.89735576112685,82.26117969636842,NA
EAS,2015,16.6,NA,NA,NA,9691.70576095154,604.2547506540186,1.8342708683694071,88.283332824707,91.3999495256258,83.71323300587102,NA
EAS,2016,15.7,NA,NA,NA,9965.00400107685,637.0560559335738,1.8765898859301524,87.7668609619141,91.88599725600896,85.14968609029742,NA
EAS,2017,15,NA,NA,NA,10566.28282448628,669.232674974526,1.8701027953344649,87.9111175537109,92.35488987086842,86.5689796547393,NA
EAS,2018,14.8,NA,NA,NA,11438.858459141824,723.9254738268684,1.6991575113317796,88.4812393188477,92.81854070372154,87.96938962563398,NA
EAS,2019,14.3,NA,NA,NA,11622.89152847355,754.673740778479,1.6621056301060029,90.0556335449219,93.2542147094899,89.35054750235182,NA
EAS,2020,14.4,NA,NA,NA,11639.485335738862,799.4680531303477,1.4967471229281477,90.8184967041016,93.6669628750683,90.7035127422502,NA
EAS,2021,14.2,NA,NA,NA,13336.48416708831,899.2872592313865,1.4168039964309629,91.3720321655273,94.2169499917028,92.03684263746985,NA
EAS,2022,14,NA,NA,NA,13139.210981361157,905.114818668488,1.362748922229107,92.0620269775391,94.79855890627306,93.25315596949068,2.398509201212948
EAS,2023,13.7,NA,NA,NA,13176.178605563486,881.2908979605636,1.3355905599418094,92.7077789306641,95.21153387711232,94.3670031418802,NA
EAS,2024,13.2,NA,NA,NA,13405.735673015037,NA,1.3408848867290637,92.4702835083008,95.26572159408175,94.7821468861308,NA
ECA,2000,41.90478345149853,NA,NA,NA,1790.7707209071932,87.47396909944958,2.004741503513616,81.79931640625,91.15647243384872,90.02185034172074,2.3814452716395933
ECA,2001,39.354758701547965,NA,NA,NA,1529.6061562079617,79.90490654997983,1.956820963634372,85.021842956543,91.33575710735512,90.16965400682788,NA
ECA,2002,36.85172042763536,NA,NA,NA,1771.9219856657974,95.89697885032206,1.9260719897295655,87.0141525268555,91.56278697523248,90.52362954890393,NA
ECA,2003,34.35883455862802,NA,NA,NA,2249.7430149083093,123.73590972119682,1.9272132706439913,88.7141799926758,91.78625310212465,90.87829261499164,NA
ECA,2004,32.31959451969545,NA,NA,NA,2883.5568972368724,156.93895535358337,1.9592280907033417,88.3804016113281,91.91240286559469,91.26793148650508,NA
ECA,2005,30.188066390566387,NA,NA,NA,3576.7228333231847,193.1911606356127,1.9516624017449085,86.3354110717773,92.05552839470448,91.6895862461672,NA
ECA,2006,28.228528769844463,NA,NA,NA,4142.446954986752,226.209177830607,1.9857727477490628,88.6434173583984,92.21352221338746,92.1060863778712,NA
ECA,2007,26.45964565322861,NA,NA,NA,5206.482388158279,276.62123481489624,2.018441993059954,89.9803924560547,92.36435767756404,92.5282557399113,NA
ECA,2008,24.75376587382445,NA,NA,NA,6191.073697182771,322.5810420169621,2.0658604997388355,89.9375686645508,92.51841230943263,92.93544756507666,NA
ECA,2009,23.166275031006087,NA,NA,NA,5125.123314894841,284.38424489892935,2.059148763832741,87.5869903564453,92.67619008420058,93.34221330107763,NA
ECA,2010,21.832761926408196,NA,NA,NA,6019.294911379589,310.36044188105393,2.0483813037004404,88.9177322387695,92.83923598569542,93.75035076134644,2.594699789355356
ECA,2011,20.605205246650623,NA,NA,NA,6785.876804282592,330.4178240933206,2.0368787809144315,89.6188507080078,93.00419718603308,94.1542552565247,NA
ECA,2012,19.37822484859535,NA,NA,NA,7093.456077457989,346.09329302421236,2.086133045574652,90.1093521118164,93.16841562277126,94.5548268655708,NA
ECA,2013,18.40402617854428,NA,NA,NA,7667.033976646749,367.5876373605748,2.1056000963471924,96.7680206298828,93.3999965040642,94.95168185613568,NA
ECA,2014,17.53886574186963,NA,NA,NA,7290.900503139228,345.93313398459736,2.1589942449566264,98.4281234741211,93.5771237253465,95.34475081577122,NA
ECA,2015,16.807824406414436,NA,NA,NA,6291.455946557449,294.2699162839564,2.1434787226222625,98.3324584960938,93.8591243825484,95.72580748494718,NA
ECA,2016,16.072147472861406,NA,NA,NA,5986.897230800841,289.02004128330407,2.124548020603505,98.6367492675781,94.13571789053894,96.1050863842486,NA
ECA,2017,15.590433475280443,NA,NA,NA,6138.12063922999,288.6403049921911,2.0775573087350785,99.5105667114258,94.4151202305829,96.48217322329997,NA
ECA,2018,15.205286320267454,NA,NA,NA,5996.287758888928,282.0635250182294,2.0716481533443383,99.7525177001953,94.6982176085004,96.85509328407454,NA
ECA,2019,14.90676687231982,NA,NA,NA,6069.274072823149,296.59997565349437,2.0585392721062665,99.3358764648438,94.98950117676736,97.24063585844748,NA
ECA,2020,14.569054862434836,NA,NA,NA,5776.19343817718,313.4927387874448,2.0494818892778475,97.725212097168,95.25509786047124,97.568429983489,NA
ECA,2021,14.275400687089254,NA,NA,NA,6673.974290356508,373.79966431914374,2.054122193256397,97.605842590332,95.47395420163674,97.70702826988752,NA
ECA,2022,14.140372198114395,NA,NA,NA,7266.022431541995,366.1151508017057,1.9984236538587197,98.3514022827148,95.72353080868996,97.81577455800772,2.853031710713099
ECA,2023,14.931891021720302,NA,NA,NA,8617.048409863293,455.30913952715855,1.9842465635133515,98.6402130126953,95.89050515999136,97.92032396557308,NA
ECA,2024,13.451733027161616,NA,NA,NA,9793.69205809432,NA,1.9618810271345004,100.145317077637,95.99826344457718,98.1076580459476,NA
ECS,2000,20.9,NA,NA,NA,11652.929029406105,934.4277884577948,1.559720976695109,94.383918762207,96.80101528867203,95.35333373233088,3.099817113397709
ECS,2001,19.7,NA,NA,NA,11757.603659314043,963.897798657633,1.5427762297756644,95.9396591186523,96.85370378934496,94.78681700479956,NA
ECS,2002,18.5,NA,NA,NA,12849.72325935534,1088.038991434878,1.5461514958065008,96.8896865844727,96.9241809652548,92.72168787199968,NA
ECS,2003,17.4,NA,NA,NA,15584.864646150609,1348.8236141362115,1.5634948604745231,97.4431228637695,96.9961139761272,92.87061646404148,NA
ECS,2004,16.4,NA,NA,NA,18114.070200325925,1565.290371094941,1.5924284648856195,95.3501205444336,97.04291303762228,93.02768477287026,NA
ECS,2005,15.5,NA,NA,NA,19227.622167902788,1657.5406250002077,1.588322128363684,95.1080474853516,97.14470324314712,93.19273046392163,NA
ECS,2006,14.6,NA,NA,NA,20766.917092585863,1775.735486358545,1.6183726917496988,95.684700012207,97.19310648972088,93.37481186999966,NA
ECS,2007,13.8,NA,NA,NA,24195.93342567658,2046.6878403987776,1.6601781411542609,96.1526184082031,97.24569655594824,93.6514636237799,NA
ECS,2008,13,NA,NA,NA,26524.51154688392,2290.6372559039487,1.7166187276934275,96.8290634155273,97.293791553684855,93.92013481449766,NA
ECS,2009,12.3,NA,NA,NA,23259.533461327224,2194.571265205543,1.718230827240255,96.6895370483398,97.34267044478447,94.17959897846804,NA
ECS,2010,11.7,NA,NA,NA,23702.475023008163,2182.7894807082557,1.7257097489305506,98.2913665771484,97.36926426237184,94.43627162425562,3.4369224931500884
ECS,2011,11.2,NA,NA,NA,26239.36006130758,2365.2656889429663,1.7095186728174274,98.4919281005859,97.39241682555055,94.68228466923416,NA
ECS,2012,10.8,NA,NA,NA,25164.762611694743,2273.382308927462,1.7442372502908976,98.2450714111328,97.4188400705181,94.9312005885491,NA
ECS,2013,10.4,NA,NA,NA,26196.108944304982,2379.2389830848997,1.7360491377265896,104.177047729492,97.46076693793606,95.17824210703424,NA
ECS,2014,10,NA,NA,NA,26473.62133845743,2431.976395089343,1.7720621535945444,104.560272216797,97.4902707583444,95.4228494827656,NA
ECS,2015,9.6,NA,NA,NA,22702.822838006647,2105.2635123322075,1.7731028862561071,104.293327331543,97.54486343317988,95.67216899379784,NA
ECS,2016,9.2,NA,NA,NA,22519.64088555474,2095.7945477450307,1.7792609974838045,104.06916809082,97.59896074986769,95.92282858837883,NA
ECS,2017,8.8,NA,NA,NA,23814.11970346047,2194.387400364227,1.7365553215766776,104.589317321777,97.65375513028792,96.16055642609456,NA
ECS,2018,8.6,NA,NA,NA,25408.637977160062,2346.577585247998,1.7163010742893434,104.573738098145,97.7113310646715,96.38962249531436,NA
ECS,2019,8.5,NA,NA,NA,25020.864827175552,2329.105120804657,1.688187413757105,104.25904083252,97.77096148557406,96.6125525612032,NA
ECS,2020,8.3,NA,NA,NA,24167.35511996991,2527.45161423102,1.6707502269053536,102.877738952637,97.8277910441632,96.82164085669584,NA
ECS,2021,8.1,NA,NA,NA,27664.891408091826,2865.362040389074,1.6838411538931544,102.760871887207,97.87408839678832,96.98148749080556,NA
ECS,2022,8,NA,NA,NA,27913.588233164475,2811.915450373958,1.6169799650562993,102.949150085449,97.9353640570143,97.140282917451,3.89695746074466
ECS,2023,8.4,NA,NA,NA,29988.90229031083,2968.436980609132,1.5780023839519388,102.52490234375,97.97661392663788,97.29507218066172,NA
ECS,2024,7.8,NA,NA,NA,31555.52078906569,NA,1.5533982727417175,103.048332214355,97.99254100210383,97.44325559990162,NA
ECU,2000,29.6,87,99,83,1382.2342175990902,49.37281418,3.102,56.5507011413574,84.7569577363027,73.0247894296071,0.812
ECU,2001,28,89,99,90,1791.303596850374,72.7922287,3.037,56.9547691345215,85.3327219287917,73.682272686074,0.851
ECU,2002,26.6,88,99,88,2059.1585535974045,99.12815857,2.972,57.5130805969238,85.8681168812422,74.2940388985466,0.849
ECU,2003,25.5,87,99,97,2315.622152230139,134.12744141,2.911,57.3564300537109,86.3770590659093,74.8765406550674,0.808
ECU,2004,24.5,88,99,90,2586.2091466334664,152.10868835,2.853,57.5079383850098,86.7913580761449,75.4556589592685,0.884
ECU,2005,23.6,92,93,89,2909.0260601438827,170.44190979,2.8,60.198299407959,87.1657190162046,76.2586729736281,0.902
ECU,2006,22.7,96,97,92,3243.6701035933856,192.55101013,2.753,62.4189910888672,87.4804800870579,77.060905576886,0.895
ECU,2007,21.8,96,98,95,3478.9248877067143,193.33273315,2.704,63.8203010559082,87.792208365322,77.862718659502,0.978
ECU,2008,20.9,96,98,94,4194.757506619805,231.62229919,2.688,NA,88.1005318614763,78.663760639549,1.096
ECU,2009,20,94,97,91,4053.36331139298,244.5753479,2.678,88.0668182373047,88.4054817977882,79.4640520853321,1.216
ECU,2010,19.1,91,95,88,4520.30959039763,287.00466919,2.615,93.4168090820312,88.7072879977884,80.2637776434408,1.283
ECU,2011,18.2,88,94,85,5153.691642437503,340.40786743,2.605,97.6552200317383,88.9995700135052,81.0578095261347,1.382
ECU,2012,17.4,87,96,85,5634.083931910944,387.54577637,2.509,100.79842376709,89.2843795348701,81.8481545734272,1.561
ECU,2013,16.6,87,97,87,6109.290315103414,414.12683105,2.362,102.665153503418,89.5662908642962,82.6385639070942,1.645
ECU,2014,15.9,83,85,84,6405.799793004407,433.41845703,2.274,104.573356628418,89.8451330944318,83.4289010855999,1.684
ECU,2015,15.3,78,84,84,5976.159680565097,464.22186279,2.209,102.632553100586,90.1212871773867,84.2194382578739,1.806
ECU,2016,14.8,83,86,79,5917.63771271481,449.03869629,2.122,99.4637598671025,90.3944152289936,85.0099232884518,2.055
ECU,2017,14.4,85,81,83,6233.322447977176,469.04544067,2.128,97.4745655657693,90.6647128570391,85.8004886348106,2.225
ECU,2018,14.1,85,83,85,6303.918866583376,493.82693481,2.111,96.3960714193164,90.9348761697738,86.5928399282026,2.341
ECU,2019,13.8,85,83,85,6205.057652467664,484.54037476,2.035,95.28924793166,91.2046901615957,87.3866333551063,2.32
ECU,2020,13.6,70,81,72,5463.645153485981,470.20355225,1.967,96.0492095947266,91.4742997917839,88.1817507856303,2.313
ECU,2021,13.4,72,65,62,6061.323501817112,507.65136719,1.909,95.8818069146481,91.6679688457759,88.9779601085787,NA
ECU,2022,13.2,70,74,59,6515.585284183364,495.30380249,1.861,95.6203503719702,91.7264833659447,89.7233208052462,NA
ECU,2023,13,70,74,59,6737.847483796376,509.49414063,1.823,94.1827583420861,91.8598075666082,90.5556911375942,NA
ECU,2024,12.9,70,74,59,6874.705739765999,NA,1.806,NA,92.0708709697554,91.204340143216,NA
EGY,2000,47.3,98,98,98,1366.0927437261348,69.37174988,3.505,75.2516632080078,98.9933618838288,91.974568364989,NA
EGY,2001,44.8,99,97,99,1295.137418416295,68.67334747,3.46,77.1041793823242,98.9226105742463,92.1886612012788,NA
EGY,2002,42.5,97,97,97,1116.8288462621283,63.99928665,3.412,NA,98.8519309322285,92.4027780839966,NA
EGY,2003,40.4,98,98,98,1031.2755629128364,50.34780884,3.352,76.3958587646484,98.7813193917479,92.6169160199968,0.494
EGY,2004,38.6,97,97,97,991.2556891452524,50.33084488,3.283,75.9371719360352,98.7107692619596,92.8310689127908,NA
EGY,2005,37,98,98,98,1105.5392071390345,59.4683876,3.254,NA,98.6402827769204,93.0452392877341,NA
EGY,2006,35.6,98,98,98,1298.9790020312446,66.32707214,3.223,NA,98.5698644772866,93.2594315118991,NA
EGY,2007,34.2,98,97,98,1547.7417073590857,73.29454041,3.237,NA,98.4988899601912,93.4714314337652,NA
EGY,2008,32.8,97,92,97,1896.2159426977896,90.15769958,3.238,NA,98.4275413352809,93.6821208332209,NA
EGY,2009,31.6,97,95,97,2161.6396457392652,98.90396881,3.259,63.2690315246582,98.3562103479717,93.8929162055799,NA
EGY,2010,30.5,97,96,97,2455.0819464528213,105.07817841,3.296,64.1232833862305,98.2848591599105,94.1037046412727,NA
EGY,2011,29.5,96,96,96,2590.6438489196503,116.22949219,3.311,72.4007186889648,98.2135282519016,94.3145999279775,NA
EGY,2012,28.6,93,93,93,2996.0677072015005,139.81625366,3.4,72.635009765625,98.1415728406932,94.5236904418701,NA
EGY,2013,27.8,97,96,97,3025.525635524481,139.67245483,3.49,73.2182236825859,98.0695998327114,94.7328979128496,NA
EGY,2014,27.1,94,93,94,3133.391022655408,155.06480408,3.49,73.200144841154,97.9975794064633,94.9421220877045,0.73
EGY,2015,26.5,93,92,93,3306.9815941414076,170.25532532,3.5,NA,97.9255148711552,95.1514018679127,0.763
EGY,2016,26,95,95,95,3270.628776819699,142.61845398,3.35,74.7882619375541,97.8534422131452,95.3608044893643,0.763
EGY,2017,25.6,94,94,94,2395.1033329949128,106.00288391,3.31,75.3094821649971,97.7818611616948,95.5716159808707,0.743
EGY,2018,25.2,95,94,95,2484.7031563050828,118.01481628,3.02,75.9067103552346,97.710814412432,95.7838228519798,0.716
EGY,2019,24.8,95,95,95,2962.9889202300265,142.69670105,2.87,76.911298614293,97.6403544846485,95.9974521361916,0.697
EGY,2020,24.4,94,94,95,3511.1138102637947,148.35269165,2.85,78.4118910481273,97.5705329201433,96.21249765428,0.671
EGY,2021,24,96,96,96,3827.354153743081,176.93664551,2.75,80.3491927630684,97.5013675608953,96.4288914179465,NA
EGY,2022,23.5,97,96,97,4233.307837448563,171.67852783,2.75,NA,97.4328917169926,96.6466119170931,NA
EGY,2023,22.9,96,96,96,3456.7896845625296,141.41111755,2.75,83.0465220652019,97.3651944677444,96.8657483684403,NA
EGY,2024,22.4,97,97,97,3338.473713958945,NA,2.735,83.9216814420657,97.2982426280194,97.086129419198,NA
EMU,2000,5.837714354050239,NA,NA,NA,20039.40026551284,1730.791278309523,1.470004503263593,103.415893554688,99.65985890429334,98.84561464310748,3.2290851626398145
EMU,2001,5.596901575464579,NA,NA,NA,20289.650527509275,1772.41803751041,1.457104145723345,104.726371765137,99.67226679062748,98.85627931009414,NA
EMU,2002,5.419032239144227,NA,NA,NA,22047.27956607913,1973.501689896714,1.459227872985893,105.037162780762,99.68578969747716,98.86788821280147,NA
EMU,2003,5.222370096873691,NA,NA,NA,27010.58761518191,2473.5648890289954,1.4732455662941506,105.221038818359,99.69918161015512,98.87588215138815,NA
EMU,2004,5.04459207849048,NA,NA,NA,30803.286099919005,2828.802814280465,1.4957103896906991,104.333488464355,99.71253327212273,98.883613761473,NA
EMU,2005,4.8476623565305825,NA,NA,NA,31781.66188335327,2945.9402503822444,1.498612969561544,106.027038574219,99.72609632638591,98.89129601324969,NA
EMU,2006,4.676988593680842,NA,NA,NA,33646.23034911687,3112.807717679104,1.5231110605528442,106.404571533203,99.73923921655518,98.897744060783,NA
EMU,2007,4.548526982866373,NA,NA,NA,38544.225825611546,3531.315321005557,1.538305569952392,106.536880493164,99.7517586727028,98.90345403436687,NA
EMU,2008,4.429767612012408,NA,NA,NA,42172.93881501631,3989.627453399377,1.5781021569535187,107.129707336426,99.76421952541249,98.9097646189322,NA
EMU,2009,4.324048426303178,NA,NA,NA,38464.158639003304,3926.9229152903913,1.5618080537080767,106.907577514648,99.7813914846123,98.91652745530378,NA
EMU,2010,4.187246909225435,NA,NA,NA,37491.611407308155,3811.855631768344,1.575117386803751,108.396392822266,99.80021634768715,98.92400728192814,3.670505042424813
EMU,2011,4.107614682609935,NA,NA,NA,40569.5862836129,4070.956007933346,1.5560401473682977,108.977081298828,99.81834536564016,98.9301675964367,NA
EMU,2012,4.006511636878927,NA,NA,NA,37481.45024730337,3801.833358110315,1.551794854706354,107.805709838867,99.83496436228072,98.93603788082667,NA
EMU,2013,3.958659203932394,NA,NA,NA,39097.59254704256,3979.400460857141,1.5294285821829412,108.607147216797,99.84536367509024,98.94074335406728,NA
EMU,2014,3.9148447487338944,NA,NA,NA,39979.30093140135,4081.848530124949,1.5521447788991414,107.928291320801,99.8562712901866,98.94480363474273,NA
EMU,2015,3.8763222341384207,NA,NA,NA,34471.17471350269,3509.506753023416,1.5497702604595718,107.714622497559,99.8623839282328,98.9560924538183,NA
EMU,2016,3.85275424700881,NA,NA,NA,35228.48545394278,3572.524745898602,1.570071649819036,107.162811279297,99.86824432041048,98.96693764414373,NA
EMU,2017,3.7852520824390687,NA,NA,NA,37243.56510159972,3768.182637287932,1.5456524063226822,107.24112701416,99.87320378449742,98.97562775595472,NA
EMU,2018,3.7596871893520314,NA,NA,NA,40107.53628546432,4058.598172266573,1.5262615523506706,107.565269470215,99.87774258098436,98.98350487264224,NA
EMU,2019,3.713434859668958,NA,NA,NA,39220.51367433549,3990.720647189198,1.5033446185670187,107.41471862793,99.88197415294452,98.98942025218535,NA
EMU,2020,3.6961259921934353,NA,NA,NA,38236.55430485057,4267.968672244994,1.4770087467906905,108.211967468262,99.8853240431178,98.9939360722038,NA
EMU,2021,3.699552629878521,NA,NA,NA,42984.569741415355,4808.526674529802,1.505314664925608,108.343849182129,99.88835793020831,98.99729455437463,NA
EMU,2022,3.681935293871304,NA,NA,NA,41608.7123275598,4440.786632780007,1.4403803829036794,108.541839599609,99.89115187155028,99.03597025592532,4.1888917956196785
EMU,2023,3.6701056198406694,NA,NA,NA,45330.1093015768,4665.305898854061,1.3769428953477416,108.208801269531,99.89390790139176,99.03891971370945,NA
EMU,2024,3.662258293163014,NA,NA,NA,46945.41882344275,5420.843574367417,1.3466793084840356,108.208801269531,99.89408999378388,99.03760144844038,NA
ERI,2000,85.3,81,76,83,314.3573967535008,14.03034782,5.397,37.1347503662109,46.8142152971943,8.28530072689983,0.045
ERI,2001,81.1,86,84,90,325.40916151359266,14.90675831,5.306,38.0059700012207,47.1204233529644,8.6404789305264,0.041
ERI,2002,77.3,90,83,93,304.77575646509234,15.77544498,5.233,36.5366516113281,47.4409244567689,8.98629579771191,0.055
ERI,2003,73.8,93,92,95,348.95032707774243,19.81480217,5.143,37.1061096191406,47.7752228126397,9.32208650503035,0.042
ERI,2004,70.5,98,96,99,426.8409478870323,23.15624809,5.036,34.2101783752441,48.1234182056445,9.64744722939411,0.055
ERI,2005,67.5,96,95,96,412.7530791994235,21.92651939,4.934,38.3557510375977,48.4844074537935,9.96153520031783,0.046
ERI,2006,64.7,94,94,94,447.9974047272008,23.77408791,4.881,39.934700012207,48.8594940483832,10.2644175982683,0.05
ERI,2007,62,95,92,95,480.4476236545604,19.62666321,4.812,41.5399284362793,49.2469532106027,10.5550786241031,0.045
ERI,2008,59.6,95,91,95,490.0669560033334,21.55065727,4.737,42.7360801696777,49.6487034568778,10.8337740406528,0.045
ERI,2009,57.3,95,93,95,642.9257228800705,24.35102463,4.656,43.0703887939453,49.8103238748975,11.0220414202395,0.044
ERI,2010,55.2,95,95,95,539.6995120696864,26.00652122,4.571,44.5370407104492,49.9773816653656,11.2019452505005,0.044
ERI,2011,53.3,94,96,94,688.6816595768397,35.55129623,4.486,45.4227294921875,50.1505293513249,11.3735403344941,0.045
ERI,2012,51.4,94,98,94,NA,27.78689003,4.407,46.2857704162598,50.3291745608518,11.5365173088441,0.05
ERI,2013,49.7,94,94,94,NA,31.64078712,4.335,45.141300201416,50.7051288039864,11.6362700094956,0.056
ERI,2014,48.1,94,90,94,NA,32.93448257,4.273,45.0337791442871,51.0835644393148,11.7366810070379,0.066
ERI,2015,46.4,95,97,95,NA,29.22208977,4.217,41.9455795288086,51.4650919722432,11.8379124928254,0.068
ERI,2016,44.7,95,95,95,NA,26.00592422,4.164,NA,51.8497177620962,11.9399660140866,0.072
ERI,2017,43.3,95,93,95,NA,25.10270691,4.112,42.0257682800293,NA,NA,0.071
ERI,2018,41.9,95,93,95,NA,26.68201256,4.056,43.4416885375977,NA,NA,0.088
ERI,2019,40.5,95,93,95,NA,28.42930794,3.997,NA,NA,NA,0.077
ERI,2020,39.1,95,93,95,NA,27.66697884,3.933,NA,NA,NA,0.088
ERI,2021,37.8,95,93,95,NA,27.58759499,3.867,NA,NA,NA,0.085
ERI,2022,36.6,95,93,95,NA,27.0898056,3.786,40.2760810852051,NA,NA,0.088
ERI,2023,35.4,95,93,95,NA,28.29782677,3.713,NA,NA,NA,NA
ERI,2024,34.3,95,93,95,NA,NA,3.68,NA,NA,NA,NA
ESP,2000,5.4,95,94,95,14743.267103145476,1005.28399658,1.22,NA,99.9999986287101,99.81337600395,3.101
ESP,2001,5.3,96,96,95,15368.233798443476,1045.05065918,1.23,118.565773010254,99.9999991097535,99.8132386621396,3.106
ESP,2002,5.1,98,97,98,17111.068505894054,1174.5793457,1.25,119.03498840332,100,99.8203750851097,3.105
ESP,2003,5,98,98,99,21522.01709902615,1648.05712891,1.3,117.701393127441,99.9999999264819,99.8274307046271,3.2
ESP,2004,4.9,97,97,97,24925.02678445755,1932.21398926,1.31,118.77808380127,99.9999964221336,99.8345059516588,3.419
ESP,2005,4.7,96,97,96,26450.953013038234,2074.33081055,1.33,121.273582458496,100,99.8416133982387,3.521
ESP,2006,4.5,98,97,98,28421.686527407033,2256.68066406,1.36,121.005409240723,100,99.8487382179383,3.601
ESP,2007,4.4,96,97,96,32652.01559470198,2625.55664063,1.38,121.423683166504,100,99.8558830962321,3.538
ESP,2008,4.2,97,98,97,35603.248328071044,3019.7578125,1.45,120.799942016602,100,99.8630455498867,3.523
ESP,2009,4,96,98,96,32279.820847615145,2962.48266602,1.38,120.13614654541,99.999999329905,99.8702292600301,3.577
ESP,2010,3.8,97,95,97,30658.74222829119,2816.84350586,1.37,124.076477050781,99.9999972813307,99.8774338307554,3.737
ESP,2011,3.7,97,97,97,31824.621913477695,2938.18041992,1.34,127.101058959961,99.9999999335079,99.8846622975312,3.814
ESP,2012,3.6,96,97,96,28456.44381514769,2620.84204102,1.32,128.53596496582,99.9861677203853,99.8919111266773,3.804
ESP,2013,3.5,96,95,96,29228.846559842044,2664.48339844,1.27,127.453941345215,99.9566408362607,99.8991712740444,3.791
ESP,2014,3.4,97,96,97,29707.765509467015,2716.5793457,1.32,126.035743713379,99.926942900271,99.9060955227569,3.781
ESP,2015,3.3,97,96,97,25982.44161977755,2383.85302734,1.33,125.209602355957,99.9267194862736,99.9124654207722,3.826
ESP,2016,3.3,97,97,97,26755.606114939812,2378.13598633,1.33,124.175399780273,99.9265065763433,99.9188850913844,3.803
ESP,2017,3.2,95,98,95,28381.342559690624,2564.55834961,1.31,122.132362365723,99.9262777210373,99.9198350404292,3.854
ESP,2018,3.2,96,98,96,30602.42128811132,2784.16308594,1.26,121.294639587402,99.9260612803023,99.9195992102324,3.996
ESP,2019,3.2,95,98,95,29786.5245689007,2756.62109375,1.23,121.037368774414,99.9258322377834,99.9193505376925,4.376
ESP,2020,3.2,94,96,94,27233.942646160765,2942.41943359,1.18,119.971183776855,99.9256069689441,99.9191055578582,4.546
ESP,2021,3.2,93,95,93,30799.477593777483,3188.8515625,1.18,122.149238586426,99.9253882857533,99.9188670826466,4.457
ESP,2022,3.2,95,97,95,30319.498719661635,2948.61474609,1.16,122.008041381836,99.9251513451199,99.9186101900368,4.294
ESP,2023,3.2,93,96,93,33493.22254091113,3106.62011719,1.12,120.571983337402,99.9249297229504,99.9183686152338,NA
ESP,2024,3.2,94,97,94,35326.76830692781,NA,1.1,120.838081359863,99.9247001396709,99.9181189186239,NA
EST,2000,11,93,93,93,4070.60902410208,209.97769165,1.36,NA,97.4667553534915,99.7576887855181,2.942
EST,2001,10.1,94,95,94,4502.666149923917,214.70417786,1.32,98.5468215942383,97.6082566784307,99.7554350798851,2.783
EST,2002,9.3,94,95,94,5343.183107607348,250.48020935,1.36,101.218223571777,97.7507016968826,99.75165299687,2.964
EST,2003,8.5,94,95,95,7205.40703313243,368.97955322,1.37,101.92537689209,97.8940454048991,99.7067384625393,2.996
EST,2004,7.8,94,96,95,8916.072827460204,474.50796509,1.47,103.808959960938,98.038347638016,99.6452315858009,3.023
EST,2005,7.1,96,96,96,10414.638118356492,549.63024902,1.52,106.102340698242,98.1836064927541,99.5838417211126,3.142
EST,2006,6.5,95,96,95,12641.480097647316,627.18377686,1.58,106.238578796387,98.3297821115906,99.522563231891,3.182
EST,2007,5.9,95,96,95,16745.430801114762,866.49945068,1.69,107.076751708984,98.4769162327614,99.4613971184116,3.26
EST,2008,5.4,95,95,95,18205.906411344597,1082.15478516,1.72,107.321166992188,98.6250163424299,99.4003505685032,3.342
EST,2009,5,95,95,95,14712.44942179163,1006.50708008,1.7,108.62345123291,98.7740812931391,99.3394223505559,3.281
EST,2010,4.6,94,95,94,14663.70410187046,966.19024658,1.72,110.668418884277,98.924086764246,99.2786089293532,3.244
EST,2011,4.2,93,94,93,17555.545523942612,1061.1628418,1.61,111.414039611816,99.075060117403,99.2179098220074,3.294
EST,2012,3.9,94,94,94,17568.213796971362,1058.71960449,1.56,111.909286499023,99.2291464773041,99.1574914721091,3.284
EST,2013,3.6,94,94,94,19310.38749007572,1194.86206055,1.52,109.79280090332,99.3847877447218,99.0971593772044,3.335
EST,2014,3.4,93,93,93,20581.789899169544,1287.76123047,1.54,107.761253356934,99.5393104564203,99.0367024476379,3.361
EST,2015,3.2,93,93,93,17722.155766952314,1156.20275879,1.58,108.522552490234,99.6927225302901,99.0355098457434,3.417
EST,2016,3,93,93,93,18666.3736521706,1226.0859375,1.6,112.33544921875,99.8450343236061,99.0342292897259,3.457
EST,2017,2.8,93,93,93,20851.522349686096,1350.12646484,1.59,114.632881164551,99.9257062109249,99.0328460543917,3.468
EST,2018,2.7,92,87,92,23618.13612545807,1553.43347168,1.67,114.272331237793,99.9485371012832,99.0313545119292,3.483
EST,2019,2.5,91,88,91,24021.250141330624,1599.3503418,1.66,114.590209960938,99.9714771406741,99.0297517072032,3.469
EST,2020,2.4,91,91,91,23933.993942106536,1789.03417969,1.58,115.08674621582,99.9945255363523,99.0280228246995,3.479
EST,2021,2.3,90,89,89,27951.165927774426,2091.15649414,1.61,115.217590332031,99.9999994683624,99.0261691561023,3.43
EST,2022,2.2,87,87,86,28340.382654940564,1998.74523926,1.41,114.788101196289,100,99.0241800879557,3.469
EST,2023,2.1,84,85,84,30264.006488505736,2258.4597168,1.31,110.660980224609,100,99.0220443822146,NA
EST,2024,2,81,83,81,31428.354781610396,2437.83764648,1.18,111.402633666992,99.9999970212441,99.0214935273124,NA
ETH,2000,140.1,30,28,48,122.26920260606896,5.28970861,6.654,11.7815504074097,18.7590608817132,2.9657663244498,0.021
ETH,2001,133.8,32,29,51,118.45720425526066,5.50955105,6.579,14.0522804260254,20.2861313623688,3.22631881592251,0.028
ETH,2002,127.4,35,32,53,109.59381361298792,5.14964151,6.499,14.9959602355957,21.8105947283134,3.48709965924687,0.029
ETH,2003,121,37,33,56,116.80049113277668,5.70984173,6.4,14.5203800201416,23.3303794917418,3.74769441878364,0.026
ETH,2004,114.6,39,35,58,133.16981253809556,5.7385993,6.301,15.9084901809692,24.8460769905675,4.03281392420472,0.026
ETH,2005,108.3,43,40,61,158.24345808246497,6.4820013,6.194,18.1193408966064,26.3576124690887,4.31725101635963,0.031
ETH,2006,102.4,46,44,61,189.34573752141827,8.42413712,6.047,21.5401401519775,27.8655119170134,4.60119614731006,0.026
ETH,2007,96.9,50,49,63,237.14625599631884,11.63210678,5.887,24.6181907653809,29.3784617293428,4.88681883136837,0.022
ETH,2008,91.8,54,54,65,316.41047511807477,13.03863621,5.695,26.6844291687012,30.9869711535733,5.196915075959,0.024
ETH,2009,87.1,58,59,67,368.5747122674447,15.1445961,5.488,27.9870700836182,32.5882446657978,5.50779854946485,0.025
ETH,2010,82.7,61,64,68,330.6194127986438,16.17102051,5.282,30.1612491607666,34.1836897406234,5.82002469888892,NA
ETH,2011,78.6,65,68,70,343.0249423518872,14.62286568,5.08,32.4362602233887,35.7718966203647,6.13343630352376,NA
ETH,2012,74.8,61,62,69,452.1010318857536,20.00217628,4.887,34.5193099975586,37.3536456061453,6.44846430368166,NA
ETH,2013,71.2,59,55,68,484.039833104062,19.26698494,4.708,NA,38.9189287309583,6.76236331987807,NA
ETH,2014,67.7,61,54,68,549.9865770825876,21.6064415,4.605,NA,40.4770660365689,7.07793835749952,NA
ETH,2015,64.4,62,56,75,597.9121132186633,23.21817207,4.529,33.3210265952712,42.0272706430081,7.39517563066231,NA
ETH,2016,61.3,64,57,67,641.6515232862331,24.34373283,4.473,NA,43.569746379878,7.71437321783047,NA
ETH,2017,58.4,65,59,67,696.3484290762159,24.18239403,4.401,NA,45.1032760984933,8.0353579200927,NA
ETH,2018,55.8,62,54,65,739.7020222720861,23.5205574,4.371,NA,46.6289667749081,8.35875920842316,0.075
ETH,2019,53.6,61,56,64,793.4732472102638,25.93511963,4.347,NA,48.1464763368745,8.68474048756754,0.089
ETH,2020,51.5,62,57,64,829.790982547947,28.28001595,4.274,NA,49.6550451612317,9.01330021395482,0.102
ETH,2021,70.4,63,60,63,893.0098354490499,26.06931114,4.177,NA,51.1547750099921,9.3447728615381,0.1
ETH,2022,68.1,63,62,59,982.1031615069916,27.06845474,4.082,NA,52.6449341831795,9.67915935964554,0.105
ETH,2023,51.5,70,68,69,1055.8109159252658,34.79846954,3.989,NA,54.125600929218,10.0168072289161,0.143
ETH,2024,44.5,73,72,73,1133.8827968171868,NA,3.909,NA,55.5960696159493,10.3577188356734,NA
EUU,2000,7.165989362956806,NA,NA,NA,16976.045266870497,1431.5464371937449,1.4413597757676155,101.815292358398,99.48691861628625,97.52706290971297,3.0674920930879344
EUU,2001,6.837332190051944,NA,NA,NA,17230.648009586926,1473.7520292633394,1.4230539285118609,103.150093078613,99.50511003110984,96.39897929121544,NA
EUU,2002,6.6051822769734105,NA,NA,NA,18797.81163160736,1649.7635259971526,1.421192523437002,103.708229064941,99.52596167418125,96.50130142888491,NA
EUU,2003,6.378224731719576,NA,NA,NA,23020.95580326589,2069.930558687477,1.4325240917551814,104.016456604004,99.546932911681,96.58812538146051,NA
EUU,2004,6.155345212462528,NA,NA,NA,26368.678046433342,2372.4831846017605,1.456058490438649,101.810302734375,99.56767073449716,96.67261806934152,NA
EUU,2005,5.919937054304574,NA,NA,NA,27431.49910308336,2484.4519124791977,1.466607156044137,103.165328979492,99.47025727827216,96.7565900399906,NA
EUU,2006,5.651472074092682,NA,NA,NA,29200.580946734324,2633.2406007716654,1.4945554526857583,103.802017211914,99.48890601150092,96.881419406936,NA
EUU,2007,5.423483412353726,NA,NA,NA,33704.6636441399,3004.2316836524474,1.5151566756709025,103.797233581543,99.50675401615572,97.01408204757028,NA
EUU,2008,5.237850018497679,NA,NA,NA,37169.07468508418,3413.6365174045472,1.5650154994322634,104.980712890625,99.5242306799606,97.146062412175,NA
EUU,2009,5.065705140655731,NA,NA,NA,33632.074845625815,3340.252785724428,1.5574067448630682,105.384651184082,99.54512752672372,97.2661755213664,NA
EUU,2010,4.855548704590928,NA,NA,NA,33119.56732117752,3268.036908406667,1.5634616186115968,106.656219482422,99.521551551537,97.38343272818165,3.4734978536935306
EUU,2011,4.691810035548491,NA,NA,NA,35963.31478498077,3523.019518696018,1.5295940714160523,107.169059753418,99.49592892220028,97.49197060558086,NA
EUU,2012,4.545305002679597,NA,NA,NA,33324.77098968213,3301.710381081008,1.5316154700871467,106.137130737305,99.46999666755558,97.60234902128464,NA
EUU,2013,4.4371936775856,NA,NA,NA,34804.72812009965,3463.6475049293476,1.5082501387145877,108.645858764648,99.4415806110876,97.71244395632743,NA
EUU,2014,4.348625121031132,NA,NA,NA,35590.100455906926,3550.2548712076723,1.5381573440447591,107.979553222656,99.41480947284964,97.82017183360928,NA
EUU,2015,4.272619155745405,NA,NA,NA,30771.656859126084,3056.0016232766593,1.5403161903069211,107.710403442383,99.37994816361402,97.9351226099889,NA
EUU,2016,4.19492071938833,NA,NA,NA,31456.897128065597,3117.186253909473,1.5706018228083145,107.008682250977,99.3449634545531,98.05009760088844,NA
EUU,2017,4.095746351467892,NA,NA,NA,33394.5888043692,3295.2118136021245,1.5646647320074687,107.164947509766,99.30886820798789,98.13861184966528,NA
EUU,2018,4.01789187486254,NA,NA,NA,36054.953230112995,3552.9434430703727,1.5472031858454862,107.385391235352,99.2731412606909,98.20502994246074,NA
EUU,2019,3.9375796178343943,NA,NA,NA,35374.14036769341,3498.76733094227,1.5276703195904426,107.081871032715,99.23698748709654,98.25502721726951,NA
EUU,2020,3.888321431690126,NA,NA,NA,34694.70358691945,3749.139904987425,1.5040948925250412,108.042427062988,99.2070508163239,98.3017410043911,NA
EUU,2021,3.868368413777164,NA,NA,NA,39206.979177608446,4245.260274534821,1.5243239889960691,107.97386932373,99.17850880035029,98.34655242660416,NA
EUU,2022,3.8603970586866865,NA,NA,NA,38066.8844892624,3922.696004246955,1.4548683470047967,107.83553314209,99.14144036294267,98.41381165445448,4.15125312082381
EUU,2023,3.8658097990384745,NA,NA,NA,41566.57411007853,4153.58435864806,1.3837480486422002,107.276847839355,99.10531911392896,98.45708244118858,NA
EUU,2024,3.864404690101088,NA,NA,NA,43304.96425613311,5005.49753794043,1.340870006715972,107.276863098145,99.06755234791078,98.45977432502856,NA
FCS,2000,139.66330497563365,NA,NA,NA,751.8012630344529,23.403048559014024,5.191424021846794,28.9145698547363,50.69516822501384,37.9549761987435,0.6103370362933489
FCS,2001,134.96258007019327,NA,NA,NA,719.2158860383364,23.547837383244996,5.161386948317087,29.6567497253418,51.28150322000566,37.928773431005865,NA
FCS,2002,130.1616003237672,NA,NA,NA,684.9983969921578,23.3661277972943,5.131294469679366,30.2477302551269,51.97194711000693,38.049657869712355,NA
FCS,2003,125.3762087825222,NA,NA,NA,703.7393697907374,30.17787954958241,5.0987329653096705,31.6787796020508,52.69950492590327,38.24254273786564,NA
FCS,2004,121.33072585407838,NA,NA,NA,871.1550121515207,35.258618497410275,5.0682239017579285,32.5856590270996,53.41960715834352,38.46231226193186,NA
FCS,2005,114.12657730617352,NA,NA,NA,1079.2406761347286,41.00296669133966,5.033720734489694,32.9925918579102,54.23009665841278,38.8099325577166,NA
FCS,2006,109.14917154350752,NA,NA,NA,1319.3385305317993,48.49732606455952,5.0101159802420145,33.6764984130859,55.047893651403726,39.16928478588661,NA
FCS,2007,105.17699600230172,NA,NA,NA,1578.9042249996016,57.20051897864226,4.978129866010579,33.6777687072754,55.87182830887958,39.54826714178952,NA
FCS,2008,102.59301264370168,NA,NA,NA,1971.0469397135932,66.3813471912518,4.959748678293992,35.516170501709,57.0621991540821,39.965033269870034,NA
FCS,2009,100.58132579290132,NA,NA,NA,1739.102835678662,61.308487067555554,4.933681860910579,37.0622901916504,57.94338685896713,40.39027570026739,NA
FCS,2010,96.33632343712796,NA,NA,NA,2017.5674141868203,66.72278251513653,4.8959233094295955,38.7931785583496,58.841188552369154,40.84087928028924,0.49667688318087255
FCS,2011,96.47208577026504,NA,NA,NA,2053.7158053710036,72.54183851314558,4.860162194170425,39.6942291259766,59.48572141079934,40.84847652579131,NA
FCS,2012,90.48635050227222,NA,NA,NA,2233.126758195574,79.44693547389963,4.813154952713814,41.1292495727539,60.35610847912262,41.288944146049154,NA
FCS,2013,87.67041901230886,NA,NA,NA,2144.2147933218644,82.95411884684295,4.755997460205784,42.6944198608398,61.243303446641384,41.735670463698725,NA
FCS,2014,87.50403084026978,NA,NA,NA,2051.546437338949,81.8094595615783,4.709106828492925,40.790111541748,62.1084221397454,42.17903034461274,NA
FCS,2015,86.18198855991825,NA,NA,NA,1663.1620012727878,74.2365842183506,4.652802787891773,41.4105987548828,63.01016491345508,42.634989620865355,NA
FCS,2016,85.10528724081084,NA,NA,NA,1491.0808031591482,71.76055060104945,4.589011393429679,40.9391899108887,63.91866367089388,43.1096501554522,NA
FCS,2017,84.72071709858199,NA,NA,NA,1549.6095293355902,71.12346083251992,4.518258592936663,41.7020301818848,64.8705444709273,43.70010516056039,NA
FCS,2018,81.15281273524343,NA,NA,NA,1634.9296587547317,77.87526430244239,4.454354453625296,42.3339385986328,65.77311954460012,44.16601601775629,NA
FCS,2019,80.25962706624327,NA,NA,NA,1861.653304530305,75.44734722812589,4.392651668701994,42.9953918457031,66.68359664101759,44.62279967702058,NA
FCS,2020,78.14763189423317,NA,NA,NA,1618.4798041022034,74.79324843802308,4.326624428069549,43.7159309387207,67.59485228350414,45.08314923200887,NA
FCS,2021,80.2556380274426,NA,NA,NA,1711.40128929758,82.70207951834409,4.275451137471264,44.2586288452148,68.47501213970962,45.56335144776209,NA
FCS,2022,81.87338577797006,NA,NA,NA,1850.917430547692,72.87815074400481,4.220918234824879,44.5880584716797,69.18153712245856,46.11542272094475,0.5275140092264098
FCS,2023,76.37453334027812,NA,NA,NA,1682.7505884547566,70.87985323281863,4.181662072727265,44.5917892456055,69.95692001659594,46.48661272324886,NA
FCS,2024,74.02748542237727,NA,NA,NA,1527.9580951403666,NA,4.121712497361633,44.4160385131836,70.73032486402526,46.808436159691325,NA
FIN,2000,4.3,99,96,96,24335.922508265896,1726.74438477,1.73,NA,100,99.4481877671759,2.499
FIN,2001,4.2,98,96,95,24965.202996775988,1810.40380859,1.73,134.663055419922,100,99.4481778138621,2.5
FIN,2002,4.1,98,96,95,26989.38926095902,2059.3269043,1.72,136.179000854492,99.9999968734503,99.4481635733416,2.527
FIN,2003,4,98,97,96,32920.08571925683,2613.84570313,1.76,138.743591308594,100,99.448158371648,2.564
FIN,2004,3.9,98,97,96,37768.13342020287,3044.12109375,1.8,113.423683166504,99.9999955263945,99.4481450211676,3.653
FIN,2005,3.7,97,97,97,39049.87037802232,3236.85839844,1.8,113.830627441406,99.9999971053546,99.4481380769585,3.674
FIN,2006,3.6,97,97,97,41214.01877650688,3414.94140625,1.84,112.610382080078,100,99.4481326778555,3.691
FIN,2007,3.5,99,98,97,48473.02400914548,3918.64453125,1.83,111.485862731934,99.9999969532681,99.4481210814901,3.729
FIN,2008,3.3,99,97,97,53769.47262403853,4486.33789063,1.85,110.881446838379,99.9999979690853,99.4481136953925,3.742
FIN,2009,3.2,99,98,99,47478.34953109991,4349.89501953,1.86,110.353019714355,99.9999991951693,99.4481065796544,3.775
FIN,2010,3,99,98,99,46506.291901656616,4251.52880859,1.87,111.196716308594,100,99.4480868055649,3.44
FIN,2011,2.9,99,97,99,51060.324258976674,4717.5078125,1.83,111.733192443848,100,99.4480530393252,3.543
FIN,2012,2.8,99,97,99,47551.67408413692,4573.19726563,1.8,112.473762512207,99.9999978985936,99.4480121860374,3.556
FIN,2013,2.6,98,97,98,49691.01452007388,4892.03369141,1.75,152.21354675293,99.9999962385025,99.4479919012629,3.386
FIN,2014,2.6,98,96,98,50073.776081587115,4922.4296875,1.71,154.411575317383,99.9999970318793,99.447989639906,3.448
FIN,2015,2.5,97,95,97,42560.34567671027,4128.20751953,1.65,157.990310668945,100,99.4479924994101,3.421
FIN,2016,2.4,92,95,92,43451.25624421576,4108.73974609,1.57,159.691635131836,99.9999998933781,99.4479863794358,3.42
FIN,2017,2.4,89,94,89,46085.017473903594,4235.75488281,1.49,161.339553833008,100,99.4479844608387,3.437
FIN,2018,2.4,91,96,91,49654.24970353289,4521.27636719,1.41,161.847595214844,99.999999309504,99.4479792179027,3.463
FIN,2019,2.4,91,96,91,48358.180777370086,4459.9296875,1.35,151.423095703125,99.9999972852429,99.4479732107755,3.566
FIN,2020,2.4,89,95,90,48828.68468627994,4736.21435547,1.37,149.881484985352,99.9999988873824,99.4479703400958,3.61
FIN,2021,2.4,89,93,89,53099.13514001479,5261.90966797,1.46,150.98811340332,99.9999969157891,99.4479633785746,3.609
FIN,2022,2.4,91,94,91,50440.56022497404,4902.0390625,1.32,153.241073608398,100,99.447963421715,NA
FIN,2023,2.4,91,94,91,52834.29167527031,5515.40478516,1.26,151.367446899414,99.9999988667298,99.4479540389609,NA
FIN,2024,2.4,91,94,91,53149.76719340505,NA,1.25,150.736312866211,99.9999966968731,99.4479455340914,NA
FJI,2000,22.6,90,81,91,1995.7207116326392,74.28569794,2.992,77.9657592773438,94.8171817941027,87.5905781537548,NA
FJI,2001,22.6,91,83,92,1944.9974146090017,61.49855804,2.973,76.3341522216797,94.8440772206677,87.645208009653,NA
FJI,2002,22.7,93,85,94,2136.567941186826,69.40512085,2.968,78.0475387573242,94.8709679022019,87.6998330662388,NA
FJI,2003,22.8,94,86,95,2655.5807958604446,86.09690094,2.957,79.5437927246094,94.8927029314255,88.3372852839181,0.439
FJI,2004,23.1,95,88,96,3097.1909665175926,110.06819152999999,2.941,82.2571029663086,94.9147944763189,88.9689415238331,NA
FJI,2005,23.3,96,90,97,3377.6912695349274,120.21074677,2.917,NA,94.9370413957201,89.5944358182032,NA
FJI,2006,23.5,98,92,98,3455.105999073486,126.38617706,2.905,82.5951385498047,94.9596519780134,89.9493490621546,NA
FJI,2007,23.5,99,94,99,3762.7469278929902,140.30192566,2.872,82.7922592163086,94.9825498641787,90.2946156798111,NA
FJI,2008,23.2,99,95,98,3899.9223151212927,134.50354004,2.819,81.2673568725586,95.0125415500904,90.6391439703364,0.373
FJI,2009,22.8,99,95,99,3164.132754081691,121.05646515,2.76,82.2133331298828,95.0445350823456,90.9745036563402,0.41
FJI,2010,22.2,99,96,98,3449.1445288336895,127.65603638,2.696,NA,95.076983731919,91.2985247970932,NA
FJI,2011,21.6,99,96,99,4139.602886097022,140.93704224,2.631,86.2617492675781,95.1097406179506,91.6111034972406,NA
FJI,2012,21,99,98,99,4341.403387487495,153.56562805,2.612,85.2120971679688,95.1429478152795,91.9124427859318,NA
FJI,2013,20.7,99,94,99,4572.443775442445,158.51806641,2.604,NA,95.1763187725966,92.2023735585411,0.77
FJI,2014,20.6,99,99,99,5293.356766804642,178.31169128,2.591,89.439954928784,95.2100729129394,92.4811636292608,NA
FJI,2015,20.9,99,98,99,5097.531068646955,169.47518921,2.567,89.4052671769281,95.2442012588905,92.7488640903171,0.813
FJI,2016,21.6,95,97,89,5363.790266792433,175.91635132,2.518,90.7946273675174,95.278634976057,93.0055113848616,NA
FJI,2017,22.7,91,99,91,5826.848144593282,185.69645691,2.461,NA,95.3133024356782,93.2511716546291,NA
FJI,2018,24.2,94,95,94,6085.419794853761,249.86022949,2.419,93.1892646769198,95.3482691825769,93.4859578759574,NA
FJI,2019,25.7,97,94,97,5842.073445775965,254.83047485,2.385,94.1516926967393,95.3833163293103,93.7099433236184,NA
FJI,2020,27.2,97,92,98,4620.645723801395,256.25967407,2.357,93.3745574951172,95.4183568880338,93.6215609537076,NA
FJI,2021,28.3,98,98,97,4536.733121103354,331.58413696,2.332,94.6174004192872,95.4534634943263,93.3328625255853,NA
FJI,2022,28.9,96,99,97,5414.120921190881,217.15068054,2.305,96.1407038662342,95.4886333379859,93.0437432138971,NA
FJI,2023,29.2,97,98,97,5926.205863947629,212.88697815,2.281,99.1709898140329,95.5237842457223,92.7542060099235,NA
FJI,2024,29.1,94,91,93,6425.741517157122,NA,2.27,99.1615984606398,95.5603898762947,92.7542897592228,NA
FRA,2000,5.4,97,84,98,22340.593951621708,2161.85302734,1.89,NA,99.9999963750584,98.6630246141196,3.328
FRA,2001,5.2,97,85,98,22331.79483430362,2192.71557617,1.9,104.655410766602,100,98.6622562806952,3.358
FRA,2002,5.1,97,86,97,24144.572701952864,2449.75830078,1.88,103.38053894043,100,98.66149050435,3.381
FRA,2003,4.9,97,87,96,29479.522210117502,3006.3059082,1.89,103.231269836426,100,98.6607322407196,3.396
FRA,2004,4.8,98,88,99,33644.92822203642,3458.62744141,1.92,102.502822875977,99.9999969222642,98.6599677611607,3.413
FRA,2005,4.6,98,87,98,34696.37183169715,3575.02514648,1.94,106.991889953613,99.9999971982773,98.6592218035867,3.413
FRA,2006,4.5,99,89,99,36431.565890655525,3811.55175781,2,106.926139831543,99.9999982498947,98.6584766292502,3.406
FRA,2007,4.4,99,90,99,41486.19078287867,4312.31054688,1.98,106.79029083252,99.9999991615937,98.6577403586305,3.388
FRA,2008,4.4,99,89,99,45464.8181385158,4807.37451172,2.01,106.61882019043,99.9999991289051,98.6569940968678,3.385
FRA,2009,4.3,98,89,98,41728.08841641321,4737.578125,2,106.454376220703,99.9999982791976,98.6562410005115,3.339
FRA,2010,4.2,99,89,99,40694.82116970245,4593.66308594,2.03,106.964630126953,99.9999989035929,98.6554802968933,3.345
FRA,2011,4.2,99,89,99,43929.784087381166,4936.95605469,2.01,107.088279724121,99.9999974748476,98.654714524901,3.124
FRA,2012,4.1,99,91,99,40863.581441233335,4659.92431641,2.01,106.117530822754,100,98.653944875706,3.139
FRA,2013,4.1,88,90,88,42669.17951118927,4884.71582031,1.99,104.996017456055,100,98.6531677411089,3.156
FRA,2014,4.1,92,91,92,43148.0459288416,5007.29736328,2,104.223556518555,99.999997234513,98.6523819620194,3.169
FRA,2015,4.2,96,91,96,36702.432373337935,4226.62646484,1.96,103.941093444824,99.9999999037222,98.651596087179,3.184
FRA,2016,4.2,95,90,95,37024.21571336689,4289.34716797,1.92,103.741958618164,100,98.6508068148027,3.2
FRA,2017,4.2,95,90,95,38687.16264071637,4436.63720703,1.89,104.159187316895,100,98.6500120942252,3.217
FRA,2018,4.2,95,91,95,41418.17664848442,4692.99511719,1.87,104.071128845215,99.9999999523043,98.6492124319546,3.214
FRA,2019,4.2,95,92,95,40408.28485747505,4519.98583984,1.86,104.170417785645,100,98.6484147946355,3.243
FRA,2020,4.2,96,94,96,39169.860600070715,4760.08251953,1.82,104.657997131348,100,98.6476102264443,3.252
FRA,2021,4.3,96,94,96,43725.0999521245,5364.89746094,1.83,104.648162841797,100,98.6468028432762,3.264
FRA,2022,4.3,96,95,96,40988.639640657944,4857.73388672,1.78,104.633659362793,100,98.6459966836726,3.281
FRA,2023,4.3,96,95,96,44700.138417754366,5149.0546875,1.66,104.395561218262,100,98.6451856910254,NA
FRA,2024,4.3,96,95,96,46103.08408558839,5327.43359375,1.61,104.367149353027,99.9999974759961,98.6443761623837,NA
FRO,2000,NA,NA,NA,NA,23322.75933575153,NA,2.5604,NA,100,NA,NA
FRO,2001,NA,NA,NA,NA,24879.772961786373,NA,2.297,NA,100,NA,NA
FRO,2002,NA,NA,NA,NA,26937.65056028466,NA,2.5436,NA,100,NA,NA
FRO,2003,NA,NA,NA,NA,31269.60319972171,NA,2.5267,NA,100,NA,NA
FRO,2004,NA,NA,NA,NA,35647.54404005308,NA,2.5775,NA,100,NA,NA
FRO,2005,NA,NA,NA,NA,36389.081644098005,NA,2.6115,NA,100,NA,NA
FRO,2006,NA,NA,NA,NA,41743.681284766055,NA,2.4764,NA,100,NA,NA
FRO,2007,NA,NA,NA,NA,48348.739371101074,NA,2.5395,NA,100,90.8834757181354,NA
FRO,2008,NA,NA,NA,NA,51287.891108166266,NA,2.5294,NA,100,90.8834757181354,NA
FRO,2009,NA,NA,NA,NA,47059.19472967382,NA,2.3435,NA,100,90.8834757181354,NA
FRO,2010,NA,NA,NA,NA,47923.151537499114,NA,2.5033,NA,100,90.8834757181354,NA
FRO,2011,NA,NA,NA,NA,51618.99077663916,NA,2.2832,NA,100,90.8834757181354,NA
FRO,2012,NA,NA,NA,NA,50261.961626769255,NA,2.5311,NA,100,90.8834757181354,NA
FRO,2013,NA,NA,NA,NA,55758.208368061096,NA,2.5099,NA,100,90.8834757181354,NA
FRO,2014,NA,NA,NA,NA,60172.06325416637,NA,2.5485,NA,100,90.8834757181354,NA
FRO,2015,NA,NA,NA,NA,52637.190352657395,NA,2.411,NA,100,90.8834757181354,NA
FRO,2016,NA,NA,NA,NA,56875.280381329554,NA,2.6078,NA,100,NA,NA
FRO,2017,NA,NA,NA,NA,59387.353086481984,NA,2.4684,NA,100,NA,NA
FRO,2018,NA,NA,NA,NA,62526.490851574294,NA,2.5015,NA,100,NA,NA
FRO,2019,NA,NA,NA,NA,63068.287268848275,NA,2.4187,NA,100,NA,NA
FRO,2020,NA,NA,NA,NA,62243.1905561324,NA,2.3301,NA,100,NA,NA
FRO,2021,NA,NA,NA,NA,69415.18532545795,NA,2.3109,NA,100,NA,NA
FRO,2022,NA,NA,NA,NA,67058.20226481257,NA,2.0788,NA,100,NA,NA
FRO,2023,NA,NA,NA,NA,72465.37696602153,NA,1.8676,NA,100,NA,NA
FRO,2024,NA,NA,NA,NA,74119.66075538789,NA,1.9129,NA,100,NA,NA
FSM,2000,38.6,85,85,85,2049.345324665497,161.47862244,4.217,NA,91.7920940857296,25.0484297460343,0.571
FSM,2001,37.7,75,84,79,2103.74859460914,181.29023743,4.084,NA,91.6727103398297,29.1362716817011,NA
FSM,2002,41.5,84,88,84,2113.459873324852,169.95617676,3.934,NA,91.5533265939298,33.2241136173679,NA
FSM,2003,36.4,92,91,88,2145.8775533751705,208.84524536,3.785,NA,91.4339428480299,37.3119555530347,0.534
FSM,2004,36.1,78,85,82,2104.4280475008354,257.98867798,3.681,85.8371276855469,91.3145591021301,41.3997974887025,NA
FSM,2005,35.9,94,96,94,2207.1684453387516,397.91644287,3.595,88.0796432495117,91.1951753562302,45.4876394243693,0.557
FSM,2006,35.9,67,83,81,2244.9722727448634,245.42320251,3.514,NA,91.0757916103303,49.5754813600361,NA
FSM,2007,35.6,79,92,79,2293.5134168407535,258.64785767,3.439,NA,90.9564078644304,53.6633232957029,NA
FSM,2008,35.3,85,86,88,2369.5081174131783,289.50195313,3.368,NA,90.8370241185305,57.7511652313697,0.588
FSM,2009,34.8,91,86,81,2544.11114550961,325.56570435,3.313,NA,90.7176403726307,61.8390071670365,0.1942
FSM,2010,34.1,85,80,85,2702.6116520477217,361.96511841,3.271,NA,90.5982566267308,65.9268491027033,NA
FSM,2011,33.4,84,92,83,2848.70077003105,378.15283203,3.223,NA,90.4788728808309,70.0146910383701,NA
FSM,2012,32.6,81,91,81,2992.289160990769,372.10220337,3.18,NA,90.359489134931,74.1025329740369,0.667
FSM,2013,31.6,81,91,81,2893.1343741082487,354.82269287,3.133,NA,90.2401053890312,78.1903749097037,NA
FSM,2014,30.7,77,83,76,2896.730820027141,345.01589966,3.091,NA,90.1207216431313,82.2782168453705,NA
FSM,2015,29.8,72,74,71,2853.076435870277,362.27624512,3.049,NA,90.0013378972314,86.3660587810373,NA
FSM,2016,28.9,69,70,68,2979.6011918404765,399.77108765,3.001,NA,89.8819541513315,90.4539007167041,NA
FSM,2017,28.1,73,76,72,3279.1077903928535,409.11758423,2.957,NA,89.8819541513315,90.4539007167041,NA
FSM,2018,27.3,75,73,75,3566.586903711252,428.00738525,2.922,NA,89.8819541513315,90.4539007167041,NA
FSM,2019,26.4,78,78,78,3572.6591828222195,425.28103638,2.883,NA,89.8819541513315,90.4539007167041,0.762
FSM,2020,25.6,83,79,82,3362.028021205236,403.03540039,2.852,NA,89.8819541513315,90.4539007167041,0.974
FSM,2021,24.7,72,64,72,3508.223141976636,399.43988037,2.818,NA,NA,NA,NA
FSM,2022,23.9,69,69,68,3710.1245161175234,468.53509521,2.785,NA,NA,NA,NA
FSM,2023,23.1,79,86,79,3919.6430791085854,507.7762146,2.748,NA,NA,NA,NA
FSM,2024,22.4,76,81,76,4166.00476748564,NA,2.743,NA,NA,NA,NA
GAB,2000,73.3,45,55,44,3982.906200927996,123.197258,4.469,NA,80.0652503338317,26.818195491378,NA
GAB,2001,71.5,45,55,44,3835.7571827972743,120.90242767,4.417,NA,80.5692237305059,27.9500597734658,NA
GAB,2002,69.6,45,55,44,3966.4800186466255,132.07215881,4.36,NA,81.0600023349324,29.1019683421917,NA
GAB,2003,67.7,45,55,44,4710.74862768151,166.59495544,4.299,NA,81.5373154553374,30.2734572599332,NA
GAB,2004,65.6,45,55,44,5465.791935907084,183.92318726,4.252,NA,82.0013798708484,31.4642634106599,0.278
GAB,2005,63.6,45,55,44,6547.876139551863,188.91426086,4.21,NA,82.4519182271315,32.6738741656831,NA
GAB,2006,61.8,45,55,44,6847.009856853938,211.9914093,4.17,NA,82.8900757983957,33.9024749587278,NA
GAB,2007,59.7,81,62,78,8003.542896960487,246.78276062,4.142,NA,83.3155701870669,35.1495484187274,NA
GAB,2008,57.6,82,67,81,9688.645196906333,275.89450073,4.118,NA,83.7295160274396,36.4153101145998,0.0968
GAB,2009,55.6,76,63,74,7290.575260931136,277.62945557,4.138,NA,84.1307212542328,37.6987238584805,NA
GAB,2010,53.4,67,62,68,8356.746620133452,206.87702942,4.153,NA,84.5207296199844,39.0002582968992,NA
GAB,2011,51.3,75,72,75,10219.11393394536,261.37597656,4.151,NA,84.899267815442,40.3193752929904,NA
GAB,2012,49.4,82,71,80,9296.965879410882,225.07722473,4.086,NA,85.2673947991113,41.6563306484328,NA
GAB,2013,47.3,79,70,77,9197.701063239469,261.29452515,4.019,NA,85.6239250935099,43.0100058976352,NA
GAB,2014,45.8,70,61,68,9201.362766481054,233.05368042,3.953,NA,85.9658863110068,44.3780097930999,NA
GAB,2015,44.4,80,68,79,7047.126546343554,187.27270508,3.921,NA,86.2930339752905,45.7595556064781,NA
GAB,2016,42.7,75,64,74,6677.070039016437,207.50273132,3.921,NA,86.606465035897,47.1547496987424,0.34
GAB,2017,41.4,75,63,74,6921.73373135624,192.47543335,3.913,NA,86.9072462361888,48.5637395217699,0.653
GAB,2018,39.9,70,59,64,7624.277523377101,209.28697205,3.908,NA,87.1959828592503,49.9863984455825,0.618
GAB,2019,38.5,70,62,70,7441.178647228097,205.99945068,3.884,72.0510629415333,87.472846570073,51.4223011158649,0.603
GAB,2020,36.8,63,53,62,6605.803460775652,227.2480011,3.831,NA,87.7393004139279,52.8720170958258,0.586
GAB,2021,35.8,75,64,69,8181.40914134656,228.46922302,3.776,NA,87.9954718713657,54.3351602742865,NA
GAB,2022,34.7,60,52,59,8409.207414502802,243.09941101,3.712,NA,88.2419436860256,55.8117052668054,0.521
GAB,2023,33.8,70,66,69,7802.824332761382,252.98246765,3.647,NA,88.479261326667,57.3016336632799,NA
GAB,2024,32.6,61,57,60,8230.043114511507,NA,3.592,NA,88.5995009085574,57.4015026293834,NA
GBR,2000,6.5,91,88,91,28383.87610949964,2020.96813965,1.64,101.946479797363,100,99.129987387211,1.987
GBR,2001,6.4,91,85,91,28013.872963550777,2074.59936523,1.63,101.883728027344,99.9999980893085,99.1295456734681,2.036
GBR,2002,6.3,91,85,91,30158.70178078579,2364.04736328,1.63,103.448120117188,100,99.1282510737863,2.107
GBR,2003,6.2,91,82,91,34556.77260959051,2773.99414063,1.7,103.651992797852,100,99.1269711322852,2.194
GBR,2004,6.1,92,81,92,40504.41181039285,3361.65625,1.75,105.841842651367,100,99.1256998824208,2.324
GBR,2005,6,91,82,91,42240.24629875466,3528.16162109,1.76,106.556312561035,99.9999990459371,99.1244438943876,2.4
GBR,2006,5.9,92,85,92,44695.16102342395,3802.56347656,1.82,99.3644409179688,99.9999963913423,99.1231962812761,2.45
GBR,2007,5.8,92,86,92,50629.07991728872,4415.51220703,1.86,98.5482711791992,99.9999991747697,99.1219715621849,2.481
GBR,2008,5.6,92,86,92,47652.403069188105,4280.36083984,1.91,99.5328369140625,100,99.120754731585,2.559
GBR,2009,5.4,93,86,93,39009.37155478211,3813.02758789,1.89,101.106651306152,100,99.1195549793574,2.642
GBR,2010,5.2,94,89,94,39778.32205285648,3876.33911133,1.92,103.691650390625,100,99.1183667076519,2.645
GBR,2011,5,95,90,95,42295.927383532166,4123.70019531,1.91,94.7179718017578,100,99.1171899348744,2.682
GBR,2012,4.8,95,92,95,42688.3263728372,4204.08300781,1.92,92.7410583496094,99.9999990594779,99.1160182938712,2.69
GBR,2013,4.6,95,93,95,43606.98378963484,4340.16992188,1.83,129.011032104492,100,99.1148585484301,2.702
GBR,2014,4.5,95,93,95,47746.24217595623,4733.37060547,1.81,131.405410766602,100,99.1137061018797,2.738
GBR,2015,4.5,95,93,95,45255.34492162086,4470.09228516,1.8,128.079116821289,100,99.1125609623652,2.767
GBR,2016,4.4,94,92,94,41257.908554555615,4043.35253906,1.79,NA,99.9999991226354,99.1114197755495,2.773
GBR,2017,4.4,94,92,94,40916.811507035374,3938.65234375,1.74,127.764511108398,99.9999980808565,99.1102920996894,2.802
GBR,2018,4.4,94,92,94,43702.997630316495,4233.62988281,1.68,122.013656616211,99.9999994148157,99.1091755535877,2.828
GBR,2019,4.4,93,91,93,43158.741126732304,4260.03222656,1.632,118.958671569824,100,99.1080626668205,2.932
GBR,2020,4.4,93,91,93,40812.67946638785,4865.97802734,1.571,116.565010070801,100,99.1069628063769,3.028
GBR,2021,4.4,93,91,93,47691.37687994039,5645.40136719,1.583,115.857772827148,100,99.105873619579,3.16
GBR,2022,4.5,92,90,92,47057.04322917896,5111.81738281,1.56,115.081817626953,100,99.1047944059839,3.143
GBR,2023,4.6,92,90,92,49944.47021242014,5407.17041016,1.56,113.658416748047,100,99.1037240160958,3.301
GBR,2024,4.7,92,89,92,53246.36761451085,5860.23925781,1.551,NA,99.9999991412127,99.1026610062551,NA
GEO,2000,35.8,80,73,81,749.9085349939613,52.25807953,1.609,80.0817413330078,94.0602241234961,76.0390884292644,3.867
GEO,2001,33.4,87,74,83,801.9838370792896,56.36803818,1.579,82.9587173461914,94.1619919143867,76.3455620066701,3.793
GEO,2002,30.9,84,75,89,853.5261718689393,66.08916473,1.571,85.5044097900391,94.2915348792621,76.7308281538671,3.928
GEO,2003,28.3,75,76,74,1010.0315163086844,80.6542511,1.552,89.1005401611328,94.4532594161548,77.2078100471997,3.97
GEO,2004,25.8,78,86,66,1305.0474855720777,105.09565735,1.566,86.4853973388672,94.5980809160506,77.8624268677017,3.96
GEO,2005,23.3,82,90,82,1642.7835941479732,132.22496033,1.583,91.160026550293,94.7414845988638,78.5154686105649,3.991
GEO,2006,21,88,96,89,1996.02013272284,152.0617218,1.617,96.5612411499023,94.8835839201569,79.1671925516486,4.055
GEO,2007,19,98,97,88,2635.3665027611623,195.9908905,1.697,NA,95.0243626038677,79.817561698029,4.099
GEO,2008,17.1,92,97,90,3324.7537205015014,281.84671021,1.832,107.212013244629,95.1637450762018,80.4663116596926,4.205
GEO,2009,15.5,88,83,93,2822.689396687966,270.2170105,1.993,NA,95.3017390158594,81.1134334337122,4.438
GEO,2010,14.2,92,94,88,3281.7293093734293,287.75900269,1.973,NA,95.4384260318316,81.7591448045186,4.679
GEO,2011,13.1,94,91,88,4119.668183071927,315.29684448,1.915,NA,95.5737249468986,82.4031867443918,4.747
GEO,2012,12.2,92,93,93,4530.695334094308,349.90432739,1.929,NA,95.7077336027359,83.0457915125519,4.75
GEO,2013,11.5,93,97,94,4712.002293826649,368.16253662,1.993,104.884443945013,95.8402895547886,83.6864716943759,4.799
GEO,2014,11,91,92,91,4830.334861702489,392.86099243,2.18,103.98407296803,95.9715499431682,84.3256691388097,5.081
GEO,2015,10.6,94,96,91,4086.622346596499,347.71783447,2.214,104.703674077125,96.1014497266011,84.963148689816,5.313
GEO,2016,10.2,92,93,92,4143.4012568631515,369.51849365,2.228,105.340707282856,96.2306438542473,85.6008234007507,6.351
GEO,2017,10,91,95,91,4418.752065466785,377.92520142,2.136,106.843781110901,96.3588824042299,86.2379416213095,6.478
GEO,2018,9.8,93,98,93,4804.054604044404,365.91583252,2.093,109.227803680577,96.4862775476087,86.8748222310992,7.51
GEO,2019,9.6,94,99,94,4741.283271587601,339.86679077,2.021,109.182046396768,96.6127357061039,87.5111601190334,7.452
GEO,2020,9.4,88,91,88,4300.85701291207,389.42260742,1.976,105.57885771221,96.7382823190877,88.1470373073336,5.121
GEO,2021,9.2,85,90,85,5083.606954845773,524.32415771,1.98,103.428793170353,96.877911792559,88.7819724294363,5.287
GEO,2022,9,85,90,85,6729.846599302833,546.22503662,1.82,100.530264984786,97.016455433381,89.416046138405,5.538
GEO,2023,8.8,88,95,88,8283.669606522612,554.3248291,1.81,99.8475609756098,97.1538358776458,90.04898468576,5.642
GEO,2024,8.6,86,90,86,9241.49122313713,NA,1.802,97.8280378119792,97.2900166595814,90.6806864880112,NA
GHA,2000,99.9,88,90,88,253.74693620334375,10.46035767,4.827,28.9962100982666,65.517218378745,5.7234427408028,NA
GHA,2001,95.8,79,78,81,263.5421564948529,12.15051079,4.768,27.9841899871826,66.2724810777251,5.81107386081924,NA
GHA,2002,91.9,78,78,80,297.4616446877405,14.30371571,4.687,29.3423309326172,67.2870236576029,6.75045552246998,0.09
GHA,2003,88.2,80,80,80,358.39927142072963,18.96423721,4.597,30.6779098510742,68.3036435747065,7.7086235468762,NA
GHA,2004,85,80,83,81,406.1321053295653,23.57214928,4.504,32.5887718200684,69.3225909029972,8.68540857696259,0.148
GHA,2005,82,84,83,85,478.61190919102785,38.51657486,4.496,34.3779106140137,70.3428380680709,9.68014854216275,NA
GHA,2006,79.1,84,85,84,906.4410275648868,49.34616852,4.399,36.2336196899414,71.3651562013802,10.6928566524772,NA
GHA,2007,76.2,94,95,94,1050.124615249259,57.34096527,4.288,40.4977607727051,72.3892820833539,11.7231535267872,0.07
GHA,2008,73.1,93,86,92,1182.6576125601646,63.45487595,4.217,42.8381881713867,73.4152138090769,12.7707576406742,0.077
GHA,2009,69.8,94,93,94,1047.704300935863,62.44382095,4.179,44.4520797729492,74.4422077321147,13.8350497335121,0.082
GHA,2010,66.5,94,93,94,1263.8925176053897,80.6833725,4.181,NA,75.471267939183,14.9161840108112,0.091
GHA,2011,63.3,91,91,91,1507.435731987529,91.70959473,4.177,52.0960388183594,76.5016404793149,16.0135300837222,0.095
GHA,2012,60.3,92,89,91,1543.7752423576376,81.96895599,4.154,53.1241347690324,77.5330954898138,17.126673080362,0.093
GHA,2013,57.5,90,89,91,2294.795846937434,105.34784698,4.114,64.3019790649414,78.565152693679,18.2550635017005,0.1
GHA,2014,54.9,98,92,94,1949.908329238455,78.46701813,4.029,61.2572744110292,79.5978353673804,19.3983890713711,0.108
GHA,2015,52.5,89,89,88,1722.7728283360616,78.21643066,3.982,64.5307806759859,80.631160872114,20.556338766229,0.114
GHA,2016,50.3,93,89,95,1912.479913399506,64.86400604,3.873,65.3783920673892,81.6651456164371,21.7286047018582,0.123
GHA,2017,48.2,99,95,94,2012.2866264126544,54.10602188,3.715,64.9647509332356,82.6995725023601,22.9147548943672,0.089
GHA,2018,46.1,97,92,98,2195.3216601637732,53.37788773,3.65,66.9166894213064,83.7344677926836,24.1144852694417,0.144
GHA,2019,44.1,97,92,97,2186.6582268261286,71.14958191,3.593,70.2943846951293,84.7696150287459,25.327363008810998,0.104
GHA,2020,42.2,94,88,92,2195.4548165998676,97.37677765,3.541,73.2758030599046,85.8052795210658,26.5532224510153,0.166
GHA,2021,40.3,98,94,98,2445.18662529344,94.40388489,3.492,75.6377570946198,86.841252750433,27.7916388048117,0.128
GHA,2022,38.6,99,95,90,2229.89122647803,82.32108307,3.434,77.9574778013858,87.8775520835237,29.0423190138112,0.143
GHA,2023,37.2,95,90,91,2383.9041048341815,70.25730896,3.397,NA,88.8910495956232,30.3048454596217,0.266
GHA,2024,35.9,95,90,91,2390.77237652715,NA,3.344,76.4284133911133,89.9220116872755,31.5789404731982,NA
GIB,2000,NA,NA,NA,NA,NA,NA,2.185,103.35765838623,100,100,NA
GIB,2001,NA,NA,NA,NA,NA,NA,2.104,111.911758422852,100,100,NA
GIB,2002,NA,NA,NA,NA,NA,NA,1.683,NA,100,100,NA
GIB,2003,NA,NA,NA,NA,NA,NA,1.634,NA,100,100,NA
GIB,2004,NA,NA,NA,NA,NA,NA,1.689,NA,100,100,NA
GIB,2005,NA,NA,NA,NA,NA,NA,1.754,NA,100,100,NA
GIB,2006,NA,NA,NA,NA,NA,NA,1.802,NA,100,100,NA
GIB,2007,NA,NA,NA,NA,NA,NA,1.852,NA,100,100,NA
GIB,2008,NA,NA,NA,NA,NA,NA,1.903,110.893852233887,100,100,NA
GIB,2009,NA,NA,NA,NA,NA,NA,1.926,109.230766296387,100,100,NA
GIB,2010,NA,NA,NA,NA,NA,NA,1.954,NA,100,100,NA
GIB,2011,NA,NA,NA,NA,NA,NA,1.974,NA,100,100,NA
GIB,2012,NA,NA,NA,NA,NA,NA,1.999,NA,100,100,NA
GIB,2013,NA,NA,NA,NA,NA,NA,2.099,NA,100,100,NA
GIB,2014,NA,NA,NA,NA,NA,NA,2.084,NA,100,100,NA
GIB,2015,NA,NA,NA,NA,NA,NA,2.074,NA,100,100,NA
GIB,2016,NA,NA,NA,NA,NA,NA,1.94,131.354838709677,100,100,NA
GIB,2017,NA,NA,NA,NA,NA,NA,1.93,130.694275274056,100,100,NA
GIB,2018,NA,NA,NA,NA,NA,NA,1.921,NA,100,100,NA
GIB,2019,NA,NA,NA,NA,NA,NA,1.912,98.7607192993164,100,100,NA
GIB,2020,NA,NA,NA,NA,NA,NA,1.907,98.175178527832,100,100,NA
GIB,2021,NA,NA,NA,NA,NA,NA,1.899,97.8042068481445,100,100,NA
GIB,2022,NA,NA,NA,NA,NA,NA,1.895,70.1354675292969,100,100,NA
GIB,2023,NA,NA,NA,NA,NA,NA,1.888,75.0780762023735,100,100,NA
GIB,2024,NA,NA,NA,NA,NA,NA,1.885,80.2615203857422,100,100,NA
GIN,2000,165.7,46,42,47,518.1570669240263,22.71741867,5.918,NA,49.7532822926472,9.16230658478803,0.091
GIN,2001,159,50,44,52,483.0851202147411,21.76875114,5.834,10.4426498413086,50.503637310744,9.88629196850462,NA
GIN,2002,152.7,53,46,56,495.9160735592694,24.83917809,5.781,12.3354597091675,51.2523026990112,10.6114415301292,NA
GIN,2003,146.9,57,48,61,566.4854058806803,25.60194969,5.744,14.1111297607422,51.9996253196521,11.3379449716538,NA
GIN,2004,141.6,60,50,65,584.8977405380814,26.41420937,5.733,15.3069696426392,52.7452281197482,12.2068746539465,0.109
GIN,2005,137,59,51,59,463.1776868509797,19.66388702,5.727,19.3124198913574,53.4890999882019,13.0950354311112,0.102
GIN,2006,133.1,57,51,53,446.9805541350129,16.15967941,5.704,22.1961803436279,54.2315783654935,14.0026334670864,NA
GIN,2007,129.7,63,57,46,650.1485753047425,22.64143372,5.664,NA,54.972295205421,14.9294878110963,NA
GIN,2008,126.9,60,55,59,703.5328257843689,22.97397041,5.596,24.3607196807861,55.7112370863101,15.8756067639013,NA
GIN,2009,124.4,57,53,60,662.1859146655747,23.71565628,5.528,NA,56.4483990709895,16.8410008400224,NA
GIN,2010,122.2,64,58,62,659.2353262113152,22.59741783,5.435,NA,57.184097462228,17.8258882415396,NA
GIN,2011,120.3,63,62,63,636.6949587476483,24.12806129,5.337,28.5025997161865,58.360314361898,18.8300745161128,NA
GIN,2012,118.4,59,58,59,699.3533772121965,23.70012856,5.232,NA,59.5458989237514,19.8535699723585,NA
GIN,2013,116.6,56,55,55,748.4550208247343,25.90467834,5.151,NA,60.7407932771769,20.8963805102335,NA
GIN,2014,115.4,52,51,51,765.1469993892789,36.63517761,5.07,30.6022090911865,61.9449533966477,21.958517184142,0.161
GIN,2015,113.7,48,47,47,747.3569667594476,43.41540527,5.002,NA,63.1625705426145,23.0429534538905,0.083
GIN,2016,111.4,47,48,48,711.9965097823158,38.42609406,4.915,NA,64.3935453016882,24.1498387012441,0.081
GIN,2017,109.5,49,48,49,833.598621691121,32.63646317,4.793,NA,65.6377593870016,25.2793165342665,NA
GIN,2018,107.5,51,49,50,933.273615633705,34.88978195,4.669,NA,66.8950995450723,26.4315341873572,0.219
GIN,2019,105.4,53,50,51,1031.341464807319,42.16910172,4.576,NA,68.1651301407792,27.6063983510435,NA
GIN,2020,102.9,54,50,52,1053.660976964146,41.1027565,4.489,NA,69.4483664321703,28.8045342946628,NA
GIN,2021,100.3,56,51,53,1244.9655047791368,44.10476303,4.399,NA,70.7443560609114,30.0258495167405,NA
GIN,2022,97.6,58,51,54,1416.5961201176417,53.2922287,4.303,NA,72.0532813701912,31.2707423118105,0.21
GIN,2023,95,60,52,55,1555.4937580686064,59.33010101,4.217,NA,73.3743676551949,32.538855541003,NA
GIN,2024,92.1,63,60,55,1694.9537586219271,NA,4.131,NA,74.1924841600776,32.6496371481415,NA
GMB,2000,112.8,80,89,83,538.0540723488539,74.83678436,5.716,NA,71.751986616962,51.0627069646761,NA
GMB,2001,108.1,87,89,84,459.8030683813988,55.65046692,5.67,NA,72.4709852394757,49.9139746844975,NA
GMB,2002,103.6,87,90,86,376.5310269625843,35.99459839,5.656,NA,73.1874046745589,48.7879556235198,NA
GMB,2003,99.2,87,90,87,308.7191234375875,28.3001461,5.656,NA,73.894195620681,47.7243148779708,0.099
GMB,2004,94.9,87,92,88,593.2853463265806,32.15613174,5.683,NA,74.5723410425054,46.6954252889106,0.102
GMB,2005,90.7,95,91,94,616.4836578653483,33.2039566,5.708,NA,75.2482865822258,46.5783414763304,0.1
GMB,2006,86.8,95,89,94,614.5443079044642,33.41355896,5.736,NA,75.9220098738399,46.4862604097152,0.102
GMB,2007,83,95,88,94,724.7264072424318,35.91078568,5.685,NA,76.5934928458813,46.4185276331036,0.09
GMB,2008,79.4,96,92,96,859.1276714112262,40.0297699,5.625,43.8599510192871,77.2629006181607,46.3744960730948,0.096
GMB,2009,76,98,96,97,774.8880309080911,34.59326172,5.574,45.4219284057617,77.9295055109151,46.3534874804285,NA
GMB,2010,72.7,97,92,97,801.0333727145356,32.99832535,5.558,44.591251373291,78.5938369652341,46.3547731022519,NA
GMB,2011,69.7,96,91,95,710.6084114681515,31.05148888,5.542,NA,79.2555392487377,46.3775424677641,NA
GMB,2012,66.8,98,95,98,692.579361628102,29.56409264,5.519,NA,79.9149385065975,46.4212058311807,NA
GMB,2013,64,97,96,96,653.8627132727431,25.59075928,5.392,NA,80.571196875671,46.4844347761008,NA
GMB,2014,61.4,96,96,97,568.0045355886399,17.33743477,5.197,NA,81.2241792597438,46.5660263360159,NA
GMB,2015,58.9,97,97,96,619.5363642964605,19.67725563,5.003,NA,81.8737511504613,46.6646737011035,0.096
GMB,2016,56.6,95,97,95,650.0565013236113,20.77086067,4.809,NA,82.5196405722502,46.7787647028692,NA
GMB,2017,54.3,92,90,92,642.5226412963307,21.55331612,4.614,NA,83.1620559265773,46.9072182092037,0.099
GMB,2018,52.3,93,91,93,696.2198069606148,22.17474365,4.42,NA,83.8008881364874,47.0485303132535,0.124
GMB,2019,50.4,88,85,88,738.1867519874828,23.21861267,4.33,NA,84.4361946965619,47.2014093425827,0.077
GMB,2020,48.6,85,82,89,720.3351433521331,28.9169693,4.248,NA,85.0680326919843,47.3645750957407,0.078
GMB,2021,47,82,79,89,781.8909251695309,29.77283478,4.165,116.372766553778,85.696311673001,47.5364188505618,0.104
GMB,2022,45.3,79,74,69,836.2448758684757,29.57811737,4.078,NA,86.3212416883552,47.71599120114061,0.104
GMB,2023,43.8,84,80,86,883.0241117198087,25.74407768,4.006,NA,86.7155739795785,47.9457928819298,0.09
GMB,2024,42.4,80,83,80,871.3402917762937,NA,3.907,NA,87.1034800376148,48.1711442175538,NA
GNB,2000,174.8,49,71,52,316.94549503763886,13.2785511,5.786,12.7837495803833,55.17972626039981,4.53445720097512,NA
GNB,2001,169.3,53,72,56,327.1384319723973,13.50725842,5.688,NA,55.6355112802185,5.01574870772438,NA
GNB,2002,163.6,57,73,60,362.0345745703541,14.02086544,5.634,NA,56.0766781223188,5.72910394514667,NA
GNB,2003,157.7,60,74,65,419.7848661180698,14.70093441,5.577,NA,56.5025111199122,6.75416506576179,NA
GNB,2004,151.6,64,75,69,431.3765576696339,18.42279816,5.5,NA,56.9133054099117,7.78216486739306,0.139
GNB,2005,145.3,68,76,73,463.0739626504516,20.99864388,5.46,NA,57.3083913147458,8.8783527585904,NA
GNB,2006,139.1,71,74,74,448.5130754697008,22.77665329,5.406,NA,57.6886837795946,9.9897316228944,NA
GNB,2007,132.8,74,73,76,519.0697897947414,25.56799126,5.365,NA,58.0535126816811,11.1161885061566,NA
GNB,2008,126.5,77,71,77,640.2103311017534,34.26661301,5.266,NA,58.4031554952598,12.2580921089513,0.052
GNB,2009,120.2,80,69,78,583.1900201390936,26.88874054,5.176,NA,58.7369930495235,13.4152955008386,0.081
GNB,2010,114.3,83,76,82,600.1942985407677,29.23748016,5.111,NA,59.0561288356576,14.5887141664203,NA
GNB,2011,108.6,86,83,85,719.5395734989372,44.72909927,5.067,NA,59.3599409743787,15.7782187068147,0.062
GNB,2012,103.6,87,81,87,635.4616533038806,37.75499725,5.003,NA,59.6486446194462,16.9842205721111,NA
GNB,2013,99.1,87,81,86,654.304534409417,46.05934143,4.93,NA,59.9219185208316,18.2067554736928,NA
GNB,2014,95.2,86,81,84,652.0225010294494,64.99989319,4.79,NA,60.179969051587,19.4462525723006,NA
GNB,2015,91.6,86,80,83,645.0668372070388,52.45866776,4.661,NA,60.4227287706109,20.7029543822311,0.198
GNB,2016,88.2,85,80,81,679.6653866268176,56.60805511,4.519,NA,60.6498938301808,21.9768833616634,0.1
GNB,2017,85.1,79,66,79,783.123186602022,54.8225174,4.347,NA,60.8614249962045,23.2682682564985,NA
GNB,2018,82.2,82,79,82,808.531613218504,58.87445068,4.241,NA,61.0574978262041,24.5775735612132,0.301
GNB,2019,79.5,78,79,60,811.2164258851286,53.98390961,4.153,NA,61.2378280860905,25.9048078160921,NA
GNB,2020,76.7,74,72,63,846.9158557159709,67.88795471,4.075,NA,61.4023709076856,27.2502045881432,0.191
GNB,2021,74.3,67,63,23,926.7809210812331,70.21189117,3.998,NA,61.5510835646003,28.6139998460415,0.22
GNB,2022,72,74,75,51,883.1991314578312,68.01049042,3.911,NA,61.6363537721631,28.7228575496477,0.252
GNB,2023,69.7,74,72,75,988.087886357022,82.13543701,3.836,NA,61.7218282479049,28.8319728978299,NA
GNB,2024,67.3,68,65,68,1007.7415172802816,NA,3.757,NA,61.8077030171668,28.9416006403664,NA
GNQ,2000,154.5,35,50,41,1487.3165506700975,20.14153671,5.834,13.4011402130127,51.0981400291321,54.790530594174,NA
GNQ,2001,150.2,37,50,43,1948.6114590784368,29.59247589,5.785,NA,51.7904438770813,55.776966411997,NA
GNQ,2002,145.9,39,49,45,2264.210655803648,74.93979645,5.731,13.6110897064209,52.54199672143,56.7470042992933,NA
GNQ,2003,141.5,41,48,47,2930.6018374373293,86.82926178,5.675,NA,53.3504174439606,57.6992350383254,NA
GNQ,2004,137,43,48,49,4901.301274081193,104.54925537,5.618,NA,54.2150297528476,58.6335894811516,0.17
GNQ,2005,132.3,44,47,51,8673.902608653496,122.75533295,5.559,15.326849937439,55.1317186570274,59.5483734842498,NA
GNQ,2006,127.4,46,47,53,10184.884124854148,143.95661926,5.498,NA,56.1005801258044,60.4443395996533,NA
GNQ,2007,122.6,48,46,55,12616.95329420112,179.49963379,5.433,NA,57.1185705825994,61.3207811186255,NA
GNQ,2008,118,50,45,57,18210.55529705989,225.50572205,5.363,NA,58.1837958068374,62.1777142751886,NA
GNQ,2009,113.5,52,45,59,13232.501937810184,248.9617157,5.288,NA,59.2917944417375,63.0143173257129,NA
GNQ,2010,109.4,54,44,61,13720.165872322244,237.85783386,5.209,NA,60.441364332898,63.831192420274,NA
GNQ,2011,105.6,54,46,60,17198.213666827498,265.38485718,5.126,NA,61.629611207728,64.6283695926991,NA
GNQ,2012,102,54,49,58,17308.57239245747,280.90136719,5.04,NA,62.8538908142975,65.4060732402599,NA
GNQ,2013,98.6,53,51,57,16304.071319641816,286.33657837,4.952,NA,63.6715161073668,66.0469451872043,NA
GNQ,2014,95.3,53,53,55,15548.662465661924,290.53604126,4.863,NA,63.9264757487076,66.1151129596268,NA
GNQ,2015,92.1,40,50,37,9068.910032386446,222.81713867,4.774,NA,64.1785994681849,66.1825230692518,NA
GNQ,2016,89,53,53,55,7453.197979485167,221.49227905,4.686,NA,64.4255163889263,66.2485390317556,NA
GNQ,2017,86.1,56,52,58,7809.104656554882,223.4354248,4.599,NA,64.6658128879178,66.3127866671561,0.325
GNQ,2018,83.2,59,52,60,8102.470848340313,240.49389648,4.513,NA,NA,NA,NA
GNQ,2019,80.7,62,51,63,6804.149230738878,223.14128113,4.429,NA,NA,NA,NA
GNQ,2020,77.9,64,50,65,5764.055029129468,213.59317017,4.346,NA,NA,NA,NA
GNQ,2021,75.1,67,50,68,6945.630697945393,243.81242371,4.266,NA,NA,NA,NA
GNQ,2022,72.8,70,49,70,7589.299649093813,215.32841492,4.17,NA,NA,NA,0.153
GNQ,2023,70.4,74,61,73,6677.793435386001,233.68379211,4.081,NA,NA,NA,NA
GNQ,2024,68,68,53,67,6745.40013244916,NA,4.116,NA,NA,NA,NA
GRC,2000,6.4,89,89,89,11638.201069721485,885.41052246,1.25,98.8526763916016,99.7578133347086,97.8758799190344,4.382
GRC,2001,6,91,91,90,12156.957282422094,1004.81542969,1.25,103.383697509766,99.7743844570764,97.9452945342735,4.422
GRC,2002,5.6,92,92,92,13782.195640942991,1168.82409668,1.28,99.013557434082,99.7919945033005,98.0197252313027,4.623
GRC,2003,5.2,94,94,93,18020.612039764048,1566.40979004,1.29,94.5704803466797,99.8092301885099,98.0930878671239,4.783
GRC,2004,4.9,95,95,95,21449.255276424516,1782.69592285,1.31,92.2558898925781,99.8260994402101,98.1654410547609,4.928
GRC,2005,4.6,96,96,96,22054.131575688592,1935.26757813,1.34,95.032829284668,99.8425963346564,98.2367240021803,5.059
GRC,2006,4.3,98,98,98,24416.023297027456,2052.87548828,1.4,94.9060592651367,99.8587352408423,98.3069816511148,5.41
GRC,2007,4.1,99,99,99,28440.762532895544,2426.75952148,1.41,92.760383605957,99.8745141024935,98.37623995926,5.632
GRC,2008,4,99,99,99,31695.83310922093,2840.50854492,1.5,NA,99.8899457131774,98.444518449364,5.71
GRC,2009,4,99,99,99,29425.457320026253,2809.05957031,1.5,NA,99.9050216033919,98.5117822479045,5.791
GRC,2010,3.9,99,99,99,26653.048800862583,2564.36987305,1.48,104.387901306152,99.9197604571835,98.5780776451811,5.756
GRC,2011,4,99,99,99,25504.786651012444,2338.91577148,1.4,103.346748352051,99.9341628584541,98.6434297836442,5.774
GRC,2012,4,99,99,99,21624.346052551045,1948.24816895,1.34,103.870376586914,99.948239360805,98.7078706841622,5.778
GRC,2013,4.1,99,99,99,21573.34497628047,1832.02954102,1.29,105.128707885742,99.9619883950245,98.7713762312749,5.811
GRC,2014,4.2,99,97,99,21474.72571238919,1700.4942627,1.3,100.458488464355,99.97541718672,98.8339628930007,5.867
GRC,2015,4.3,99,97,99,17980.72982381374,1481.41967773,1.33,99.8590774536133,99.988523105293,98.8956496305224,5.902
GRC,2016,4.3,99,97,99,17919.24263770477,1513.25939941,1.38,100.793319702148,99.9999968642708,98.9564489293753,6.122
GRC,2017,4.3,99,97,99,18631.99301292935,1509.78442383,1.35,101.863510131836,99.9999973482552,98.9831881851134,6.067
GRC,2018,4.2,99,97,99,19873.401523877143,1603.07788086,1.35,102.07266998291,100,98.9867526034177,6.105
GRC,2019,4.1,99,97,99,19335.360200296866,1569.02844238,1.34,104.780532836914,99.999997048057,98.9902600193741,6.163
GRC,2020,4.1,99,97,99,17886.733165236048,1674.78417969,1.39,102.624420166016,99.9999990325072,98.9937448356397,6.186
GRC,2021,4,99,97,99,20654.7001960815,1846.37304688,1.43,103.454742431641,100,98.9971863349773,6.366
GRC,2022,4,98,94,98,20886.524308762862,1768.11071777,1.32,105.123413085938,99.9999998124246,99.0005834270921,6.576
GRC,2023,3.9,95,91,97,23343.710396456216,1962.59594727,1.26,104.025230407715,99.9999984078161,99.0039477070011,NA
GRC,2024,3.8,95,91,95,24626.148185897266,NA,1.24,NA,100,99.0072631280035,NA
GRD,2000,15.5,97,92,97,4839.828111142478,259.33764648,2.441,NA,93.3076378093218,88.5722720006749,0.54
GRD,2001,15.3,96,99,96,4819.507766538427,271.03814697,2.421,NA,93.5399527788903,89.0844419136279,0.537
GRD,2002,15.1,98,96,98,4984.474059314471,307.84365845,2.378,117.967300415039,93.7722677484587,89.5954337141359,0.535
GRD,2003,14.9,97,99,98,5427.9637725231205,286.90512085,2.332,113.498748779297,94.0045827180272,90.1052474021992,0.533
GRD,2004,14.8,83,74,84,5480.261176445877,294.12390137,2.285,112.467987060547,94.2368976875956,90.6138829778177,NA
GRD,2005,14.8,99,99,99,6338.560114053579,326.09225464,2.242,104.430801391602,94.4692126571641,91.1213404409914,NA
GRD,2006,14.9,91,98,91,6344.0383771432025,324.32067871,2.195,NA,94.7015276267326,91.6276197917204,0.627
GRD,2007,14.9,96,98,96,6864.548167718577,359.53503418,2.154,117.071830749512,94.9338425963011,92.1327210300046,NA
GRD,2008,15.1,99,99,99,7448.2040563864975,401.15072632,2.116,113.521827697754,95.1661575658695,92.6366441558442,NA
GRD,2009,15.4,99,98,99,6932.564721767806,376.68447876,2.078,110.414993286133,95.398472535438,93.1393891692389,NA
GRD,2010,15.7,97,95,94,6909.60169568597,374.46508789,2.038,121.271240234375,95.6307875050065,93.6409560701888,NA
GRD,2011,16,95,95,95,6947.381360964636,403.17129517,2.006,113.734835355286,95.8631024745749,93.5480727629389,NA
GRD,2012,16.4,97,94,98,7092.71985352677,413.02658081,1.967,NA,95.9713888869245,93.4551894556889,NA
GRD,2013,16.8,97,94,98,7424.802122873267,417.74581909,1.913,107.174295774648,95.6286504435547,93.362306148439,NA
GRD,2014,17.2,97,94,81,7986.334212107877,381.22598267,1.799,107.422493776873,95.6286504435547,93.269422841189,NA
GRD,2015,17.5,92,99,99,8694.12438005692,404.00680542,1.715,105.264378478664,95.6286504435547,93.176539533939,NA
GRD,2016,17.8,96,95,98,9221.234610794238,409.27841187,1.616,107.677725118483,95.6286504435547,93.0836562266891,NA
GRD,2017,18.1,96,85,91,9751.426611559324,454.07266235,1.438,106.911551474142,95.6286504435547,92.9907729194391,1.352
GRD,2018,18.3,95,84,96,10083.02127922496,462.2394104,1.53,111.967495690717,NA,92.8978896121892,1.383
GRD,2019,18.5,94,94,94,10462.792915953349,515.94726563,1.542,NA,NA,92.8050063049392,NA
GRD,2020,18.6,72,83,72,8968.558901084838,475.83853149,1.532,105.387205387205,NA,92.7121229976892,NA
GRD,2021,18.7,77,70,77,9617.289029053734,508.09500122,1.517,102.901307966706,NA,92.6192396904393,NA
GRD,2022,18.5,77,76,73,10469.386701285634,526.35113525,1.502,NA,NA,92.6192396904393,NA
GRD,2023,18.3,86,82,86,11414.478169118118,526.3918457,1.487,NA,NA,92.6192396904393,NA
GRD,2024,18,93,83,93,11705.090297665824,NA,1.472,101.705209063303,NA,92.6192396904393,NA
GRL,2000,NA,NA,NA,NA,19009.077440751487,NA,2.406,NA,100,NA,NA
GRL,2001,NA,NA,NA,NA,19265.519146873772,NA,2.506,NA,100,NA,NA
GRL,2002,NA,NA,NA,NA,20657.950632309658,NA,2.613,NA,100,NA,NA
GRL,2003,NA,NA,NA,NA,27466.64945255037,NA,2.328,NA,100,NA,NA
GRL,2004,NA,NA,NA,NA,32030.998791510858,NA,2.442,NA,100,NA,NA
GRL,2005,NA,NA,NA,NA,32489.72773098986,NA,2.326,NA,100,NA,NA
GRL,2006,NA,NA,NA,NA,35457.629757821414,NA,2.28,NA,100,NA,NA
GRL,2007,NA,NA,NA,NA,39780.944136872095,NA,2.223,NA,100,NA,NA
GRL,2008,NA,NA,NA,NA,44366.78586881754,NA,2.249,NA,100,NA,NA
GRL,2009,NA,NA,NA,NA,44918.84138321552,NA,2.344,NA,100,NA,NA
GRL,2010,NA,NA,NA,NA,44277.199340097184,NA,2.184,NA,100,NA,NA
GRL,2011,NA,NA,NA,NA,47186.875996938776,NA,2.097,NA,100,NA,NA
GRL,2012,NA,NA,NA,NA,45936.95628177236,NA,2.006,NA,100,NA,NA
GRL,2013,NA,NA,NA,NA,47535.48837923765,NA,2.069,NA,100,NA,NA
GRL,2014,NA,NA,NA,NA,50485.22441352912,NA,1.987,NA,100,62.5,NA
GRL,2015,NA,NA,NA,NA,44536.35497053773,NA,2.116,NA,100,62.5,NA
GRL,2016,NA,NA,NA,NA,48181.74535412656,NA,2.066,NA,100,62.5,NA
GRL,2017,NA,NA,NA,NA,50765.74946653718,NA,2.125,NA,100,62.5,NA
GRL,2018,NA,NA,NA,NA,54545.13585776503,NA,2.024,NA,100,62.5,NA
GRL,2019,NA,NA,NA,NA,53309.20359050652,NA,2.115,NA,100,62.5,NA
GRL,2020,NA,NA,NA,NA,54812.66617710234,NA,2.109,NA,100,62.5,NA
GRL,2021,NA,NA,NA,NA,58135.993991020296,NA,1.82,NA,100,62.5,NA
GRL,2022,NA,NA,NA,NA,55635.00064912226,NA,1.818,NA,100,62.5,NA
GRL,2023,NA,NA,NA,NA,58498.97079736093,NA,1.769,NA,100,NA,NA
GRL,2024,NA,NA,NA,NA,NA,NA,1.706,NA,100,NA,NA
GTM,2000,51.8,81,86,80,1648.9657897155912,83.61930084,4.583,29.3731899261475,87.5089539389725,61.0672448487816,NA
GTM,2001,49.7,77,91,78,1537.6866357825168,100.02039337,4.502,31.3750190734863,87.7752601776246,61.5616929942508,NA
GTM,2002,47.7,82,92,82,1669.335174697054,107.62042236,4.371,33.8575096130371,88.0390155719247,62.0451166230721,NA
GTM,2003,45.9,84,94,84,1722.547019107736,113.38285065,4.25,NA,88.2966588690078,62.5094447172638,NA
GTM,2004,44.1,87,95,88,1840.9118488399963,122.16271973,4.134,37.1055107116699,88.5496740208144,62.9581205196871,NA
GTM,2005,42.4,87,93,87,2046.4661165075804,132.41906738,3.974,39.1436080932617,88.8001402609139,63.3959543094237,NA
GTM,2006,40.7,89,95,90,2225.1234753877984,149.04266357,3.845,41.1204605102539,89.0482040016156,63.8233780145297,NA
GTM,2007,39.1,85,86,85,2458.8157391938444,158.89395142,3.716,43.0145683288574,89.294002198525,64.2408036159459,NA
GTM,2008,37.5,95,96,96,2763.0598817292575,175.67254639,3.571,44.2082481384277,89.5375290731545,64.6483174313352,NA
GTM,2009,36,92,92,92,2611.6463277335247,169.37559509,3.465,47.0550994873047,89.7784165579284,65.0451401830532,0.91
GTM,2010,34.5,94,93,94,2805.2596023732153,175.31318665,3.375,50.5112654099543,90.0171691678666,65.4325572317079,NA
GTM,2011,33.1,88,89,88,3168.98370607705,191.24732971,3.292,50.796282162896,90.2534246699844,65.8097996494068,NA
GTM,2012,31.8,96,93,94,3286.619593362674,200.84880066,3.219,51.2024295698266,90.4874258264266,66.1775447968584,NA
GTM,2013,30.4,96,91,94,3444.158022758641,198.79296875,3.151,51.3257665612677,90.7203833166752,66.5388660847847,NA
GTM,2014,29.2,74,68,66,3689.145104102025,217.23764038,3.088,51.2191175132007,90.9521869085608,66.8936926813794,NA
GTM,2015,28.1,70,79,80,3893.5053329906823,233.8447876,3.029,52.866427490626,91.1829418884206,67.2424899275787,NA
GTM,2016,27,83,89,84,4060.137847376433,246.4538269,2.973,52.5401757423553,91.4122081124135,67.5843983621211,NA
GTM,2017,26.1,91,94,90,4324.997689156005,265.36593628,2.857,52.2652133739495,91.6400944159348,67.9199018955355,0.286
GTM,2018,25.1,85,89,85,4352.9459328970715,265.81820679,2.743,52.3446298715485,91.8664742343096,68.2489426363097,0.363
GTM,2019,24.3,88,90,94,4511.998395526965,278.59024048,2.593,51.0635988036794,92.0910526006257,68.5709973645284,NA
GTM,2020,23.5,90,89,97,4477.617850006646,289.21640015,2.47,50.8073127066553,92.3138179561227,68.8862996420965,1.281
GTM,2021,22.7,80,88,79,4912.622404146814,361.51858521,2.388,48.1472917509683,92.5346655416111,69.462173009407607,NA
GTM,2022,21.9,81,86,78,5358.70156997677,384.06158447,2.343,46.8427646987635,92.7535006676254,70.0349423501554,NA
GTM,2023,21.2,88,89,88,5758.327608478517,392.01223755,2.311,48.2479657338074,92.9701335518689,70.6041253212475,NA
GTM,2024,20.5,81,90,81,6150.025714385053,NA,2.287,50.4821609334209,93.1845373918033,71.1696950985045,NA
GUM,2000,NA,NA,NA,NA,NA,NA,2.915,NA,99.4735533221536,88.9735320691109,NA
GUM,2001,NA,NA,NA,NA,NA,NA,2.817,NA,99.4760873255075,89.0373069363675,NA
GUM,2002,NA,NA,NA,NA,20909.95903028063,NA,2.582,NA,99.4786213288614,89.1010818036241,NA
GUM,2003,NA,NA,NA,NA,21877.317837155275,NA,2.657,NA,99.4811553322154,89.1648566708808,NA
GUM,2004,NA,NA,NA,NA,23618.8266894573,NA,2.772,NA,99.4836893355693,89.2286315381374,NA
GUM,2005,NA,NA,NA,NA,25631.97761080522,NA,2.638,NA,99.4862233389232,89.292406405394,NA
GUM,2006,NA,NA,NA,NA,25709.935148842203,NA,2.807,NA,99.4887573422771,89.3561812726507,NA
GUM,2007,NA,NA,NA,NA,26605.43242147555,NA,2.905,NA,99.4912913456311,89.4199561399073,NA
GUM,2008,NA,NA,NA,NA,28112.231657342192,NA,2.905,NA,99.493825348985,89.483731007164,NA
GUM,2009,NA,NA,NA,NA,29054.05812015189,NA,2.891,NA,99.4963593523389,89.5475058744206,NA
GUM,2010,NA,NA,NA,NA,29719.796783608173,NA,2.973,NA,99.4988933556928,89.6112807416772,NA
GUM,2011,NA,NA,NA,NA,29926.205244291265,NA,2.876,NA,99.5014273590467,89.6750556089339,NA
GUM,2012,NA,NA,NA,NA,31653.750653816787,NA,3.117,NA,99.5039613624007,89.7388304761905,NA
GUM,2013,NA,NA,NA,NA,32530.75931214827,NA,2.883,NA,99.5064953657546,89.8026053434471,NA
GUM,2014,NA,NA,NA,NA,33900.14865305826,NA,2.946,NA,99.5090293691085,89.8663802107038,NA
GUM,2015,NA,NA,NA,NA,35165.70146447955,NA,2.933,NA,99.5115633724624,89.930155077960407,NA
GUM,2016,NA,NA,NA,NA,35930.6594898711,NA,3.171,NA,99.5140973758164,89.993929945217,NA
GUM,2017,NA,NA,NA,NA,36779.00789039085,NA,3.088,NA,99.5166313791703,90.0577048124737,NA
GUM,2018,NA,NA,NA,NA,37195.95030704639,NA,2.995,NA,99.519165382524207,90.1214796797303,NA
GUM,2019,NA,NA,NA,NA,39274.943142489865,NA,2.938,NA,99.5216993858781,90.1852545469869,NA
GUM,2020,NA,NA,NA,NA,36482.93639536749,NA,2.895,NA,99.5242333892321,90.2490294142436,NA
GUM,2021,NA,NA,NA,NA,38074.8793745801,NA,2.856,NA,99.526767392586,90.3128042815002,NA
GUM,2022,NA,NA,NA,NA,41833.15171328248,NA,2.819,NA,99.5293013959399,90.3765791487569,NA
GUM,2023,NA,NA,NA,NA,NA,NA,2.781,NA,99.5293013959399,90.3765791487569,NA
GUM,2024,NA,NA,NA,NA,NA,NA,2.748,NA,99.5293013959399,90.3765791487569,NA
GUY,2000,46.7,88,86,79,931.7966517189552,62.37635422,3.057,NA,89.3211330907679,77.3735224791758,0.479
GUY,2001,45.6,85,92,90,931.5747238476732,60.09927368,2.958,95.8699264526367,89.5993039165579,77.9231007582273,NA
GUY,2002,44.5,91,93,93,950.8669324709928,65.04125214,2.844,NA,89.8783543179936,78.4735839467328,NA
GUY,2003,43.4,90,89,91,973.7425980541882,68.19880676,2.75,NA,90.1473891418165,79.0141225779314,NA
GUY,2004,42.5,91,88,91,1033.3103090218794,74.69225311,2.681,NA,90.4157865218795,79.6382981091298,NA
GUY,2005,41.6,93,92,93,1084.06541388904,85.35713959,2.648,86.8446273803711,90.6866289837536,80.2648830646045,NA
GUY,2006,40.7,93,90,92,3135.605535283261,98.34314728,2.659,NA,90.9599679575981,80.8939339660195,NA
GUY,2007,39.9,94,96,94,3608.286852401877,125.79258728,2.681,83.9229278564453,91.2357144942571,81.525359867427,NA
GUY,2008,39.1,93,95,93,4008.962867160304,138.70043945,2.697,87.4516677856445,91.5138620553584,82.1591535902208,NA
GUY,2009,38.3,98,97,97,4209.132306245647,150.21723938,2.694,90.4651107788086,91.7944367446406,82.7953517398292,0.214
GUY,2010,37.6,95,95,95,4581.761796934918,162.70393372,2.684,95.4920425415039,92.0773787759255,83.4338869756963,0.687
GUY,2011,36.8,93,98,93,4947.221705899166,186.11392212,2.694,103.002723693848,92.362661216299,84.0747338507827,NA
GUY,2012,36,97,99,97,5444.397519139134,201.88832092,2.701,103.891082763672,92.6609284046395,84.731495888913,NA
GUY,2013,35.2,98,99,98,5556.9123115693155,211.2910614,2.711,NA,92.959244646232,85.3889557997963,NA
GUY,2014,34.3,98,99,97,5472.688204522369,216.03759766,2.695,NA,93.2581213076168,86.0478440775297,NA
GUY,2015,33.3,95,99,92,5640.41560569466,226.89404297,2.667,NA,93.5573147268912,86.7079635217248,NA
GUY,2016,32.4,97,99,94,5870.878237598348,235.91662598,2.634,NA,93.8566725487211,87.3692388758564,NA
GUY,2017,31.4,97,99,94,6178.665043729804,266.86364746,2.593,NA,94.1560114941811,88.0315709882197,NA
GUY,2018,30.5,95,98,94,6048.386971804177,296.66903687,2.553,NA,94.4550659757955,88.6946981126402,1.79
GUY,2019,29.6,99,98,97,6405.824434445621,314.0977478,2.521,NA,94.7537064552483,89.3586157172433,NA
GUY,2020,28.6,99,98,91,6775.709390963032,364.20135498,2.491,90.3541412353516,95.0516966520853,90.0231335168154,1.387
GUY,2021,27.8,98,95,97,9860.870148343864,457.86633301,2.462,89.7333602905273,95.3488391542383,90.6881198033659,NA
GUY,2022,26.9,98,97,97,17913.492806687907,452.23754883,2.437,NA,95.6449359016068,91.3010008247863,NA
GUY,2023,26,98,98,99,20473.700219061713,505.03240967,2.412,84.2535171508789,95.644614726529,91.3046762515848,NA
GUY,2024,25.2,98,99,99,29675.24438733164,NA,2.395,91.9957253539941,95.6442641595321,91.3087218189458,NA
HIC,2000,9.2,NA,NA,NA,22374.32547501614,2108.171522517424,1.6352167190131222,99.3023223876953,98.69041843362989,98.59721719380924,2.788564942988182
HIC,2001,8.9,NA,NA,NA,22083.420167275806,2188.9814121239265,1.6062139900288563,99.7302169799805,98.7089978290022,98.13492828473214,NA
HIC,2002,8.6,NA,NA,NA,22929.75669535701,2374.045195381216,1.5994941190000012,99.9672012329102,98.73320901175369,96.23243846979132,NA
HIC,2003,8.4,NA,NA,NA,25606.676644082105,2699.2227199453264,1.610345947594015,100.244621276855,98.75505992816257,96.29267793603115,NA
HIC,2004,8.1,NA,NA,NA,28451.506547904108,2974.612822407795,1.6212773251210952,98.8796234130859,98.77663764620424,96.35100212039924,NA
HIC,2005,7.8,NA,NA,NA,30051.345955058936,3144.8646631037213,1.6139315334874338,99.1143112182617,98.80549215313452,96.40687640578513,NA
HIC,2006,7.5,NA,NA,NA,31710.796723699128,3325.5571804369283,1.650195388965216,98.7770233154297,98.82546695988628,96.4801088501615,NA
HIC,2007,7.3,NA,NA,NA,34666.04515641964,3622.2379393700735,1.6865072394294822,98.8493499755859,98.84778432686127,96.6154105817306,NA
HIC,2008,7,NA,NA,NA,36900.140569714466,3893.8966726914473,1.7049883459488806,99.3857803344727,98.86956980296456,96.74764787393909,NA
HIC,2009,6.8,NA,NA,NA,34111.84460476832,3939.40853319884,1.6873307449462511,100.540420532227,98.8916483108545,96.8717661068312,NA
HIC,2010,6.6,NA,NA,NA,35778.2487328682,4075.623487472421,1.676089786406202,101.32447052002,98.9164793403164,96.99239914886792,3.2374313173357505
HIC,2011,6.5,NA,NA,NA,38785.88173557055,4388.574624424421,1.6626040180896795,101.351547241211,98.93798888016867,97.1016980578738,NA
HIC,2012,6.3,NA,NA,NA,38693.84553616697,4408.318900953687,1.6833698171467248,101.291976928711,98.95907851040874,97.21085719461436,NA
HIC,2013,6.2,NA,NA,NA,39008.32490335909,4436.829386711107,1.6564476554238274,104.252471923828,98.9806638685265,97.32418352608644,NA
HIC,2014,6,NA,NA,NA,39447.70932466084,4562.153105766087,1.675012540866082,104.591819763184,99.0046429362216,97.42819607007031,NA
HIC,2015,5.8,NA,NA,NA,36586.43469026621,4379.0149696091685,1.67662892689855,104.697738647461,99.0252810114541,97.53542314019542,NA
HIC,2016,5.7,NA,NA,NA,37057.80965011242,4508.977294099356,1.6731181669288926,104.505218505859,99.04593358374802,97.64217064926598,NA
HIC,2017,5.5,NA,NA,NA,38776.56159495157,4675.558028732511,1.629407245471643,104.842407226562,99.0664028121743,97.73974047705738,NA
HIC,2018,5.4,NA,NA,NA,41094.85608771859,4909.237935822857,1.598994574007033,104.676200866699,99.0871526158364,97.82997401835618,NA
HIC,2019,5.2,NA,NA,NA,41342.206610734946,5007.54151471026,1.5589017331761044,104.791778564453,99.10726597201663,97.91263008273876,NA
HIC,2020,5.2,NA,NA,NA,40108.234860241144,5459.203638531386,1.5144347066388453,103.970611572266,99.12815116999911,97.99498780804808,NA
HIC,2021,5.1,NA,NA,NA,45081.66483484377,5898.075930039763,1.5220844234604354,104.476928710938,99.14809570656789,98.08413932560804,NA
HIC,2022,5.1,NA,NA,NA,46553.11501813829,5837.668786210916,1.474928958702588,104.096839904785,99.1643858978103,98.17697648912149,3.7818027672656056
HIC,2023,5.1,NA,NA,NA,48608.19476658948,6100.71624823872,1.4348963917942932,103.020812988281,99.1682822141372,98.26396275200824,NA
HIC,2024,5.1,NA,NA,NA,50302.60521295136,NA,1.424954134289357,103.079360961914,99.16442718956084,98.3401277552848,NA
HKG,2000,NA,NA,NA,NA,25756.772872370395,NA,1.032,NA,98.9070064531479,97.3886755292959,NA
HKG,2001,NA,NA,NA,NA,25230.378091030372,NA,0.931,78.5087585449219,98.9655415410239,97.3886755292959,NA
HKG,2002,NA,NA,NA,NA,24665.83623182162,NA,0.941,79.802360534668,99.0240766288998,97.3886755292959,NA
HKG,2003,NA,NA,NA,NA,23977.17341204772,NA,0.901,80.3769378662109,99.0826117167757,97.3886755292959,NA
HKG,2004,NA,NA,NA,NA,24928.10037225512,NA,0.922,81.7905578613281,99.1411468046516,97.2670420974889,NA
HKG,2005,NA,NA,NA,NA,26649.63772415501,NA,0.959,83.0064697265625,99.1996818925276,97.1454086656819,NA
HKG,2006,NA,NA,NA,NA,28224.09515631463,NA,0.984,82.9267272949219,99.2582169804035,97.0237752338749,NA
HKG,2007,NA,NA,NA,NA,30593.951173864607,NA,1.028,84.1592788696289,99.3167520682794,96.9021418020679,NA
HKG,2008,NA,NA,NA,NA,31515.52921034432,NA,1.064,85.9268798828125,99.3752871561554,96.7805083702609,NA
HKG,2009,NA,NA,NA,NA,30697.53838616405,NA,1.055,86.8064117431641,99.4338222440313,96.6588749384539,NA
HKG,2010,NA,NA,NA,NA,32550.136489178956,NA,1.127,87.7130156472262,99.4923573319072,96.5372415066469,NA
HKG,2011,NA,NA,NA,NA,35142.48793445426,NA,1.204,86.5290014684288,99.5508924197831,96.4156080748399,NA
HKG,2012,NA,NA,NA,NA,36730.79619581499,NA,1.285,107.646090534979,99.609427507659,96.293974643033,NA
HKG,2013,NA,NA,NA,NA,38403.7777145477,NA,1.125,101.180897250362,99.667962595535,96.172341211226,NA
HKG,2014,NA,NA,NA,NA,40315.373951019115,NA,1.235,103.578616352201,99.7264976834109,96.050707779419,NA
HKG,2015,NA,NA,NA,NA,42432.161974044146,NA,1.196,105.413190529876,99.7850327712868,95.929074347612,NA
HKG,2016,NA,NA,NA,NA,43734.19807029992,NA,1.205,105.614832535885,99.8435678591627,95.807440915805,NA
HKG,2017,NA,NA,NA,NA,46160.429791492985,NA,1.128,104.087170042971,99.9021029470387,95.685807483998,NA
HKG,2018,NA,NA,NA,NA,48537.56688883427,NA,1.08,105.382222222222,99.9606380349146,95.564174052191,NA
HKG,2019,NA,NA,NA,NA,48359.00119505975,NA,1.064,102.312146003776,100,95.442540620384,NA
HKG,2020,NA,NA,NA,NA,46109.22999466091,NA,0.883,97.6744464392579,100,95.320907188577,NA
HKG,2021,NA,NA,NA,NA,49770.56423747394,NA,0.772,97.5304295942721,100,95.19927375677,NA
HKG,2022,NA,NA,NA,NA,48825.84418735359,NA,0.701,103.838896020539,100,95.077640324963,NA
HKG,2023,NA,NA,NA,NA,50562.3633144379,NA,0.751,NA,100,94.956006893156,NA
HKG,2024,NA,NA,NA,NA,54074.69285194795,NA,0.841,105.643880208333,100,94.834373461349,NA
HND,2000,37.3,94,98,88,1092.564007462518,68.48374939,4.289,NA,85.7009621339026,64.5085971386328,0.559
HND,2001,35.6,96,99,99,1132.1648753328989,67.13735199,4.153,NA,86.2042781519171,65.5099238868381,NA
HND,2002,34,95,97,95,1132.4996534531656,70.72001648,4,NA,86.7288882403504,66.5348518759434,NA
HND,2003,32.5,92,95,92,1156.0816268135652,79.65468597,3.844,NA,87.2031545778508,67.5560751753573,NA
HND,2004,31.1,94,92,94,1215.1399541276094,83.29620361,3.71,NA,87.6718091532633,68.5719444585829,NA
HND,2005,29.8,98,96,98,1304.7003915382616,97.86359406,3.577,NA,88.133961090874,69.5815268362271,0.358
HND,2006,28.6,95,95,94,1425.8478005189231,112.11707306,3.449,64.3261108398438,88.5903297607965,70.5856087424602,NA
HND,2007,27.4,94,94,94,1577.7378919740734,127.55919647,3.351,66.7260818481445,89.0405738660816,71.583847847539,NA
HND,2008,26.4,93,93,93,1732.4906270280264,149.05706787,3.26,67.0854873657227,89.4848766199091,72.5764555085287,NA
HND,2009,25.4,97,98,97,1781.1570361467352,160.23144531,3.173,NA,89.922767090749,73.5629624673739,NA
HND,2010,24.4,97,98,97,1893.3272266203455,165.19970703,3.078,73.3693008422852,90.3547424812176,74.5439099298489,0.293
HND,2011,23.5,97,97,97,2073.661210880738,182.3137207,2.998,72.8045272827148,90.7803603583435,75.5188630035409,NA
HND,2012,22.7,98,97,98,2126.0347468650316,184.04154968,2.927,71.1991729736328,91.2001031419735,76.4883396029045,NA
HND,2013,21.9,99,97,99,2081.128435279448,176.421875,2.855,68.2308197021484,91.6134052389382,77.4517887754502,NA
HND,2014,21.1,99,97,99,2179.8817197727058,172.52818298,2.793,53.6911043455277,92.0207347407906,78.409710520334,NA
HND,2015,20.3,98,98,98,2271.2026598034863,169.97198486,2.746,55.1216519478842,92.421451159935,79.3614899844159,NA
HND,2016,19.6,95,98,95,2307.3446835108152,177.8835144,2.704,55.2523310583486,92.8158871236421,80.3074947960451,0.589
HND,2017,18.9,90,98,90,2413.007656294202,169.07194519,2.663,54.7623596191406,93.203968706641,81.2476858869062,0.304
HND,2018,18.2,91,91,91,2464.642415319176,178.1494751,2.645,NA,93.5856465079255,82.1820517802878,NA
HND,2019,17.7,88,89,88,2502.327443280727,183.75006104,2.611,68.4164123535156,93.9610018338129,83.1107110257034,NA
HND,2020,17.1,80,82,80,2307.6149431951144,212.7419281,2.577,62.3465596528451,94.3301083793908,84.0337747326909,0.489
HND,2021,16.5,77,81,77,2735.1475150397705,253.63349915,2.548,60.2124453124399,94.6929450618276,84.9512648992071,NA
HND,2022,16,78,77,78,3003.289968263993,244.90408325,2.522,59.2098503112793,95.0903952846631,85.8633965875938,NA
HND,2023,15.5,73,77,71,3227.4576250977575,249.15301514,2.5,59.4406700134277,95.4348773364813,86.7701956081898,NA
HND,2024,15,75,79,75,3426.4348332892264,NA,2.476,56.205606327767,95.7293716551666,87.6717912057898,NA
HPC,2000,146.10009758398385,NA,NA,NA,377.4593859080179,15.877415124016622,6.083328862584648,17.4969902038574,41.30474369503361,15.812055533468577,0.11247938293800366
HPC,2001,142.31657960062864,NA,NA,NA,355.1712309476667,15.118754519385297,6.017709355857832,18.5031394958496,42.05453424486778,16.181789861906005,NA
HPC,2002,134.41531504783083,NA,NA,NA,374.53177205796425,16.022001207183663,5.956862758785167,19.3374290466309,42.89954324050465,16.68147233307321,NA
HPC,2003,128.4718883284715,NA,NA,NA,412.7682399288297,18.780494020274123,5.8999371346052065,20.3094291687012,43.75025810737803,17.201275496377196,NA
HPC,2004,123.32611050905102,NA,NA,NA,462.33697047325467,21.628754976310205,5.849692093925865,21.3181400299072,44.6209519410059,17.72704107156095,NA
HPC,2005,114.6995937330734,NA,NA,NA,519.6479330585672,24.913934912702487,5.800796991410615,22.6604804992676,45.56347116054624,18.418014615650236,NA
HPC,2006,108.91803843795556,NA,NA,NA,593.2111780445939,29.132938645534782,5.73901969230947,24.0221900939941,46.50819222068802,19.11766230184601,NA
HPC,2007,104.10238345932127,NA,NA,NA,688.3724683506965,33.84041608310024,5.667871468236769,25.5367603302002,47.42962790205668,19.805037104785892,NA
HPC,2008,99.63788653097572,NA,NA,NA,797.3804560911083,38.07304416971611,5.601328232073491,27.4004592895508,48.41216702041172,20.538147486747604,NA
HPC,2009,98.28959692803988,NA,NA,NA,764.8237584862318,38.837194973857144,5.5360059310966925,29.0351104736328,49.393152450714254,21.290549599226537,NA
HPC,2010,93.22127512682808,NA,NA,NA,812.0805498839795,40.556427067506405,5.46352248972891,30.9143104553223,50.371221465471926,22.04230749917841,0.106407444908056
HPC,2011,93.13947622870496,NA,NA,NA,873.2220930860244,43.81443261514483,5.379362252993216,32.5410385131836,51.35283607992432,22.793551945224653,NA
HPC,2012,85.89566160083294,NA,NA,NA,881.192621901094,44.550606715801024,5.29780728876556,33.8987503051758,52.32247309490763,23.547176112296206,NA
HPC,2013,82.23925329795458,NA,NA,NA,960.6855204779404,47.805244821242454,5.215865855726133,35.0838508605957,53.287714210230014,24.31017128792293,NA
HPC,2014,80.1013664951844,NA,NA,NA,986.9837832197974,48.502160395666195,5.134819026258244,35.7731018066406,54.25950666473416,25.089126226617,NA
HPC,2015,77.22521961820136,NA,NA,NA,917.2961092291812,46.12653128504101,5.059560751342225,36.3251991271973,55.23301648371098,25.872750625603363,NA
HPC,2016,75.05315883558734,NA,NA,NA,894.708764701024,45.4245650179442,4.990103818531007,36.8096504211426,56.19444903539053,26.65264562406487,NA
HPC,2017,74.09856055748236,NA,NA,NA,943.132832332498,44.2160443671853,4.914973485293158,37.3247604370117,57.17041798530301,27.50698050585659,NA
HPC,2018,71.59729274545481,NA,NA,NA,985.4782107192668,43.35729569368701,4.840069609526458,37.9172706604004,58.12968480453067,28.311124898581973,NA
HPC,2019,70.65050608094583,NA,NA,NA,983.900062178744,44.64606002421022,4.767411652412009,38.4506301879883,59.09211346528847,29.120151116191636,NA
HPC,2020,68.14630921266094,NA,NA,NA,962.5902264738918,47.77170719354121,4.692652749335786,38.8707695007324,60.05131677338098,29.93081235959888,NA
HPC,2021,69.78246676589578,NA,NA,NA,1061.414149504312,51.339899263634635,4.617901367756723,39.1958198547363,61.0033656848696,30.78033686832173,NA
HPC,2022,70.98108274821344,NA,NA,NA,1121.483873119817,50.20279517718478,4.54630826984637,39.2724304199219,61.86377835450733,31.701550096199288,0.20020266562935649
HPC,2023,64.77376087434389,NA,NA,NA,1155.9044527992437,51.34963303890537,4.477363066515501,39.5125999450684,62.84162588122814,32.472356893732986,NA
HPC,2024,62.405365903484785,NA,NA,NA,1216.3750847256438,NA,4.409398181350917,NA,63.825000797619914,33.17262551255649,NA
HRV,2000,8.3,93,93,94,4953.651587890217,385.78341675,1.39,NA,98.6451317481292,98.451172519388,2.413
HRV,2001,8,94,94,94,5364.838246916065,387.8130188,1.46,95.7922592163086,98.6513600849869,98.4543940798405,2.453
HRV,2002,7.7,95,95,95,6219.581641439454,386.41821289,1.42,95.9384307861328,98.7625377853519,98.2933337796124,2.459
HRV,2003,8.2,94,94,95,8190.111351938866,511.99743652,1.41,96.3225402832031,98.8729620215358,98.0735685776892,2.512
HRV,2004,7.1,96,96,96,9718.973228019671,633.98242188,1.43,NA,98.9792715341788,97.8545220724704,2.574
HRV,2005,6.7,96,96,96,10443.527835329449,726.6114502,1.5,100.796699523926,99.0847905577496,97.6362088912943,2.573
HRV,2006,6.4,96,95,96,11501.209966989372,815.39093018,1.47,100.721687316895,99.1895126647337,97.4186224972522,2.607
HRV,2007,6.2,96,96,96,13755.832107329195,1040.44995117,1.48,100.733200073242,99.2934392263667,97.201764016731,2.734
HRV,2008,5.9,96,96,96,15888.060694939231,1258.09594727,1.47,100.755500793457,99.3965737483077,96.9856368305825,2.735
HRV,2009,5.7,96,95,96,14474.651977419382,1187.34326172,1.5,100.785598754883,99.4989155320278,96.7702400027243,2.741
HRV,2010,5.5,97,96,97,13729.76549650218,1126.81970215,1.46,102.289459228516,99.6004621496266,96.555570839204,2.861
HRV,2011,5.3,96,96,96,14691.558296291969,1134.88916016,1.41,101.10627746582,99.7012086254188,96.3415946710198,2.918
HRV,2012,5.2,96,95,96,13507.78052609915,1034.02124023,1.52,101.08341217041,99.8012216684385,96.1289814804925,2.999
HRV,2013,5.1,96,94,96,14134.947498288862,894.07080078,1.46,103.140029907227,99.9003820151375,95.9178030204647,3.042
HRV,2014,5,95,94,95,14186.729549327592,915.2689209,1.46,103.976387023926,99.9005681639486,95.7081981742449,3.153
HRV,2015,4.9,94,93,94,12283.784062005294,803.41619873,1.41,104.907768249512,99.9007659561635,95.7190097005678,3.21
HRV,2016,4.9,93,90,93,12820.165389300826,851.92492676,1.43,105.486587524414,99.9009796453255,95.7305312019132,3.265
HRV,2017,4.8,92,89,92,13901.78781446788,919.22418213,1.42,106.282768249512,99.9012135113564,95.7427708106791,3.404
HRV,2018,4.8,93,93,94,15460.366959549112,1045.14904785,1.47,107.253150939941,99.9014519632488,95.7545423447665,3.497
HRV,2019,4.7,94,93,94,15563.598729502948,1063.54443359,1.47,107.940246582031,99.9017118309549,95.7669528953151,3.59
HRV,2020,4.7,94,91,94,14807.560854326506,1123.37963867,1.48,108.669891357422,99.9019753269295,95.7800263365526,3.606
HRV,2021,4.6,92,89,92,17788.78658166585,1423.52905273,1.62,108.876899719238,99.9022621135501,95.7936994032533,3.734
HRV,2022,4.6,92,90,92,18465.54144203637,1328.80371094,1.53,108.496017456055,99.9025569316728,NA,3.909
HRV,2023,5.1,93,90,93,22184.22793048416,1548.33959961,1.46,108.546096801758,99.9028641950813,NA,NA
HRV,2024,5.6,92,90,92,24050.439793313548,NA,1.46,NA,99.903181204483,NA,NA
HTI,2000,102.9,44,54,51,820.6000467614642,30.35855865,4.39,NA,54.3912791265866,19.4402337637977,NA
HTI,2001,99.4,47,54,53,748.821159844528,27.39323044,4.248,NA,55.6370732142044,20.1252072093036,NA
HTI,2002,96.2,51,53,55,720.9695680425219,22.36586189,4.125,NA,56.8689780584715,20.802648871567,NA
HTI,2003,93.3,54,53,57,578.9952910797085,18.60943604,4.047,NA,58.0834240924689,21.4706205681824,NA
HTI,2004,90.7,57,53,58,683.1852981552732,24.0406456,3.943,NA,58.9700056214304,21.9995783229731,NA
HTI,2005,88.4,60,53,60,775.8457040569159,25.25854683,3.835,NA,59.8048339456041,22.5049412936123,NA
HTI,2006,86.2,61,55,61,828.8057002895894,29.11877251,3.761,NA,60.624746654321,23.0018363162708,NA
HTI,2007,84.1,63,57,62,984.5669834485212,37.59618378,3.687,NA,61.4285173392054,23.4895119944276,NA
HTI,2008,82.2,64,59,63,1094.6605842164367,40.445961,3.621,NA,62.2174731426429,23.9682677015387,NA
HTI,2009,80.2,65,62,64,1196.8528706017953,41.39894867,3.565,NA,62.9888052938028,24.4367113848506,NA
HTI,2010,137.7,67,63,64,1209.727335030943,55.73518753,3.497,NA,63.7442876328599,24.8953249600046,NA
HTI,2011,76.5,68,65,66,1312.0395355201322,77.12206268,3.431,NA,64.4832332548174,25.3435874681096,0.14
HTI,2012,74.6,66,66,65,1361.3939658737431,75.08546448,3.321,NA,65.2057837814604,25.7813149858061,NA
HTI,2013,72.8,65,68,64,1457.8322117962648,59.38277435,3.221,NA,65.9105551526185,26.2077250672239,0.234
HTI,2014,70.9,63,69,63,1460.1889861391446,65.10858917,3.164,NA,66.5988959372951,26.6231188972666,NA
HTI,2015,69.1,64,69,65,1411.1268474679646,68.50547791,3.11,NA,67.2702221922087,27.0270378862153,0.087
HTI,2016,67.2,59,67,53,1318.402681679532,60.06819153,3.054,NA,67.9200663191655,27.4175706296699,NA
HTI,2017,65.3,60,65,45,1395.2394518446108,53.80579758,2.985,NA,68.5471165461434,27.7940822522494,NA
HTI,2018,63.4,57,70,56,1496.3804897015589,62.30102539,2.924,NA,69.1522570020031,28.1567904087872,0.238
HTI,2019,61.5,54,74,66,1352.1720419153248,49.32995987,2.862,NA,69.7360086923955,28.5057820115222,NA
HTI,2020,59.8,58,74,41,1290.3253866738314,52.2158699,2.804,NA,70.4880763209359,28.6576196940519,NA
HTI,2021,58.1,48,63,37,1841.3318933722192,59.89406204,2.748,NA,71.2216853162772,28.793303113228,NA
HTI,2022,56.2,48,66,45,1760.626356687774,52.28417587,2.699,NA,71.9372349296848,28.9133013445226,0.292
HTI,2023,54.4,54,72,46,1705.7580846099909,54.4146843,2.656,NA,72.6351234532977,29.0180834702733,NA
HTI,2024,52.8,60,77,47,2142.623305267883,NA,2.625,NA,73.3157500565915,29.1081189443114,NA
HUN,2000,10.1,99,99,99,4629.917608125478,313.10858154,1.32,NA,93.8958473145808,98.0437275919474,3.012
HUN,2001,9.5,99,99,99,5280.9488798706325,359.69750977,1.31,98.6913299560547,94.1936032568207,98.0429567293229,3.255
HUN,2002,9,99,99,98,6658.044943268094,473.12783813,1.3,99.9961776733398,94.5133631793189,98.0396092982152,3.679
HUN,2003,8.4,99,99,99,8410.092481984786,682.86566162,1.27,101.836357116699,94.8298573084003,98.0362810525522,3.783
HUN,2004,8,99,99,99,10291.269472140895,798.45361328,1.28,95.5287780761719,95.1432578822385,98.0329662219326,3.344
HUN,2005,7.5,99,99,99,11212.204696899376,895.20330811,1.31,96.9495697021484,95.4573933854111,98.029143037033,2.787
HUN,2006,7.2,99,99,99,11478.489164050112,893.20300293,1.34,97.4231414794922,95.7715235232241,98.0248277713699,3.042
HUN,2007,6.8,99,99,99,13934.605460374964,1003.25805664,1.32,97.6521224975586,96.0814951789226,98.0205413460237,2.809
HUN,2008,6.5,99,99,99,15762.632251511282,1117.20227051,1.35,97.6947937011719,96.3873549222455,98.0162854643745,3.097
HUN,2009,6.2,99,99,99,13051.183177718443,943.68774414,1.32,99.2112579345703,96.6891082048051,98.0120750590408,3.027
HUN,2010,6,99,99,99,13189.843387476838,983.11083984,1.25,101.26692199707,96.9842340521877,98.0084003041022,2.875
HUN,2011,5.9,99,99,99,14211.460557821963,1063.43237305,1.23,102.006248474121,97.2758562444965,98.0047619310782,2.966
HUN,2012,5.7,99,99,99,12950.159448814284,961.1383667,1.34,100.345176696777,97.5597402653732,98.0021500731039,3.09
HUN,2013,5.6,99,99,99,13739.462015140129,991.98742676,1.36,107.611831665039,97.8398540702921,97.9999085136149,3.21
HUN,2014,5.3,99,99,99,14352.501883173978,1008.92950439,1.45,106.39575958252,98.1178998940875,97.9976794505183,3.325
HUN,2015,5.1,99,99,99,12782.941257797267,874.04138184,1.46,104.925148010254,98.3938802461663,97.9954541400148,3.098
HUN,2016,4.7,99,99,99,13215.860527778876,918.94506836,1.55,103.420066833496,98.6679484290121,97.9931789584607,3.212
HUN,2017,4.5,99,99,99,14736.166815725835,990.90808105,1.56,104.089332580566,98.9400107789492,97.9908758837113,3.326
HUN,2018,4.3,99,99,99,16605.05705118868,1087.64611816,1.57,103.239440917969,99.2100381980227,97.9885191913956,3.384
HUN,2019,4.1,99,99,99,17012.859855319868,1062.15869141,1.58,102.106719970703,99.4779522735121,97.9861309569959,3.494
HUN,2020,4,99,99,99,16386.93088212582,1182.54138184,1.61,101.485832214355,99.7437164369776,97.9837062795673,3.14
HUN,2021,4,99,99,99,19030.62813032901,1392.97460938,1.63,99.3371276855469,99.9722511315841,97.9812382429156,3.299
HUN,2022,3.9,99,99,99,18428.02882561399,1228.00231934,1.57,102.312553405762,99.9999990521068,97.9787350415865,3.456
HUN,2023,3.8,99,99,99,22230.627787518693,1419.87475586,1.55,104.916549682617,100,97.976195278385,NA
HUN,2024,3.7,99,99,99,23292.326388247828,NA,1.41,106.523567199707,100,97.9736275561386,NA
IBD,2000,58.36144298128749,NA,NA,NA,1477.692577803038,76.05383420625417,2.37429108795755,59.1121482849121,83.58394061124528,51.009659715337754,NA
IBD,2001,56.16881582307127,NA,NA,NA,1481.391935273369,76.66808943270632,2.3275180916894573,60.1667404174805,83.99185978402123,52.32568428379913,NA
IBD,2002,53.63253244528459,NA,NA,NA,1487.722075401104,75.95857400183753,2.295122843594685,62.3361206054688,84.62895949489354,55.02200357330401,NA
IBD,2003,51.05966496368074,NA,NA,NA,1652.807017318616,84.6631943198898,2.2664528601417624,63.9542694091797,85.26381138768684,56.66826011612422,NA
IBD,2004,48.84626251795639,NA,NA,NA,1947.2338639259865,98.37785977735734,2.2579824131603208,65.6942672729492,85.8852355781971,58.32038780814028,NA
IBD,2005,45.922145775216926,NA,NA,NA,2300.559208151097,116.23675342059438,2.23842034148353,67.4487915039062,86.60685525760194,59.99869768758421,NA
IBD,2006,43.389900181036865,NA,NA,NA,2700.558209843604,134.07823189577937,2.2229711952115436,69.0072326660156,87.20078932331919,61.67304984136032,NA
IBD,2007,40.93552704494896,NA,NA,NA,3321.0811740774216,161.90022943448227,2.2121524626074778,71.6531066894531,87.77836655925144,63.367841031359674,NA
IBD,2008,38.564199030649434,NA,NA,NA,3944.6530416302016,195.4204678320495,2.21436756794014,74.0793762207031,88.35356917389508,65.07024378136109,NA
IBD,2009,36.42550853722236,NA,NA,NA,3790.083582584802,199.5193042362682,2.208791901765488,75.9965362548828,88.9102879885783,66.77124068157126,NA
IBD,2010,34.45130383424272,NA,NA,NA,4561.251917542419,230.12557053457093,2.181291722336431,77.7592086791992,89.4464334212094,68.46695107716725,1.5990669383076368
IBD,2011,32.66335780254763,NA,NA,NA,5342.861381248455,267.52985979883454,2.162544191296499,79.2889175415039,89.9550512979798,70.1590408616242,NA
IBD,2012,30.599501221355144,NA,NA,NA,5617.652686044607,284.91482764741517,2.194353641887658,80.5427322387695,90.45167500867414,71.8512316269267,NA
IBD,2013,29.16808334198305,NA,NA,NA,5845.605073891828,305.30158683402107,2.1469365654214094,82.6154632568359,90.94227865361697,73.54644600205536,NA
IBD,2014,27.412386498986876,NA,NA,NA,5949.3191201240925,312.12409374260807,2.1367715224096835,84.5967178344727,91.42175811838996,75.2423575156247,NA
IBD,2015,26.341329089321945,NA,NA,NA,5546.047752755266,297.6903392852663,2.0996690688906403,84.4134674072266,91.88962851953632,76.93167055734294,NA
IBD,2016,25.10898070819469,NA,NA,NA,5534.819533329066,295.1794334327298,2.1100891810140414,84.9050216674805,92.34631110024932,78.61391745942215,NA
IBD,2017,23.85431881836804,NA,NA,NA,6053.309217933557,323.3483131064816,2.0738038646391312,84.423942565918,92.73696151747092,80.14960719509182,NA
IBD,2018,23.444295609954725,NA,NA,NA,6394.194842997891,336.6575777770282,1.9784934711697375,85.2913284301758,93.20004900898682,81.82623005870613,NA
IBD,2019,22.584461564767725,NA,NA,NA,6476.072597836793,348.25918840706896,1.9303355794154136,85.9744491577148,93.62777116199476,83.47060685466404,NA
IBD,2020,22.185062320320224,NA,NA,NA,6191.510883918494,356.80804810717746,1.8243493338428456,86.6853408813477,94.04109905847956,85.07680956516963,NA
IBD,2021,21.592426716874147,NA,NA,NA,7314.528364257954,409.7082323119712,1.7729357773993577,87.8183670043945,94.51721884236774,86.64442119355488,NA
IBD,2022,21.01935198978546,NA,NA,NA,7699.232588261859,447.2606549038848,1.736048458615702,88.8826370239258,95.01743557452568,88.15079915007581,1.9404641297458451
IBD,2023,20.450703771574716,NA,NA,NA,7925.399241374903,465.6171521866688,1.7169551203745488,88.590690612793,95.4320416223124,89.89362261143506,NA
IBD,2024,19.609173004943624,NA,NA,NA,8219.91265703844,NA,1.714072153482722,88.5063400268555,95.6565988293376,90.90117580041554,NA
IBT,2000,83.25183396086359,NA,NA,NA,1251.80798458527,63.16233724171934,2.9281591894995245,51.056640625,78.06796279014874,45.920589531221,1.2144225019894688
IBT,2001,80.8212518784276,NA,NA,NA,1248.9173560202432,63.39795859216849,2.882539181501925,52.0582008361816,78.47077731227769,47.012090570659765,NA
IBT,2002,77.38881600367401,NA,NA,NA,1256.625395305476,62.712910662214824,2.8484186812586616,53.8102798461914,79.05299471195427,49.32479961344549,NA
IBT,2003,74.30420222873367,NA,NA,NA,1392.4121168825995,70.26389440990513,2.8179123250426463,55.1889190673828,79.63865459696716,50.67292699130095,NA
IBT,2004,71.53456257515711,NA,NA,NA,1633.142127515174,81.33046014690404,2.8022771915264357,56.4517097473145,80.21963124840711,52.07515557395299,NA
IBT,2005,67.71555222118023,NA,NA,NA,1919.7031205147173,95.79544748428104,2.7805585514170956,57.7212715148926,80.91144151456047,53.51833471110751,NA
IBT,2006,64.68487520064726,NA,NA,NA,2247.7169680258403,110.40956648342464,2.765797761932954,58.9379806518555,81.47820453022324,54.95953829510098,NA
IBT,2007,61.8548777157548,NA,NA,NA,2742.6895956175126,132.4182989947854,2.754803630358857,60.743579864502,82.03339989036064,56.41339269378189,NA
IBT,2008,59.37838548857072,NA,NA,NA,3245.3948506062948,158.8123700073496,2.754235701144302,62.6050682067871,82.59913143745376,57.87097617364584,NA
IBT,2009,57.26650993365674,NA,NA,NA,3109.2512038523164,161.4778562058071,2.7455869559697312,64.093391418457,83.14296293252862,59.32314470346607,NA
IBT,2010,54.874317527704875,NA,NA,NA,3715.5667909512335,184.83497346468,2.716885575280577,65.5802993774414,83.67382096408323,60.77128251498921,1.2048711907490948
IBT,2011,53.5375021107104,NA,NA,NA,4324.068268811918,213.45608391145905,2.693295684408211,66.7541427612305,84.1095154925998,62.118190631917486,NA
IBT,2012,50.401959151966366,NA,NA,NA,4531.1700872740885,226.6725806077965,2.7094224939591323,67.8149795532227,84.60975862437898,63.55429400004553,NA
IBT,2013,48.77989666917993,NA,NA,NA,4714.621559421952,242.1127721139403,2.667207335509879,69.4584884643555,85.10595074556623,64.98599638907405,NA
IBT,2014,47.435171086879954,NA,NA,NA,4801.779507219018,247.35962144373565,2.654986940383426,70.5867614746094,85.59612313088205,66.41845185922469,NA
IBT,2015,46.3869965708754,NA,NA,NA,4474.435253262472,235.72463054906464,2.622032637033591,70.6143493652344,86.08077736601491,67.84521425883058,NA
IBT,2016,45.016789792503225,NA,NA,NA,4447.417390695133,232.7874775674813,2.623474800921072,70.935188293457,86.55729603156293,69.26323171990312,NA
IBT,2017,44.158302893160595,NA,NA,NA,4831.930059641074,252.49884366848664,2.5912515686607738,70.6176300048828,86.96349539336602,70.53173179229691,NA
IBT,2018,43.37394828955537,NA,NA,NA,5085.502174771035,262.11811024882235,2.5155664454136875,71.4286880493164,87.44488910276763,71.93220105915749,NA
IBT,2019,42.77944210086869,NA,NA,NA,5167.895237743264,269.77161578365025,2.4753322022865403,71.9366607666016,87.90218181347907,73.29898319695411,NA
IBT,2020,42.49220832815634,NA,NA,NA,4923.572184188912,275.72500006235714,2.3927648760403515,72.4409027099609,88.34722950504037,74.63144730527092,NA
IBT,2021,42.93827429317038,NA,NA,NA,5754.246750799377,315.3505862991645,2.3538117544001036,73.100212097168,88.8347332237475,75.93086472952047,NA
IBT,2022,43.183469802913905,NA,NA,NA,6036.813744070893,340.37615231389293,2.324482678165873,73.7423477172852,89.33958000155974,77.22143316680727,1.5510701444107469
IBT,2023,41.382706913427995,NA,NA,NA,6149.505545589451,351.42352410215506,2.3079097988422275,73.7175903320312,89.76877707928229,78.4933594683483,NA
IBT,2024,40.262320509094685,NA,NA,NA,6327.143997048697,NA,2.3001000247650945,73.9897689819336,90.05029597979859,79.22498238434807,NA
IDA,2000,129.19928124914406,NA,NA,NA,458.298938832863,16.37787746291531,5.123569028390786,27.4466495513916,58.67059033950493,28.59471737582967,0.352519116020521
IDA,2001,125.22625441822645,NA,NA,NA,442.14518343608944,15.85062396900745,5.055188184781431,28.5069808959961,59.29060780190057,29.026665151818275,NA
IDA,2002,119.38429204613873,NA,NA,NA,465.3337427692817,16.7100186534605,4.9867855619093735,29.3062896728516,59.94307710908901,29.587537916460978,NA
IDA,2003,114.64634600663872,NA,NA,NA,512.4164945340399,20.62260753646185,4.920878051853161,30.4598007202148,60.608432602687095,30.172359087421004,NA
IDA,2004,110.57317686638568,NA,NA,NA,584.9656720672938,23.302375072041965,4.84997737382873,30.9894790649414,61.29270610841766,30.989633747840752,NA
IDA,2005,104.62394389903302,NA,NA,NA,664.7330575597701,27.10308890257319,4.791667888334561,31.8400897979736,61.94724480243573,31.910422410365538,NA
IDA,2006,100.22172718919192,NA,NA,NA,775.4811759604005,31.928990314008413,4.748160549315697,33.1068687438965,62.67333607935253,32.867384149520966,NA
IDA,2007,96.3474817288562,NA,NA,NA,887.8326043446016,36.022908808824255,4.700131462179718,33.7341003417969,63.417330732530736,33.84608078647582,NA
IDA,2008,93.46322878803257,NA,NA,NA,1033.2321035618038,40.73465758997546,4.654066136718474,35.2717094421387,64.17731706583726,34.82379458002941,NA
IDA,2009,91.1394377544346,NA,NA,NA,983.7074748561508,40.3877545249102,4.602405088200855,36.8136787414551,64.92122906409685,35.791052889565705,NA
IDA,2010,87.54883055335998,NA,NA,NA,1109.841382794548,43.88190943794107,4.538681287772305,38.5313606262207,65.67130232043277,36.77150463366997,0.3746299091496531
IDA,2011,86.61531185097577,NA,NA,NA,1224.5098615529296,47.2587151560955,4.469555327195321,39.523380279541,66.23282578572373,37.52783838334624,NA
IDA,2012,82.09846772695423,NA,NA,NA,1263.4112415659636,49.70367507353927,4.404941319753965,40.8463287353516,66.94897704919256,38.471702341388344,NA
IDA,2013,79.35629073649496,NA,NA,NA,1346.324385289165,53.560962542878066,4.350532058590436,42.2208595275879,67.63559338533102,39.36130287300686,NA
IDA,2014,78.26965318744409,NA,NA,NA,1419.343918371869,56.1217150627497,4.300998362645347,42.069408416748,68.33818991552559,40.278404492147835,NA
IDA,2015,76.49321959870039,NA,NA,NA,1350.307580622315,54.79933870335242,4.250175871536288,43.1467514038086,69.06171930538622,41.22326729845775,NA
IDA,2016,74.80222364146074,NA,NA,NA,1314.081774113098,52.7923725982563,4.191822248785905,43.7213706970215,69.79437625567539,42.18698592656463,NA
IDA,2017,73.68206948667435,NA,NA,NA,1355.2350545731467,51.9024108487341,4.13947814164617,44.1494102478027,70.57164606997564,43.22495263661269,NA
IDA,2018,70.7073225986315,NA,NA,NA,1408.950168399008,52.49184597716177,4.08721232777325,45.2876815795898,71.32412622421427,44.2188379518913,NA
IDA,2019,69.40749685021491,NA,NA,NA,1544.2789006706132,52.1405597947966,4.032801761313877,45.9995384216309,72.08921774567406,45.22730072179545,NA
IDA,2020,67.46481267831183,NA,NA,NA,1464.5226140290522,54.301563465881415,3.978072153791409,46.633918762207,72.86058965742112,46.241500072301,NA
IDA,2021,68.00641122019557,NA,NA,NA,1566.137099367814,61.82790253887717,3.9350022218608056,46.8494491577148,73.62752103878881,47.279658831649336,NA
IDA,2022,68.2791646728512,NA,NA,NA,1647.5273246030738,60.25413396502876,3.8884404230526783,47.1027297973633,74.34528479687654,48.40128301421808,0.511390512085274
IDA,2023,64.49126847506388,NA,NA,NA,1536.087192370984,56.77143221016084,3.842134215117354,47.9449806213379,75.05493656288986,49.13657654886251,NA
IDA,2024,62.74941429761979,NA,NA,NA,1485.9222740563307,NA,3.788617926674895,48.8147583007812,75.71015680389841,49.447311250447434,NA
IDB,2000,132.63214337845497,NA,NA,NA,619.8213060024055,20.01163637875413,5.341855838525711,26.0812206268311,66.56618099861784,35.63621658636324,0.5795786229213634
IDB,2001,128.5237225143606,NA,NA,NA,602.8928716542243,19.06497049760594,5.260944453966644,27.1374492645264,67.20790104899048,35.72270748568967,NA
IDB,2002,124.42772712549686,NA,NA,NA,644.9720240058135,19.48673450369955,5.178319033059901,27.3216209411621,67.87131298500763,35.982577195936706,NA
IDB,2003,120.43249240923556,NA,NA,NA,712.2775064301399,27.380759984608748,5.109301984845632,28.643159866333,68.5644202411351,36.29428510461197,NA
IDB,2004,116.71983411114893,NA,NA,NA,837.1397637019243,30.44501811177633,5.012790811085955,30.3138103485107,69.27239490926229,37.24919704095309,NA
IDB,2005,113.09667821984458,NA,NA,NA,957.9444835612096,36.04230869392082,4.954611181393862,31.0211791992188,69.78545005705281,38.20482584905259,NA
IDB,2006,109.50467285384288,NA,NA,NA,1148.8918190475752,43.261774922595784,4.938700790207955,32.7400398254395,70.48688411853824,39.218278717124896,NA
IDB,2007,106.19518093675435,NA,NA,NA,1296.2173612850545,47.20547497015015,4.917370929315407,32.8579711914062,71.21671719821671,40.25087952245429,NA
IDB,2008,102.9891469988106,NA,NA,NA,1479.9326964919778,52.12540482523603,4.898901821466529,34.6661682128906,71.95237738712514,41.30174299322425,NA
IDB,2009,100.27445580716412,NA,NA,NA,1350.1681090314771,48.520330863470846,4.8581806944770465,36.3357315063477,72.67811542479191,42.362719018044494,NA
IDB,2010,97.7581338926115,NA,NA,NA,1535.2992231513756,53.93487990736049,4.798092126196713,37.729850769043,73.40291596593875,43.434298580426606,0.5777970981850828
IDB,2011,95.4071007579972,NA,NA,NA,1705.6444368891712,57.93935749202773,4.722169461578771,38.071418762207,74.11615750959051,44.51313948976225,NA
IDB,2012,93.0603666172748,NA,NA,NA,1844.1586935182977,62.82042388544526,4.634037821140902,39.3498802185059,74.81627257489225,45.59699748656243,NA
IDB,2013,90.870695521886,NA,NA,NA,1968.0817245573865,68.33001889742937,4.560497341133226,42.0797996520996,75.5112985507598,46.68812797536606,NA
IDB,2014,89.02002428105281,NA,NA,NA,2095.0725399427083,72.30167925255347,4.502077481935004,40.2113990783691,76.20964541196597,47.786006244913175,NA
IDB,2015,87.34208379228882,NA,NA,NA,1947.8524683864189,68.27943838687662,4.429495291730262,41.6168518066406,76.91337070297178,48.890511762600745,NA
IDB,2016,85.77067385233693,NA,NA,NA,1790.5378782605333,63.531177139193034,4.33403379404732,40.9479103088379,77.62010396877704,50.00059913906007,NA
IDB,2017,84.3590132998074,NA,NA,NA,1804.505594333852,61.21206737770819,4.269018868212737,41.1503791809082,78.3387178589227,51.123948108568506,NA
IDB,2018,82.94170223384474,NA,NA,NA,1869.382044476145,59.37861926239578,4.1932058925592255,42.5673599243164,79.06621785847416,52.265107414566096,NA
IDB,2019,81.79549064532996,NA,NA,NA,2205.8736189479555,59.84720266091954,4.1181258293125,44.0982284545898,79.80275341345015,53.42362015950867,NA
IDB,2020,80.44581189678604,NA,NA,NA,2008.89632662853,62.23516838241195,4.047504199969747,44.8260612487793,80.54560398375641,54.60823422708709,NA
IDB,2021,79.43877394934546,NA,NA,NA,2142.3117267460093,73.16115143800778,4.011091272987104,45.2309188842773,81.29345275369742,55.81068979161058,NA
IDB,2022,78.37941859536849,NA,NA,NA,2234.8361620648266,74.72900981217856,3.958188933620319,45.8226890563965,82.11485519078663,57.36998295585316,0.7654228481108409
IDB,2023,77.19426535680782,NA,NA,NA,1915.3132843342155,64.96690250903363,3.9068998694071815,48.4693908691406,82.80651644918993,57.89025567093381,NA
IDB,2024,75.89185207234361,NA,NA,NA,1650.637881130492,NA,3.841440007007475,50.6356391906738,83.35087027839198,58.07694752084034,NA
IDN,2000,51.4,75,76,72,763.7111249509245,15.39148712,2.503,55.1257095336914,75.7755519212516,41.5831787269392,NA
IDN,2001,49,76,76,77,732.3070934057076,16.8734417,2.466,56.169189453125,76.7750513576089,43.534313765172,NA
IDN,2002,46.7,70,72,80,881.0029135691312,18.97848511,2.436,57.8687705993652,77.764828826511,45.5010531020753,NA
IDN,2003,44.6,71,74,80,1043.2105838671023,25.51065636,2.41,60.981201171875,78.7445787552337,47.4821079251045,0.131
IDN,2004,48.6,71,76,79,1126.840044471728,25.982700349999998,2.415,63.4045181274414,79.7146661275456,49.4772142680194,NA
IDN,2005,40.7,72,77,79,1238.2144762948797,34.09753036,2.452,61.954891204834,80.6739527502828,51.4837806650068,NA
IDN,2006,38.9,72,79,78,1558.3156284716338,44.3965683,2.457,65.5009613037109,81.6230405666446,53.5018961119134,NA
IDN,2007,37.2,73,76,77,1823.2197625507272,55.99677658,2.476,72.845329284668,82.5614830626383,55.5300293728108,NA
IDN,2008,35.6,77,76,83,2124.5548392061796,59.24273682,2.44,70.6463317871094,83.4896329573105,57.5678736084239,NA
IDN,2009,34.1,78,74,85,2218.4854185297663,62.4021759,2.442,75.0030670166016,84.3913253324257,59.6133891473514,0.259
IDN,2010,32.6,81,78,82,3065.6834837776487,85.55950165,2.462,76.5413818359375,85.1661850718562,61.6611213279716,0.239
IDN,2011,31.2,81,80,81,3579.464424661521,107.00540161,2.515,78.8347778320312,85.6378136701144,63.6913657210041,NA
IDN,2012,29.9,87,82,87,3632.2725403033064,105.85425568,2.514,81.492919921875,86.0745858271754,65.7302519834107,0.197
IDN,2013,28.6,92,87,92,3566.6028450607755,102.33824921,2.441,80.8373400803378,86.4972383225177,67.7766235595933,NA
IDN,2014,27.3,88,86,90,3441.068084640084,102.00482178,2.393,83.3549900998268,86.9065589204206,69.8304612551161,NA
IDN,2015,26.1,84,87,85,3288.222697255384,96.15701294,2.346,88.012649448813,87.3023728948535,71.8904398574445,0.27
IDN,2016,25,84,88,85,3521.469434575738,106.40021515,2.311,89.0999579586062,87.6849895715078,73.9559310852412,NA
IDN,2017,23.8,85,90,88,3798.8832617452576,110.32610321,2.253,91.8476348896733,88.0541295680055,76.0256805835892,0.373
IDN,2018,22.8,85,89,87,3860.953530907256,110.71585846,2.219,93.7541308046929,88.410420237217,78.0995418857349,0.421
IDN,2019,21.8,85,88,85,4106.948561603577,118.22380829,2.205,95.9420767172654,88.7538936468124,80.1767467592482,0.462
IDN,2020,20.8,77,76,76,3853.702887741458,131.8225708,2.189,97.2526258977195,89.0851606060889,82.2571090356155,0.62
IDN,2021,19.9,67,72,68,4287.173139950984,158.89761353,2.166,98.3041172391285,89.4041137814594,84.339850898343,0.688
IDN,2022,19.1,91,92,91,4730.834848361069,127.44384766,2.149,98.185474262024,89.7113532580834,85.6486611717997,0.681
IDN,2023,18.4,83,82,82,4876.3077451225245,131.77729797,2.127,97.4046705284819,89.3578482222748,86.9363345400971,0.524
IDN,2024,17.7,78,85,87,4925.430487518614,NA,2.115,98.6691707526139,89.008759557411,88.2031685658499,NA
IDX,2000,127.3271809273155,NA,NA,NA,372.8594159687363,14.404455540051142,5.010242209663481,27.9010391235352,54.39474767788044,24.78140637401825,0.2159696006936991
IDX,2001,123.42074423880796,NA,NA,NA,356.7270001196631,14.09868803048403,4.947790116480793,28.9667091369629,54.98949819781266,25.389006283722235,NA
IDX,2002,116.61594217135472,NA,NA,NA,369.5699937740128,15.235588406284627,4.886495278846645,30.1225395202637,55.622510799623896,26.10250143532734,NA
IDX,2003,111.46092678565498,NA,NA,NA,405.74833691401176,17.021007869530134,4.821971768775938,31.1728401184082,56.26921988120809,26.83344750774813,NA
IDX,2004,107.19758398310944,NA,NA,NA,449.6598763969157,19.48516746729596,4.764195851351878,31.0780792236328,56.93126653735278,27.56835909346129,NA
IDX,2005,99.93978457768291,NA,NA,NA,507.001767833477,22.313438713123045,4.705532719303076,32.0196495056152,57.654955808090605,28.463536582780172,NA
IDX,2006,95.0277688116048,NA,NA,NA,573.8254465833356,25.844460315088742,4.647198027142463,33.0285301208496,58.38802897339644,29.38426310345552,NA
IDX,2007,90.76637076986832,NA,NA,NA,666.8953293036241,29.997842564206383,4.58460415422269,33.9554710388184,59.12695022998339,30.32285190937402,NA
IDX,2008,87.96679918279618,NA,NA,NA,791.0542324944948,34.57071625255572,4.523306782951435,35.3319282531738,59.88403432232352,31.24675942062439,NA
IDX,2009,85.80503105561439,NA,NA,NA,784.3409561070617,35.969141102350804,4.465343924409024,36.7950592041016,60.62245108243341,32.14911044741592,NA
IDX,2010,81.5360914415985,NA,NA,NA,877.6240397863506,38.25109450002355,4.399369898620967,38.6843795776367,61.37161768514259,33.066209196717324,0.2594126542053724
IDX,2011,81.42481113801074,NA,NA,NA,961.3685792260824,41.26353086165655,4.333871428670694,40.0516700744629,61.88656169740218,33.67667945608533,NA
IDX,2012,75.66437027255937,NA,NA,NA,945.5819583880532,42.33586871871938,4.282102505608627,41.4108810424805,62.6090417707052,34.54108607444374,NA
IDX,2013,72.63861363659062,NA,NA,NA,1005.788923370762,45.36491785611421,4.238130758226409,42.0606002807617,63.2879598307138,35.31666813938878,NA
IDX,2014,72.0297513904006,NA,NA,NA,1049.3264914528534,47.14648160453899,4.193632277120347,42.9096488952637,63.994198281523474,36.13521150577062,NA
IDX,2015,70.27064077584689,NA,NA,NA,1023.4389466840764,47.332604669072175,4.154782396496853,43.8637504577637,64.73358274970401,36.99678303849508,NA
IDX,2016,68.62892698148235,NA,NA,NA,1054.100110533106,46.8621413322107,4.116562827047121,45.1659812927246,65.49170145761548,37.89097181979892,NA
IDX,2017,67.74829702295838,NA,NA,NA,1110.7442510519954,46.82775901289788,4.071228300559573,45.7906684875488,66.3004959169544,38.88125701546899,NA
IDX,2018,64.00906927988649,NA,NA,NA,1159.0613431370443,48.74814212946155,4.031570697749775,46.8124504089355,67.07950208983652,39.807099149013936,NA
IDX,2019,62.72773143345134,NA,NA,NA,1186.405596808636,47.96526186352975,3.988184817393217,47.1396484375,67.87553095828457,40.74953191096964,NA
IDX,2020,60.54730112702187,NA,NA,NA,1170.9805151689227,50.01693120704394,3.941864212167528,47.7692413330078,68.67611090307022,41.68547111460136,NA
IDX,2021,61.920056322614464,NA,NA,NA,1256.1929643073545,55.72218075918812,3.8953625114284662,47.9491500854492,69.46349314097657,42.64536213115253,NA
IDX,2022,62.926757940315355,NA,NA,NA,1332.3173017870804,52.47410923901927,3.852119367971516,47.9579582214355,70.17406379341266,43.58591615803361,0.3730154889292924
IDX,2023,57.78657526665872,NA,NA,NA,1333.2097197902567,52.38109053278722,3.808436697330713,48.0615310668945,70.90759743220987,44.45399896191329,NA
IDX,2024,55.864906779955675,NA,NA,NA,1398.1118126403348,NA,3.761141259307214,48.2256889343262,71.63728296876954,44.804767668480224,NA
IMN,2000,NA,NA,NA,NA,21161.396307377203,NA,1.866,NA,NA,100,NA
IMN,2001,NA,NA,NA,NA,21819.71238256062,NA,1.87,NA,NA,100,NA
IMN,2002,NA,NA,NA,NA,24471.079881484653,NA,1.863,NA,NA,100,NA
IMN,2003,NA,NA,NA,NA,28861.617806291757,NA,1.84,NA,NA,100,NA
IMN,2004,NA,NA,NA,NA,35564.60239101461,NA,1.826,NA,NA,100,NA
IMN,2005,NA,NA,NA,NA,38135.85978858581,NA,1.863,NA,NA,100,NA
IMN,2006,NA,NA,NA,NA,42627.508935289115,NA,1.905,NA,NA,100,NA
IMN,2007,NA,NA,NA,NA,55040.24370462358,NA,1.927,NA,NA,100,NA
IMN,2008,NA,NA,NA,NA,72276.77413294613,NA,1.941,NA,NA,100,NA
IMN,2009,NA,NA,NA,NA,66156.10565684695,NA,1.937,NA,98.6560556451613,100,NA
IMN,2010,NA,NA,NA,NA,70587.31402837412,NA,1.928,NA,98.6560556451613,100,1.449
IMN,2011,NA,NA,NA,NA,77808.8579649376,NA,1.903,NA,98.6560556451613,100,NA
IMN,2012,NA,NA,NA,NA,79329.20343474341,NA,1.864,NA,98.6560556451613,100,NA
IMN,2013,NA,NA,NA,NA,83207.65884304506,NA,1.824,NA,98.6560556451613,100,NA
IMN,2014,NA,NA,NA,NA,91885.45287180255,NA,1.79,NA,98.7924774193548,100,NA
IMN,2015,NA,NA,NA,NA,84753.51874227317,NA,1.748,NA,98.9288991935484,100,NA
IMN,2016,NA,NA,NA,NA,82025.94545092407,NA,1.713,NA,99.0653209677419,100,NA
IMN,2017,NA,NA,NA,NA,83481.30384890136,NA,1.674,NA,99.2017427419355,100,NA
IMN,2018,NA,NA,NA,NA,89393.82442488115,NA,1.636,NA,99.338164516129,100,NA
IMN,2019,NA,NA,NA,NA,87127.55179774042,NA,1.606,NA,99.4745862903226,100,NA
IMN,2020,NA,NA,NA,NA,79513.53303465979,NA,1.585,NA,99.6110080645161,100,NA
IMN,2021,NA,NA,NA,NA,94299.96934896502,NA,1.569,NA,99.7474298387097,100,NA
IMN,2022,NA,NA,NA,NA,88328.54812588703,NA,1.556,NA,99.8838516129032,100,NA
IMN,2023,NA,NA,NA,NA,NA,NA,1.548,NA,100,100,NA
IMN,2024,NA,NA,NA,NA,NA,NA,1.544,NA,100,100,NA
IND,2000,91.8,58,56,57,442.7502189372632,18.47883415,3.35,38.9118194580078,79.4918924474821,14.6638821125248,NA
IND,2001,88.1,59,57,58,450.3579005141282,19.74444199,3.303,38.7999687194824,80.0659857611388,17.2206798996747,NA
IND,2002,84.6,59,56,58,469.1499289739273,20.15651703,3.217,41.3250694274902,80.7684916224213,19.9645829063411,NA
IND,2003,81.1,61,60,57,544.1431335450022,21.89380074,3.122,45.5992889404297,81.4693446422868,22.7256519741888,NA
IND,2004,77.7,63,64,58,624.2588265100661,24.9240799,3.046,47.2715797424316,82.1686302902513,25.504088846955,NA
IND,2005,74.3,65,68,65,710.4880804089489,27.49770737,2.958,50.2120513916016,82.8660018054267,28.2988919138167,NA
IND,2006,71,65,69,66,801.6683536590223,29.37600899,2.867,51.390209197998,83.5615500374212,31.1102746501892,NA
IND,2007,67.8,64,70,67,1021.8870770682591,35.63138962,2.775,54.4490394592285,84.2553439378038,33.9383850862219,NA
IND,2008,64.5,70,72,69,992.5195849238276,37.65440369,2.711,58.1668281555176,84.9473094624581,36.7829765979312,NA
IND,2009,61.2,74,78,73,1094.9497459843622,38.05965042,2.674,58.6507301330566,85.6371461321776,39.6431708126058,NA
IND,2010,58.1,79,82,76,1347.519390713668,44.79586029,2.598,62.3437995910645,86.3249166723471,42.5191116694177,NA
IND,2011,55,82,84,79,1445.4612748603658,48.18242264,2.532,64.624397277832,87.0106732998892,45.4108795020998,NA
IND,2012,52,82,83,79,1429.321995200319,48.45263672,2.47,67.4936981201172,87.6951918936397,48.3205923569019,NA
IND,2013,49.1,83,83,82,1432.843975121953,55.46933746,2.399,69.2553634643555,88.3781430142448,51.2472926178236,NA
IND,2014,46.4,85,85,84,1553.8839607511832,56.3490181,2.293,74.7539901733398,89.0593975763785,54.1905506719672,0.715
IND,2015,43.7,87,87,86,1583.998159079848,58.12401581,2.289,74.3924407958984,89.7387066732488,57.1496392627885,0.723
IND,2016,41.3,88,88,86,1707.5089291224338,59.72652817,2.284,75.823371887207,90.4158282525921,60.1238284933312,0.748
IND,2017,39,89,90,89,1950.1046828086637,56.66844559,2.193,74.2236328125,91.0905825625786,63.1125583715917,0.766
IND,2018,36.9,90,93,90,1966.254551716789,57.46551132,2.184,75.5565032958984,91.7626505318817,66.1148742165368,0.84
IND,2019,34.9,91,95,90,2041.4286369858537,60.6913681,2.12,75.6416931152344,92.4317828217009,69.1300220717047,0.889
IND,2020,33,85,89,85,1907.042516376687,63.83099747,2.047,76.5541213427966,93.0977309081783,72.0482326780192,0.723
IND,2021,31.2,85,89,85,2239.6138436748224,75.54971313,2.014,78.4542146302356,93.760281159736,74.9328568041953,NA
IND,2022,29.5,93,95,93,2347.4482943462317,81.50888824,1.994,80.4518698611689,94.4191311935781,77.8161883735175,NA
IND,2023,28,91,93,91,2530.120312782038,84.68669891,1.975,78.7503140925354,95.0740565981493,80.6978943350927,NA
IND,2024,26.6,94,97,93,2694.737808599611,NA,1.962,78.7182686071249,95.7247373523918,83.380872478201,NA
INX,2000,NA,NA,NA,NA,NA,NA,NA,NA,NA,NA,NA
INX,2001,NA,NA,NA,NA,NA,NA,NA,NA,NA,NA,NA
INX,2002,NA,NA,NA,NA,NA,NA,NA,NA,NA,NA,NA
INX,2003,NA,NA,NA,NA,NA,NA,NA,NA,NA,NA,NA
INX,2004,NA,NA,NA,NA,NA,NA,NA,NA,NA,NA,NA
INX,2005,NA,NA,NA,NA,NA,NA,NA,NA,NA,NA,NA
INX,2006,NA,NA,NA,NA,NA,NA,NA,NA,NA,NA,NA
INX,2007,NA,NA,NA,NA,NA,NA,NA,NA,NA,NA,NA
INX,2008,NA,NA,NA,NA,NA,NA,NA,NA,NA,NA,NA
INX,2009,NA,NA,NA,NA,NA,NA,NA,NA,NA,NA,NA
INX,2010,NA,NA,NA,NA,NA,NA,NA,NA,NA,NA,NA
INX,2011,NA,NA,NA,NA,NA,NA,NA,NA,NA,NA,NA
INX,2012,NA,NA,NA,NA,NA,NA,NA,NA,NA,NA,NA
INX,2013,NA,NA,NA,NA,NA,NA,NA,NA,NA,NA,NA
INX,2014,NA,NA,NA,NA,NA,NA,NA,NA,NA,NA,NA
INX,2015,NA,NA,NA,NA,NA,NA,NA,NA,NA,NA,NA
INX,2016,NA,NA,NA,NA,NA,NA,NA,NA,NA,NA,NA
INX,2017,NA,NA,NA,NA,NA,NA,NA,NA,NA,NA,NA
INX,2018,NA,NA,NA,NA,NA,NA,NA,NA,NA,NA,NA
INX,2019,NA,NA,NA,NA,NA,NA,NA,NA,NA,NA,NA
INX,2020,NA,NA,NA,NA,NA,NA,NA,NA,NA,NA,NA
INX,2021,NA,NA,NA,NA,NA,NA,NA,NA,NA,NA,NA
INX,2022,NA,NA,NA,NA,NA,NA,NA,NA,NA,NA,NA
INX,2023,NA,NA,NA,NA,NA,NA,NA,NA,NA,NA,NA
INX,2024,NA,NA,NA,NA,NA,NA,NA,NA,NA,NA,NA
IRL,2000,7.2,86,79,86,26334.567205050083,1564.83764648,1.89,NA,96.6432181326014,90.0039815195189,2.219
IRL,2001,6.9,84,73,84,28282.40988207296,1823.73474121,1.94,109.808570861816,96.6636726128136,89.9934206605421,2.373
IRL,2002,6.5,83,73,83,32705.434556569817,2200.35742188,1.97,111.292457580566,96.6839393286038,89.9824305641103,2.404
IRL,2003,6.1,86,78,86,41203.52958475685,2910.93212891,1.96,112.472328186035,96.7038676944039,89.9700431850216,2.572
IRL,2004,5.6,89,81,89,47754.2023194244,3483.16064453,1.93,113.681762695312,96.7236314451944,89.9574538006016,2.74
IRL,2005,5.2,90,84,90,50933.02160955888,3938.19116211,1.86,114.562652587891,96.743244411118,89.944799688173,3.531
IRL,2006,4.8,91,86,91,54329.16185996238,4147.1328125,1.91,113.762756347656,96.7628104274409,89.9326745170445,3.631
IRL,2007,4.6,92,87,92,61396.417461175995,4858.64501953,2.01,115.01000213623,96.7827341812859,89.923319628906,3.838
IRL,2008,4.4,93,89,93,61353.10656295232,5638.77929688,2.06,114.988639831543,96.8025424077574,89.9138931088148,3.952
IRL,2009,4.3,94,90,94,52133.09061625439,5502.88769531,2.06,118.528137207031,96.822240012762,89.9043585226446,4.004
IRL,2010,4.2,94,90,94,48623.96664224873,5133.45507813,2.05,121.657470703125,96.8418255162662,89.8947557932751,4.128
IRL,2011,4.1,95,92,95,52613.854035568875,5538.00195313,2.03,118.078887939453,96.8612904708571,89.8850354586049,4.104
IRL,2012,4,95,92,95,49335.84080995552,5187.27197266,1.98,119.381332397461,96.8806445019551,89.8752066389218,3.949
IRL,2013,3.9,96,93,96,52537.61086486919,5295.52050781,1.93,NA,96.8998874189889,89.8653106033212,3.927
IRL,2014,3.8,96,93,96,57214.53797857091,5309.90380859,1.89,118.297927856445,96.9190141649512,89.8553013523079,3.012
IRL,2015,3.7,95,93,95,64250.138518125656,4575.84912109,1.85,118.652038574219,96.9380364717099,89.8452309062707,3.119
IRL,2016,3.6,95,92,95,64129.55715423832,4746.93701172,1.81,118.613380432129,96.9569278147002,89.8349918949082,3.193
IRL,2017,3.5,95,92,95,72161.4047531385,5023.51123047,1.76,123.970291137695,96.9755821286774,89.8240697617023,3.256
IRL,2018,3.4,94,92,94,80804.11231648263,5494.98632813,1.74,164.419372558594,96.9939522473037,89.812337262782,3.276
IRL,2019,3.4,94,91,94,81827.6688873996,5454.31152344,1.69,143.507354736328,97.0120539231566,89.7998496161213,3.317
IRL,2020,3.5,94,92,94,86514.07061087541,6073.10546875,1.6,140.086166381836,97.0298506240387,89.7865313699403,3.458
IRL,2021,3.6,94,90,94,103783.44628447876,6754.07519531,1.72,138.651184082031,97.0473662537478,89.7724871048145,4.028
IRL,2022,3.7,93,90,93,105190.68595273084,6407.92333984,1.51,136.129119873047,97.0645722234347,89.757648052779,3.362
IRL,2023,3.8,93,89,93,106818.9171308039,6877.9375,1.5,NA,97.0814633122255,89.742009351926,3.875
IRL,2024,3.9,92,90,92,112894.9532408054,7394.85009766,1.47,NA,97.0980337007013,89.7256064199387,NA
IRN,2000,36.4,99,99,99,1650.0138583378507,79.89089203,1.999,71.0602569580078,94.2087234514971,78.218293196505,NA
IRN,2001,34.3,96,96,95,1881.0226663528283,93.23036957,1.918,70.8468475341797,94.4127376646145,78.9731471753929,NA
IRN,2002,32.3,99,99,99,1891.257560910334,104.64128113,1.836,71.3788070678711,94.612110469542,79.7155487867345,NA
IRN,2003,30.3,99,99,99,2208.9963655240554,115.51907349,1.801,71.2510070800781,94.806889129544,80.445633771259807,NA
IRN,2004,28.3,99,96,98,2672.4226651403983,139.75932312,1.78,72.5664596557617,94.9970316924209,81.1633098268727,0.865
IRN,2005,26.5,95,94,95,3132.0508192006955,169.8145752,1.756,73.1008987426758,95.18249701116,81.8685049537412,0.861
IRN,2006,24.7,98,99,99,3618.916013644281,192.07597351,1.755,75.411491394043,95.3633556923125,82.5614052358839,0.515
IRN,2007,23.1,99,97,98,4687.991662607176,237.51042175,1.748,76.9536514282227,95.5354863995331,83.2321134946783,NA
IRN,2008,21.7,99,98,99,5377.411507295701,288.85775757,1.743,78.5560073852539,95.7014734925872,83.8869750183033,NA
IRN,2009,20.4,99,99,99,5415.522805534456,354.25738525,1.74,79.4014663696289,95.8635415645059,84.5313775424274,NA
IRN,2010,19.3,99,99,99,6291.194436554542,424.60494995,1.749,77.7281036376953,96.0218281862273,85.16566965163,NA
IRN,2011,18.3,99,99,99,8025.687433643556,505.33276367,1.792,79.6959381103516,96.1763033647874,85.7898043501208,NA
IRN,2012,17.5,99,98,99,8114.080998318772,500.21826172,1.851,80.8130187988281,96.3261590816988,86.4018915038268,NA
IRN,2013,16.8,98,98,98,6222.741948403264,412.02786255,1.913,79.7113418579102,96.4718242177424,87.0030127281938,NA
IRN,2014,16.1,99,99,99,5672.063728963186,395.027771,1.975,80.5690994262695,96.6141058316375,87.5950808163193,1.43
IRN,2015,15.5,98,99,98,4952.733555321775,423.28967285,2.017,80.8046798706055,96.7529192600073,88.1779155269033,1.095
IRN,2016,14.9,99,99,99,5710.599470891042,433.9196167,2.054,82.1195220947266,96.8883841344681,88.7518172769829,NA
IRN,2017,14.4,99,99,99,6000.933464044092,457.22549438,2.023,81.7238006591797,97.0204377787878,89.3166613162414,1.071
IRN,2018,13.9,99,99,99,4783.010673402372,244.21661377,1.919,NA,97.1490246044491,89.6988576017474,1.505
IRN,2019,13.4,99,99,99,3997.493544958496,223.64257813,1.766,NA,97.2741844991019,90.0210887632991,NA
IRN,2020,13,99,99,99,3202.500035021685,184.90914917,1.7,84.9604034423828,97.3960598410528,90.2667726388145,NA
IRN,2021,12.6,98,99,98,4605.148813189922,196.66934204,1.709,NA,97.5146314590197,90.3162236149744,NA
IRN,2022,12.1,99,99,99,4721.2043709998425,250.23272705,1.704,85.9843673706055,97.6301442880843,90.3647309306855,NA
IRN,2023,11.7,99,99,99,5049.299316427539,267.059021,1.695,86.1972427368164,97.742552873025,90.4119852074826,1.811
IRN,2024,11.3,98,99,99,5190.169590248213,NA,1.684,NA,97.8520635920898,90.458288016159,NA
IRQ,2000,44.3,80,86,83,1980.189160387819,NA,4.92,27.8302001953125,80.8465210339668,70.5047677877262,NA
IRQ,2001,43.4,78,82,80,1435.6956837889963,NA,4.799,27.4531402587891,81.7364082372658,71.075866107073,0.543
IRQ,2002,42.5,77,77,76,1266.1596127509445,NA,4.668,NA,82.6260373037079,71.6455694675998,NA
IRQ,2003,41.6,75,73,73,817.8878624996222,26.98275757,4.581,33.3460884094238,83.5154009333644,72.2138771289347,NA
IRQ,2004,40.7,74,69,69,1328.3715762829215,51.81518173,4.527,35.8271293640137,84.4044866614588,72.7807850256075,0.658
IRQ,2005,39.7,65,69,69,1762.39360423421,53.0551796,4.446,NA,85.293291593962,74.4450745683206,0.66
IRQ,2006,38.8,59,62,63,2276.554357440865,56.76464462,4.459,NA,86.1815126073683,76.1219593481463,NA
IRQ,2007,37.7,57,64,74,3128.9901032906632,100.59433746,4.404,42.750431060791,87.0697453969481,77.8117345436879,0.528
IRQ,2008,36.7,69,75,71,4542.966090460324,139.28845215,4.373,NA,87.9576753839558,79.5141852850981,NA
IRQ,2009,35.6,78,81,78,3714.71205987194,140.1234436,4.378,NA,88.8450464865989,81.2291181152915,NA
IRQ,2010,34.5,74,75,74,4461.751961615549,144.54083252,4.457,NA,89.747680341053,82.9658498255287,0.636
IRQ,2011,33.4,81,80,82,5775.542290802934,161.89790344,4.588,NA,90.6562235048523,84.7190691046442,NA
IRQ,2012,32.4,72,74,73,6477.596184509547,174.48312378,4.544,NA,91.5604108838011,86.4826460447995,NA
IRQ,2013,31.3,73,73,75,6650.352822473952,186.78742981,4.441,NA,92.4602847156941,88.2564846708838,NA
IRQ,2014,30.3,73,70,76,6249.3922697896905,178.98071289,4.31,NA,93.3560179358349,90.0405629244154,0.823
IRQ,2015,29.3,68,71,72,4440.141892523674,149.07951355,4.08,NA,94.2475935647608,91.8347515135487,0.718
IRQ,2016,28.4,71,79,76,4334.4209640418785,199.88560486,3.843,NA,95.1361722839903,93.6396641233782,0.707
IRQ,2017,27.5,81,81,82,4759.284643546699,197.23654175,3.64,NA,96.0213104286067,95.4549205220896,0.8
IRQ,2018,26.5,86,85,74,5646.689320747416,232.86825562,3.547,NA,96.902402599518,96.9997458760796,0.676
IRQ,2019,25.7,84,86,85,5671.856863294203,241.73873901,3.48,NA,97.7787837240263,97.864851810422,0.881
IRQ,2020,24.9,74,93,78,4295.189451212281,248.04725647,3.419,NA,98.3599044196543,98.4932660483814,0.923
IRQ,2021,24,78,84,78,4868.494310807826,251.59538269,3.358,NA,98.3711569251332,98.4959720542325,0.983
IRQ,2022,23.3,93,97,92,6520.73154560584,283.17074585,3.294,NA,98.3828518441967,98.4987799022337,1.022
IRQ,2023,22.5,91,97,91,5965.318350777613,333.29360962,3.249,NA,98.3950469684624,98.501709975411,NA
IRQ,2024,21.8,90,91,91,6073.610323427084,NA,3.221,NA,98.4076938287767,98.5047513855653,NA
ISL,2000,3.9,98,91,98,32503.57896323597,2855.57470703,2.08,112.418891906738,99.9999968536342,98.7980041291152,3.441
ISL,2001,3.7,92,88,92,29208.19818535683,2528.5456543,1.95,113.251411437988,100,98.7971837425424,3.473
ISL,2002,3.5,95,91,95,32749.37900462696,3046.81665039,1.93,116.697853088379,100,98.7963729510366,3.578
ISL,2003,3.3,97,93,97,39944.210409559055,3839.6940918,1.99,119.957382202148,100,98.7949491900819,3.615
ISL,2004,3.2,99,93,99,47809.60730500415,4414.23339844,2.04,109.347999572754,99.9999997493148,98.7933244677551,4.192
ISL,2005,3.1,95,90,95,57783.7745608117,5079.68945313,2.05,109.665580749512,99.9999985914996,98.7917259201809,3.612
ISL,2006,2.9,97,95,97,58172.14266566217,4918.23339844,2.08,109.666450500488,100,98.7901467233098,3.603
ISL,2007,2.8,97,95,97,70483.01172285354,5803.81152344,2.09,109.764930725098,100,98.7886019021965,3.612
ISL,2008,2.8,98,96,98,57489.33997952163,4749.68408203,2.15,108.088829040527,100,98.7870790817422,3.641
ISL,2009,2.7,96,92,96,41483.78436828142,3622.97827148,2.23,108.148422241211,99.9999992481043,98.7855707233906,3.647
ISL,2010,2.7,96,93,96,43776.467740047505,3614.03833008,2.2,109.966148376465,100,98.7847535507852,3.589
ISL,2011,2.6,95,94,95,48254.95392725402,3937.31591797,2.02,110.568481445312,100,98.7845859292734,3.504
ISL,2012,2.6,89,90,89,46594.98691466144,3784.38378906,2.04,113.343231201172,99.9999957149588,98.7844113664715,3.56
ISL,2013,2.6,91,91,91,50173.33600610572,4095.67626953,1.93,123.816963195801,99.9999988928739,98.7839858955201,3.606
ISL,2014,2.6,90,90,90,55140.364935792975,4522.90576172,1.93,122.319847106934,99.9999979873113,98.7835434602545,3.643
ISL,2015,2.6,92,93,92,53505.69640793393,4303.84179688,1.8,120.264518737793,100,98.7831179489898,3.773
ISL,2016,2.6,91,91,91,62854.090640793234,5053.51757813,1.74,116.968399047852,100,98.7826661232675,3.85
ISL,2017,2.7,89,92,89,72976.37299909748,5992.05322266,1.71,114.679817199707,100,98.7821726872398,3.872
ISL,2018,2.7,91,93,91,75633.86513519146,6280.03857422,1.71,113.783317565918,99.9999967826526,98.7816461491977,3.891
ISL,2019,2.8,93,93,93,69296.31443616007,5912.00976563,1.74,110.045211791992,99.9999970387712,98.7811009775607,3.892
ISL,2020,2.8,93,93,93,60127.939357561576,5692.89111328,1.72,108.87816619873,99.9999964455788,98.7805419679259,4.318
ISL,2021,2.9,92,92,92,70425.40642772733,6722.421875,1.82,112.999610900879,100,98.7799498182969,4.377
ISL,2022,2.9,92,91,92,76350.45504165025,6851.62939453,1.589,110.178550720215,99.9999992337629,98.7793239094093,4.44
ISL,2023,2.9,92,91,92,82138.78929735567,7064.62402344,1.55,106.320831298828,100,98.7786759933373,4.373
ISL,2024,2.8,94,97,94,86040.53098512879,7641.57373047,1.56,NA,100,98.7780018629454,NA
ISR,2000,6.9,93,95,93,21706.51940563291,1473.00915527,2.95,NA,99.9999980424614,99.9999980424614,3.697
ISR,2001,6.6,92,95,93,20966.305266797062,1509.44506836,2.92,99.0385437011719,99.9999999141995,99.9999999141995,3.693
ISR,2002,6.4,90,95,91,19076.458429832084,1355.33447266,2.89,99.633903503418,99.9999966748332,99.9999966748332,3.698
ISR,2003,6.1,93,96,93,19643.469038074167,1384.18737793,2.95,98.1695938110352,99.9999972968458,99.9999972968458,3.699
ISR,2004,5.8,95,97,95,20568.06940888339,1438.98999023,2.9,97.9283065795898,99.9999987008863,99.9999987008863,3.67
ISR,2005,5.6,93,94,95,21286.838863659537,1509.10583496,2.84,97.9647064208984,99.999996277042,99.999996277042,3.626
ISR,2006,5.3,95,96,94,22527.261979571904,1555.56396484,2.88,97.8787307739258,99.9999970677578,99.9999970677578,3.593
ISR,2007,5.1,95,97,95,25721.259407731093,1769.92504883,2.9,97.7012176513672,99.9999967389264,99.9999967389264,3.558
ISR,2008,4.9,94,98,94,30269.217773488977,2126.11132813,2.96,97.3704681396484,99.9999990692997,99.9999990692997,3.52
ISR,2009,4.7,96,97,96,28508.49388864749,2034.45812988,2.96,96.9526901245117,99.9999967272176,99.9999967272176,3.526
ISR,2010,4.6,95,96,95,31439.08870276139,2237.90795898,3.03,98.8364334106445,100,100,3.515
ISR,2011,4.4,94,97,94,34522.52159790729,2442.29052734,2.98,98.8685913085938,100,99.9956552135569,3.52
ISR,2012,4.3,94,96,94,33321.43008816015,2405.1809082,3.05,98.8610000610352,100,99.9884608340089,3.503
ISR,2013,4.1,96,98,96,37034.31610807846,2673.3371582,3.03,99.4867477416992,99.9999987902256,99.9813907693021,3.472
ISR,2014,4,95,97,95,38343.30466262348,2804.23144531,3.08,99.0864105224609,99.9999994311655,99.9744595332157,3.442
ISR,2015,3.9,95,98,95,36213.104148195795,2645.78857422,3.09,98.7219314575195,100,99.9676711051809,3.431
ISR,2016,3.8,94,97,94,37671.538913879755,2783.82495117,3.11,99.7816162109375,100,99.9610220718726,3.422
ISR,2017,3.7,98,98,98,41138.47096427196,3074.44604492,3.11,98.5735092163086,99.999999235034693,99.9545287961214,3.43
ISR,2018,3.7,98,98,98,42362.6652754196,3199.41625977,3.09,98.8978576660156,100,99.9481963561794,3.477
ISR,2019,3.6,98,99,98,44250.63136280731,3335.24511719,3.01,98.4972991943359,100,99.9420208696373,3.521
ISR,2020,3.5,98,99,98,44575.57190454923,3616.50219727,2.9,98.5995178222656,99.9999976530211,99.9360127624406,3.567
ISR,2021,3.5,98,99,98,52270.904024195625,4294.18847656,3,99.3400192260742,100,99.9301799523059,3.636
ISR,2022,3.4,98,98,98,54949.62155642901,4107.72998047,2.89,98.9096984863281,100,99.924519816082,3.686
ISR,2023,3.4,98,98,98,52003.72007299969,3927.69873047,2.85,99.5341491699219,99.999996982634,99.9190335270473,3.797
ISR,2024,3.3,98,98,98,54176.68443833022,NA,2.87,98.6831588745117,99.9999993081787,99.9200782006513,NA
ITA,2000,5.6,87,74,97,20190.00356360841,1524.23962402,1.26,NA,99.5570595333996,99.8859327621191,3.424
ITA,2001,5.3,93,77,96,20570.438591786176,1586.67272949,1.25,96.097038269043,99.582772000592,99.8859214415661,3.487
ITA,2002,5.1,93,81,96,22451.396437936848,1762.359375,1.27,97.0359878540039,99.6084844677844,99.8858964413785,9.344
ITA,2003,4.8,96,84,97,27577.570031985477,2160.91210938,1.29,98.1742935180664,99.6341969349767,99.8858746241475,3.604
ITA,2004,4.6,94,86,97,31348.190184144543,2560.45776367,1.34,98.7184906005859,99.6599094021691,99.8858507122837,3.667
ITA,2005,4.5,95,87,97,32062.72383366903,2669.72802734,1.33,98.8290634155273,99.6856218693615,99.8858236930033,3.687
ITA,2006,4.3,96,88,97,33537.12869942695,2821.77392578,1.37,99.1188430786133,99.7113343365538,99.8858036076723,3.685
ITA,2007,4.2,97,90,97,37826.17545548228,3077.41381836,1.39,99.3631820678711,99.7370468037462,99.8857799717069,3.752
ITA,2008,4.1,96,90,96,40828.57955809372,3483.39086914,1.44,99.8315582275391,99.7627592709386,99.8857542871757,3.74
ITA,2009,4.1,96,90,96,37099.6133958219,3314.15844727,1.44,99.8766174316406,99.788471738131,99.8857309646722,3.739
ITA,2010,4,96,91,96,35856.862548553916,3190.72045898,1.44,101.048370361328,99.8141842053233,99.8857106015763,3.763
ITA,2011,3.9,96,90,96,38432.37428200186,3358.95654297,1.42,101.019592285156,99.8398966725157,99.8856821171754,3.835
ITA,2012,3.8,97,90,96,34854.39494419646,3071.00048828,1.42,99.9755325317383,99.8656091397081,99.8856332979671,3.81
ITA,2013,3.7,96,90,96,35701.67460023755,3139.87939453,1.39,100.541206359863,99.8913216069004,99.8855778298286,3.873
ITA,2014,3.6,95,87,95,36028.34940223488,3190.46777344,1.38,100.533279418945,99.9170340740928,99.8855182584591,3.888
ITA,2015,3.5,93,85,93,30639.882975143213,2707.43310547,1.36,100.56990814209,99.9170340740928,99.8854583535856,3.848
ITA,2016,3.4,94,87,93,31391.569289810846,2735.27783203,1.36,100.321586608887,99.9170340740928,99.885399852308,3.963
ITA,2017,3.3,95,92,95,32844.115660604024,2851.28686523,1.34,100.285293579102,99.9170340740928,99.8853414231028,3.999
ITA,2018,3.2,95,93,95,34904.10819238336,3031.46459961,1.31,100.701438903809,99.9170340740928,99.8852799137261,3.987
ITA,2019,3.1,96,94,96,33812.788724867976,2908.83154297,1.27,100.929710388184,99.9170340740928,99.8852225421869,4.024
ITA,2020,3,94,92,94,32091.48666213664,3058.90014648,1.24,101.073577880859,99.9170340740928,99.8851578267552,3.97
ITA,2021,2.9,94,94,94,36852.542541495095,3414.57299805,1.25,101.245712280273,99.9170340740928,99.8850975832792,4.064
ITA,2022,2.8,95,94,95,35653.9042103495,3154.57104492,1.24,100.924369812012,99.9170340740928,99.8850325902598,4.191
ITA,2023,2.8,95,95,95,39277.08387839178,3283.47216797,1.21,100.401916503906,99.9170340740928,99.8849719036501,NA
ITA,2024,2.7,94,95,94,40385.3413957669,3397.68798828,1.18,NA,99.9170340740928,99.8849043408577,NA
JAM,2000,20.5,93,88,95,3453.0925280022648,206.44976807,2.345,82.1989822387695,93.044767295069,80.3897902476816,NA
JAM,2001,20,98,85,99,3503.550266888578,180.66116333,2.296,82.0432891845703,93.2314642021095,80.4397265320862,NA
JAM,2002,19.6,97,86,99,3680.6455172772385,205.3553772,2.271,82.4636306762695,93.4126955865185,80.4900715011556,NA
JAM,2003,19.3,94,78,99,3549.7075839461813,177.21534729,2.244,82.3553771972656,93.5916605668837,80.5402961444726,0.848
JAM,2004,19.1,96,86,96,3807.562931245522,222.27250671,2.198,86.8673324584961,93.5442678161321,81.06758684543,NA
JAM,2005,19.1,99,84,99,4184.4397486749685,243.57797241,2.148,86.2242126464844,93.495904810275,81.5952850004995,NA
JAM,2006,19.1,94,87,99,4417.001271353632,243.38668823,2.089,NA,93.3551724042309,82.123305250613,NA
JAM,2007,19.1,91,76,93,4716.486125427274,292.00213623,2.023,88.4859008789062,93.0501887643258,82.6517047080876,NA
JAM,2008,19.1,90,88,91,5029.800952817452,334.75042725,1.953,90.2766189575195,92.7426284619668,83.180409388657,0.405
JAM,2009,19.1,90,88,90,4428.381533335574,282.09719849,1.879,90.9492568969727,92.4323342637375,83.7094853462441,NA
JAM,2010,19,94,89,94,4809.977380311997,309.86782837,1.799,92.5638443679897,92.1193970721849,84.2388789441069,NA
JAM,2011,19,92,88,93,5232.636449181319,341.33453369,1.717,94.7008819580078,91.8039421170674,84.768570999696,NA
JAM,2012,18.9,96,93,96,5340.833332321578,330.38525391,1.648,NA,91.4871976831064,85.2981420323076,0.363
JAM,2013,18.9,93,94,86,5124.213014111368,322.03283691,1.591,88.0026753615918,91.1691636119073,85.8275297136537,0.48
JAM,2014,18.8,92,92,93,4975.113254598724,312.77233887,1.544,89.161127286711,90.8497325388071,86.3566821660583,0.391
JAM,2015,18.7,91,91,91,5339.307182568061,334.89901733,1.508,87.8180659010758,90.5287295922396,86.8855879242963,0.428
JAM,2016,18.7,99,95,99,5302.29553353854,330.15463257,1.464,89.5799290253363,90.2061439128139,87.4141682686662,0.471
JAM,2017,18.7,93,95,93,5605.43541173019,367.35095215,1.428,86.0544417661238,89.8818112105781,87.9424102965954,NA
JAM,2018,18.7,97,89,98,5976.903626443367,381.47775269,1.4,84.739986572276,89.5557220251637,88.4702342742167,0.548
JAM,2019,18.8,96,94,96,6030.688964159207,390.79431152,1.39,86.3051320241406,89.2277179456112,88.997622645007,NA
JAM,2020,18.7,96,93,95,5299.045308042832,364.76513672,1.383,83.5566101074219,88.8977273219084,89.5245308476169,NA
JAM,2021,18.6,90,88,90,5625.678062712359,413.36227417,1.378,86.6220377560584,88.5656727695016,90.0509072917054,NA
JAM,2022,18.4,98,91,94,6626.475023885385,521.12023926,1.372,82.8671722412109,88.231486530264,90.5767034338028,NA
JAM,2023,18.1,99,93,98,7542.400842753452,520.15704346,1.358,85.6044566148171,87.895030779808,91.1018987715533,0.46
JAM,2024,17.8,99,94,98,7753.800695543198,NA,1.351,84.6436233520508,87.5562621347732,91.6264600288818,NA
JOR,2000,25.8,91,94,94,1570.6100294047749,151.33486938,3.864,85.7906112670898,98.375425418806,99.0001342310668,1.778
JOR,2001,25,99,99,97,1632.2945401056288,161.33900452,3.803,NA,98.404833464075793,98.8872678903901,1.933
JOR,2002,24.2,95,95,95,1706.2674438440122,164.75001526,3.805,84.959228515625,98.4342212914986,98.7679426094807,2.086
JOR,2003,23.5,97,96,97,1775.6762558143184,161.87841797,3.816,85.0584030151367,98.4635783696491,98.6486747174721,2.155
JOR,2004,22.7,95,99,95,1940.0864134280496,175.04393005,3.729,84.6306762695312,98.4929393838046,98.5294571468879,1.938
JOR,2005,22,95,95,95,2087.8707927363457,185.0302124,3.653,85.5384216308594,98.5494288674571,98.4169700805217,2.141
JOR,2006,21.3,98,99,98,2342.634595749326,188.72041321,3.711,88.3580093383789,98.6120434709162,98.308206099878,2.136
JOR,2007,20.7,98,95,98,2506.205994841393,208.03627014,3.797,89.5034408569336,98.6711635910559,98.2009358550483,2.238
JOR,2008,20.1,97,95,98,3241.6524135555965,275.17532349,3.876,90.5130767822266,98.7270120484555,98.09501501556,2.085
JOR,2009,19.5,98,95,98,3435.833759069801,316.92221069,3.841,NA,98.7796045730845,97.9902274488182,2.055
JOR,2010,18.9,98,98,98,3718.465716229453,303.8081665,3.78,90.1925506591797,98.8292687560561,97.8864815715208,2.222
JOR,2011,18.4,98,98,98,3946.8550385552458,321.59057617,3.69,90.5657806396484,98.8761377842126,97.7836292183144,NA
JOR,2012,17.9,98,98,98,4169.504700546181,325.97836304,3.568,89.996940612793,98.9204228747465,97.6815546659463,NA
JOR,2013,17.4,98,97,98,4311.219167130379,308.94308472,3.449,90.0058657097509,98.9622049918779,97.5800917869947,2.34
JOR,2014,17,98,98,98,4191.180500849864,302.14120483,3.302,91.9826453827636,99.0017546060361,97.4791874276905,2.236
JOR,2015,16.5,99,94,99,4042.756780975546,301.63067627,3.141,NA,99.0291191427992,97.3716594756962,2.726
JOR,2016,16.1,98,96,98,3986.7167701085286,278.13378906,3.072,NA,99.0560992908943,97.2644408764445,NA
JOR,2017,15.7,99,93,99,4065.6162874938423,289.04656982,2.994,91.5137035572558,99.0826264544025,97.1574792984054,2.222
JOR,2018,15.3,96,92,92,4145.439896732647,289.47106934,2.923,92.4891451216421,99.1124406003234,97.0507514777426,NA
JOR,2019,14.9,89,87,87,4170.114400346496,294.92785645,2.855,92.5425629523907,99.1420002561378,96.9442655127058,2.519
JOR,2020,14.5,77,76,76,4022.040135613496,303.4822998,2.791,93.0858429614664,99.1712730302314,96.8379669917401,NA
JOR,2021,14.1,85,81,84,4183.4999832686635,322.01589966,2.735,92.8440273185155,99.200324026186,96.7318948068054,NA
JOR,2022,13.7,92,86,92,4332.251598979315,334.387146,2.679,93.4988532874014,99.229144722644,96.6260204300308,2.851
JOR,2023,13.3,96,95,95,4466.083142085751,342.10394287,2.639,93.1909358247647,99.2577307145329,96.5203168428374,NA
JOR,2024,12.9,96,99,94,4618.095924985674,NA,2.604,92.9268253048268,99.2861089236717,96.4147907489487,NA
JPN,2000,4.5,85,96,98,39169.35957015043,2751.38452148,1.36,NA,98.5196139100947,99.9977656818046,1.931
JPN,2001,4.3,95,98,81,34406.18246380916,2488.65185547,1.33,NA,98.5196139100947,99.9954967125937,NA
JPN,2002,4.1,96,98,89,32820.79364332542,2412.35131836,1.32,NA,98.5196139100947,99.9932277433829,1.976
JPN,2003,4,97,98,97,35387.03742035993,2650.23852539,1.29,NA,98.5196139100947,99.990958774172,NA
JPN,2004,3.9,99,98,97,38298.98017123033,2884.67358398,1.29,NA,98.5196139100947,99.9886898049611,2.029
JPN,2005,3.7,98,98,95,37812.89501999483,2892.60473633,1.26,NA,98.5545378078553,99.9864208357503,NA
JPN,2006,3.6,98,97,95,35991.54600286202,2763.53344727,1.32,NA,98.5894617056158,99.9841518665394,2.082
JPN,2007,3.5,98,96,97,35779.02454164271,2781.49365234,1.34,NA,98.6243856033764,99.9818828973285,NA
JPN,2008,3.4,98,95,98,39876.30396857249,3223.29101563,1.37,NA,98.659309501137,99.9796139281177,2.146
JPN,2009,3.4,97,94,99,41308.99683705115,3696.58422852,1.37,NA,98.6942333988975,99.9773449589068,NA
JPN,2010,3.3,97,94,98,44968.15623497395,4071.80200195,1.39,NA,98.7291572966581,99.9750759896959,2.212
JPN,2011,3.3,97,94,96,48760.078949421106,5103.34326172,1.39,NA,98.7640811944187,99.972807020485,NA
JPN,2012,3.1,97,96,99,49145.28043081928,5232.36279297,1.41,NA,98.7990050921792,99.9705380512742,2.283
JPN,2013,3,96,95,99,40898.64789647444,4356.15527344,1.43,101.316276550293,98.8339289899398,99.9682690820633,NA
JPN,2014,2.9,96,98,99,38475.39524618382,4121.21142578,1.42,101.236053466797,98.8688528877004,99.9660001128524,2.354
JPN,2015,2.8,96,96,99,34960.63938433849,3754.18115234,1.45,101.829078674316,98.9037767854609,99.9637311436416,NA
JPN,2016,2.7,99,96,99,39375.47316207813,4194.22802734,1.44,101.40486907959,98.9387006832215,99.9614621744307,2.423
JPN,2017,2.6,99,97,97,38834.05293412266,4135.24316406,1.43,100.593452453613,98.973624580982,99.9591932052198,NA
JPN,2018,2.5,98,97,98,39751.13309827112,4265.77929688,1.42,100.685279846191,99.0085484787426,99.9569242360089,2.485
JPN,2019,2.5,98,96,98,40415.956764954695,4431.29980469,1.36,100.780563354492,99.0434723765032,99.9546552667981,NA
JPN,2020,2.4,96,98,96,40028.734172676246,4581.60986328,1.33,101.33186340332,99.0783962742638,99.9523862975872,2.592
JPN,2021,2.4,99,95,99,40094.55997952878,4843.94433594,1.3,101.723770141602,99.1133201720243,99.9501173283763,NA
JPN,2022,2.4,99,98,99,34065.64389625263,4201.79248047,1.26,101.571006774902,99.1482440697849,99.9478483591655,2.649
JPN,2023,2.4,98,94,98,33836.17562716171,3638.19287109,1.2,101.637001037598,99.1831679675454,99.9455793899546,NA
JPN,2024,2.4,99,95,98,32487.07780475674,NA,1.15,NA,99.1831679675454,99.9433104207437,NA
KAZ,2000,42.1,97,99,96,1180.0444563226,49.093647,1.898,89.1025238037109,90.0307426152469,96.845702173166,3.158
KAZ,2001,39.6,95,95,95,1422.2733181095696,49.36683273,1.906,NA,90.4543144790286,96.8453385380879,3.293
KAZ,2002,37.2,95,95,95,1573.5521993232485,56.88095856,1.956,NA,90.8203534835021,96.8978353203907,3.427
KAZ,2003,35.1,99,99,99,1958.0205024651132,72.90396881,2.075,NA,91.1852959284243,96.9502145771284,3.468
KAZ,2004,33,82,99,99,2722.474077554025,108.43822479,2.201,NA,91.5491420882344,97.0024793846235,3.455
KAZ,2005,31,98,99,99,3577.358040017821,139.57885742,2.274,NA,91.9118915154506,97.0648490891514,3.476
KAZ,2006,28.9,99,99,99,5030.13494711519,170.9365387,2.38,96.475227355957,92.2735462006636,97.1271155183214,3.572
KAZ,2007,26.8,93,99,94,6449.439310965321,174.33786011,2.49,NA,92.634092896871607,97.1892688223895,3.53
KAZ,2008,24.7,99,99,99,8123.547058917361,245.79397583,2.616,NA,92.9935442795373,97.2513208704644,3.588
KAZ,2009,22.5,98,99,99,6938.011756630006,240.99569702,2.58,NA,93.3518871209981,97.3132617625394,3.65
KAZ,2010,20.4,99,99,98,8793.075899807822,240.6149292,2.61,97.1018374439523,93.7090293283348,97.3751082146427,3.791
KAZ,2011,18.3,99,99,99,11287.1464926039,293.73300171,2.605,97.7360563082277,94.0651716304314,97.4368392211239,3.815
KAZ,2012,16.3,99,96,99,12018.796652799265,365.04208374,2.64,98.2057617758137,94.4202016510081,97.4984582188857,3.786
KAZ,2013,14.5,98,99,98,13478.459627611956,358.91342163,2.67,97.505296092687,94.7741258840317,97.5599727804689,3.832
KAZ,2014,13,95,99,95,12427.709457693862,369.68508911,2.76,98.8825340771977,95.1268706638543,97.6213968243494,3.865
KAZ,2015,11.9,98,99,98,10196.122625598213,310.01428223,2.755,99.2999761450382,95.4785790078555,97.6826966507758,3.726
KAZ,2016,11,83,99,83,7475.566886894244,255.84049988,2.795,98.0107832338107,95.7465813403663,97.7438938717997,3.707
KAZ,2017,10.5,99,99,99,8943.084167919838,272.98272705,2.745,96.6959328368217,95.9970182861121,97.8049933636929,3.6
KAZ,2018,10.3,98,99,98,9472.485273277582,266.92147827,2.845,96.2488486443621,96.3060818845049,97.8553422711483,3.531
KAZ,2019,10.2,97,99,97,9457.126146571356,263.61331177,2.89,96.758870906544,96.6144824644743,97.9051562762041,3.62
KAZ,2020,10.1,88,93,88,8781.507977876476,329.57086182,3.13,91.6816314447458,96.9217657494766,97.9463161907176,3.663
KAZ,2021,10,95,97,95,9983.60103576902,391.81536865,3.32,93.9223187700412,97.2275162757939,97.9538478987078,3.711
KAZ,2022,9.8,99,99,99,11255.339643788113,421.60028076,3.05,93.6981837228001,97.531338883182,97.9526402205332,3.719
KAZ,2023,9.6,99,99,99,12879.427525797384,489.71456909,3.012,94.8671029040021,97.8328139720823,97.948876378574,3.754
KAZ,2024,9.4,98,93,98,14154.632495807637,NA,2.984,96.7445196567945,97.8336528246685,97.9447423331533,NA
KEN,2000,95.2,82,78,79,414.6263651308463,21.53400993,5.136,39.7841300964355,45.3600224507061,23.6473801064419,NA
KEN,2001,90.5,80,77,77,410.7004524748136,22.11487579,5.094,40.212100982666,46.2300505152725,24.3164597238105,NA
KEN,2002,85.6,84,78,83,402.9363856053818,22.28772163,5.027,40.7447204589844,47.0979850578154,25.0346081207823,0.138
KEN,2003,80.8,73,72,75,442.8984572534054,25.64012337,4.937,43.9185981750488,47.96372108533,25.7535178867465,NA
KEN,2004,76.1,73,73,73,463.66278130012114,27.65002823,4.861,45.2924499511719,48.8271492189302,26.4731149422539,NA
KEN,2005,71.2,76,69,70,523.4563124338626,30.9943428,4.801,45.9471015930176,49.6872335728162,27.1932269454509,NA
KEN,2006,66.8,80,77,77,699.8023706338097,40.3040123,4.754,46.934700012207,50.5448296064454,27.9138955031129,NA
KEN,2007,62.9,81,80,76,840.2014394767648,49.44605255,4.718,47.2512016296387,51.3998249048434,28.6350439627237,NA
KEN,2008,58,88,90,87,915.5443547360396,54.35681915,4.66,54.2933616638184,52.2521176288935,29.3565994040011,0.169
KEN,2009,55.2,88,88,89,1047.967832448497,55.455616,4.567,54.5718307495117,53.100725539255,30.0784132028819,0.171
KEN,2010,53.1,90,86,89,1091.518731011939,58.8164711,4.446,NA,53.9464421270489,30.8004947681643,0.171
KEN,2011,51.7,96,87,97,1096.1449980767547,57.02286911,4.284,NA,54.7912792060119,31.5229174481557,0.177
KEN,2012,50.7,94,93,93,1285.005361715117,64.48231506,4.116,NA,55.6346101711392,32.2455260120869,0.184
KEN,2013,49.4,87,94,92,1370.8788521465926,67.59809875,3.955,NA,56.4770636530803,32.9682462912978,0.193
KEN,2014,48.3,92,95,90,1482.8156625349743,72.84589386,3.843,NA,57.3176013376785,33.6908976254492,0.199
KEN,2015,46.8,89,96,79,1489.1195977728398,70.94755554,3.766,70.187444140127,58.1564256572864,34.4133695043635,NA
KEN,2016,45.5,88,93,83,1554.1261031442327,73.88768005,3.689,73.1205739030308,58.9933330324144,35.1355349703251,NA
KEN,2017,44.7,81,84,75,1667.4844723083545,66.46552277,3.609,NA,59.82810250315,35.857250498731,NA
KEN,2018,43.7,91,92,89,1836.4527552899297,75.27681732,3.536,NA,60.6609028100369,36.5783889502292,0.16
KEN,2019,42.7,93,92,88,1960.408088548926,85.64528656,3.433,NA,61.4907638599362,37.298797647533,NA
KEN,2020,42.1,93,89,92,1927.6645902784887,86.5921936,3.364,NA,62.318211896262,38.018340896347,0.074
KEN,2021,41.3,95,90,95,2061.3562208959406,94.20249176,3.312,79.6603133999262,63.1426684243247,38.7368777065186,0.098
KEN,2022,40.5,94,89,91,2109.562885131375,91.18416595,3.262,83.4337197590316,63.96426197234,39.454252565811,0.236
KEN,2023,39.6,93,91,92,1942.5880275619108,84.958992,3.208,84.7505339840655,64.7820788557808,40.1703366344741,0.289
KEN,2024,38.8,91,88,85,2132.4345209764665,NA,3.167,NA,65.5965968528709,40.8849654611543,NA
KGZ,2000,50.8,99,98,99,279.62173846436474,12.0349474,2.4,80.0949630737305,80.9425079923707,92.8282031249624,1.803
KGZ,2001,48.1,99,99,99,308.41129550148037,12.87845421,2.4,80.1173477172852,80.94207386678,92.8282378799564,1.745
KGZ,2002,45.5,98,98,99,321.72677536680436,14.4122982,2.4,79.4984893798828,81.5848105745917,93.005572595951,2.017
KGZ,2003,43,98,99,98,380.50582881244065,21.68980598,2.5,84.7630462646484,82.2273533172738,93.1829301574786,2.081
KGZ,2004,40.9,99,99,98,433.2338732860004,26.37302399,2.6,83.4454879760742,82.870122233362,93.3602758261186,1.984
KGZ,2005,39.2,98,99,98,476.54819364007665,34.93693161,2.5,82.1718826293945,83.4769470367777,93.6560226009521,2.02
KGZ,2006,37.6,92,97,93,543.1135124722191,44.5950737,2.7,82.4580535888672,84.0832799038686,93.9520874390933,1.958
KGZ,2007,35.9,94,99,94,721.7715775443605,49.61043167,2.7,82.8428421020508,84.6887403319872,94.2485169694254,1.886
KGZ,2008,33.8,95,99,95,966.3885693704937,62.77722549,2.8,NA,85.2935211424602,94.5452869474658,1.892
KGZ,2009,31.6,95,99,96,870.1988945469169,59.93972397,2.9,88.7243728637695,85.8977915351228,94.8423723936302,1.88
KGZ,2010,29.5,96,99,88,876.9544764403543,60.67642975,3.1,87.3795815410487,86.5050830438754,95.1391384215873,1.871
KGZ,2011,27.6,96,97,94,1117.401743501848,78.73632813,3.1,87.4421175040858,87.1151364127598,95.435495439877,1.897
KGZ,2012,26,96,98,94,1168.6224467544575,98.66984558,3.2,87.004163224052,87.7276670753468,95.7313479681621,1.878
KGZ,2013,24.7,97,99,97,1269.6630346434772,103.59209442,3.1,87.8419677828729,88.3419389786488,96.0266897957502,1.87
KGZ,2014,23.5,96,96,95,1264.5266882389074,93.15830994,3.2,89.5127032733476,88.9576674918841,96.3214166857355,1.837
KGZ,2015,22.3,97,99,97,1105.6519384426072,79.54891205,3.2,89.3803392348644,89.5744309454191,96.6154706740523,1.846
KGZ,2016,21.1,96,97,97,1103.2748942841188,71.52179718,3.1,90.2972623073403,90.1919244806244,96.9087481057027,1.853
KGZ,2017,20,92,95,93,1221.3904680708183,76.60479736,3,89.7482653344435,90.8095804433615,97.2012105005547,1.835
KGZ,2018,19,94,96,92,1283.520303741702,65.34625244,3.3,91.0594350779724,91.4270880471421,97.4927558595168,1.787
KGZ,2019,18.3,95,96,97,1421.9992750410186,61.39657974,3.3,91.5009835275856,92.0438993396,97.7833519513512,1.759
KGZ,2020,17.8,87,92,87,1229.517666029075,61.25272751,3.1,92.1680769300161,92.5873159897583,98.017628465842,1.692
KGZ,2021,17.5,89,93,90,1349.9973065054237,72.58779144,2.89,93.1961318508701,93.250254637138,98.1478549913374,1.651
KGZ,2022,17.3,90,94,92,1739.720183441745,88.07954407,2.8,NA,93.777081084542,98.278227766543,1.6
KGZ,2023,17,86,96,92,2138.2221021147798,96.65081787,2.7,92.1027509613575,94.3000416733557,98.4088738227501,1.568
KGZ,2024,16.8,85,96,92,2420.185422838315,NA,2.6,92.5232415743903,94.9430591604871,98.5398995968815,NA
KHM,2000,105.2,59,65,62,296.42668752633426,19.27847862,3.794,12.7743301391602,52.3082345073141,10.447277669756,0.164
KHM,2001,96,60,59,59,327.5009843144443,22.18333626,3.687,14.5757503509522,53.9811685919562,10.7958282120224,NA
KHM,2002,86.2,54,52,54,350.14727663429426,24.25898743,3.57,17.9505195617676,55.5106135698106,13.5213126606582,NA
KHM,2003,77.5,69,65,69,386.6911239317779,25.00667191,3.429,21.7320804595947,56.9174716552401,16.4957664710748,NA
KHM,2004,70.4,85,80,86,444.1990675290812,28.80763817,3.307,25.3631000518799,58.3061105388914,19.4886033113327,NA
KHM,2005,64.4,82,79,82,525.7973251209264,32.33660507,3.238,NA,59.676559152063,22.4997083184805,NA
KHM,2006,59.3,80,78,80,612.2526485507273,32.84370041,3.175,34.3806800842285,61.028548229185,25.5284652809793,NA
KHM,2007,54.9,82,79,82,731.6922951254261,32.39221573,3.13,37.6149711608887,62.3624172696977,28.5752843908418,NA
KHM,2008,50.8,91,89,91,866.2839997897495,48.62422562,3.048,40.8487091064453,63.6884209485264,31.6569911125652,0.241
KHM,2009,47,94,92,95,875.7489361935693,55.25073624,2.971,NA,65.049262160306,34.8431292661324,0.235
KHM,2010,43.5,90,90,90,952.2746163240076,53.58575439,2.859,NA,66.3891055650022,38.0399288332331,0.227
KHM,2011,40.3,91,88,91,1088.9815282308143,65.3871994,2.782,NA,67.7079968252659,41.2469119068715,0.224
KHM,2012,37.2,90,84,90,1192.8026304167313,68.90019989,2.751,NA,69.0059822259685,44.4635910579506,0.163
KHM,2013,34.5,86,79,71,1305.6600972685976,65.39577484,2.742,NA,70.2828703284751,47.6891050739855,0.14
KHM,2014,32,90,83,91,1431.5639646999336,63.1011467,2.734,NA,71.539204338713,50.9237116921206,0.167
KHM,2015,29.6,91,85,91,1547.320104443935,70.23264313,2.729,NA,72.7747960661074,54.1665197831593,0.15
KHM,2016,27.5,91,85,89,1675.1955571110864,75.22520447,2.725,NA,73.9897142664689,57.417022532982,0.197
KHM,2017,25.6,90,85,89,1826.353916887541,77.97311401,2.719,51.2054747282757,75.1838204777674,60.6744151428492,0.195
KHM,2018,24.1,89,86,88,2036.6737756657817,91.59080505,2.724,53.0927446861047,76.3583989017941,63.9398472470947,0.211
KHM,2019,22.8,88,87,91,2225.877054856862,112.5851059,2.725,53.3177080845995,77.5132246974306,67.2122392007629,0.211
KHM,2020,21.8,86,83,89,2081.739142429391,106.79976654,2.699,54.5285415649414,78.6484857238686,70.4910427870757,NA
KHM,2021,20.8,86,83,88,2167.403241984992,137.38909912,2.664,59.1888520896695,79.7640004029773,73.7752065517154,NA
KHM,2022,19.9,84,83,84,2325.0305004084116,103.89541626,2.616,59.850293235261,80.8599549237853,77.0641162411033,NA
KHM,2023,19.1,84,79,85,2429.748534528382,114.56295776,2.579,60.3343523907692,81.8888688771299,80.3569034278216,NA
KHM,2024,18.4,83,83,84,2627.8796975622413,NA,2.548,63.098667348683,82.8497572939701,83.3359328714314,NA
KIR,2000,65.8,90,80,90,845.3672402319726,65.61151886,4.071,68.3258666992188,56.1653892565175,29.4332516112154,NA
KIR,2001,64.1,85,76,88,718.833787096781,85.88798523,3.957,81.1455535888672,57.3246303582442,30.4939861959849,NA
KIR,2002,62.5,77,88,96,810.1087003744398,92.96794891,3.814,85.8114471435547,58.3321099401164,31.411410840326,NA
KIR,2003,61.4,70,72,79,1020.5003385139406,102.43731689,3.702,93.3157577514648,59.3399106669223,32.3289642125859,NA
KIR,2004,60.7,62,56,61,1083.2688987175038,132.29045105,3.734,93.2632217407227,60.3477274331315,33.2463631405513,NA
KIR,2005,60.1,79,85,74,1161.7834173997692,131.88641357,3.76,89.7085266113281,61.3552527879544,34.163338666221,NA
KIR,2006,59.7,86,61,86,1123.1925899068403,126.86061859,3.815,89.5072708129883,62.5045689065929,35.2022104813693,NA
KIR,2007,59.2,94,93,93,1352.5781404891095,148.0586853,3.865,88.7881927490234,63.7644097380592,36.3306938222446,NA
KIR,2008,58.7,82,72,74,1410.622469140584,190.33927917,3.899,85.3749771118164,64.9939842741725,37.1173607941238,0.24
KIR,2009,58.2,86,82,84,1316.6275385367776,167.97206116,3.905,NA,66.1469251372886,37.8765617583736,NA
KIR,2010,57.7,91,89,95,1522.1006874415357,133.15927124,3.898,NA,67.1728362624079,38.6081785659638,0.377
KIR,2011,57.5,99,90,95,1771.129268487921,141.5138092,3.878,NA,68.18756629104,39.3118291707544,0.136
KIR,2012,57.4,94,91,92,1843.5533634988892,146.6194458,3.768,NA,69.1908876881434,39.9871295227772,NA
KIR,2013,57.7,95,91,91,1772.087183171315,154.34346008,3.643,NA,70.1813879382686,40.6328916636928,0.193
KIR,2014,58,75,88,79,1736.7053568210142,155.38656616,3.521,NA,71.1597633531566,41.2494292871662,NA
KIR,2015,58.6,78,84,80,1639.8527474065236,118.3345871,3.438,NA,72.1255004626904,41.8362047246118,NA
KIR,2016,59.1,81,80,82,1742.667993241167,157.72897339,3.375,NA,73.0741373998847,42.3903837205277,NA
KIR,2017,59.6,90,81,90,1853.0512271331909,179.57881165,3.339,NA,74.0045165430556,42.9115121446096,NA
KIR,2018,59.6,95,84,93,1912.7380937818737,208.73831177,3.318,NA,74.9172098884573,43.4001999878848,NA
KIR,2019,59.1,97,94,94,1750.997718891504,177.93025208,3.29,NA,75.8122291109265,43.8567170359075,NA
KIR,2020,58.3,92,82,91,1751.7824916821432,239.24353027,3.254,NA,76.6890512985404,44.2810965836604,NA
KIR,2021,57.2,90,80,86,2222.0481950189733,263.09573364,3.219,93.4636603502039,77.5479842310266,44.6738091395008,NA
KIR,2022,55.9,91,85,90,2069.7671726924987,217.68276978,3.182,95.0484764542936,78.7016541788502,45.0352022161591,NA
KIR,2023,54.5,90,79,87,2177.701258122623,238.12675476,3.147,100.551571980143,78.8873728718607,45.1052498687683,NA
KIR,2024,53.1,94,79,91,2288.634714236841,NA,3.124,94.4197769165039,79.0683447485722,45.1735078207297,NA
KNA,2000,23.9,99,99,99,9319.655450935246,446.66659546,2.126,106.413093566895,98.4498940767374,86.4508633800915,NA
KNA,2001,22.9,99,90,99,10022.59192356372,440.21563721,2.082,96.7472534179688,98.4623525425581,87.1049196213683,1.07
KNA,2002,22,97,99,97,10453.658706431252,465.07720947,2.038,95.0264129638672,98.4748110083788,87.7589758626448,NA
KNA,2003,21.1,99,98,99,10175.629544998916,482.87136841,2.004,96.1212692260742,98.4872694741995,88.4130321039216,NA
KNA,2004,20.3,96,98,96,10944.618374176833,491.62530518,1.964,92.4339065551758,98.4997279400202,89.0670883451984,NA
KNA,2005,19.7,99,99,99,11783.786715414511,556.97229004,1.931,93.4050521850586,98.5121864058409,89.7211445864751,NA
KNA,2006,19.2,99,99,99,13837.84953112188,689.44549561,1.902,NA,98.5246448716616,90.3752008277517,NA
KNA,2007,18.9,99,99,99,14757.957975103523,707.96960449,1.871,110.280372619629,98.537103337482307,91.0292570690285,NA
KNA,2008,18.8,99,99,98,16604.94486159053,881.09844971,1.833,111.532699584961,98.549561803303,91.6833133103052,NA
KNA,2009,18.7,98,99,95,16503.411929279435,872.67474365,1.8,110.266731262207,98.5620202691237,92.337369551582,NA
KNA,2010,18.8,96,99,91,16622.94579085767,867.4453125,1.762,107.334342956543,98.5744787349444,92.9914257928585,NA
KNA,2011,18.9,98,99,99,17832.457291997453,922.20574951,1.74,109.34342956543,98.5869372007651,93.6454820341353,NA
KNA,2012,19.1,98,95,98,17532.05590086078,880.91064453,1.713,92.7716827392578,98.5993956665858,94.2995382754121,NA
KNA,2013,19.3,97,99,97,18580.13019499348,938.89459229,1.682,128.944717407227,98.6118541324065,94.9535945166888,NA
KNA,2014,19.4,98,93,96,20219.3954237956,962.25469971,1.665,112.262702941895,98.6118541324065,94.9535945166888,NA
KNA,2015,19.4,94,95,91,20328.800353010854,1042.15063477,1.643,115.620048522949,98.6118541324065,94.9535945166888,2.909
KNA,2016,19.3,98,98,99,21387.541551110324,1161.87097168,1.633,118.171806335449,98.6118541324065,94.9535945166888,NA
KNA,2017,19,98,93,97,22464.98996339591,1186.42663574,1.61,120.649651972158,98.6118541324065,94.9535945166888,NA
KNA,2018,18.6,98,96,98,22901.38164031969,1121.13977051,1.587,117.739025856885,NA,NA,3.085
KNA,2019,18.2,97,97,97,23595.49232312906,1224.18933105,1.568,112.30303030303,NA,NA,NA
KNA,2020,17.8,99,95,99,18859.019036104593,1067.84997559,1.55,108.363636363636,NA,NA,NA
KNA,2021,17.3,96,96,96,18361.144969788555,1132.58447266,1.531,118.408256530762,NA,NA,NA
KNA,2022,16.8,96,95,96,21011.5744209816,1161.22058105,1.512,115.003099814011,NA,NA,NA
KNA,2023,16.4,96,95,96,22576.92484391659,1294.88391113,1.505,130.727762803234,NA,NA,NA
KNA,2024,15.9,97,95,97,23960.65343570841,NA,1.526,NA,NA,NA,NA
KOR,2000,7.6,97,95,99,12710.299579557866,475.2520752,1.48,98.2106094360352,NA,100,1.302
KOR,2001,7.2,97,96,99,11981.482821875825,503.15795898,1.309,97.9438171386719,NA,100,1.397
KOR,2002,6.8,97,97,99,13642.942453710111,536.91662598,1.178,97.4044876098633,98.7656134279428,100,1.5
KOR,2003,6.4,97,96,94,15211.548377042198,684.79833984,1.191,97.2058563232422,98.7656134279428,100,1.579
KOR,2004,6,88,99,90,17121.63016332014,764.49401855,1.164,97.2399368286133,98.7656134279428,100,1.577
KOR,2005,5.6,96,99,96,20167.047490250618,944.55078125,1.085,97.5727310180664,98.7656134279428,100,1.637
KOR,2006,5.2,98,99,98,22609.705943144854,1130.53796387,1.132,96.9087905883789,98.7656134279428,100,1.701
KOR,2007,4.8,91,92,91,25078.485395710468,1256.36437988,1.259,96.7846374511719,98.8370462636784,100,1.753
KOR,2008,4.5,94,92,92,22252.31251080609,1186.375,1.192,96.407600402832,98.9084790994141,99.9913543263754,1.872
KOR,2009,4.3,94,93,95,19937.30291377345,1150.97253418,1.149,96.9241409301758,98.9799119351498,99.9749792813269,1.95
KOR,2010,4.1,94,98,95,24071.26205263616,1417.10913086,1.226,97.3114166259766,99.0513447708854,99.9586042362784,2.016
KOR,2011,4,99,99,98,26175.23985533631,1570.54943848,1.244,97.4617385864258,99.1227776066211,99.9422291912298,2.063
KOR,2012,3.8,99,99,99,26600.54774339028,1603.93432617,1.297,97.2857513427734,99.1942104423568,99.9258541461813,2.099
KOR,2013,3.7,99,99,99,28449.359110497207,1738.80847168,1.187,97.6339797973633,99.2656432780924,99.9094791011328,2.175
KOR,2014,3.6,99,99,99,30667.09124674474,1922.98803711,1.205,98.3530578613281,99.3370761138281,99.8931040560842,2.21
KOR,2015,3.5,98,98,98,30171.790654522236,1950.89575195,1.239,98.3732299804688,99.4085089495638,99.8767290110357,2.242
KOR,2016,3.4,98,98,98,30832.062807251597,2042.72949219,1.172,98.453483581543,99.4799417852994,99.8603539659872,2.29
KOR,2017,3.3,97,97,97,33296.98454391951,2258.15307617,1.052,98.7714462280273,99.5513746210351,99.8439789209386,2.343
KOR,2018,3.2,98,98,98,35363.95082286868,2523.04003906,0.977,98.8866806030273,99.6228074567707,99.8276038758901,2.386
KOR,2019,3.1,98,98,98,33826.94433015971,2602.4831543,0.918,97.9251403808594,99.6942402925064,99.8112288308416,2.458
KOR,2020,3.1,98,98,98,33645.77195450733,2699.6640625,0.837,96.619010925293,99.7656731282421,99.7948537857931,2.507
KOR,2021,3,98,98,98,37518.46353056967,3125.82714844,0.808,97.7645034790039,99.8371059639777,99.7784787407445,2.517
KOR,2022,2.9,98,97,97,34822.40484049711,3078.55151367,0.778,97.5669174194336,99.9085387997134,99.762103695696,2.61
KOR,2023,2.9,98,97,97,35674.09599563203,3043.87329102,0.721,95.9690704345703,99.979971635449,99.7457286506475,NA
KOR,2024,2.8,97,97,97,36238.63990831499,3136.78564453,0.748,95.8913192749023,100,99.7293536055989,NA
KWT,2000,12.7,98,99,94,19296.347169872908,425.20968628,2.887,88.5162506103516,100,100,NA
KWT,2001,12.5,99,99,99,17374.231866422688,553.75134277,2.839,90.2363891601562,100,100,NA
KWT,2002,12.3,99,97,99,18512.752303586156,578.41534424,2.795,NA,100,100,NA
KWT,2003,12.2,99,97,99,22690.655175143995,626.35095215,2.771,98.5272521972656,100,100,1.9
KWT,2004,12,98,97,98,27552.28273997867,649.42504883,2.762,103.832092285156,100,100,1.5
KWT,2005,11.8,99,99,99,36122.61427412268,727.25366211,2.731,113.676391601562,100,100,1.8
KWT,2006,11.6,99,99,99,42946.637410406605,782.20379639,2.589,103.89916229248,100,100,1.46
KWT,2007,11.4,99,99,99,45709.41328763706,880.71105957,2.412,102.424270629883,100,100,1.879
KWT,2008,11.2,99,99,99,55585.18893444415,1069.46472168,2.266,102.276557922363,100,100,1.884
KWT,2009,11,99,99,99,37907.100132004154,1025.90490723,2.155,102.015670776367,100,100,1.91
KWT,2010,10.7,98,98,98,39212.25222015503,1050.41589355,2.044,101.846071594242,100,100,2.47
KWT,2011,10.3,99,99,99,49169.60638130948,1147.15539551,1.956,98.8108291625977,100,100,2.484
KWT,2012,10,98,99,98,52155.22258339213,1216.8684082,1.99,103.851159711408,100,100,2.475
KWT,2013,9.6,99,99,99,49651.04392750774,1235.29321289,1.968,99.4679336547852,100,100,2.547
KWT,2014,9.3,95,94,94,44368.78134577507,1293.8326416,2.06,96.9901733398438,100,100,2.67
KWT,2015,9.1,99,93,99,29882.212649569756,1259.55786133,2.03,99.7793273925781,100,100,2.647
KWT,2016,9,99,99,99,27323.689073551704,1292.71984863,2.061,NA,100,100,2.106
KWT,2017,8.9,99,99,99,29047.653613570285,1351.72387695,2.16,NA,100,100,2.106
KWT,2018,8.9,91,98,98,32067.9623756889,1658.60375977,2.118,NA,100,100,2.03
KWT,2019,8.9,92,97,97,31707.87374435514,1643.16491699,2.082,NA,100,100,2.087
KWT,2020,8.8,93,95,95,25236.075584894115,1542.72143555,2.033,NA,100,100,2.273
KWT,2021,8.7,94,94,94,34018.63425929132,1829.13134766,2.148,NA,100,100,NA
KWT,2022,8.6,96,99,95,39981.769103583334,1683.39929199,1.546,NA,100,100,NA
KWT,2023,8.4,99,99,99,34075.84901290902,1679.12353516,1.524,NA,100,100,NA
KWT,2024,8.1,99,98,99,32717.718663125463,NA,1.56,NA,100,100,NA
LAC,2000,34.10930803502727,NA,NA,NA,4290.89542947118,276.71844495666187,2.629665767011479,82.2670135498047,90.50709999336054,73.67875975540971,1.6110013495388786
LAC,2001,32.36303250312343,NA,NA,NA,4122.79587535484,268.82054725451485,2.558769591033446,83.4100494384766,90.9129820338032,74.41356892683753,NA
LAC,2002,30.711026965259748,NA,NA,NA,3658.159506413388,230.58447292466815,2.497146921582805,90.7872619628906,91.3177064873434,75.13729898133214,NA
LAC,2003,29.25451936963653,NA,NA,NA,3686.287270463144,241.630770636812,2.435206384819965,88.2236633300781,91.71514263075508,75.85810199220023,NA
LAC,2004,27.895945693262547,NA,NA,NA,4149.537054805885,273.6525125680841,2.3929704288152647,89.9176177978516,92.0940823713768,76.5737896753342,NA
LAC,2005,26.614027267164435,NA,NA,NA,4960.449697901371,333.44920673062677,2.350537818781679,90.2489166259766,92.45515652201622,77.30108854623334,NA
LAC,2006,25.484512145968733,NA,NA,NA,5717.844477604144,389.00618827571543,2.3041505417628096,88.4776229858398,92.80854812741823,78.0231719563036,NA
LAC,2007,24.4539590784842,NA,NA,NA,6672.177051303065,464.92759053207567,2.2645898161045035,89.8340682983398,93.13299193928016,78.74887596201386,NA
LAC,2008,23.4490298281481,NA,NA,NA,7623.4384073133615,534.1473202689849,2.2372902472057947,91.1097717285156,93.44815403155071,79.46923645746037,NA
LAC,2009,22.59599334844208,NA,NA,NA,6981.206567743005,528.6667959705813,2.212212306916012,92.0654907226562,93.75154720598906,80.18431169304715,NA
LAC,2010,23.426929399787362,NA,NA,NA,8637.631714854748,627.7124926541152,2.184240148867553,92.9224319458008,94.0543193593182,80.899536293622,2.006525443493776
LAC,2011,21.018751432260935,NA,NA,NA,9979.989726250296,714.9597536193627,2.163275580915164,93.2469711303711,94.36336717845911,81.61047010073042,NA
LAC,2012,20.32572704995126,NA,NA,NA,9823.248944735098,709.6648658385336,2.131343870161595,93.0461883544922,94.66402878704714,82.31062669086721,NA
LAC,2013,19.68095539112697,NA,NA,NA,9971.169272117106,740.074327074727,2.111073947562642,97.587532043457,94.9494205445481,83.00031029126482,NA
LAC,2014,19.10072439936138,NA,NA,NA,9905.721935208552,745.4503016912113,2.094140596449306,97.7162780761719,95.23023978433196,83.68518002098888,NA
LAC,2015,18.612384497229968,NA,NA,NA,8308.73911709951,658.1995650341836,2.0634438536051247,97.8051376342773,95.50597395081758,84.36425376695425,NA
LAC,2016,18.539694556252897,NA,NA,NA,7977.19727122285,627.5478177625212,2.0097799076190297,98.8219528198242,95.77001209247834,85.03708912112803,NA
LAC,2017,17.726694264104474,NA,NA,NA,8827.8501051856,708.2022327482719,1.9901831826045568,99.1099166870117,95.78996006087762,84.88208750960814,NA
LAC,2018,17.298162691444972,NA,NA,NA,8484.483352334088,666.2393016096034,1.9740140076210444,100.221862792969,96.12381914505978,85.57287044794116,NA
LAC,2019,16.925369472175003,NA,NA,NA,8282.78290882792,651.433312008729,1.9311820063074272,100.379447937012,96.3976788232612,86.2593374952088,NA
LAC,2020,16.630354387981523,NA,NA,NA,6904.2767736959595,573.6267711693971,1.8727744226137988,99.8733215332031,96.70903503741238,86.93943093332378,NA
LAC,2021,16.235344929052282,NA,NA,NA,7970.616442520603,651.9812458026338,1.8511217849926165,100.721496582031,97.0367618972475,87.62177136760836,NA
LAC,2022,15.904280128532248,NA,NA,NA,9111.349270847688,712.6985321524933,1.825752607981868,100.081932067871,97.27576893215686,88.26880398244046,2.584850462740828
LAC,2023,15.508500805355409,NA,NA,NA,10196.271088969028,797.6949087118936,1.810336249890921,100.380447387695,97.5200108708354,88.86149124374892,NA
LAC,2024,15.119861685786,NA,NA,NA,10382.391112515195,NA,1.8008776928142352,100.766868591309,97.68705878593408,89.36074010694917,NA
LAO,2000,100.1,51,42,57,318.749852236965,14.10313892,4.429,27.401819229126,48.3413334597011,28.5792078387046,0.279
LAO,2001,95.6,52,50,55,320.31600543956756,14.46665001,4.29,29.2967090606689,50.5352610633994,31.5102351712047,NA
LAO,2002,91.1,53,55,55,313.3508171481308,12.90540886,4.132,31.9144496917725,52.7107421470585,34.4269495344491,NA
LAO,2003,86.6,49,42,52,355.09721615146134,17.59125519,4.024,34.5732192993164,54.8653838022074,37.3258889602635,NA
LAO,2004,82.1,45,36,46,409.29629828411726,16.23278809,3.898,36.436149597168,56.9994142749096,40.206970140516,0.346
LAO,2005,77.7,49,41,50,466.0615069977412,17.33082581,3.685,37.047550201416,59.0427496607497,43.0065419549901,0.267
LAO,2006,73.5,57,48,56,579.3919474407194,19.22654533,3.559,36.8837394714355,60.9334481098934,45.6181272062028,NA
LAO,2007,69.5,50,40,46,697.323013673925,24.56666374,3.438,37.8355903625488,62.8062763559799,48.2158994762992,NA
LAO,2008,65.5,61,52,60,885.7473760887619,26.74945259,3.331,39.2269515991211,64.6620895988517,50.8009551119223,NA
LAO,2009,61.8,67,59,67,935.0323728328304,35.71521378,3.229,40.9841690063477,66.4995750629687,53.3715578045122,0.197
LAO,2010,58.4,74,64,76,1125.91610151261,34.52460861,3.137,42.871711730957,68.3192708714706,55.92839334626,0.332
LAO,2011,55.1,76,67,78,1361.5470439491285,27.11878395,3.049,42.421690482661504,70.1211055659738,58.4713447138194,NA
LAO,2012,52.1,77,69,76,1563.5650771336964,32.46548843,2.953,45.525951385498,71.905263299790093,61.0006356441256,0.321
LAO,2013,49.4,83,78,82,1812.5177442465056,43.49770355,2.872,49.4297722584981,73.6706450859176,63.5147843127718,0.326
LAO,2014,46.8,83,81,83,1981.0391090047272,45.53330612,2.802,55.2351608276367,75.4180039823174,66.0147584184353,0.377
LAO,2015,44.4,82,78,85,2121.013390973629,52.04236603,2.796,59.772232688381,77.1470405122433,68.5001364815887,0.4
LAO,2016,42.2,82,76,84,2303.2215603536265,54.3762207,2.744,62.2666985609989,78.8579483150043,70.9711485336486,0.371
LAO,2017,40.2,78,78,83,2432.4305947851135,61.42248535,2.691,63.5469120681911,80.5500537342279,73.4268509487817,0.44
LAO,2018,38.3,75,75,81,2545.1075420815,57.1708374,2.633,63.8298251272908,82.2233994378671,75.8672585757636,0.361
LAO,2019,36.5,66,70,73,2589.3208103523716,67.57865143,2.589,62.7755100424821,83.8782119453961,78.292642485837,0.363
LAO,2020,34.8,61,63,68,2583.7773069613104,51.96581268,2.535,60.6465219892194,85.8856322944911,80.7027420895793,0.356
LAO,2021,33.2,65,62,67,2526.0510501852928,68.61697388,2.494,58.3834691492585,87.5242448127318,83.0975867054683,0.325
LAO,2022,31.8,70,65,62,2046.4044025562052,41.34779739,2.455,55.9171927545616,89.1450177580789,85.1292056400031,0.331
LAO,2023,30.5,74,69,76,2066.949797769571,27.41773605,2.421,53.2568302183413,92.6257164263436,86.995998184074793,NA
LAO,2024,29.4,67,69,70,2123.979094151091,NA,2.397,50.9977217073246,95.8635794968398,88.7314131605599,NA
LBN,2000,20,83,71,83,3986.835139410256,425.70095825,2.6,65.9806900024414,84.3171788931217,76.9237295197972,NA
LBN,2001,18.9,80,65,80,4009.5592975110153,416.57485962,2.576,64.3623809814453,84.7752376134038,76.9237295197972,2.614
LBN,2002,18,77,59,77,4290.852838032664,391.74139404,2.523,66.052490234375,85.233296333686,76.9237295197972,NA
LBN,2003,17,74,53,74,4437.715885075258,373.35971069,2.457,68.1703186035156,85.6913550539682,78.2329078327086,NA
LBN,2004,16.1,75,60,74,4600.683714129933,368.01425171,2.378,69.5652008056641,86.1494137742504,79.54208614562,NA
LBN,2005,15.3,77,67,74,4602.198046379449,347.40252686,2.291,70.1318969726562,86.6074724945326,80.8512644585314,NA
LBN,2006,14.6,78,75,75,4635.251411748604,401.43670654,2.244,70.9933471679688,87.0655312148148,82.1604427714428,2.475
LBN,2007,14.1,80,82,75,5125.25809960149,438.71112061,2.201,72.4031066894531,87.5235899350969,83.4696210843542,2.309
LBN,2008,13.6,81,89,75,5912.045328208416,462.17767334,2.172,72.9855270385742,87.9816486553791,84.7787993972656,NA
LBN,2009,13.2,81,88,76,7090.854938566208,496.88284302,2.191,75.2082824707031,88.4397073756613,86.087977710177,NA
LBN,2010,13,82,86,77,7625.810515511655,567.25506592,2.256,74.984394389501,88.8977660959435,87.3971560230884,2.298
LBN,2011,12.8,82,85,79,7834.96257108993,640.69805908,2.32,78.0964568809092,89.3558248162257,88.7063343359999,2.675
LBN,2012,12.7,83,83,80,8406.984056081175,588.83917236,2.345,76.1323848482182,89.8138835365079,90.0155126489113,NA
LBN,2013,12.7,83,82,81,8162.379293613964,576.87176514,2.361,74.7805921960167,90.27194225679,91.3246909618227,2.315
LBN,2014,12.8,83,82,81,7577.641330236905,569.97937012,2.375,62.1051842337746,90.7300009770723,92.6338692747341,2.045
LBN,2015,12.9,83,82,81,7714.109999880404,572.07220459,2.382,60.3778897955521,91.1880596973545,93.9430475876455,2.123
LBN,2016,13.2,83,82,81,8089.012088155,640.96563721,2.39,62.351438954916,91.6461184176367,95.2522259005569,2.136
LBN,2017,13.5,83,82,81,8608.21084982387,671.77996826,2.372,66.1201281851679,92.1041771379189,96.5614042134683,2.242
LBN,2018,14,83,82,81,9174.536662047589,740.38696289,2.347,68.2192125483757,92.4654818371011,97.8705825263797,2.412
LBN,2019,14.5,83,82,81,8905.880054974366,798.13421631,2.327,69.5287831759035,92.6,99.0673793809694,2.611
LBN,2020,15.1,71,74,67,5561.19166950397,303.48632813,2.308,70.2938677645431,92.6,99.2,2.68
LBN,2021,15.7,67,67,64,4045.3739106623375,189.8581543,2.283,71.177412177286,92.6,99.2,NA
LBN,2022,16.3,67,67,52,3654.358455348785,230.39093018,2.263,68.0329956698082,92.6,99.2,NA
LBN,2023,17,53,67,48,3477.7248984268376,260.8119812,2.239,66.7372772721446,92.6,99.2,NA
LBN,2024,17.6,49,67,47,NA,NA,2.227,67.5449829101562,92.6,99.2,NA
LBR,2000,194.9,48,63,56,298.48534057894545,7.93455124,5.875,28.439359664917,61.0278430215118,12.1734894943623,NA
LBR,2001,181.7,44,58,54,300.46382859898296,6.46313238,5.774,NA,61.9197046364816,12.4677838881013,NA
LBR,2002,168.6,39,52,51,299.5364455396212,6.59576607,5.653,NA,62.8078227070838,12.7650839146354,NA
LBR,2003,156.2,35,47,49,239.7795566770913,5.76429653,5.547,NA,63.6915834211062,13.0649848713731,NA
LBR,2004,144.8,31,41,47,284.1402239924584,16.7787571,5.506,NA,64.5712728784184,13.3677053295354,0.033
LBR,2005,134.9,60,62,66,287.4873334413809,19.14579582,5.519,NA,65.4465992759902,13.6730363587121,NA
LBR,2006,126.5,60,63,66,320.55808618514965,18.34446335,5.53,NA,66.2032069100531,14.1158011729766,NA
LBR,2007,119.6,65,71,67,374.2113081042777,15.8568964,5.462,NA,66.9527157246347,14.564331528772,NA
LBR,2008,114,75,76,79,451.7138562832848,26.30083656,5.328,NA,67.6948813001936,15.018343502263,0.013
LBR,2009,109.5,81,83,84,448.3863670255448,40.21982574,5.174,NA,68.4324549886399,15.4802745365152,0.023
LBR,2010,105.7,70,65,71,492.2528080337235,40.8739624,5.058,NA,69.1652648922475,15.9501173630923,0.022
LBR,2011,102.4,77,71,77,568.0878655200041,47.58517075,4.97,38.8059883117676,69.8933749749855,16.4280907750626,NA
LBR,2012,99.5,80,80,80,638.3687514620826,46.67208862,4.881,NA,70.6161490742492,16.9137232016405,NA
LBR,2013,97,80,74,80,710.7445709278632,48.72935104,4.749,NA,71.3338862504404,17.4074580077978,NA
LBR,2014,97,63,58,62,706.7144900645072,54.82420349,4.622,31.7852096557617,72.0459731773456,17.9088071106971,NA
LBR,2015,93.2,65,64,65,692.590082351257,68.89793396,4.523,31.3665904998779,72.7524847164664,18.4179781203981,0.036
LBR,2016,91.5,73,70,73,714.6130631456588,67.68016052,4.461,NA,73.4532574499597,18.9349390175014,0.049
LBR,2017,90.3,80,75,79,699.2690957274035,67.8789978,4.396,NA,74.1477432355412,19.4591800299081,0.051
LBR,2018,89.4,81,74,79,692.2031271297944,68.88298798,4.336,NA,74.8362128370245,19.9911366216728,0.14
LBR,2019,88.7,71,68,69,658.1641807705065,51.1932373,4.257,NA,75.5183258975949,20.5305258325317,0.145
LBR,2020,88.3,66,61,67,616.787867006715,76.11009979,4.174,37.0220985412598,76.193954779971,21.0772995001903,0.151
LBR,2021,88,67,58,64,667.9661051431905,88.54867554,4.089,NA,76.8629734925215,21.631407651363,0.169
LBR,2022,87.8,79,79,52,744.617175237387,100.49607086,4.016,NA,77.5249138658914,22.1923063601074,0.178
LBR,2023,87.3,83,82,72,799.1944702296419,103.94123077,3.95,NA,78.180013925929,22.7604195167576,NA
LBR,2024,86.4,83,82,72,851.4977238702063,NA,3.864,NA,78.8278345445612,23.3351954904068,NA
LBY,2000,28.1,94,93,94,7214.100403770844,247.1134491,2.906,NA,NA,91.0645500144262,NA
LBY,2001,27.3,94,93,94,6312.8003049896515,255.77108765,2.866,NA,NA,90.9576581822951,NA
LBY,2002,26.5,93,91,93,3718.2943469675506,181.7310791,2.831,114.308647155762,NA,90.8507663501639,NA
LBY,2003,25.5,95,96,95,4674.099432003214,189.72729492,2.797,110.30061340332,NA,90.7438745180328,NA
LBY,2004,24.4,97,99,97,5773.763332342814,200.83604431,2.773,NA,NA,90.6369826859016,1.232
LBY,2005,23.1,98,97,98,8079.249573290012,209.878479,2.765,102.042678833008,NA,90.5300908537705,NA
LBY,2006,21.7,98,98,98,10048.84804342891,231.11968994,2.699,105.584159851074,NA,90.4231990216393,NA
LBY,2007,20.2,98,98,98,11144.94484134354,269.63085938,2.648,NA,NA,90.3163071895082,NA
LBY,2008,18.8,98,98,98,13906.1407818125,312.11196899,2.599,NA,93.0792486754992,90.209415357377,1.79
LBY,2009,17.6,98,98,98,9551.054038697546,342.20449829,2.556,NA,93.0792486754992,90.1025235252459,1.886
LBY,2010,16.6,98,98,98,11600.906864947192,380.58596802,2.603,NA,93.0792486754992,89.9956316931147,NA
LBY,2011,19.6,98,98,98,7593.839152570198,305.20037842,2.646,NA,93.0792486754992,89.8887398609836,NA
LBY,2012,15,98,98,98,14975.890279514448,592.46356201,2.68,NA,93.0792486754992,89.7818480288524,NA
LBY,2013,14.4,96,96,96,11951.713412601106,594.65338135,2.716,NA,93.3521899597212,89.6749561967213,NA
LBY,2014,13.8,94,93,94,8926.420745914742,462.19216919,2.754,NA,93.625131243943,89.5680643645901,2.037
LBY,2015,13.3,97,98,97,7458.489177563744,433.06808472,2.711,NA,93.8980725281649,89.461172532459,1.861
LBY,2016,12.8,97,97,97,7525.8029930821585,464.47531128,2.673,NA,94.1710138123867,89.3542807003278,NA
LBY,2017,12.4,97,95,97,9965.832367297568,466.08538818,2.626,NA,94.4439550966087,89.2473888681967,2.042
LBY,2018,11.9,73,73,73,11196.585481084374,544.88079834,2.581,NA,94.7168963808305,89.1404970360656,NA
LBY,2019,11.6,73,73,73,9963.194890844828,552.73168945,2.539,NA,94.9898376650524,89.0336052039344,NA
LBY,2020,11.2,73,73,73,6650.338105853479,472.62240601,2.507,NA,95.2627789492743,88.9267133718033,NA
LBY,2021,10.8,73,73,73,4935.827873498015,298.84338379,2.462,NA,95.5357202334962,88.8198215396721,NA
LBY,2022,10.4,73,73,73,5986.636948512581,284.0262146,2.402,NA,95.808661517718,88.712929707541,NA
LBY,2023,31.7,73,73,73,6026.515187088119,470.4034729,2.355,NA,96.08160280194,88.6060378754098,NA
LBY,2024,9.8,86,89,86,6569.164086786484,NA,2.298,NA,96.3545440861619,88.4991460432787,NA
LCA,2000,18.5,70,88,70,5879.56191426207,285.84280396,2.207,81.7228775024414,90.6274300137184,84.9744584780529,NA
LCA,2001,18.4,99,89,99,5570.452470981062,285.04898071,2.125,83.2157287597656,90.6105122656627,84.9803185483626,0.819
LCA,2002,18.4,74,98,90,5567.89428424719,299.7996521,2.032,84.7546691894531,90.5462084125431,85.0025858792269,0.4391
LCA,2003,18.4,90,90,91,6058.606220593261,317.27593994,1.939,85.162956237793,90.8572851699581,85.0242495780866,0.4673
LCA,2004,18.5,91,95,91,6494.600348678856,309.42208862,1.863,75.5812606811523,91.1770053038991,84.831246340642707,0.4203
LCA,2005,18.5,95,94,95,6863.4364191934455,333.37374878,1.807,87.2725067138672,91.5053069842669,84.6384275834936,0.508
LCA,2006,18.6,85,94,85,7611.178566753192,389.94595337,1.765,91.7881317138672,91.8416872501898,84.4463989755519,NA
LCA,2007,18.6,99,94,99,7964.382114801171,439.59280396,1.7,94.5270690917969,92.1859193338883,84.2555483784104,NA
LCA,2008,18.7,96,99,96,8516.960754887867,430.23074341,1.7,98.5242462158203,92.5376090518589,84.0663414681814,NA
LCA,2009,18.8,95,99,95,8250.521807327345,432.087677,1.735,100.330680847168,92.8966104390121,83.8789714448605,NA
LCA,2010,18.8,97,95,97,8673.687203405294,438.23928833,1.673,98.4699630737305,93.2662294112119,83.6875055171491,1.679
LCA,2011,18.8,99,91,99,9128.994420116123,462.20251465,1.5,97.125129699707,93.6615915186217,83.4554358381498,1.845
LCA,2012,18.8,98,99,98,9260.300065517144,456.06369019,1.5,94.1647262573242,94.0569581898498,83.2177970691817,2.19
LCA,2013,18.8,99,99,99,9577.217337543578,485.6628418,1.5,92.7354431152344,94.4525423890569,82.9738127576029,2.497
LCA,2014,18.8,99,99,99,10044.82183776766,470.48123169,1.485,91.8217620849609,94.8482428574282,82.7233630078731,1.901
LCA,2015,18.7,99,97,99,10334.986082391815,473.24108887,1.473,91.9546737670898,95.2439847521417,82.9135424876692,NA
LCA,2016,18.6,95,99,95,10638.12693966526,479.8744812,1.461,91.5551681518555,95.6396226854017,83.1035196660243,5.672
LCA,2017,18.5,80,87,80,11333.112382210158,504.96411133,1.448,90.8347015380859,96.0350677750338,83.2569990879187,6.245
LCA,2018,18.4,95,86,95,11642.69847277694,497.48629761,1.436,90.4871978759766,96.4302304236654,83.3759977820708,6.367
LCA,2019,18.2,92,96,91,11794.059722980532,506.03204346,1.424,88.6840362548828,96.8249802505704,83.3723158043306,6.168
LCA,2020,18.1,86,89,88,8411.07474936367,589.63696289,1.411,89.3361511230469,97.2192348527324,83.3681101145383,4.234
LCA,2021,17.9,80,77,75,10459.132124809184,654.8918457,1.399,NA,97.6128621047241,83.3633139252982,NA
LCA,2022,17.7,81,81,80,13103.824314747177,622.07244873,1.387,91.6141891479492,97.8739462216036,83.3579905079804,NA
LCA,2023,17.5,74,85,97,13554.768478493274,641.07495117,1.379,90.5332412719727,98.0966876683617,NA,NA
LCA,2024,17.2,99,83,87,14181.630335159798,NA,1.385,91.621762558665,98.0956816576068,NA,NA
LCN,2000,32.7,NA,NA,NA,4472.58404552831,282.19367983827146,2.6090299165196367,81.7892074584961,91.13622069637636,75.30979110818893,1.6089720502574412
LCN,2001,31,NA,NA,NA,4326.640070426404,273.75634343989117,2.5422297926308355,83.0510101318359,91.50199754178593,76.00989034801383,NA
LCN,2002,29.5,NA,NA,NA,3839.196158330693,236.41968255294375,2.481212538534168,90.0146865844727,91.86591904555505,76.70118491950309,NA
LCN,2003,28.1,NA,NA,NA,3862.1374725795617,247.55916787875157,2.4214250682750227,87.7489395141602,92.22185781707924,77.38878292124858,NA
LCN,2004,26.8,NA,NA,NA,4385.898136938672,280.63523102095843,2.3791751931006875,89.4052276611328,92.56027447146364,78.07203031480857,NA
LCN,2005,25.6,NA,NA,NA,5229.898984252878,340.0337152104993,2.3403506416428184,89.802131652832,92.8936196166007,78.80319002151896,NA
LCN,2006,24.6,NA,NA,NA,6047.734257298327,395.877355864769,2.2953288899053312,88.2992324829102,93.20843847040766,79.49183559070812,NA
LCN,2007,23.6,NA,NA,NA,7035.799172045575,471.8655424255345,2.2573528569940096,89.54833984375,93.4971223059941,80.18351681968197,NA
LCN,2008,22.7,NA,NA,NA,8077.96588935619,542.190518399797,2.2316712379708634,90.7860565185547,93.77724732919806,80.87047302469105,NA
LCN,2009,21.8,NA,NA,NA,7495.059440251081,537.9547621726318,2.206659526530102,91.6666488647461,94.0466298640182,81.5533824550417,NA
LCN,2010,22.7,NA,NA,NA,9183.968787144098,638.2684866211351,2.1788850732598397,92.5485076904297,94.31542791476444,82.23684003192163,1.996488804879453
LCN,2011,20.4,NA,NA,NA,10334.205488780026,726.8230514233492,2.1599679404601795,92.8820495605469,94.58946370790446,82.91616001624658,NA
LCN,2012,19.8,NA,NA,NA,10330.35046796294,725.9349440643098,2.129510082383591,92.7997589111328,94.85600214206296,83.5858380699203,NA
LCN,2013,19.2,NA,NA,NA,10306.119579878748,759.7785315538032,2.1080093682771466,97.5087127685547,95.10873265693938,84.24658259895078,NA
LCN,2014,18.7,NA,NA,NA,10145.798209887373,764.6061495311835,2.090618350995339,97.6046905517578,95.35715799426832,84.90199160493579,NA
LCN,2015,18.3,NA,NA,NA,8547.237339178904,682.3282962730328,2.0595084169201283,97.6465072631836,95.6009714625633,85.5521939722884,NA
LCN,2016,18.5,NA,NA,NA,8241.451409226645,655.6987008176974,2.0068807973841425,98.4324188232422,95.8357797052245,86.19609298116488,NA
LCN,2017,17.8,NA,NA,NA,9065.548177928664,739.4364793692945,1.982173250380032,98.6545333862305,95.85919118212628,86.19015124226031,NA
LCN,2018,17.4,NA,NA,NA,8778.379063119726,678.1964543772818,1.9638855645532547,99.8022918701172,96.1564685941853,86.82602281876964,NA
LCN,2019,17,NA,NA,NA,8539.397760664244,661.8799916971615,1.918332630365061,100.104858398438,96.40294918484372,87.45898038438978,NA
LCN,2020,16.7,NA,NA,NA,7168.647405995768,590.8855931576339,1.858758281563025,99.7190017700195,96.67814651656651,88.07064709211943,NA
LCN,2021,16.4,NA,NA,NA,8291.071563050242,673.5083452146216,1.8336905709945328,100.688407897949,96.967967031951,88.70380502906399,NA
LCN,2022,16,NA,NA,NA,9408.848202491565,732.0772115211629,1.8121066367052048,100.203941345215,97.17829870914488,89.3513778182508,2.574215219405735
LCN,2023,15.7,NA,NA,NA,10508.647254802478,816.1994262292494,1.795094160896166,100.538856506348,97.40093706135995,89.88597006560393,NA
LCN,2024,15.4,NA,NA,NA,10737.64635386517,NA,1.7855735104914872,100.904640197754,97.5545871670792,90.33821265436542,NA
LDC,2000,135.4517908039087,NA,NA,NA,333.3638860949004,11.606569984885558,5.244535405187651,24.198299407959,51.25592471234694,20.80828900303555,0.13470410579404107
LDC,2001,131.32841545956748,NA,NA,NA,313.94786382823423,11.569255290311396,5.178376556583939,25.3782005310059,51.86641095481522,21.461479447302622,NA
LDC,2002,124.03828013283758,NA,NA,NA,337.9157900141102,12.606334832916044,5.115958132972777,26.6117000579834,52.50877969767853,22.21079174168889,NA
LDC,2003,118.42024503038556,NA,NA,NA,373.6518457468707,14.46302296747698,5.0503511581189855,27.1357402801514,53.20007751848047,23.003879198380695,NA
LDC,2004,113.52081394987046,NA,NA,NA,419.7983338964424,16.99350912408005,4.99046337046796,26.9196300506592,53.90491230909733,23.795462046310504,NA
LDC,2005,105.83981686482194,NA,NA,NA,487.1999785205512,19.216719787766277,4.929280391809155,27.8581790924072,54.676671078894415,24.753862303192385,NA
LDC,2006,100.45763576768636,NA,NA,NA,552.743616465105,22.603464777626375,4.867263973664211,28.9091606140137,55.4397802240234,25.70921906884002,NA
LDC,2007,95.87326178720896,NA,NA,NA,648.5814469440782,26.651564972549757,4.802400945135271,29.8134098052979,56.190766769468944,26.650528238076223,NA
LDC,2008,92.82472760957336,NA,NA,NA,778.6141147667851,31.21423028337728,4.738131481731142,31.2559795379639,56.98531547702598,27.615761112267744,NA
LDC,2009,90.199391714479,NA,NA,NA,751.6713838608546,32.03738932077952,4.675082273012547,32.8286895751953,57.778166829159815,28.58765233285375,NA
LDC,2010,85.68996883748129,NA,NA,NA,831.532954611079,32.96132130397571,4.601458970758362,34.848518371582,58.57590201165718,29.561422838698928,0.19013946886787597
LDC,2011,85.40563066054305,NA,NA,NA,925.1304886903876,36.38233422033942,4.528765975077745,36.1645698547363,59.16027191013711,30.253697814653105,NA
LDC,2012,78.96831076301274,NA,NA,NA,947.489031265643,38.057585358062184,4.46934101906033,37.6930084228516,59.9534055246213,31.208651358288144,NA
LDC,2013,75.60251931828238,NA,NA,NA,1006.987310389504,41.316511101842366,4.416587005797491,39.0613098144531,60.74904480612109,32.16584245549033,NA
LDC,2014,74.80258372902094,NA,NA,NA,1056.467053171412,43.66706485336929,4.365649162172617,40.3128509521484,61.558603432853324,33.134785528836844,NA
LDC,2015,72.81001259482551,NA,NA,NA,982.8948106005186,43.32213754213793,4.3217992632464535,41.3441314697266,62.38086998457374,34.107548044788146,NA
LDC,2016,71.054277919873,NA,NA,NA,966.721782937566,42.95909229276851,4.283222632363556,42.847599029541,63.20250933573151,35.07384704997093,NA
LDC,2017,70.07961566524496,NA,NA,NA,1035.1942880863571,43.76587727754614,4.238729718590644,43.5300102233887,64.06411454079236,36.118425109848424,NA
LDC,2018,66.20884322187345,NA,NA,NA,1080.5617799996126,44.61265933830586,4.19438441605187,44.5144805908203,64.89337959726522,37.08449068152339,NA
LDC,2019,64.98948420464593,NA,NA,NA,1105.2469337869843,42.64518034881391,4.148704343345818,44.7978897094727,65.70905488886041,38.03329222961451,NA
LDC,2020,62.76095754919694,NA,NA,NA,1088.7216131135704,43.58989017113846,4.101113786886649,45.5225601196289,66.53580437638712,38.984062207170894,NA
LDC,2021,64.19446502549056,NA,NA,NA,1175.557182511358,48.18630195363036,4.053139505596655,45.6659317016602,67.35116936047864,39.96460504343636,NA
LDC,2022,65.20738999565339,NA,NA,NA,1299.361724230824,47.76663850338731,4.007723686847093,45.675838470459,68.08075988211354,40.91903681953887,0.3083650191887054
LDC,2023,59.91423566958171,NA,NA,NA,1257.6980669933132,47.128362635118506,3.961277117348884,45.4348487854004,68.84617885272326,41.51257582764974,NA
LDC,2024,57.96367186379219,NA,NA,NA,1293.401003229323,NA,3.9110430519325208,45.5513191223145,69.6133994803296,42.32459073776422,NA
LIC,2000,150,NA,NA,NA,361.877753824032,16.547195775774725,5.961042251897256,19.2532196044922,46.518470767009866,23.06899046848573,NA
LIC,2001,147.4,NA,NA,NA,332.0038496935686,14.787998170712417,5.905045900864313,19.9996604919434,46.87687302045845,23.266946278395523,NA
LIC,2002,138.7,NA,NA,NA,358.7080858758665,15.899852440227562,5.8468937188034404,20.8379898071289,47.34020328063597,27.282891574909417,NA
LIC,2003,131.5,NA,NA,NA,389.5944783759832,17.98298035048659,5.792081626838384,22.4006404876709,47.85620026146239,27.552064661031334,NA
LIC,2004,126.9,NA,NA,NA,442.42632428165894,21.015844139892952,5.744066231411089,23.3115005493164,48.40535829492759,27.843172837254706,NA
LIC,2005,116.7,NA,NA,NA,520.3013559166569,24.26530088628232,5.694734805449892,24.3522205352783,49.0777943987,28.389651762724775,NA
LIC,2006,110.8,NA,NA,NA,586.1005522649107,28.40725096111205,5.651911385469061,25.7542400360107,49.79612105411965,29.00074083093013,NA
LIC,2007,105.8,NA,NA,NA,689.1106067648301,33.839200303664946,5.597833890246888,26.72825050354,50.53164288676531,29.701418068718123,NA
LIC,2008,101.1,NA,NA,NA,799.4840165760296,38.47250693750795,5.557389737064405,28.4405002593994,51.28254510328683,30.37242636907978,NA
LIC,2009,102.3,NA,NA,NA,752.6359272874895,38.97288000653907,5.5156386296896835,29.8598594665527,51.98865779029102,30.994651092642165,NA
LIC,2010,94.8,NA,NA,NA,825.7351888571743,39.51122546327043,5.456038299489872,31.2394199371338,52.72024572773833,31.646412313548208,0.3967871395848591
LIC,2011,98.5,NA,NA,NA,869.7188274858547,41.01760344214444,5.386429381993314,32.5779609680176,53.138380436328355,31.687574621561584,NA
LIC,2012,88.9,NA,NA,NA,773.887672422173,40.1397445639744,5.329420623072938,33.6832504272461,53.78536984671904,32.237706869492406,NA
LIC,2013,85.4,NA,NA,NA,772.5002596046315,42.49964939466306,5.2783830573511015,33.1779518127441,54.358846616876875,32.6798866322504,NA
LIC,2014,86.2,NA,NA,NA,794.9902359168552,44.887225223159035,5.225360082322035,33.6816101074219,54.94022203837787,33.128945867904946,NA
LIC,2015,84.9,NA,NA,NA,740.8895039422374,43.1027502782888,5.170987715099752,34.0883712768555,55.59373594307647,33.67800972128807,NA
LIC,2016,83.6,NA,NA,NA,633.7929546275983,40.46300941054788,5.110318694359213,34.5961303710938,56.29895255269645,34.30678649100047,NA
LIC,2017,83.5,NA,NA,NA,634.7107887247448,39.32619089819252,5.052674116435363,35.3164710998535,57.06977304221599,35.13282823814936,NA
LIC,2018,77.9,NA,NA,NA,645.8460670782847,41.27570826069316,4.9841636764710415,35.7923583984375,57.84174236200164,35.85592822090536,NA
LIC,2019,76.9,NA,NA,NA,645.9982497203687,37.37406463990764,4.9104784421477055,36.247371673584,58.641520202863205,36.61344383870811,NA
LIC,2020,73.9,NA,NA,NA,605.437906755342,38.18359865750973,4.842235062440147,36.8219184875488,59.45459062593527,37.33344363730328,NA
LIC,2021,73.3,NA,NA,NA,651.812637638679,39.48011844960019,4.776749511381826,37.4900817871094,60.255724338750376,38.09967785205015,NA
LIC,2022,76.7,NA,NA,NA,734.2041175953574,40.26444276629397,4.71387647903248,37.7314682006836,61.0579932038738,38.89059078862157,0.380341544310346
LIC,2023,70.5,NA,NA,NA,714.1517642427619,38.73703645367835,4.650422230699546,NA,61.922696194816,39.57479840376548,NA
LIC,2024,68.8,NA,NA,NA,751.322764042233,NA,4.5810985552664425,NA,61.419306268218165,38.207002086541785,NA
LIE,2000,NA,NA,NA,NA,76087.91111420198,NA,1.57,NA,100,99.95,NA
LIE,2001,NA,NA,NA,NA,75067.80016800432,NA,1.52,NA,100,99.95,NA
LIE,2002,NA,NA,NA,NA,79795.1785891101,NA,1.47,NA,100,99.95,NA
LIE,2003,NA,NA,NA,NA,90108.36736470077,NA,1.36,103.171249389648,100,99.95,NA
LIE,2004,NA,NA,NA,NA,100280.8313567052,NA,1.44,103.859649658203,100,99.95,NA
LIE,2005,NA,NA,NA,NA,105295.0570276112,NA,1.49,99.6525421142578,100,99.95,NA
LIE,2006,NA,NA,NA,NA,114167.93921130097,NA,1.43,99.6570587158203,100,99.95,NA
LIE,2007,NA,NA,NA,NA,130492.5953495174,NA,1.42,99.3852462768555,100,99.95,NA
LIE,2008,NA,NA,NA,NA,143249.22730209335,NA,1.43,100.270820617676,100,99.95,NA
LIE,2009,NA,NA,NA,NA,126024.71456746632,NA,1.71,97.8465728759766,100,99.95,NA
LIE,2010,NA,NA,NA,NA,141089.81284901407,NA,1.4,100,100,99.95,NA
LIE,2011,NA,NA,NA,NA,158066.36937916293,NA,1.69,101.0673828125,100,99.95,NA
LIE,2012,NA,NA,NA,NA,148842.03514434196,NA,1.51,101.465690612793,100,99.95,NA
LIE,2013,NA,NA,NA,NA,172823.60779464812,9956.29785156,1.45,NA,100,99.95,NA
LIE,2014,NA,NA,NA,NA,178735.15302090783,10096.85351563,1.59,103.274223327637,100,99.95,NA
LIE,2015,NA,NA,NA,NA,167187.15730982038,9639.75195313,1.4,101.72176361084,100,99.95,NA
LIE,2016,NA,NA,NA,NA,165375.4913962594,9703.75878906,1.61,101.906776428223,100,99.95,NA
LIE,2017,NA,NA,NA,NA,170547.092298954,9715.07519531,1.44,105.065116882324,100,99.95,NA
LIE,2018,NA,NA,NA,NA,174988.77508344554,9736.24316406,1.58,101.641143798828,100,99.95,NA
LIE,2019,NA,NA,NA,NA,166907.83930501563,9686.88378906,1.48,110.007469177246,100,99.95,NA
LIE,2020,NA,NA,NA,NA,164671.0935534544,10004.52832031,1.46,110.204078674316,100,99.95,NA
LIE,2021,NA,NA,NA,NA,201944.8303350759,10912.36132813,1.53,109.090911865234,100,99.95,NA
LIE,2022,NA,NA,NA,NA,188055.003235348,10591.59277344,1.47,NA,100,99.95,NA
LIE,2023,NA,NA,NA,NA,206780.59035338453,11494.95898438,1.45,NA,100,99.95,NA
LIE,2024,NA,NA,NA,NA,NA,NA,1.37,NA,100,99.95,NA
LKA,2000,16.3,99,99,99,860.1998843047694,42.54893112,2.213,NA,83.6750656092532,76.8072668848757,0.413
LKA,2001,15.8,98,99,98,803.5440266273846,39.87185287,2.283,NA,83.9203655866914,77.6040116337401,0.428
LKA,2002,15.5,98,99,98,834.9360149053377,41.24043274,2.31,NA,84.1981104690897,78.4039232794379,NA
LKA,2003,15.2,99,99,98,946.3822551280718,40.82443619,2.301,NA,84.4762345244091,79.2069755512289,NA
LKA,2004,29,97,96,97,1028.6206813255512,49.14835358,2.271,NA,84.7545829171958,80.0131764124299,0.522
LKA,2005,14,99,99,99,1207.219947641648,55.40001297,2.263,NA,85.0330281014666,80.8225453170759,0.504
LKA,2006,13.3,98,99,98,1388.8973911993205,63.2890892,2.292,NA,85.3118425923699,81.6350563894259,0.505
LKA,2007,12.6,98,98,98,1578.6345112539152,71.38779449,2.295,NA,85.590756668861,82.4507307606243,0.538
LKA,2008,12,98,98,98,1973.5847690128735,90.00082397,2.232,NA,85.8700345787064,83.2695498205745,0.605
LKA,2009,21.5,97,97,97,2026.6593995070184,97.26274872,2.179,NA,86.149546290692,84.0915264944886,0.662
LKA,2010,11.2,99,99,99,2808.3624450370944,105.07371521,2.134,92.7051773071289,86.4291556311836,84.916653598686,0.703
LKA,2011,10.8,99,99,99,3224.9574515049626,115.51642609,2.144,95.112060546875,86.7091246125712,85.744932124631,0.718
LKA,2012,10.3,99,99,99,3327.7761369128284,110.03600311,2.173,97.1849975585938,86.9893246653002,86.576365798464,0.742
LKA,2013,9.8,99,99,99,3739.4318110020176,133.15968323,2.178,97.8860232469157,87.2717415635994,87.410942249761,0.772
LKA,2014,9.2,99,99,99,3972.0437573646377,132.82194519,2.134,96.1411697667469,87.5563586215225,88.2487200055783,0.807
LKA,2015,8.7,99,99,99,4057.715834623104,144.29077148,2.09,97.2124296159383,87.8430484990773,89.0897723399477,0.83
LKA,2016,8.3,99,99,99,4149.191907755932,145.32496643,2.062,96.5253510453528,88.13156471936,89.9341591246989,0.856
LKA,2017,7.9,99,99,99,4398.888280687147,142.32518005,2.044,97.5062635264586,88.4218720472391,90.7819310655448,0.887
LKA,2018,7.6,99,99,99,4358.560959060474,154.64622498,2.033,99.2050919963165,88.7139577159347,91.6331770755008,0.958
LKA,2019,7.2,99,99,99,4081.947727220029,147.01193237,2.022,NA,89.0074705240203,92.4879479800339,1.098
LKA,2020,6.9,96,96,96,3847.6013769563942,159.71383667,2.007,NA,89.3024800646489,93.3463184770693,1.167
LKA,2021,6.6,96,97,96,3996.962400149092,202.75497437,1.995,91.9800637956542,89.5988356123165,94.2083491070029,1.144
LKA,2022,6.3,98,99,98,3342.636502538553,130.09327698,1.984,90.6491955714904,89.8964005892061,94.9480533011818,NA
LKA,2023,6.1,99,99,99,3798.8901657301144,134.23654175,1.974,90.4491165297148,90.1950284141998,95.3491933910345,1.136
LKA,2024,5.9,97,99,97,4515.56787322732,NA,1.952,NA,90.2138440260395,95.3530207374149,NA
LMC,2000,97.8,NA,NA,NA,559.0728166079564,22.718489801217785,3.756975455904717,39.2242393493652,76.09712595358853,28.603471122405637,NA
LMC,2001,94.1,NA,NA,NA,553.4971783967724,23.43938184434355,3.7053582761328943,39.7521591186523,76.67467147720511,30.203163264937302,NA
LMC,2002,90.4,NA,NA,NA,573.6482271151157,23.678172433142052,3.632158054650487,41.4319915771484,77.32092750346078,31.953801307966422,NA
LMC,2003,86.8,NA,NA,NA,639.3297084255082,26.48653478168648,3.557375378547549,43.9703102111816,77.98165233058005,33.72576192274624,NA
LMC,2004,83.5,NA,NA,NA,722.6289432970128,29.82448306927888,3.4869621237803288,45.0138206481934,78.64232664310093,35.621930460725345,NA
LMC,2005,80.2,NA,NA,NA,817.8460928882747,33.824693919829826,3.41647980509805,46.6362800598145,79.26496505259922,37.54752484171205,NA
LMC,2006,77.2,NA,NA,NA,941.2447641187728,38.002198263836306,3.3596785504789457,47.5838317871094,79.9200742486991,39.49730987617778,NA
LMC,2007,74.2,NA,NA,NA,1131.2298875261106,44.098073061756836,3.3021827472059315,49.2178916931152,80.57594928180137,41.483913655970895,NA
LMC,2008,71.9,NA,NA,NA,1229.9549188541953,49.37470874592663,3.2603407455302182,51.493278503418,81.22979862669473,43.47490229789,NA
LMC,2009,68.7,NA,NA,NA,1260.98799326347,50.106596944357094,3.2270818904867844,52.3352088928223,81.88222384015171,45.47034896823989,NA
LMC,2010,66.4,NA,NA,NA,1491.308888398043,56.49059355740972,3.170917501036904,54.8984184265137,82.53310721485471,47.4728444155644,NA
LMC,2011,63.7,NA,NA,NA,1636.383384988753,61.85880519218573,3.117367355745192,56.6165008544922,83.18386731974334,49.48453676029345,NA
LMC,2012,61.3,NA,NA,NA,1701.1373844915067,64.92998025063717,3.0680825514484344,58.6043815612793,83.83344250575027,51.50512258159109,NA
LMC,2013,59.1,NA,NA,NA,1769.9408418148407,70.93193551388929,3.0166715378544953,60.5203018188477,84.48370138996918,53.53302541242449,NA
LMC,2014,57.1,NA,NA,NA,1881.1981623853676,73.08014518746025,2.9480314554232496,62.8911285400391,85.13524964830911,55.58031905089333,NA
LMC,2015,55.3,NA,NA,NA,1848.2802929439656,73.7235706764528,2.9274872646448213,63.3554496765137,85.7828319840039,57.61844289632242,NA
LMC,2016,53.5,NA,NA,NA,1895.243995001358,73.22265295186263,2.889517429568661,64.3369522094727,86.42738837611272,59.64948335545061,NA
LMC,2017,52,NA,NA,NA,2026.193040740452,71.09061658671652,2.819551826127484,63.751091003418,87.07119732458236,61.67990999973325,NA
LMC,2018,50.6,NA,NA,NA,2085.0452543512006,72.5729264603139,2.7780838811951813,64.9927520751953,87.72636124038662,63.7130591337721,NA
LMC,2019,49.3,NA,NA,NA,2228.8480585921675,76.186324828891415,2.7201017266184624,65.5440673828125,88.36606656314629,65.74055533669684,NA
LMC,2020,48.1,NA,NA,NA,2121.6142172225564,78.5818977396645,2.662702658037116,66.4716873168945,88.99852628478563,67.71323908729926,NA
LMC,2021,47,NA,NA,NA,2369.957765103298,92.19740004550664,2.628840061174205,67.2521286010742,89.62127950422362,69.65306632791116,NA
LMC,2022,46,NA,NA,NA,2493.6148737135604,93.71961132882656,2.6072112564346313,68.3247604370117,90.24195064446712,71.6776588742401,0.7336391537179606
LMC,2023,44.9,NA,NA,NA,2493.389852536512,92.80719797092772,2.5860093327295988,68.203498840332,90.81841935509247,73.72047112265186,NA
LMC,2024,43.8,NA,NA,NA,2544.492454577519,NA,2.5631633548164316,68.2359008789062,91.35436635279596,75.23730426695967,NA
LMY,2000,83.38568736832983,NA,NA,NA,1178.0109645306509,59.69314783960382,2.961951838032958,50.636531829834,78.13279649843287,45.73257814994273,NA
LMY,2001,81.0114760953915,NA,NA,NA,1162.27956492439,59.0276144231201,2.912602843391675,51.6389389038086,78.56366582047467,46.741286174323136,NA
LMY,2002,77.6075518007386,NA,NA,NA,1168.210088188993,57.531010407126,2.874531511460685,53.3950119018555,79.18200019479495,48.324204194936506,NA
LMY,2003,74.39225446888771,NA,NA,NA,1289.0492747414753,64.37440353222354,2.8408495527068,54.7974700927734,79.80130915733649,49.77701614838977,NA
LMY,2004,71.68247305568836,NA,NA,NA,1490.8559370562689,73.9411414663666,2.8226858790415283,56.1129112243652,80.41389571606695,51.28468296501434,NA
LMY,2005,67.84899436423233,NA,NA,NA,1736.1010002016162,86.63047905794807,2.7997033865807786,57.3966217041016,81.00797772309984,52.82423611123797,NA
LMY,2006,64.86170717544213,NA,NA,NA,2015.8002697091215,99.11925871925902,2.7835421331663386,58.6218414306641,81.60747027292881,54.366642550813275,NA
LMY,2007,62.113975160244095,NA,NA,NA,2442.091953543661,117.82352695258083,2.76851043099354,60.4590797424316,82.19355822962733,55.90887364794314,NA
LMY,2008,59.713464977851736,NA,NA,NA,2860.660303591155,139.3118061251814,2.7652777927633605,62.315128326416,82.78732235741899,57.452995096099166,NA
LMY,2009,57.65089390302793,NA,NA,NA,2829.041344313598,146.17703383667515,2.755602434282235,63.8080902099609,83.3559073557266,58.9893281921098,NA
LMY,2010,55.25459124391359,NA,NA,NA,3394.2629688707643,168.61861430732773,2.7259974270364733,65.3059005737305,83.91374805642462,60.52157071905,1.1010167596369618
LMY,2011,53.93900977239876,NA,NA,NA,3942.6534870473097,195.4778726621293,2.702669778929865,66.4967269897461,84.3690101107127,61.94555551885137,NA
LMY,2012,50.77540666699152,NA,NA,NA,4133.761623660818,207.66083295122723,2.717763785104871,67.5718078613281,84.8914048398964,63.46232071517677,NA
LMY,2013,49.15615923022758,NA,NA,NA,4330.274964899307,222.16759202677892,2.674702717677193,69.1495895385742,85.40838607728011,64.97364360280652,NA
LMY,2014,47.841426387416234,NA,NA,NA,4472.915578362829,229.6639194303767,2.6605156418520615,70.3158111572266,85.91796115685024,66.48492951153914,NA
LMY,2015,46.81502179559281,NA,NA,NA,4284.856862984421,224.7607805165042,2.625195268084195,70.3628463745117,86.42118130229484,67.9901210195728,NA
LMY,2016,45.420857808318765,NA,NA,NA,4274.931424015699,222.1584451600312,2.6262493890115852,70.7101593017578,86.91526730206513,69.48660697470761,NA
LMY,2017,44.5413837946826,NA,NA,NA,4615.000484095002,238.77117193594353,2.595148824163906,70.3994216918945,87.33766736638304,70.83065499899685,NA
LMY,2018,43.759083667015126,NA,NA,NA,4853.745076683453,247.56318626784696,2.515976707581043,71.2089767456055,87.8367978522802,72.31652825618647,NA
LMY,2019,43.146615328295354,NA,NA,NA,4943.24879858439,254.89708453997147,2.4749277774824847,71.7132110595703,88.30965100854979,73.76830534350646,NA
LMY,2020,42.89081944719544,NA,NA,NA,4732.827278296869,257.63444123164504,2.388703155296919,72.1600036621094,88.77124360799768,75.18400554037677,NA
LMY,2021,42.67856781348238,NA,NA,NA,5524.24398933119,294.0838007934797,2.3488077329168697,72.8236770629883,89.27764014267461,76.56374183917535,NA
LMY,2022,42.97366374932747,NA,NA,NA,5741.783818829525,316.043878156198,2.320783594146331,73.4827575683594,89.80070911942195,77.93931998711781,1.487493901226803
LMY,2023,41.68393512290319,NA,NA,NA,5856.294951959221,326.2604219898994,2.3053458223680128,73.4478607177734,90.24134519835478,79.29199022907983,NA
LMY,2024,40.73083582896477,NA,NA,NA,6002.451207652592,NA,2.2983377729630954,73.6635131835938,90.51084423565617,80.053638384536,NA
LSO,2000,108.3,84,74,82,442.77954577908105,23.71122551,3.605,32.2869987487793,64.405856278949,13.9109680595621,NA
LSO,2001,110.3,79,70,78,412.6774736768215,28.22144127,3.63,33.5986404418945,64.9608173437241,15.4957394207867,NA
LSO,2002,112.1,85,78,84,388.9233498513496,23.20003891,3.682,34.8072319030762,65.5201920460199,17.0718164332742,NA
LSO,2003,113.2,90,85,90,583.2700362002877,32.02215576,3.619,35.6447906494141,66.083827020152,18.6189165343031,0.045
LSO,2004,113.9,90,84,89,766.6858209282425,41.18851089,3.508,38.172981262207,66.6522079155788,20.1519465673748,NA
LSO,2005,114.6,89,83,88,861.3814964149951,41.66717911,3.428,40.7864608764648,67.224549621847,21.6703679710685,NA
LSO,2006,114.7,89,82,88,925.4674855028424,49.67809296,3.414,42.6532783508301,67.8015454898826,23.1744368605151,NA
LSO,2007,111.9,88,81,87,861.1884208995633,65.80387878,3.442,46.9338684082031,68.3621774697103,24.6557826139107,NA
LSO,2008,111.6,88,80,86,898.482517882593,69.06710052,3.392,51.0167694091797,68.9266715175082,26.1239917400803,NA
LSO,2009,99.1,91,84,89,878.8479505377716,80.82315063,3.309,56.7846603393555,69.4944225013917,27.5788226829742,NA
LSO,2010,90.9,93,88,92,1119.4755779304196,85.87903595,3.25,62.8373908996582,70.0661261191784,29.020495938413,0.069
LSO,2011,85.2,96,92,95,1280.733909315806,117.67031097,3.343,65.863037109375,70.6416125144182,30.4489318304881,NA
LSO,2012,81.4,95,91,93,1217.9307122894418,125.37831116,3.296,68.1460800170898,71.1931354913507,31.8586043360402,NA
LSO,2013,79.3,93,90,90,1151.0373583722674,131.35578918,3.283,65.9366836547852,71.7472805619843,33.2568347766841,NA
LSO,2014,77.6,88,92,88,1173.5377928819005,121.21549988,3.239,66.7313219029994,72.3042900166606,34.6437079655808,NA
LSO,2015,75.1,83,93,85,1121.1985134251822,104.59999847,3.217,67.8270774378415,72.8644331310882,36.0192915871812,NA
LSO,2016,71.4,87,90,87,992.4918406784652,91.0127182,3.18,65.0972290039062,73.4272764061932,37.3835722556357,NA
LSO,2017,70.1,89,89,88,1069.366732475424,115.43321228,3.105,68.1387518596821,73.9930898817459,38.7366301247734,NA
LSO,2018,68.8,90,89,90,1170.6556970281936,130.93614197,3.016,NA,74.5632870642167,40.0785080651777,0.457
LSO,2019,68.1,92,90,94,1082.0570677751584,235.94372559,2.924,NA,75.1376932253322,41.4091356196007,NA
LSO,2020,66.3,93,90,96,918.5825747044472,96.84536743,2.846,NA,75.7168396878056,42.7284382834052,NA
LSO,2021,64,95,90,98,1066.5864514382265,115.81448364,2.769,NA,76.300316439538,44.0363729437393,NA
LSO,2022,62,92,84,65,1030.1258294775712,133.32562256,2.716,NA,76.8886585638557,45.3328485039477,0.235
LSO,2023,61.3,90,76,87,916.2829769838036,122.63982391,2.694,NA,77.481451488906,46.6178621737328,NA
LSO,2024,60,86,90,86,971.9077182482896,NA,2.664,NA,78.0789963759688,47.8913481422717,NA
LTE,2000,34.01439211843614,NA,NA,NA,1677.206553122687,88.51988529003002,1.7392309696566062,68.7858200073242,84.5106866279245,63.22967077883362,1.5118036158882282
LTE,2001,31.82915936374843,NA,NA,NA,1722.3076576787444,89.28967712602567,1.6869131472687882,70.5072784423828,84.8316488463509,64.11876298513921,NA
LTE,2002,29.624624669632805,NA,NA,NA,1814.5482437247329,94.93568824988633,1.6804782020229398,72.5507507324219,85.53367473692815,67.04939717567673,NA
LTE,2003,26.727513387691403,NA,NA,NA,2054.822272784917,105.93058094763184,1.6780156094128815,72.5063323974609,86.22319485722828,68.59573464058097,NA
LTE,2004,25.026233077609103,NA,NA,NA,2453.9876987525786,124.4458853603334,1.6969474916279217,74.6520309448242,86.89653804380214,70.12485975172999,NA
LTE,2005,23.066640618367703,NA,NA,NA,2939.9827189478474,149.24575530125782,1.6965082177594235,76.9773025512695,87.75101958462083,71.65876662890233,NA
LTE,2006,21.42306375553184,NA,NA,NA,3525.67817486105,176.63619254034282,1.705216105068566,79.0702819824219,88.3732987701501,73.16838557620484,NA
LTE,2007,19.941020590709467,NA,NA,NA,4413.77838972074,217.760278278715,1.725595901803462,82.0606231689453,88.97452804320494,74.69785270861165,NA
LTE,2008,18.59118427146017,NA,NA,NA,5455.127587002636,275.2762707486825,1.753644033347949,85.3041305541992,89.55951063713039,76.20734310696164,NA
LTE,2009,17.537759125726076,NA,NA,NA,5245.335247741778,286.8301381758727,1.7612061312509624,89.2734603881836,90.1266786782116,77.6935423733747,NA
LTE,2010,16.31953495320029,NA,NA,NA,6276.4619904196015,327.1008899444485,1.7415441329788404,90.2441329956055,90.66532847109488,79.15522105433699,1.7562362697647105
LTE,2011,15.437095089291915,NA,NA,NA,7598.757228126921,387.55109388587266,1.727844466500201,91.5452575683594,91.1784463954,80.59045445156848,NA
LTE,2012,14.492022260525747,NA,NA,NA,8073.2094428812,415.5512934029725,1.8156891627494849,91.7002334594727,91.67037450790764,82.00228769006803,NA
LTE,2013,13.71656017765717,NA,NA,NA,8644.257615402228,454.9903535211712,1.7608746067816778,93.9377288818359,92.14681922149995,83.39309622703331,NA
LTE,2014,12.963930913128008,NA,NA,NA,8923.257288181245,477.34894051260136,1.803699529323476,93.0754318237305,92.60607480691728,84.76548705891317,NA
LTE,2015,12.286319981792456,NA,NA,NA,8331.632708035633,449.51582246530546,1.741817921086436,92.0840072631836,93.04871948944478,86.11685726772726,NA
LTE,2016,11.70397376339737,NA,NA,NA,8297.33610796797,453.38770841973144,1.7903242758752689,91.4169616699219,93.47228199105324,87.44675068917374,NA
LTE,2017,11.014489927828052,NA,NA,NA,9138.441345455052,508.2454464564034,1.7921088455383862,91.2339096069336,93.88380903580328,88.75059129988196,NA
LTE,2018,10.622397482105043,NA,NA,NA,9966.811608764634,552.9259781217762,1.628867106401773,92.1066589355469,94.29902016643838,90.02759276993207,NA
LTE,2019,10.209210734268996,NA,NA,NA,10120.312516135931,578.2971898773801,1.5944264854820478,93.1583633422852,94.67381708939864,91.27891884266452,NA
LTE,2020,10.046273119554368,NA,NA,NA,9873.93519864422,599.999591287701,1.431837084371502,93.2326507568359,95.0325953085252,92.49599203994384,NA
LTE,2021,9.799890820067873,NA,NA,NA,11759.797499015409,685.2502087871112,1.3545614426483918,94.1037292480469,95.544452642465,93.68573534736475,NA
LTE,2022,9.626949585910452,NA,NA,NA,12286.084681216944,757.7803277233003,1.294781388857065,94.3606567382812,96.11562939858968,94.846396557386,2.9396581836512268
LTE,2023,9.324576789816662,NA,NA,NA,12437.986172190662,785.2764883478415,1.2686495718054538,94.5393371582031,96.59730903045514,95.90060960187644,NA
LTE,2024,8.98518770267021,NA,NA,NA,12874.16791379716,NA,1.272282480348836,94.8991470336914,96.71254825383171,96.25199215616016,NA
LTU,2000,10.7,94,97,92,3300.636349285588,217.1761322,1.39,NA,89.6457241496505,84.2628327273275,3.626
LTU,2001,10.3,95,97,97,3532.527873632422,218.81802368,1.29,99.2935409545898,90.0977606045696,84.7312747207925,3.628
LTU,2002,9.9,95,98,97,4148.130914850149,254.36688232,1.23,101.328956604004,90.5462424491186,85.1946973431147,3.702
LTU,2003,9.6,94,98,91,5507.474341876524,338.86306763,1.26,103.705223083496,90.9963592646398,85.6598602645547,3.669
LTU,2004,9.3,94,98,90,6734.574870619461,366.95968628,1.27,102.579322814941,91.4481167989435,86.1267686788169,3.627
LTU,2005,9,94,97,93,7857.031487864918,438.93267822,1.29,104.165756225586,91.9151921739671,86.614106124964,3.721
LTU,2006,8.6,94,97,94,9210.10118229413,536.05737305,1.33,106.662200927734,92.3957545700156,87.120025751018,3.791
LTU,2007,8,95,97,95,12295.121277936596,704.29315186,1.36,106.777969360352,92.8750439712318,87.6245897499717,3.884
LTU,2008,7.3,96,97,96,14955.534546292096,936.50933838,1.45,106.165969848633,93.3530575915625,88.1277954949637,3.881
LTU,2009,6.7,98,96,98,11854.371105309569,864.73638916,1.5,104.750190734863,93.8193881104381,88.6676561367708,3.854
LTU,2010,6.1,95,96,95,11829.12260945704,805.2244873,1.5,104.120399475098,94.2758564978179,89.1941477060659,3.947
LTU,2011,5.6,92,94,92,14261.843378732545,925.47161865,1.55,104.555450439453,94.7419457559993,89.7354861346124,4.097
LTU,2012,5.3,93,93,93,14288.185349313851,896.93707275,1.6,104.154022216797,95.2233550480364,90.3009705081306,4.218
LTU,2013,5.1,93,93,93,15636.525258604766,958.04650879,1.59,106.272689819336,95.7024541817261,90.8648178620678,4.276
LTU,2014,5.1,93,93,93,16446.164718166307,1019.7121582,1.57,105.459228515625,96.1793622122159,91.4271935305975,4.306
LTU,2015,5,93,94,93,14269.803987828654,918.50750732,1.63,104.869941711426,96.6540744092519,91.9880821486282,4.338
LTU,2016,4.8,94,94,94,14934.27028404284,986.13311768,1.63,104.289833068848,97.1276074784164,92.5491836464928,4.466
LTU,2017,4.5,94,94,94,16800.151024609866,1073.95800781,1.57,105.108963012695,97.5995795936684,93.1100410366065,4.555
LTU,2018,4.2,92,92,92,19247.231536796684,1241.38574219,1.53,105.096572875977,98.0695666979738,93.6701055685758,4.596
LTU,2019,3.9,92,93,92,19608.794394555272,1361.20288086,1.43,105.323661804199,98.5372101703489,94.2289437143384,4.568
LTU,2020,3.7,91,90,91,20428.647815739412,1511.79626465,1.36,105.823112487793,98.8922199280899,94.786284769893,4.481
LTU,2021,3.6,90,88,90,23870.459485172207,1844.33154297,1.36,104.426818847656,99.2383026544667,95.3414364231375,4.485
LTU,2022,3.5,90,87,90,25085.78406349905,1831.27734375,1.27,105.173408508301,99.5802232857586,95.8940517663177,4.466
LTU,2023,3.4,90,87,90,27786.005782927572,2044.18371582,1.18,104.355499267578,99.9175659134354,96.3848409552758,NA
LTU,2024,3.4,89,86,89,29384.018959866335,2232.47631836,1.11,103.863700866699,99.9182026791093,96.3965645962382,NA
LUX,2000,4.7,99,93,99,48659.59887532334,2901.19995117,1.76,NA,99.9999973690054,97.6901859875283,2.151
LUX,2001,4.4,99,94,99,48440.142015135505,3109.20141602,1.66,98.185302734375,100,97.68316460089,2.209
LUX,2002,4.2,99,94,99,53005.73392091787,3600.86743164,1.63,97.9495086669922,100,97.6782432463947,2.256
LUX,2003,3.9,98,95,99,65689.32145369114,4607.40283203,1.62,97.5937271118164,99.9999960556072,97.6734276628199,2.377
LUX,2004,3.7,99,95,99,76544.91708684732,5610.35351563,1.66,97.0481719970703,100,97.6687093721814,2.422
LUX,2005,3.5,99,95,99,80988.13762308584,5818.14599609,1.63,96.6965484619141,99.9999981375846,97.6641072754687,2.557
LUX,2006,3.3,99,95,99,90788.80048761448,6070.73583984,1.65,96.5267333984375,99.9999986253518,97.6595985810241,2.605
LUX,2007,3.1,99,96,96,107475.32029797773,6671.26513672,1.61,96.6558380126953,100,97.6551965026452,2.711
LUX,2008,3,99,96,96,120422.1379341569,7578.74951172,1.61,97.3021469116211,99.9999980028988,97.6508653485568,2.716
LUX,2009,2.9,99,96,96,109419.7469531064,7670.59375,1.59,NA,100,97.646673581353,2.708
LUX,2010,2.8,99,96,96,110885.99137872108,7459.83544922,1.63,101.503318786621,100,97.642561725648,2.771
LUX,2011,2.7,99,96,96,119025.05720346652,7174.73925781,1.52,101.81990814209,100,97.6385453220137,2.777
LUX,2012,2.7,99,99,99,112584.6762709582,6029.47460938,1.57,102.334587097168,99.9999990171324,97.6347032194608,2.807
LUX,2013,2.6,99,99,99,120000.14072985917,6356.64453125,1.55,104.802833557129,99.9999986127199,97.6310682676105,2.83
LUX,2014,2.6,99,99,99,123678.70214327476,6547.03466797,1.5,105.43293762207,100,97.6276041187324,2.882
LUX,2015,2.5,99,99,99,105462.01258442264,5421.93212891,1.47,106.386573791504,99.9999971975971,97.6243035577451,2.908
LUX,2016,2.5,99,99,99,106899.29354955172,5475.13964844,1.41,107.912910461426,99.999999435156,97.6211680150003,2.884
LUX,2017,2.5,99,99,99,110193.2137972278,5713.11865234,1.39,108.230567932129,99.9999966233411,97.618188396035,2.984
LUX,2018,2.4,99,99,99,116926.75959390483,6227.08398438,1.38,108.786758422852,99.9999952675499,97.6153595742426,NA
LUX,2019,2.4,99,96,99,112696.649059674,6221.73876953,1.34,107.631690979004,100,97.6126777405437,NA
LUX,2020,2.4,99,99,99,116860.02817235976,6785.86230469,1.36,107.652420043945,100,97.6101288941599,NA
LUX,2021,2.3,99,99,99,134965.81544215154,7632.57275391,1.38,107.486389160156,100,97.6077017276341,NA
LUX,2022,2.3,99,99,99,123719.6589159963,7022.62695313,1.31,109.018447875977,99.9999976223575,97.6053918019199,NA
LUX,2023,2.2,99,99,99,133230.6191788991,7510.99414063,1.25,108.685668945312,99.9999993622078,97.6032304799558,NA
LUX,2024,2.2,99,99,99,137781.68165912307,8169.91259766,1.25,109.880676269531,100,97.6011739095936,NA
LVA,2000,14.3,96,97,96,3278.178964408034,181.57072449,1.25,NA,97.957430289515,89.1822298525204,2.879
LVA,2001,13.4,97,98,97,3504.6182946239664,205.02047729,1.22,93.5370712280273,97.9544905186091,89.1580310942879,2.686
LVA,2002,12.6,97,98,98,4003.609357835385,237.29516602,1.26,95.328987121582,97.9875163492266,89.386055395573507,2.788
LVA,2003,11.9,98,98,98,4914.57992829302,280.50878906,1.32,96.0678863525391,98.0218970345515,89.5263556907713,2.83
LVA,2004,11.1,99,98,99,6109.732651868175,393.29806519,1.29,98.8323669433594,98.0597159524281,89.6130829805605,2.916
LVA,2005,10.5,99,98,99,7283.787381276217,440.8097229,1.39,102.411727905273,98.0973437234884,89.6980083736191,2.959
LVA,2006,9.9,96,98,96,9211.7374468148,552.30163574,1.46,103.948348999023,98.1320758435858,89.7567394506575,3.028
LVA,2007,9.3,94,95,94,13370.978945250785,775.19146729,1.54,105.011726379395,98.1662009076991,89.8089264081031,3.143
LVA,2008,8.8,94,96,94,15677.608086450567,913.52148438,1.58,105.759788513184,98.2004790709608,89.8611624895794,3.233
LVA,2009,8.3,94,92,94,11996.032272977303,744.66162109,1.46,99.7813491821289,98.235685038934193,89.9210042199692,3.153
LVA,2010,7.7,92,95,92,11188.4191700977,689.07720947,1.36,102.114990234375,98.2717136022168,89.987937726115,3.107
LVA,2011,7.2,92,92,92,12902.57405333702,764.59179688,1.33,103.978866577148,98.3077017378479,90.0539577656872,3.134
LVA,2012,6.6,91,90,91,13329.349993127104,745.51745605,1.44,104.845741271973,98.3436350689574,90.1188989835072,3.144
LVA,2013,6.1,94,96,94,14484.47152821325,807.13000488,1.52,112.935676574707,98.3795180177465,90.182767248935,3.19
LVA,2014,5.6,92,95,92,15185.81458123595,856.76654053,1.65,112.199729919434,98.4153361248408,90.2454171956005,3.216
LVA,2015,5.1,94,96,94,13321.975314061565,775.86431885,1.7,111.17414855957,98.4511105601359,90.4930837616034,3.197
LVA,2016,4.8,98,93,98,13838.526682327232,874.79772949,1.74,110.434066772461,98.4869768488799,90.7423211464844,3.212
LVA,2017,4.5,98,96,98,15132.495833398172,932.50158691,1.69,110.162521362305,98.5228902646121,90.9929787461015,3.205
LVA,2018,4.2,96,98,96,17252.171042862567,1101.49243164,1.6,108.584571838379,98.558820559671,91.2449187722214,3.303
LVA,2019,3.9,99,99,99,17294.975160096918,1183.1151123,1.61,107.570869445801,98.5947259523274,91.4979934262128,3.267
LVA,2020,3.6,99,99,99,17564.232154935427,1313.35412598,1.55,106.199699401855,98.63057400499,91.7520645595703,3.338
LVA,2021,3.3,94,97,94,20261.888778891633,1897.95275879,1.57,106.540283203125,98.6663184077259,92.0069797523466,3.356
LVA,2022,3,95,96,95,20221.103686109032,1642.47131348,1.47,105.172348022461,98.7019358387321,92.2626087395691,3.398
LVA,2023,2.8,98,97,98,22710.263754419742,1645.4152832,1.36,102.485107421875,98.7373706487975,92.5186835470802,NA
LVA,2024,2.5,97,98,97,23409.084515477494,NA,1.24,102.101348876953,98.7726032777308,92.5346142806387,NA
MAC,2000,NA,NA,NA,NA,15731.40816337715,NA,0.933,NA,100,100,NA
MAC,2001,NA,NA,NA,NA,15810.722766656158,NA,0.818,83.9162292480469,100,100,NA
MAC,2002,NA,NA,NA,NA,16814.992642413417,NA,0.813,87.1809692382812,100,100,NA
MAC,2003,NA,NA,NA,NA,18589.899833053376,NA,0.837,90.6741409301758,100,100,NA
MAC,2004,NA,NA,NA,NA,23407.19936921936,NA,0.855,94.2692565917969,100,100,NA
MAC,2005,NA,NA,NA,NA,25681.21673152215,NA,0.912,93.4739303588867,100,100,NA
MAC,2006,NA,NA,NA,NA,29813.78771679328,NA,0.954,93.9249725341797,100,100,NA
MAC,2007,NA,NA,NA,NA,35400.23346594085,NA,1.008,94.6795425415039,100,100,NA
MAC,2008,NA,NA,NA,NA,38888.51180445027,NA,0.979,90.4638900756836,100,100,NA
MAC,2009,NA,NA,NA,NA,40354.281029367325,NA,1.004,90.1166305541992,100,100,NA
MAC,2010,NA,NA,NA,NA,52596.225016021395,NA,1.07,91.4267465854378,100,100,NA
MAC,2011,NA,NA,NA,NA,67046.72842921011,NA,1.15,94.6152226550163,100,100,NA
MAC,2012,NA,NA,NA,NA,76058.0224963659,NA,1.357,96.9751489935905,100,100,NA
MAC,2013,NA,NA,NA,NA,87107.83130636263,NA,1.15,97.0595238095238,100,100,NA
MAC,2014,NA,NA,NA,NA,88355.31817644459,NA,1.224,100.927631578947,100,100,NA
MAC,2015,NA,NA,NA,NA,69902.96057412325,NA,1.142,101.774647887324,100,100,NA
MAC,2016,NA,NA,NA,NA,68911.67559196283,NA,1.138,101.977941176471,100,100,NA
MAC,2017,NA,NA,NA,NA,77570.98761669769,NA,1.021,98.5185185185185,100,100,NA
MAC,2018,NA,NA,NA,NA,83588.28750090144,NA,0.915,93.8029197080292,100,100,NA
MAC,2019,NA,NA,NA,NA,81882.69645238694,NA,0.899,91.8175182481752,100,100,NA
MAC,2020,NA,NA,NA,NA,36883.66525785429,NA,0.841,89.9859154929577,100,100,NA
MAC,2021,NA,NA,NA,NA,44884.89616023926,NA,0.756,88.92,100,100,NA
MAC,2022,NA,NA,NA,NA,36806.891255460985,NA,0.68,89.5705128205128,100,100,NA
MAC,2023,NA,NA,NA,NA,67216.36311121237,NA,0.586,91.7987421383648,100,100,NA
MAC,2024,NA,NA,NA,NA,72004.74370207335,NA,0.582,94.5308641975309,100,100,NA
MAF,2000,NA,NA,NA,NA,NA,NA,2.876,NA,100,99.1705072850435,NA
MAF,2001,NA,NA,NA,NA,NA,NA,2.897,NA,100,99.1705072850435,NA
MAF,2002,NA,NA,NA,NA,NA,NA,2.896,NA,100,99.1705072850435,NA
MAF,2003,NA,NA,NA,NA,NA,NA,2.872,NA,100,99.1705072850435,NA
MAF,2004,NA,NA,NA,NA,NA,NA,2.827,NA,100,99.1705072850435,NA
MAF,2005,NA,NA,NA,NA,NA,NA,2.779,NA,100,99.2217301839164,NA
MAF,2006,NA,NA,NA,NA,NA,NA,2.711,NA,100,99.2729530827894,NA
MAF,2007,NA,NA,NA,NA,NA,NA,2.633,NA,100,99.3241759816624,NA
MAF,2008,NA,NA,NA,NA,NA,NA,2.55,NA,100,99.3753988805353,NA
MAF,2009,NA,NA,NA,NA,NA,NA,2.464,NA,100,99.4266217794083,NA
MAF,2010,NA,NA,NA,NA,NA,NA,2.4,NA,99.9978182352951,99.4778446782813,NA
MAF,2011,NA,NA,NA,NA,20930.582117775815,NA,2.424,NA,99.9920582504616,99.5290675771542,NA
MAF,2012,NA,NA,NA,NA,NA,NA,2.773,NA,99.986298265628,99.5802904760272,NA
MAF,2013,NA,NA,NA,NA,NA,NA,2.719,NA,99.9805382807944,99.6315133749002,NA
MAF,2014,NA,NA,NA,NA,20638.770588237883,NA,2.707,NA,99.9747782959609,99.6827362737731,NA
MAF,2015,NA,NA,NA,NA,NA,NA,2.665,NA,99.9690183111273,99.7339591726461,NA
MAF,2016,NA,NA,NA,NA,NA,NA,2.643,NA,99.9632583262937,99.785182071519,NA
MAF,2017,NA,NA,NA,NA,NA,NA,2.657,NA,99.9574983414602,99.836404970392,NA
MAF,2018,NA,NA,NA,NA,NA,NA,2.725,NA,99.9517383566266,99.887627869265,NA
MAF,2019,NA,NA,NA,NA,19033.06496348889,NA,2.791,NA,99.945978371793,99.9388507681379,NA
MAF,2020,NA,NA,NA,NA,NA,NA,2.829,NA,99.9402183869595,99.9900736670109,NA
MAF,2021,NA,NA,NA,NA,21668.377652532257,NA,2.804,NA,99.9344584021259,100,NA
MAF,2022,NA,NA,NA,NA,NA,NA,2.763,NA,99.9286984172924,100,NA
MAF,2023,NA,NA,NA,NA,NA,NA,2.718,NA,99.9229384324588,100,NA
MAF,2024,NA,NA,NA,NA,NA,NA,2.673,NA,99.9229384324588,100,NA
MAR,2000,52.4,95,93,95,1499.107421875,54.63968277,2.774,35.1672592163086,62.1439995989876,68.2172980422046,NA
MAR,2001,50.2,96,96,93,1506.24523925781,56.55395889,2.686,36.7545204162598,63.4571073529221,68.9979286734151,0.483
MAR,2002,48,94,94,94,1596.02062988281,63.57953644,2.617,38.5802192687988,64.7639532171435,70.1959471768186,NA
MAR,2003,45.8,91,90,91,1941.87255859375,77.74629211,2.606,40.5255088806152,66.063149921039,71.3611031579094,NA
MAR,2004,43.6,97,95,97,2183.55541992188,91.17259979,2.611,43.4972381591797,67.3552311379122,72.2380118322512,0.534
MAR,2005,41.4,98,97,98,2242.98828125,97.19748688,2.613,45.7038993835449,68.7554997680292,73.1773231573067,NA
MAR,2006,39.2,97,95,97,2438.12646484375,110.22368622,2.611,48.9838714599609,70.163478359653,74.1286277364386,NA
MAR,2007,36.9,95,95,95,2755.5859375,131.86448669,2.618,52.1271018981934,71.5537323474751,75.07865785853,0.586
MAR,2008,34.8,99,96,99,3183.20043945313,153.23677063,2.612,54.1733512878418,72.9256075527307,76.0270465893793,NA
MAR,2009,32.8,99,98,99,3119.58862304688,165.50694275,2.624,56.9432411193848,74.2785219849732,76.9734340408013,0.646
MAR,2010,30.9,99,98,99,3067.9853515625,168.36595154,2.629,59.2141571815954,75.6138635064954,77.9186321842885,NA
MAR,2011,29.2,99,99,98,3301.98876953125,179.00019836,2.595,61.6058418206276,76.9300832583237,78.8617098179303,NA
MAR,2012,27.5,99,99,99,3164.17724609375,172.04353333,2.543,63.780614962939,78.2275853930086,79.8028926607457,NA
MAR,2013,26,99,99,99,3379.7431640625,179.81974792,2.478,NA,79.5058796686335,80.7418405934609,0.631
MAR,2014,24.5,99,99,99,3435.40698242188,188.6415863,2.425,NA,80.7653426304432,81.6787833331369,0.913
MAR,2015,23.1,99,99,99,3146.24780273438,162.85198975,2.406,NA,82.0055254325952,82.6133857695212,NA
MAR,2016,21.9,99,99,99,3140.85546875,162.21507263,2.396,NA,83.2267677813963,83.5458723077839,NA
MAR,2017,20.8,99,99,99,3296.52661132813,166.8500061,2.375,74.2546979867675,84.4286583054916,84.4759106100825,0.734
MAR,2018,19.9,99,99,99,3501.69799804688,175.70518494,2.354,75.2608385790025,85.6112006137327,85.4034661501233,NA
MAR,2019,19.1,99,99,99,3508.09765625,178.73939514,2.342,76.5740050948519,86.7740979476491,86.3282321764417,NA
MAR,2020,18.3,99,99,99,3268.0302734375,192.04043579,2.32,78.1902667388164,87.9176789567835,87.2504334400562,NA
MAR,2021,17.6,98,99,98,3785.93627929688,209.57344055,2.288,79.2970919837523,89.0414569298463,87.3836441048483,0.74
MAR,2022,17,98,99,98,3463.1376953125,201.81098938,2.256,83.2706329144956,90.1462114499195,87.5163508881869,NA
MAR,2023,16.3,97,98,97,3813.72607421875,232.24751282,2.23,87.2227171713839,91.2311035579693,87.6475617548846,NA
MAR,2024,15.7,96,98,96,4153.1943359375,NA,2.208,91.2537211746273,92.2120267209653,87.7780205460508,NA
MCO,2000,5.2,99,98,99,81789.0206522549,2975.82250977,2.082,162.065216064453,100,100,NA
MCO,2001,5,99,98,99,82402.78095701894,3050.57739258,2.176,NA,100,100,NA
MCO,2002,4.8,99,97,99,90051.44598774679,3375.89013672,2.006,NA,100,100,NA
MCO,2003,4.7,99,97,99,111110.45131224942,4833.08740234,1.914,NA,100,100,NA
MCO,2004,4.6,99,96,99,125160.22808759804,5681.51171875,1.994,NA,100,100,NA
MCO,2005,4.5,99,96,99,130538.74258711666,5878.00683594,2.006,NA,100,100,NA
MCO,2006,4.4,99,94,99,143083.4611072016,6146.87744141,2.101,NA,100,100,NA
MCO,2007,4.3,99,95,99,184558.55659333797,7035.9453125,2.206,NA,100,100,NA
MCO,2008,4.2,99,94,99,204263.79711429437,8342.875,2.384,145.866943359375,100,100,NA
MCO,2009,4.1,99,92,99,169150.26734461568,8190.71191406,2.397,NA,100,100,NA
MCO,2010,4,99,93,99,161853.9206222442,8025.15917969,2.385,NA,100,100,NA
MCO,2011,3.9,99,91,99,179363.9842215126,8314.45996094,2.22,NA,100,100,7.375
MCO,2012,3.8,99,91,99,165444.65137877085,7869.89453125,2.294,NA,100,100,7.32
MCO,2013,3.7,99,91,99,184940.66380471824,8459.11328125,2.313,NA,100,100,8.107
MCO,2014,3.6,99,90,99,195693.57073889393,8691.6953125,2.485,NA,100,100,7.756
MCO,2015,3.5,99,89,99,170437.10118826115,7354.13183594,2.503,NA,100,100,NA
MCO,2016,3.4,99,89,99,173604.75355591517,7157.92578125,2.578,151.901138305664,100,100,NA
MCO,2017,3.3,99,88,99,170663.3752478725,7101.640625,2.418,NA,100,100,NA
MCO,2018,3.2,99,88,99,188298.31566843708,7621.97021484,2.485,NA,100,100,8.298
MCO,2019,3.1,99,88,99,193746.78564741169,7517.25341797,2.403,NA,100,100,8.609
MCO,2020,3,99,88,99,176891.88653849173,7582.41552734,2.38,NA,100,100,8.609
MCO,2021,2.9,99,88,99,223823.3639602262,8225.38769531,2.122,NA,100,100,NA
MCO,2022,2.8,99,88,99,226052.0019052007,7674.09814453,2.114,NA,100,100,NA
MCO,2023,2.7,99,88,99,256799.78861280595,8004.16845703,2.11,NA,100,100,NA
MCO,2024,2.7,99,88,99,288001.4333690406,NA,2.102,159.421646118164,100,100,NA
MDA,2000,31.4,95,89,97,440.5386839803723,21.37988663,1.496,NA,83.0002243513663,71.2506597546078,2.437
MDA,2001,28.5,97,94,98,507.4040762528191,25.3985939,1.471,NA,83.3234923417837,71.6566360139353,2.291
MDA,2002,25.8,97,94,98,570.7998661882931,33.9242363,1.448,NA,83.6512440151413,72.0679189727621,2.33
MDA,2003,23.4,98,96,98,682.319095965299,38.43836975,1.479,NA,83.9834832387718,72.4845086683778,2.326
MDA,2004,21.5,98,96,98,897.1784947494684,64.60713959,1.543,NA,84.3204163424305,73.0585042277255,2.247
MDA,2005,20.1,98,97,99,1034.391977469929,79.33213043,1.528,NA,84.6970913966841,73.6881674871304,2.515
MDA,2006,19,97,96,98,1183.02481442894,100.10816193,1.537,NA,85.1105293092425,74.3686465028657,2.573
MDA,2007,18.2,92,96,93,1531.2161859074763,135.44366455,1.575,NA,85.5244670482591,75.053404668561,2.62
MDA,2008,17.7,90,95,96,2110.5530535385687,185.56115723,1.638,NA,85.9389111690626,75.742452878246,2.623
MDA,2009,17.2,85,90,87,1898.4397571098816,208.53004456,1.719,NA,86.3538510383459,76.4357878576591,2.709
MDA,2010,16.8,90,97,97,2436.7993510242086,198.28894043,1.703,89.0274736504044,86.7693011719513,77.1334278567767,2.743
MDA,2011,16.5,93,91,96,2941.362240660208,214.98246765,1.65,88.667058859956,87.1852515314288,77.835369795755,2.828
MDA,2012,16.2,92,91,92,3044.8084324814986,223.61895752,1.661,88.9615898046282,87.601707230864,78.5416235324603,2.889
MDA,2013,16,90,91,92,3321.0439779571934,231.66229248,1.622,88.9174917032512,88.0186693421827,79.2521957133911,3.06
MDA,2014,15.8,90,90,92,3289.9575856877727,230.76982117,1.82,105.129838400056,88.436133359262,79.9670878839298,3.091
MDA,2015,15.6,87,89,88,2749.5513705433796,186.43643188,1.87,105.821275331092,88.8523471149568,80.6901033429329,3.159
MDA,2016,15.5,89,88,91,2847.087947704789,171.18476868,1.89,106.359346502359,89.2722054309819,81.420818324275,3.239
MDA,2017,15.4,88,93,90,3453.267277202941,243.94540405,1.81,94.1081275473507,89.6950297524802,82.1581768544632,3.285
MDA,2018,15.4,93,93,94,4156.449819566462,276.4697876,1.81,95.4169685647691,90.1205722454001,82.9015800000824,3.204
MDA,2019,15.5,91,97,94,4405.334181621547,283.98425293,1.78,95.0363793316069,90.5483180309042,83.6501429350345,4.033
MDA,2020,15.6,86,84,87,4375.778893052403,305.48913574,1.77,95.901275750102,90.9779971950064,84.4032169070888,4.038
MDA,2021,15.8,87,83,88,5274.605821953523,403.87823486,1.751,96.2182041066503,91.4092054171204,85.1600042772456,4.039
MDA,2022,16,88,84,88,5744.296184344349,394.42373657,1.694,97.3920322268435,91.8415594867587,85.734993748898,4.145
MDA,2023,16.2,87,85,88,6799.585946445756,451.73007202,1.731,96.9969097488181,92.2745583834246,86.3094330336137,4.016
MDA,2024,16.5,86,84,89,7576.195894133255,NA,1.726,99.3201300620751,92.7079162757946,86.8828564200079,NA
MDG,2000,104.4,57,57,58,280.28290555964884,11.1882658,5.665,NA,36.4427561061797,3.82452281975997,NA
MDG,2001,99.8,60,59,60,319.28327823565746,13.13894939,5.528,NA,37.1365510037545,4.27623527366861,0.087
MDG,2002,95.6,62,61,61,304.9417773984449,15.02957344,5.412,NA,37.8285452576804,4.72902485932566,0.13
MDG,2003,91.6,66,65,65,352.62009584992484,17.64075851,5.329,NA,38.518227444298,5.18344484506749,0.141
MDG,2004,87.8,78,79,74,272.2007485885601,14.29298973,5.264,NA,39.2060328929428,5.63879503752012,0.149
MDG,2005,84.1,85,74,80,305.81207492438796,15.9498682,5.195,20.1245708465576,40.0429127960642,6.12117413127887,0.172
MDG,2006,80.8,85,71,83,324.14687488260375,16.44085503,5.133,22.5522499084473,40.878116387823,6.60626042533301,0.163
MDG,2007,77.6,84,81,83,419.54800143186503,19.33553123,5.083,24.8774700164795,41.7110487315334,7.09404608313975,0.173
MDG,2008,74.8,77,70,77,512.579800058444,20.91898537,5.043,26.9826602935791,42.5424880385146,7.58477414006482,0.178
MDG,2009,72.4,77,63,76,446.31523837059217,19.56957817,5.003,28.0163993835449,43.3700536128356,8.07809172690129,0.173
MDG,2010,70.3,70,66,70,450.00939164572554,21.13975906,4.896,NA,44.1945358943364,8.57423264106828,0.186
MDG,2011,68.6,73,62,73,506.16369155930926,22.88667488,4.737,33.6389503479004,45.0153822584225,9.07317377918647,0.137
MDG,2012,67.3,68,63,71,493.5111629042107,19.30151749,4.613,34.9519919864486,45.8324865165496,9.57497737668474,0.136
MDG,2013,66.4,70,64,72,515.3015893618319,19.33186913,4.527,NA,46.645311071975,10.0796108433394,0.146
MDG,2014,65.7,68,66,71,505.6849225034353,22.56570244,4.421,35.8271514538676,47.4541920353579,10.5872297277492,0.173
MDG,2015,65.3,62,60,68,445.3200694805675,22.29386139,4.335,36.2567596435547,48.258173464398,11.0976984755033,NA
MDG,2016,64.9,68,62,72,453.97071452246337,24.20793915,4.285,36.2822418212891,49.0575914521926,11.6111708038341,NA
MDG,2017,64.9,65,55,69,491.8668487189288,23.62072182,4.259,35.2360569008275,49.8519386234101,12.1276026442495,NA
MDG,2018,64.9,74,68,71,500.4571855291595,21.12731934,4.246,35.3710327591243,50.6411241447461,12.647045200372,0.195
MDG,2019,65,69,60,69,499.8188376225341,15.50084877,4.221,33.6142692093689,51.4242559942128,13.1693375483997,NA
MDG,2020,65.1,67,55,66,450.77161520150946,16.78295326,4.17,NA,52.2020747813196,13.6947390405503,NA
MDG,2021,65,55,43,55,483.46946335119475,17.17938805,4.104,35.2580222250234,52.9732968597974,14.2229663442332,NA
MDG,2022,64.5,57,44,55,503.5145334729596,15.85809231,4.036,NA,53.7386722482621,14.7542849047499,0.172
MDG,2023,63.6,65,51,63,508.7184277055908,17.44003487,3.972,NA,54.4969430342798,15.2883891812498,NA
MDG,2024,62.4,60,46,62,544.9875010033838,NA,3.912,NA,55.3389608321256,15.3671469967754,NA
MDV,2000,39.5,98,99,98,2213.812350531779,219.8586731,2.691,55.1308898925781,93.9754416536862,76.1204180921548,NA
MDV,2001,35.1,98,98,97,3033.9323450703646,229.80044555999999,2.532,65.1399536132812,94.3299211609412,77.3138917274855,NA
MDV,2002,31.1,98,97,98,3076.0700716010097,249.48114014,2.425,67.695426940918,94.6785046984777,78.4909414521848,NA
MDV,2003,27.4,98,96,98,3548.5767011055987,240.54026794,2.342,73.7963104248047,95.0207841451374,79.6500594890905,NA
MDV,2004,27.2,96,97,96,4070.2609459446007,304.5932312,2.262,74.3923034667969,95.3565498138063,80.7906424264184,1.002
MDV,2005,21.6,98,97,98,3796.515465246436,335.13778687,2.199,NA,95.6853187306833,81.9107386991057,NA
MDV,2006,19.4,98,97,98,5018.943354091592,403.94284058,2.204,NA,95.9990896604814,82.9678419611105,NA
MDV,2007,17.6,98,97,98,5758.102869330527,478.24349976,2.293,NA,96.2874159070082,83.8983717139846,1.701
MDV,2008,16.1,98,97,98,6757.432809292917,775.14593506,2.371,NA,96.5912125860585,84.9631631924184,NA
MDV,2009,14.9,98,98,98,6734.03165601895,679.66296387,2.39,NA,96.8924931173137,86.0231687446511,1.51
MDV,2010,13.8,96,97,97,7173.596018446917,608.87176514,2.349,79.9723518230517,97.1912684549674,87.0784721184559,1.455
MDV,2011,12.9,96,96,96,7424.5204109709985,588.20758057,2.307,84.0012033694344,97.4875221810395,88.128993363051,NA
MDV,2012,12.1,99,98,99,7461.29703686309,647.11553955,2.254,79.41343067531,97.7812411341271,89.1747640869776,NA
MDV,2013,11.3,99,99,99,8236.081779441261,671.65325928,2.174,75.8327847267939,98.0723697097107,90.2153433449242,NA
MDV,2014,10.6,99,99,99,8939.074165714721,707.39245605,2.089,79.8635047566524,98.3609146245112,91.250996049753,1.862
MDV,2015,9.9,99,99,99,9644.906550281454,837.47290039,2.004,80.7421762848119,98.6468575811513,92.2815312224762,NA
MDV,2016,9.2,98,99,99,9947.807447317393,1017.99908447,1.903,78.7856349500185,98.9301591789306,93.3068469398135,1.32
MDV,2017,8.6,98,99,99,10509.628805811955,961.57415771,1.798,79.1508430806623,99.2108231698123,94.3268032321981,1.894
MDV,2018,8,98,99,99,11423.283842702867,833.21575928,1.71,76.8313327177593,99.4838786975911,95.3413870915622,1.862
MDV,2019,7.4,98,99,99,11740.272402978468,880.79962158,1.64,75.7793948678667,99.6231486421787,96.3505180491116,2.235
MDV,2020,6.9,98,98,99,7393.888654393296,845.82440186,1.613,77.4476047904192,99.6489940790337,97.1213636398167,NA
MDV,2021,6.4,95,97,97,10176.143882547023,901.09185791,1.599,NA,99.675443163466,97.8641004075029,NA
MDV,2022,6,98,98,99,11786.019149298254,883.91467285,1.583,79.1463748290014,99.702507903643,98.5962212934826,NA
MDV,2023,5.7,98,99,99,12587.612603865124,1159.02819824,1.575,84.9893523087311,99.7301882656937,99.3176875376915,NA
MDV,2024,5.4,99,99,99,13379.351357722368,NA,1.56,NA,99.7584782998402,99.7013015304493,NA
MEA,2000,75,NA,NA,NA,2220.3843929051586,100.06745564154772,4.014826070483107,46.2440986633301,85.04594689465962,63.80525977210029,0.8368728816398608
MEA,2001,72.4,NA,NA,NA,2153.193325422632,103.21430616075264,3.900855223732915,46.6951484680176,85.33867698207683,64.04118563214419,NA
MEA,2002,69.9,NA,NA,NA,2092.424276370166,98.7719924380713,3.793951382430586,47.1025695800781,85.59983248379399,64.30336929460638,NA
MEA,2003,67.7,NA,NA,NA,2279.51886072397,98.55744467241878,3.726301633657936,47.8145904541016,85.87534908558416,64.59439847819115,NA
MEA,2004,65.4,NA,NA,NA,2624.1893550003037,108.42759214580494,3.6307007311268737,48.8658218383789,86.2214019111976,65.45468834351333,NA
MEA,2005,63.2,NA,NA,NA,3050.8608627273093,121.68332029259928,3.5781111431629267,48.9622802734375,86.41912028983596,66.39500175205113,NA
MEA,2006,61.3,NA,NA,NA,3482.4765790621386,136.60888246971243,3.563779305735613,50.9403991699219,86.76579695903753,67.39490397901906,NA
MEA,2007,59.4,NA,NA,NA,4010.052280612443,158.67615546435763,3.545009274231238,50.944751739502,87.17026119312703,68.42284228185109,NA
MEA,2008,57.6,NA,NA,NA,4834.32204392542,186.74875232964197,3.5242225268088254,51.2119216918945,87.61066803868523,69.4130738517555,NA
MEA,2009,55.9,NA,NA,NA,4256.640483569278,202.4852856899396,3.5091334497908755,52.2615699768066,87.95182261162677,70.37059373892997,NA
MEA,2010,54.2,NA,NA,NA,4867.929434970152,218.1477202192403,3.4962786810276936,52.1970100402832,88.27950325765796,71.33074723682246,0.95570555441206
MEA,2011,52.5,NA,NA,NA,5731.463337883452,248.63393053004305,3.4774409964919313,53.5247993469238,88.61796499347717,72.30497693355196,NA
MEA,2012,51.1,NA,NA,NA,6048.092499907721,263.57631713235907,3.471038419270515,53.5537109375,88.95485171987086,73.29068620021819,NA
MEA,2013,49.4,NA,NA,NA,5866.5964763581305,266.5146168944412,3.454583781987765,52.0718307495117,89.31678002409585,75.27184570161542,NA
MEA,2014,47.6,NA,NA,NA,5810.238740192056,281.93631046620675,3.4376982541324876,53.0181198120117,89.67054932290704,76.25600183201601,NA
MEA,2015,46.2,NA,NA,NA,5125.68064083245,275.94518467858353,3.4046770997131133,53.8907585144043,90.04520106967121,77.26667920839614,NA
MEA,2016,44.6,NA,NA,NA,5126.053316390324,280.36379333350396,3.3443352298297273,54.9065208435059,90.41934102451894,78.26610183442615,NA
MEA,2017,43.5,NA,NA,NA,5279.479511800769,287.6705277535499,3.3182065123725404,55.0110015869141,90.7699929945259,79.20787256640601,NA
MEA,2018,42.7,NA,NA,NA,5545.888996075914,277.24693408619913,3.2336761791751076,56.3839988708496,91.1088781867545,80.07589065620057,NA
MEA,2019,41.9,NA,NA,NA,5412.428756735279,276.6048989503644,3.1620694387531794,57.3141708374023,91.45211062344252,80.90991228447307,NA
MEA,2020,40.8,NA,NA,NA,4742.764026322587,277.3153421212985,3.1168808641896195,57.9312705993652,91.78899975028456,81.72905362769703,NA
MEA,2021,39.8,NA,NA,NA,5615.911860987263,294.88863672599155,3.072990859389022,58.5643081665039,92.07784166936143,82.41448643992197,NA
MEA,2022,38.7,NA,NA,NA,6430.535534857535,304.78395517605236,3.033442966011439,59.6928901672363,92.40280486355856,83.21440732477251,1.2987837772274746
MEA,2023,37.8,NA,NA,NA,6149.061198934999,310.9697247172087,3.0081011072648716,61.6829414367676,92.66010825915986,83.43443918566841,NA
MEA,2024,36.4,NA,NA,NA,6265.444452474524,NA,2.975973533061971,63.667781829834,92.90226047809348,83.65755351881529,NA
MEX,2000,27.4,97,96,97,7524.027138009098,319.34719849,2.714,71.6285171508789,91.5623322939428,79.2052351502487,1.631
MEX,2001,26.2,97,95,97,7952.76479510706,364.39672852,2.671,73.8780212402344,92.0447445301781,79.9105993233351,1.519
MEX,2002,25,97,96,98,7983.033983817592,385.61471558,2.633,76.8405380249023,92.5226572701038,80.6059707016954,1.529
MEX,2003,23.9,98,96,98,7434.0746485155005,411.83197021,2.579,81.2989120483398,92.996063481636,81.2915094361491,1.58
MEX,2004,23,98,96,98,7849.667596495654,446.13604736,2.536,82.1962890625,93.4651323429629,81.9676485346638,1.655
MEX,2005,22.1,98,96,98,8671.758918851627,483.97970581,2.495,83.1119232177734,93.9295704021899,82.634046861873,1.768
MEX,2006,21.3,98,96,98,9512.635753466991,514.29864502,2.456,85.4489822387695,94.3895494210949,83.2911380511861,1.886
MEX,2007,20.7,98,96,98,10134.332713811857,558.06530762,2.421,87.0050735473633,94.8449664577953,83.9388749115264,1.929
MEX,2008,20,96,96,96,10523.768540324383,573.11114502,2.391,89.310188293457,95.2791786706115,84.5778681369926,1.957
MEX,2009,19.5,95,96,95,8423.569332147112,492.59887695,2.364,89.4026565551758,95.5850499173434,85.2078679687607,1.987
MEX,2010,18.9,95,95,95,9728.800783770816,534.08520508,2.34,90.5796508789062,95.8874978648844,85.8292495991465,2.007
MEX,2011,18.4,97,98,97,10664.49440323125,565.31738281,2.317,91.5306701660156,96.1869601419422,86.4428801813735,2.109
MEX,2012,17.9,99,99,99,10744.133524268636,582.48297119,2.294,93.8122711181641,96.483147256866,87.0483009641919,2.12
MEX,2013,17.5,83,89,83,11216.800850542808,625.59765625,2.269,96.0909271240234,96.7762637072841,87.6459487223264,2.164
MEX,2014,17,87,98,87,11391.3773497683,609.82232666,2.211,100.276077270508,97.0663144004475,88.2358926764479,2.237
MEX,2015,16.6,87,98,87,10021.238611882723,553.91259766,2.137,104.495323181152,97.3531385567766,88.8179258213353,2.34
MEX,2016,16.2,93,97,93,9097.923976747688,489.92230225,2.086,106.824447631836,97.6369085403618,89.3924181439649,2.345
MEX,2017,15.8,85,76,85,9649.278167724024,512.54974365,2.041,109.083389282227,97.9175037608425,89.9592224609298,2.409
MEX,2018,15.4,88,97,88,10084.793756202112,528.26306152,2.03,110.51097869873,98.1950089060211,90.5185596102805,2.456
MEX,2019,15,82,73,82,10369.555358527135,549.72601318,2.02,110.386650085449,98.46943436997,91.0705197769802,2.46
MEX,2020,14.6,72,92,72,8841.270750398684,535.11669922,1.99,107.480339050293,98.7408072689782,91.6152077254503,2.425
MEX,2021,14.2,78,99,78,10314.050672211482,606.13415527,1.97,103.972526550293,99.0090934864526,92.1526440010022,2.541
MEX,2022,13.8,83,86,83,11405.79404737593,650.97070313,1.94,104.8212890625,99.2737986132837,92.6614618116548,2.588
MEX,2023,13.4,85,76,85,13860.95978093256,760.98840332,1.91,108.700912475586,99.4095196134934,92.9784568798496,NA
MEX,2024,13.1,78,80,78,14185.781224852855,NA,1.892,109.978668212891,99.5413676283293,92.9912822357176,NA
MHL,2000,42.7,39,94,36,2264.7911489764524,306.73342896,4.695,NA,88.7785656055878,74.7275535409277,0.471
MHL,2001,42.7,48,64,56,2394.345011051777,269.22146606,4.583,NA,88.7361116250114,74.8983706314678,NA
MHL,2002,42.5,80,80,80,2566.067087992222,309.72741699,4.488,79.4897689819336,88.6939841063505,75.0678760410401,NA
MHL,2003,42.2,68,90,80,2539.330738395399,338.22610474,4.418,76.2464065551758,88.6522614448274,75.2357419905979,NA
MHL,2004,41.8,64,70,68,2566.0829101581357,363.40332031,4.34,79.4486923217773,88.6109447251145,75.4019644335075,NA
MHL,2005,41.3,77,86,88,2658.652178938851,490.59927368,4.276,73.9568328857422,88.5455141117699,75.7826662619326,NA
MHL,2006,40.9,74,96,95,2754.269887675027,613.29852295,4.197,79.8606872558594,88.4803975214392,76.0448233755654,NA
MHL,2007,40.4,93,94,91,2892.2840395887383,485.01657104,4.09,83.4545974731445,88.4157787879213,76.2960646332462,0.596
MHL,2008,40,95,86,96,2817.6052277532194,536.23034668,3.967,88.787483215332,88.3514803494463,76.5371074289025,NA
MHL,2009,39.5,96,78,99,2906.6302697091446,543.67626953,3.83,86.5034713745117,88.2877562001055,76.7672035221088,NA
MHL,2010,39,94,97,95,3095.4576896472217,548.59899902,3.673,NA,88.2244329493456,76.987068031911,0.615
MHL,2011,38.4,87,88,88,3319.398154391508,376.39205933,3.527,NA,88.1615235690486,77.1968326186549,0.636
MHL,2012,37.8,80,78,80,3514.265154903829,410.4979248,3.382,NA,88.0994261058338,77.3953434668074,0.467
MHL,2013,37,79,79,79,3677.9069079142087,445.42425537,3.247,NA,88.0383075874041,77.5823878699737,NA
MHL,2014,36.1,78,79,77,3735.2397782954454,449.90563965,3.18,NA,87.9780013453875,77.7587559493787,NA
MHL,2015,35.2,85,75,85,3764.344262295082,557.35211182,3.131,87.4442319949012,87.918586730439,77.9244886482311,NA
MHL,2016,34.2,71,75,69,4229.809889119453,619.35668945,3.091,89.3410852713178,87.8599925436278,78.0801139470474,NA
MHL,2017,33.2,80,83,79,4592.834576285757,553.06298828,3.064,NA,87.8022983184249,78.2256974121697,NA
MHL,2018,32.2,81,83,80,4858.120790548747,702.8359375,3.038,NA,87.7453304443591,78.3619174334576,NA
MHL,2019,31.2,79,85,78,5292.339855023065,793.66851807,3.012,97.886393659181,87.6892595354253,78.488659643571,NA
MHL,2020,30.3,82,89,82,5661.96787336674,687.02435303,2.989,99.9664654594232,87.6339278712455,78.6065823369048,NA
MHL,2021,29.4,86,85,85,6315.312796035342,782.16351318,2.964,101.538987688099,87.579321179184,78.7159193807723,NA
MHL,2022,28.5,86,81,86,6455.660621857624,859.050354,2.936,97.5043334960938,87.5255330544284,78.8167730658642,NA
MHL,2023,27.6,85,88,84,6793.244958958559,894.21533203,2.919,96.0382030420941,87.4725613488075,78.9094220356239,NA
MHL,2024,26.7,85,88,84,7726.336688777937,NA,2.864,91.2586144359811,87.4448539274847,78.9585640543577,NA
MIC,2000,74.59872492131092,NA,NA,NA,1237.1022547192429,62.251612624827395,2.7730182148393343,53.3627395629883,80.36817055054772,47.213539575824655,1.122442494770162
MIC,2001,72.0649704249996,NA,NA,NA,1222.9425143804858,61.68836380692421,2.7222809696210453,54.4348182678223,80.82994973371706,48.29531323240165,NA
MIC,2002,69.20145852756069,NA,NA,NA,1228.4735098678923,60.26683873423185,2.6829372164339658,56.3313598632812,81.49311136166085,49.8495813132211,NA
MIC,2003,66.3635807828835,NA,NA,NA,1357.075410632348,67.45803541613783,2.6477960490247683,57.836181640625,82.1566171484222,51.41368914806948,NA
MIC,2004,63.776246017823766,NA,NA,NA,1571.3039279521347,77.5149583748866,2.6289037007935163,59.2899703979492,82.80821461957512,53.036044167795644,NA
MIC,2005,60.692325732494126,NA,NA,NA,1830.9263055924591,90.9117234451902,2.6048164292721356,60.7172584533691,83.43261691844188,54.67742833832201,NA
MIC,2006,58.02945091764797,NA,NA,NA,2129.1210373952044,104.06285127667522,2.5870138339941464,62.0681991577148,84.06302536942448,56.32225912668861,NA
MIC,2007,55.50684868612837,NA,NA,NA,2583.281469593312,123.80141094661268,2.570787750598502,64.1449127197266,84.67783377943678,57.96263021857168,NA
MIC,2008,53.36745479629169,NA,NA,NA,3029.3424658038793,146.61242093722254,2.566509961546588,66.1744079589844,85.2945991386342,59.60817558328872,NA
MIC,2009,50.852983776328394,NA,NA,NA,3001.5314189557344,154.07229766317536,2.555629058936988,67.8443374633789,85.89102123921818,61.2518693954969,NA
MIC,2010,48.974356687611305,NA,NA,NA,3610.663233670367,178.26185220128627,2.524665806365294,69.507698059082,86.4730782446269,62.890687973586736,1.179492979505932
MIC,2011,46.90826445559094,NA,NA,NA,4205.163006497434,207.2087807016969,2.5012594508729533,70.79248046875,87.03131358679288,64.52494404101412,NA
MIC,2012,44.60785918140628,NA,NA,NA,4424.221196527735,220.58195107034263,2.518383643762317,71.9878921508789,87.58041316635284,66.16157977020738,NA
MIC,2013,43.16082965737725,NA,NA,NA,4641.499915969499,236.64075821684995,2.4726328579198493,74.0031890869141,88.12562383050887,67.79976653921575,NA
MIC,2014,41.42595843721851,NA,NA,NA,4798.483227564419,244.74896539158863,2.4581540218351448,75.2885513305664,88.66101876792553,69.43857904866795,NA
MIC,2015,40.32139415293389,NA,NA,NA,4602.516826916095,239.81113332826655,2.4206316542219413,75.4128112792969,89.18580216497729,71.06724848286271,NA
MIC,2016,38.83858797427333,NA,NA,NA,4605.606393960777,237.4679600403131,2.4222820384289236,75.8613662719727,89.70093877194364,72.6874958811339,NA
MIC,2017,37.635451044786336,NA,NA,NA,4982.005755990327,256.2605107077137,2.3886011367612636,75.5017318725586,90.14030535001925,74.13607440286121,NA
MIC,2018,37.36108087731112,NA,NA,NA,5248.397370813013,265.98784734679253,2.303170941452803,76.4620666503906,90.66324626974752,75.75219879918843,NA
MIC,2019,36.60445984554965,NA,NA,NA,5353.7977584437385,274.7121147789332,2.259072913680626,77.0973892211914,91.15763395435204,77.33705986553005,NA
MIC,2020,36.49455400072277,NA,NA,NA,5134.62007912707,278.0288348999629,2.165374510083928,77.6914901733398,91.6389691546852,78.888622965591,NA
MIC,2021,36.128431696668365,NA,NA,NA,6007.323086581462,318.26485612846693,2.122195854944478,78.4491119384766,92.1701601668938,80.39946302270658,NA
MIC,2022,35.66983170741501,NA,NA,NA,6248.009620146974,342.9502416368396,2.091752696296008,79.257942199707,92.7228483091452,81.91139025792721,1.5961873589232416
MIC,2023,35.1557275458505,NA,NA,NA,6386.30246387838,354.87935271466984,2.074888214523721,79.3529586791992,93.17735122515558,83.43826795085857,NA
MIC,2024,34.25055819451146,NA,NA,NA,6554.370549334971,NA,2.068311900091172,79.569450378418,93.4544586702427,84.32636512670479,NA
MKD,2000,16,95,97,96,1861.8989978064396,162.68013,1.863,82.1956787109375,96.7613264219734,88.6499475814466,2.166
MKD,2001,15.1,91,92,91,1823.0226768263633,150.4312439,1.729,83.0360412597656,96.7649803792738,88.6252235401792,2.158
MKD,2002,14.5,96,98,97,1989.1353726515904,172.87971497,1.786,82.9886322021484,96.7686348116492,88.6004998671063,2.204
MKD,2003,14.2,96,96,96,2445.3628640001334,214.29603577,1.745,82.7274703979492,96.7722873788314,88.5757736884035,2.137
MKD,2004,14,94,96,95,2818.5814561241964,230.68000793,1.524,82.2482604980469,96.775962091055,88.5509345256761,2.152
MKD,2005,13.7,97,96,98,3120.9840139423313,229.81243896,1.5,82.7081069946289,96.8586412875669,89.1441375585342,2.102
MKD,2006,13.1,93,94,92,3440.441105796795,242.60142517,1.46,NA,96.9404130326478,89.7448433584085,2.483
MKD,2007,12.3,95,96,96,4204.113287604519,263.25378418,1.46,82.7487411499023,97.0213724658105,90.3525986106097,2.427
MKD,2008,11.5,95,98,96,5026.4202989872965,313.61117554,1.47,82.3995666503906,97.1016356457898,90.966962665795,2.59
MKD,2009,10.8,96,96,96,4799.78722768888,297.88058472,1.5,82.8811874389648,97.1812973186845,91.5875725774437,2.603
MKD,2010,10.4,95,98,95,4833.365867599679,308.09429932,1.6,84.7018814086914,97.260478214411,92.2138622798074,2.701
MKD,2011,10.2,96,97,97,5416.866729316594,335.13171387,1.46,NA,97.3392765626462,92.8454434778871,2.769
MKD,2012,10.4,95,96,97,5049.826538615697,317.978302,1.5,85.5202713012695,97.4178150815546,93.4817519077294,2.839
MKD,2013,10.7,98,96,98,5626.261156648935,361.13168335,1.5,83.0644989013672,97.4961912518525,94.1223717416181,2.883
MKD,2014,11.1,95,93,96,5925.385922180148,357.63867188,1.5,82.9123382568359,97.5745230862782,94.7668041558134,3.021
MKD,2015,11.1,91,89,92,5262.686719286744,322.25213623,1.49,84.5505599975586,97.6529269300646,95.4144114282649,3.017
MKD,2016,10.6,95,82,95,5598.486226179673,347.44271851,1.5,NA,97.7315020702952,96.0648171578031,3.166
MKD,2017,9.6,91,83,91,5955.297386345096,375.3303833,1.43,83.6312866210938,97.8103630941709,96.7174458342857,3.204
MKD,2018,8.4,93,75,93,6713.9892539898865,426.57290649,1.42,82.5274887084961,97.8896166330973,97.3296814337333,3.315
MKD,2019,7.1,92,75,92,6718.858266354576,469.47344971,1.34,81.7043609619141,97.9693792101594,97.8791697296938,3.409
MKD,2020,6,84,63,84,6659.596510707756,510.81011963,1.31,81.9225616455078,98.049753932852,98.4277706026568,3.343
MKD,2021,5.1,81,70,81,7620.802969775082,636.65447998,1.6,84.2663116455078,98.1308494044727,98.9748195551065,NA
MKD,2022,4.2,84,71,84,7606.237525379702,561.69281006,1.6,91.6712875366211,98.1589591318874,98.98180306954,2.944
MKD,2023,3.4,86,73,86,8674.358463274853,639.41693115,1.5,90.173713684082,98.1866858659348,98.9894017609484,NA
MKD,2024,2.8,89,73,89,9291.85661671864,NA,1.4,NA,98.1873314046173,98.9975865642367,NA
MLI,2000,189.9,43,49,53,304.6528701942707,14.00473022,6.886,11.1826200485229,49.4074258741145,17.3336177697569,0.044
MLI,2001,183.9,49,54,56,346.2245542510219,13.15901566,6.852,NA,51.0043528727808,18.5366288294077,NA
MLI,2002,177.7,61,56,65,378.1916786282853,15.89499378,6.819,NA,52.6652852945174,19.7478525761063,NA
MLI,2003,171.7,63,57,67,441.91035847509494,18.76944542,6.783,13.8911600112915,54.3201164982467,20.9666083854735,NA
MLI,2004,165.8,69,63,70,495.00629468064545,21.72010231,6.741,15.979700088501,55.9690552417302,22.193273656424,0.055
MLI,2005,160.1,77,73,78,548.7303828427251,23.97353554,6.708,17.6681499481201,57.6096707559848,23.4264099806876,0.06
MLI,2006,154.6,78,68,79,586.9854155152636,26.93190002,6.677,19.1023693084717,59.2432791544715,24.6671660825145,0.057
MLI,2007,149.2,74,66,76,670.8533949734791,29.63545799,6.647,21.8998508453369,60.8678932754337,25.9143828499992,0.06
MLI,2008,144,74,71,74,767.1948389500897,33.21391678,6.624,24.2745304107666,62.4840069987377,27.1686715784898,0.063
MLI,2009,138.9,73,73,77,787.4825642873977,34.64731598,6.592,26.8929100036621,64.0894295059223,28.4286615146563,0.116
MLI,2010,133.8,73,78,77,797.151541135109,31.36436844,6.579,29.8736858622313,65.6825064344256,29.6932856424804,0.096
MLI,2011,128.8,66,72,72,938.292902583696,31.67968369,6.545,31.8513100718496,67.2626511406481,30.9622372812507,0.111
MLI,2012,123.9,65,67,65,872.506092465564,27.53120613,6.523,NA,68.8293224749943,32.2352227048023,0.101
MLI,2013,119.1,64,62,57,901.9209576448312,30.06661987,6.491,34.540257437417,70.3820228884165,33.5119596461235,0.113
MLI,2014,114.4,66,65,62,947.9150332883246,35.7261734,6.441,35.12660954853,71.9205681917845,34.7924079704944,0.097
MLI,2015,109.7,70,67,67,838.1198694010295,28.97842216,6.385,34.4988647258526,73.4442818917146,36.0760821566718,0.094
MLI,2016,105.1,76,70,72,872.4685871716532,27.58086205,6.319,34.1917935715776,74.9530465324724,37.3629585814102,0.117
MLI,2017,100.6,77,70,72,924.0575316922836,28.49467659,6.251,34.447973185326,76.4467561333581,38.6530201870083,0.113
MLI,2018,96.2,76,71,71,996.3792921369012,31.16962242,6.118,34.2633935963908,77.9248726503067,39.9458152875809,0.12
MLI,2019,91.9,77,71,71,971.9493186380917,31.4089489,5.892,NA,79.3875776496975,41.2415636688459,NA
MLI,2020,87.6,70,62,65,953.2429432909744,28.20211601,5.85,NA,80.8342374526546,42.5396302417606,NA
MLI,2021,83.6,77,72,69,1027.2734536535686,30.55883217,5.779,NA,82.2652506105548,43.8404477380485,NA
MLI,2022,79.7,75,69,75,976.914116406452,31.0949192,5.692,NA,83.6801195841677,45.1434215383033,0.191
MLI,2023,76.2,75,68,72,1043.9533853528012,33.9802475,5.614,37.1307560416794,85.0789328815907,46.4485840749361,0.188
MLI,2024,73,82,72,72,1094.6194926579924,NA,5.51,NA,86.3633567815443,47.7561676952566,NA
MLT,2000,7.6,94,74,94,10348.485890240292,647.10150146,1.68,NA,100,99.9492010508807,2.561
MLT,2001,7.4,95,70,95,10357.702589173052,685.98400879,1.48,88.7702178955078,99.9999986778727,99.9490461275994,3.031
MLT,2002,7.2,95,65,95,11251.202529641632,830.64630127,1.45,90.5345077514648,99.999996839623,99.9488990899102,3.21
MLT,2003,7.1,94,90,94,13593.97871556824,1082.75085449,1.48,92.9309234619141,100,99.9487652290629,3.072
MLT,2004,7,89,94,89,15212.13134384975,1227.28881836,1.4,101.232261657715,99.9999991531108,99.9486253040546,3.369
MLT,2005,6.9,92,86,94,15831.344048672005,1378.2388916,1.38,99.2456588745117,100,99.9484979431454,3.404
MLT,2006,6.9,85,94,83,16653.603692968776,1480.1126709,1.36,95.9733276367188,99.9999978183576,99.9484166203892,3.764
MLT,2007,6.9,74,79,76,19444.174195838164,1606.22094727,1.35,97.9540481567383,100,99.9483801402341,3.253
MLT,2008,6.9,72,78,72,22315.3104212988,1759.8626709,1.43,99.778923034668,99.9999999672221,99.9483390179808,3.279
MLT,2009,6.9,73,82,73,21176.32182626723,1683.5435791,1.42,NA,100,99.948299467383,2.987
MLT,2010,6.9,76,73,76,21946.60696360292,1735.48693848,1.36,99.7307586669922,99.9999988772099,99.9482592767257,3.026
MLT,2011,6.8,96,84,96,23516.969123430204,1962.20556641,1.45,94.6769409179688,100,99.9529309076339,3.107
MLT,2012,6.8,99,93,99,22878.313086652113,1898.50866699,1.42,96.5823593139648,100,99.9576050642504,3.237
MLT,2013,6.7,99,99,99,25415.55668677314,2127.0612793,1.36,98.3424301147461,99.9999994764776,99.9622878778312,3.421
MLT,2014,6.7,99,98,99,27424.5765646694,2466.89111328,1.38,98.7345886230469,99.999997506533,99.9669760572969,3.604
MLT,2015,6.6,97,89,97,25529.681333771685,2249.00463867,1.37,98.229377746582,99.9999976305003,99.9716734306493,3.676
MLT,2016,6.5,97,93,97,26459.07709299876,2326.67016602,1.37,96.0018768310547,99.9999985454062,99.9763785453032,3.828
MLT,2017,6.4,98,91,98,30317.24431755425,2562.88574219,1.26,101.760231018066,99.9999988683956,99.9810896682043,3.965
MLT,2018,6.3,97,96,97,33382.26774992672,2759.91186523,1.23,102.913093566895,99.9999969675015,99.9858051675868,3.972
MLT,2019,6.1,98,96,98,32421.91797522615,2947.24023438,1.14,103.863830566406,100,99.9905343490211,4.026
MLT,2020,6,98,95,98,31823.436393450473,3140.77026367,1.14,102.992401123047,100,99.9952644133915,4.164
MLT,2021,5.8,99,90,99,38096.83607351193,3641.03833008,1.13,102.578468322754,99.9999977128228,99.9999977128228,4.294
MLT,2022,5.6,98,96,98,35638.886945740596,3362.42382813,1.08,102.699798583984,99.9999984486759,99.9999984486759,4.513
MLT,2023,5.5,98,95,98,40905.80595850569,3623.4609375,1.06,103.851119995117,100,100,NA
MLT,2024,5.3,97,88,97,43898.578180859666,NA,1.01,NA,100,100,NA
MMR,2000,88.9,82,84,88,196.6195806252842,4.47214985,2.813,41.076789855957,47.0143575446257,63.4598787059053,0.302
MMR,2001,86.5,73,73,77,141.52566070572198,4.62700701,2.793,39.8251609802246,48.6071024243715,64.0138771425064,NA
MMR,2002,84.1,79,77,84,146.59839036444865,7.0817728,2.765,41.0750617980957,50.2257370348603,64.5659679367751,NA
MMR,2003,81.6,78,80,86,224.29268891240932,6.57480383,2.68,41.4488716125488,51.870427267256,65.1163596898644,NA
MMR,2004,79.1,82,86,92,224.5088114133274,7.01517916,2.588,44.0865783691406,53.5410174702481,65.6650229848345,0.378
MMR,2005,76.3,73,84,86,252.6851930607284,7.65254498,2.515,45.826358795166,55.2373698713053,66.2119516928638,0.392
MMR,2006,73.6,82,78,82,303.4950871192538,8.47415161,2.471,47.8843383789062,56.9590615338735,66.756940787588,0.429
MMR,2007,70.8,86,81,84,419.3757807250424,9.91384029,2.447,48.29541015625,58.7062336029249,67.3001769970488,0.453
MMR,2008,101.7,85,82,85,658.4424872297052,14.70817947,2.404,NA,60.4787323145867,67.8416392315072,0.49
MMR,2009,65.1,90,87,90,758.4429357892551,18.70313454,2.369,51.3885917663574,62.2761475757096,68.3369194463673,0.504
MMR,2010,62.4,90,88,90,1010.5341734340147,20.23270416,2.335,53.1574516296387,64.0988519879754,68.829818100566,0.539
MMR,2011,59.7,84,88,90,1213.6289870337605,27.40522575,2.306,NA,65.9461876733172,69.3199771322654,0.568
MMR,2012,57,84,84,87,1202.6658960055008,37.25568008,2.276,NA,67.8182524811461,69.8075314320921,0.599
MMR,2013,54.6,75,86,76,1199.0956159705486,37.68575287,2.264,NA,69.7146626625881,70.2923141744914,NA
MMR,2014,52.4,88,88,88,1293.000423197137,54.28113556,2.252,58.9736404418945,71.6357324611293,70.7745876052099,NA
MMR,2015,50.5,89,84,89,1166.7330554793548,63.62335968,2.266,NA,73.5840283312627,71.2558705695299,NA
MMR,2016,48.7,90,91,89,1229.1971349132812,59.67910385,2.27,72.2770767211914,75.5592746825868,71.7359380963987,0.638
MMR,2017,46.8,89,83,89,1272.82241815234,59.51782608,2.252,77.0976104736328,77.5609391468529,72.2144198606081,0.889
MMR,2018,45.2,91,93,91,1298.2131032767466,60.83261871,2.228,81.8814926147461,79.5886557826298,72.6910446469858,0.696
MMR,2019,43.6,90,84,90,1425.9895424166807,53.72147369,2.206,NA,81.6416324017497,73.1653173340109,0.757
MMR,2020,42.1,84,91,86,1490.216835994695,66.02284241,2.179,NA,83.6954599459105,73.6368737740023,NA
MMR,2021,40.8,37,44,43,1242.7213439950965,96.86240387,2.158,NA,85.5310377931068,74.1054938787639,NA
MMR,2022,39.5,71,75,75,1158.0500505597558,57.96875763,2.131,NA,85.5803784995837,74.1301579655436,NA
MMR,2023,38.1,71,73,73,1233.1966620926912,56.18909836,2.115,NA,85.6324592259364,74.156188318795,NA
MMR,2024,36.9,71,71,71,1359.0500156010662,NA,2.098,NA,85.6871417640541,74.1835210114319,NA
MNA,2000,78.15406054819084,NA,NA,NA,1247.472381234429,55.02093892174748,4.041378909056391,NA,84.1119399514757,62.63848992297642,0.767982340767799
MNA,2001,75.37209380750774,NA,NA,NA,1226.509914120976,57.02009789538915,3.930576404322684,NA,84.40432625334016,62.868995728275266,NA
MNA,2002,72.84266092260766,NA,NA,NA,1168.2820498128483,56.1663704367494,3.827123582018795,NA,84.6640958016019,63.12334657272987,NA
MNA,2003,70.54687436339331,NA,NA,NA,1263.8760621170522,55.545388242786345,3.763547261289225,NA,84.9416488202993,63.40985900821733,NA
MNA,2004,68.04435571080931,NA,NA,NA,1463.04148806759,63.55344558967098,3.671005307275938,NA,85.29706479877123,64.28690733596449,NA
MNA,2005,65.78285284208636,NA,NA,NA,1657.1102443157376,71.89093478971805,3.621821954587924,NA,85.49160584264307,65.24353939389951,NA
MNA,2006,63.88289832141639,NA,NA,NA,1883.120678371797,81.04649775337896,3.610031204863101,NA,85.84163780852919,66.24803500439313,NA
MNA,2007,61.85594917439714,NA,NA,NA,2237.261883198358,96.76272956371407,3.5944135350858564,NA,86.24639702214475,67.26198661718392,NA
MNA,2008,60.06053908600584,NA,NA,NA,2652.7903914626486,115.76275268695696,3.5813040658126756,NA,86.70280573559432,68.2404149946355,NA
MNA,2009,58.3663299864853,NA,NA,NA,2510.747626660285,127.40151709148172,3.5717797239237443,NA,87.05015936840911,69.20341435045471,NA
MNA,2010,56.60600446996196,NA,NA,NA,2816.1934726846534,140.53904191587566,3.562828942712893,NA,87.41628193435987,70.1949292331221,NA
MNA,2011,54.84218870916854,NA,NA,NA,3232.55085445141,158.7787579899431,3.5461040603572096,NA,87.76765746169235,71.18948067630451,NA
MNA,2012,53.364958552870945,NA,NA,NA,3412.573024702625,167.64766101294143,3.541062460263351,NA,88.11453470411188,72.18130139030673,NA
MNA,2013,51.57083951262525,NA,NA,NA,3148.364124206349,158.090976950287,3.5301592960199275,NA,88.48168123587851,73.21280065158275,NA
MNA,2014,49.81620568781129,NA,NA,NA,3073.7999425630087,161.57789085985038,3.512352304249411,NA,88.85174458729686,74.25017138531017,NA
MNA,2015,48.36951618099068,NA,NA,NA,2802.6313498095415,159.77275993366152,3.4821994913754306,NA,89.23261949759218,75.2914272852237,NA
MNA,2016,46.84927279698886,NA,NA,NA,2863.140577811347,158.3193637429843,3.4186613503036885,NA,89.62137973764412,76.3414593674824,NA
MNA,2017,45.77089917528069,NA,NA,NA,2859.8556017449387,159.08733504683923,3.389935078365568,NA,90.00375398974388,77.37393635368684,NA
MNA,2018,45.031107386159526,NA,NA,NA,2809.308942153252,139.90271965003683,3.2999810388615956,NA,90.38685913198628,78.35807245577664,NA
MNA,2019,43.9889081854891,NA,NA,NA,2695.6334234300457,135.94469647548635,3.231978702002494,NA,90.76754303200111,79.2892833996802,NA
MNA,2020,42.729427175982224,NA,NA,NA,2408.4973133526846,125.7500054259824,3.194263202791691,NA,91.126512818435,80.17165118919833,NA
MNA,2021,41.712288012450685,NA,NA,NA,2753.4785802952365,132.82447410909475,3.1492781508572008,NA,91.459086432639225,80.96185419413932,NA
MNA,2022,40.52609630288763,NA,NA,NA,3015.755797338504,137.17896056769524,3.115850809401985,NA,91.79774434188916,81.79836043179664,1.1286223070965629
MNA,2023,39.65097292528874,NA,NA,NA,2873.0392930273506,140.2043327658478,3.084299332417371,NA,92.06424719188252,82.00290307333074,NA
MNA,2024,38.22020778068336,NA,NA,NA,2971.054626515584,NA,3.0496174773234697,NA,92.31651975696649,82.2143824883136,NA
MNE,2000,14.2,NA,NA,NA,1627.065119119869,NA,1.903,NA,NA,NA,1.823
MNE,2001,13.7,NA,NA,NA,1909.5987018617889,NA,1.855,NA,NA,NA,1.85
MNE,2002,13,NA,NA,NA,2106.6350684522995,NA,1.813,NA,NA,NA,1.84
MNE,2003,12.2,NA,NA,NA,2789.159064835086,NA,1.804,92.3401794433594,NA,NA,1.798
MNE,2004,11.4,NA,NA,NA,3380.1651213585906,NA,1.734,90.9389038085938,NA,NA,1.879
MNE,2005,10.6,NA,NA,NA,3674.617924279698,NA,1.69,92.1368026733398,NA,NA,1.897
MNE,2006,9.7,90,90,90,4418.849515216819,NA,1.73,93.0442962646484,95.1771363433135,90.6415121374975,1.942
MNE,2007,8.9,92,90,92,5971.846389534674,NA,1.8,93.1621780395508,95.4603088591974,91.1775903884606,1.947
MNE,2008,8.1,95,89,95,7359.951189608691,NA,1.89,99.4987716674805,95.7432123993098,91.7158378297671,2.073
MNE,2009,7.4,92,86,91,6700.114050523948,NA,1.98,96.1962509155273,96.0257884355961,92.2561094620688,2.072
MNE,2010,6.7,94,90,93,6678.639308007582,NA,1.7,99.5941162109375,96.3080710826968,92.7984934115956,2.019
MNE,2011,6.1,95,91,95,7265.51668681954,571.65600586,1.65,93.3568115234375,96.5900878676882,93.3430526184903,1.99
MNE,2012,5.5,94,90,94,6552.4807171090415,535.16223145,1.72,92.932731628418,96.8718312757474,93.8897863076242,2.014
MNE,2013,5,94,88,94,7102.7788289585205,597.17596436,1.73,NA,97.1533140949299,94.438754002914,2.129
MNE,2014,4.6,91,76,91,7342.173394534273,581.40106201,1.75,NA,97.4345288246908,94.9899616180891,2.17
MNE,2015,4.2,89,64,89,6421.003073459991,582.18743896,1.7,92.0022735595703,97.7154742169306,95.5434213816421,2.372
MNE,2016,3.9,89,47,89,6968.01539365317,604.88665771,1.8,90.6202926635742,97.9838031663894,96.0990784093621,2.589
MNE,2017,3.6,87,58,87,7674.281394067597,623.68841553,1.8,90.5475234985352,98.2281722973241,96.6569962707111,2.675
MNE,2018,3.3,86,42,86,8673.591280847948,745.7520752,1.8,91.4177093505859,98.8789249228913,97.2142443586762,2.809
MNE,2019,3.1,87,37,85,8749.02375172644,754.77441406,1.8,92.1967697143555,99.0815729243166,97.5022963479866,2.792
MNE,2020,2.9,84,24,84,7538.536359921909,896.24884033,1.75,92.7898330688477,99.2839751783308,97.771772470462,2.831
MNE,2021,2.8,83,18,83,9317.155200651565,1024.2565918,1.75,93.8239974975586,99.2830138723667,97.7911092113251,2.878
MNE,2022,2.6,80,33,80,10024.54356162085,1032.91149902,1.8,93.450813293457,99.2820569937109,97.8104504105016,2.808
MNE,2023,2.5,81,24,81,12259.877503443637,1147.69787598,1.74,95.1452331542969,99.2810967659846,97.8297883395881,2.783
MNE,2024,2.4,81,23,81,13263.32812776992,NA,1.8,NA,99.2801382117873,97.8491274525811,NA
MNG,2000,62.5,94,92,94,476.0275508271704,28.13583946,2.2,67.8152618408203,62.4153289912774,43.3509577005442,2.647
MNG,2001,57.7,95,95,95,524.453483552485,27.85225105,2.2,74.9323806762695,63.8236899461792,43.9293436353835,2.68
MNG,2002,52.9,98,98,98,570.2492132483989,30.67812347,2.1,79.7449417114258,65.2096971996007,44.4988380043393,2.729
MNG,2003,48.5,98,98,98,643.1680689216577,27.18718147,2,86.7754516601562,66.5727730993556,45.0591791576731,2.632
MNG,2004,44.3,99,99,99,794.1545520018152,33.7024498,2,92.5285034179688,67.9123756644867,46.565730094516,2.592
MNG,2005,40.5,99,97,99,994.9001091324096,38.04277039,2,96.3413619995117,69.2258593497373,48.0796741751259,2.648
MNG,2006,37,99,99,98,1329.8917957905269,49.52784348,2.1,96.3707962036133,70.5155400151406,49.6017260697185,2.739
MNG,2007,33.8,95,98,99,1627.6878774335903,66.17643738,2.3,NA,71.7804641476083,51.1306318210775,2.813
MNG,2008,31,96,97,95,2127.4267859473734,97.26833344,2.6,NA,73.0207899506692,52.6658164646959,2.879
MNG,2009,28.5,95,94,96,1703.3275679001902,76.7000351,2.8,101.966873168945,74.2336967289894,54.2047237331896,2.679
MNG,2010,26.3,96,97,96,2625.21881402433,99.50933838,2.4,94.4007186889648,75.4224593493441,55.748796660386,2.775
MNG,2011,24.4,99,98,99,3736.042014550773,135.98664856,2.6,NA,76.3129761358457,57.1062265256697,2.893
MNG,2012,22.8,99,99,99,4328.890019056554,169.6519928,2.7,NA,77.0456343168303,58.3638961437545,3.075
MNG,2013,21.5,98,97,98,4340.143105444494,180.41543579,3,NA,77.7798259632281,59.6305788541198,3.125
MNG,2014,20.4,99,98,99,4126.239758005238,176.69651794,3.1,NA,78.5150961295777,60.9059101713151,3.193
MNG,2015,19.4,99,98,99,3838.921269899843,165.19296265,3,NA,79.2523120738023,62.1905023037508,3.243
MNG,2016,18.4,99,99,99,3619.9002638379216,168.41404724,3,NA,79.9910274586386,63.4840050160805,3.289
MNG,2017,17.4,99,99,99,3645.9670866955144,160.4889679,2.8,NA,80.7307985361717,64.7860401773072,3.407
MNG,2018,16.4,99,99,99,4107.6428852846775,188.64115906,2.9,93.3913463704946,81.4783824183296,66.102065585159,3.526
MNG,2019,15.6,98,98,98,4347.54610314873,197.57131958,3,91.1179790787994,82.233221224194,67.4319599015551,3.647
MNG,2020,14.8,96,97,97,4001.251930777028,188.77464294,2.9,99.0120395114876,82.994734823721,68.7755717433728,3.778
MNG,2021,14.3,95,95,96,4517.61578018785,330.03753662,2.8,101.767368447062,83.761628489025,70.1321116661664,3.884
MNG,2022,13.9,95,94,95,4993.514874634954,448.24212646,2.7,96.3042193568297,84.5344346158514,71.5023556683645,4.13
MNG,2023,13.6,96,96,97,5838.6310808390235,359.60980225,2.7,99.3672996596348,85.311512645746,72.8851663037703,NA
MNG,2024,13.4,96,96,96,6750.630115772402,NA,2.5,NA,86.092655324442,74.2806502878222,NA
MNP,2000,NA,NA,NA,NA,NA,NA,1.64,NA,96.4844231168673,94.0133637810378,NA
MNP,2001,NA,NA,NA,NA,NA,NA,1.736,NA,96.6735663156931,94.2745099221282,NA
MNP,2002,NA,NA,NA,NA,19227.889424660814,NA,1.678,NA,96.8627095145188,94.5356560632186,NA
MNP,2003,NA,NA,NA,NA,18938.872838996653,NA,1.893,NA,97.0518527133445,94.796802204309,NA
MNP,2004,NA,NA,NA,NA,18924.58318996528,NA,2.066,NA,97.2409959121703,95.0579483453994,NA
MNP,2005,NA,NA,NA,NA,17015.748789171506,NA,2.256,NA,97.430139110996,95.3190944864897,NA
MNP,2006,NA,NA,NA,NA,16314.557859002667,NA,2.613,NA,97.6192823098218,95.5802406275802,NA
MNP,2007,NA,NA,NA,NA,15914.219304049811,NA,2.786,NA,97.8084255086475,95.8413867686706,NA
MNP,2008,NA,NA,NA,NA,16430.446194225722,NA,2.815,NA,97.9975687074732,96.102532909761,NA
MNP,2009,NA,NA,NA,NA,14369.633981021238,NA,2.736,NA,98.186711906299,96.3636790508513,NA
MNP,2010,NA,NA,NA,NA,14771.403745539925,NA,2.982,NA,98.3758551051247,96.6248251919417,NA
MNP,2011,NA,NA,NA,NA,13598.716609461277,NA,3.208,NA,98.5649983039505,96.8859713330322,NA
MNP,2012,NA,NA,NA,NA,14013.600330615773,NA,3.328,NA,98.7541415027762,97.1471174741226,NA
MNP,2013,NA,NA,NA,NA,14632.851889760794,NA,3.535,NA,98.9432847016019,97.408263615213,NA
MNP,2014,NA,NA,NA,NA,15945.417608953963,NA,3.372,NA,99.1324279004277,97.6694097563033,NA
MNP,2015,NA,NA,NA,NA,17665.100749310866,NA,3.134,NA,99.3215710992534,97.9305558973937,NA
MNP,2016,NA,NA,NA,NA,24225.474169341975,NA,2.923,NA,99.5107142980791,98.1917020384842,NA
MNP,2017,NA,NA,NA,NA,31225.6049960968,NA,2.762,NA,99.6998574969049,98.4528481795746,NA
MNP,2018,NA,NA,NA,NA,26509.362837989283,NA,2.643,NA,99.8890006957306,98.713994320665,NA
MNP,2019,NA,NA,NA,NA,24496.6652122421,NA,2.559,NA,100,98.9751404617553,NA
MNP,2020,NA,NA,NA,NA,18220.83824272008,NA,2.494,NA,100,99.2362866028457,NA
MNP,2021,NA,NA,NA,NA,19455.50139423998,NA,2.441,NA,100,99.4974327439361,NA
MNP,2022,NA,NA,NA,NA,23785.754590042972,NA,2.388,NA,100,99.7585788850266,NA
MNP,2023,NA,NA,NA,NA,NA,NA,2.348,NA,100,99.7585788850266,NA
MNP,2024,NA,NA,NA,NA,NA,NA,2.324,NA,100,99.7585788850266,NA
MOZ,2000,164.6,70,71,69,327.1262397915697,7.00877714,5.83,4.54680013656616,23.4410418674047,10.7368086528161,0.024
MOZ,2001,155.7,73,74,72,304.7921386219133,8.53719139,5.755,5.15360021591187,24.4482966648571,11.6891382934177,NA
MOZ,2002,147.5,76,77,76,313.88666172119804,10.00207806,5.667,6.49581003189087,25.8920562991607,12.6706023887281,NA
MOZ,2003,139.8,85,80,67,339.4887378006477,11.036607740000001,5.6,NA,27.3637062660651,13.6597206754492,NA
MOZ,2004,132.5,83,79,69,400.0569731615448,14.12452602,5.551,8.65153980255127,28.8635945459384,14.656791437849,0.026
MOZ,2005,125.7,80,78,71,436.77385616738417,18.40718079,5.5,10.5513401031494,30.391019323665,15.661495607588,NA
MOZ,2006,118.8,78,76,73,457.4876478331826,18.05057144,5.452,12.6779804229736,31.9468315696643,16.6744657730016,0.026
MOZ,2007,110.7,75,75,75,507.8749239143042,19.29700851,5.466,15.0729103088379,33.5293144441132,17.6947339130943,NA
MOZ,2008,104.4,75,77,74,592.1591111841216,24.48562622,5.598,17.2325000762939,35.2815210331491,18.8175728896395,NA
MOZ,2009,98.3,74,80,74,547.6971441936511,27.68954468,5.681,20.2017803192139,37.0713316939985,19.9603052560203,0.047
MOZ,2010,95.6,74,82,73,496.18583939265926,26.26061249,5.66,22.5305413242969,38.8870842432342,21.1157832994067,0.05
MOZ,2011,91.1,77,82,76,618.1764928678903,30.42516136,5.599,24.072161852572,40.7272349107275,22.2833615319123,0.054
MOZ,2012,86.5,80,83,79,685.6857481995128,35.24672699,5.518,24.0955956725326,42.5912317568362,23.4630594441157,0.056
MOZ,2013,82.9,82,83,81,686.505672517351,41.5031395,5.43,32.5833282470703,44.4785109091444,24.6548929254595,0.058
MOZ,2014,79.7,85,83,84,697.1426804441226,43.50259018,5.304,32.2183418273926,46.3885053370703,25.8588794084376,NA
MOZ,2015,75.8,85,83,84,610.5637747065892,40.35658646,5.245,32.985279083252,48.3206421640835,27.0750381576231,NA
MOZ,2016,73.3,85,83,84,441.4897348190715,31.85357285,5.188,NA,50.2743318960673,28.3033808340067,NA
MOZ,2017,72,85,83,84,470.9385630519602,36.75825882,5.128,35.2994499206543,52.2485430306556,29.5435460585168,0.077
MOZ,2018,70.2,85,83,84,517.5072602581007,41.29206467,5.07,NA,54.2431367591977,30.7959176592195,0.085
MOZ,2019,68.6,85,83,84,519.0925509136196,41.01906586,5.016,NA,56.2587719909351,32.0616645064997,0.086
MOZ,2020,67.6,71,73,75,462.4338764799215,34.92252731,4.959,NA,58.2943448564578,33.3404532645595,0.084
MOZ,2021,65.5,56,62,64,509.90782947555147,44.09894943,4.905,NA,60.34998629028,34.6331153020155,0.082
MOZ,2022,63.9,55,63,74,578.251663751351,47.69813538,4.84,NA,62.4237541540672,35.9385123672753,0.175
MOZ,2023,61.7,70,65,78,622.0002976828226,52.96166611,4.763,NA,64.5157588929919,37.257486002339,NA
MOZ,2024,59.4,70,65,78,656.7768246373056,NA,4.69,NA,66.6252441342671,38.5900804802051,NA
MRT,2000,98,51,46,58,680.9110618797781,23.00290108,5.456,15.1392002105713,41.4134230835058,18.1529733941699,NA
MRT,2001,93.4,75,58,75,651.8178401997768,23.28163338,5.407,17.7171096801758,42.3280271481034,19.3093273656577,NA
MRT,2002,88.2,89,87,91,648.8796439348624,25.96999741,5.373,17.8554096221924,43.8234469336447,20.5759918023257,NA
MRT,2003,82.8,76,84,75,732.0178208126755,29.51877594,5.364,19.2371807098389,45.328257924083,21.8519258918573,NA
MRT,2004,77.5,70,73,68,823.554457141893,31.47280884,5.374,20.1336193084717,46.8421748540114,23.1372199810227,0.109
MRT,2005,72.5,71,65,71,998.96583416747,34.00539017,5.376,20.7180900573731,48.3637496328725,24.4309798679279,NA
MRT,2006,68.1,68,62,68,1300.6036798865928,35.14922333,5.404,20.9435291290283,49.8930914741819,25.9997164897389,NA
MRT,2007,64.3,75,67,75,1405.1501620336849,40.41820145,5.426,NA,51.4299037180572,27.6037678904985,NA
MRT,2008,61.3,74,65,73,1635.5630623124007,49.2858696,5.436,17.1987209320068,52.9742769831922,29.2444593327866,NA
MRT,2009,58.8,64,59,63,1435.430108118934,44.64679718,5.406,17.876070022583,54.5236725907371,30.9205985186658,0.136
MRT,2010,56.8,64,67,52,1659.9636970545478,43.759655,5.384,18.2780303955078,56.0793137596393,32.634513910578,0.161
MRT,2011,55.1,75,67,73,1931.199755254651,47.77469254,5.38,20.1222400665283,57.6405391140785,34.3867695026877,NA
MRT,2012,53.5,80,75,80,1859.1173324764088,49.2515831,5.352,23.9687918780301,59.206705237902,36.1778963960657,NA
MRT,2013,52.1,80,80,80,1934.2410306471409,55.47412872,5.317,27.9143759343964,60.7764532840581,38.0075543396616,NA
MRT,2014,50.6,81,75,81,1713.008652642339,59.39431381,5.261,28.0396485304939,62.3466709330309,39.8731407401327,0.162
MRT,2015,49.1,73,70,67,1554.9489787178247,57.1233139,5.211,28.8231465861958,63.916470728636,41.7742652183786,0.175
MRT,2016,47.7,74,73,69,1565.7657572269577,49.90084076,5.157,30.5243563459821,65.4850065623498,43.7104270690001,NA
MRT,2017,46.2,76,75,70,1615.0040132732322,55.22446442,5.106,30.7430804973383,67.0528469845158,45.6828446170813,0.188
MRT,2018,44.7,77,78,72,1722.9352885407272,49.68307495,5.044,34.754930908232,68.6188207153195,47.6904380054199,0.196
MRT,2019,43.4,80,75,75,1767.0727106209977,54.63365555,4.984,37.5735638620028,70.1831740304399,49.7339098436372,0.201
MRT,2020,42,81,82,81,1795.7645956671436,53.89974594,4.912,36.1789325617578,71.7451315704303,51.8124755125379,0.203
MRT,2021,40.7,77,75,76,1947.789183833133,73.6309433,4.848,NA,73.3049522964887,53.9267671870648,0.219
MRT,2022,39.4,85,84,81,1960.352400774235,91.54125977,4.77,NA,74.8619034584031,56.0758490078081,0.261
MRT,2023,38.1,90,92,90,2135.78187606359,92.11444092,4.697,NA,76.416594605687,58.2608340232933,NA
MRT,2024,36.9,86,93,85,2110.120369381871,NA,4.625,NA,77.2846491375388,58.676920295931,NA
MUS,2000,18.8,88,84,88,3981.983432495823,115.89820862,1.99,74.4722366333008,99.3576713358025,90.5194424395301,0.888
MUS,2001,17.5,92,90,93,3908.556949274354,116.36106873,1.91,79.2426376342773,99.3807165047382,90.8010935078889,0.903
MUS,2002,16.6,88,84,88,4073.060530559032,132.38633728,1.94,82.4899520874023,99.403804146101,91.0831578826494,0.961
MUS,2003,16,99,91,99,4858.265755497474,157.68417358,1.87,85.3790588378906,99.4269447839906,91.3656724156252,0.944
MUS,2004,15.7,98,98,98,5460.6080018419825,184.74328613,1.92,85.8464736938477,99.4501410084641,91.6486409323772,1.043
MUS,2005,15.6,97,98,97,5354.029742606423,192.13858032,1.88,87.766487121582,99.473396831772,91.9320916263266,1.068
MUS,2006,15.4,97,99,98,5784.224918830265,203.24180603,1.77,88.2761993408203,99.4967060410466,92.2159724037212,1.108
MUS,2007,15.2,97,98,96,6677.3496244860835,229.2313385,1.74,88.2235717773438,99.5200720163926,92.5003340946351,1.123
MUS,2008,15,99,98,99,8140.508085958952,312.88540649,1.67,87.8380432128906,99.5434873367577,92.7851254425672,1.138
MUS,2009,14.9,99,99,99,7426.886456175929,301.67260742,1.59,88.413818359375,99.5669598698171,93.0703993955795,1.153
MUS,2010,14.8,99,99,99,8113.176707402124,357.17382813,1.57,88.7164688110352,99.5904884029877,93.356133421421,1.169
MUS,2011,14.9,98,99,98,9324.24232310496,385.76248169,1.55,90.4235763549805,99.6140745200193,93.6423302206656,1.407
MUS,2012,15,98,99,98,9421.525140982249,387.1026001,1.56,94.0829963073677,99.6377035692288,93.928957338752,1.336
MUS,2013,14.9,98,99,98,9877.138659588343,440.00280762,1.45,95.0431976318359,99.6614006304561,94.2160990172905,1.585
MUS,2014,14.7,97,98,98,10490.331556385292,544.44122314,1.44,97.9171913191615,99.6851453153078,94.5036776997777,1.88
MUS,2015,14.5,97,99,98,9630.543783750698,515.72247314,1.37,95.9186994275233,99.7089459082034,94.7917221671352,1.973
MUS,2016,14.6,96,92,96,10095.122557415598,540.39239502,1.41,96.6578558308319,99.7328674353139,95.0806649213747,2.144
MUS,2017,15,94,89,95,10986.70340930054,594.86120605,1.46,95.6264935299157,99.7568929289724,95.3704562123422,2.268
MUS,2018,15.4,97,99,98,11818.748061927196,640.62182617,1.42,93.8197294421645,99.7810033691491,95.6610436549434,1.858
MUS,2019,15.7,96,99,97,11568.253339982366,639.18286133,1.41,94.0894965817278,99.8052010577748,95.9523952887646,2.558
MUS,2020,15.8,95,98,96,9135.84773751062,541.95184326,1.46,91.3439926033381,99.8294531889086,96.2430585209024,2.689
MUS,2021,15.7,95,97,95,9177.711959730132,593.77947998,1.42,NA,99.8537467482534,96.5249988240641,NA
MUS,2022,15.5,95,98,95,10246.501745555295,590.91522217,1.33,NA,99.8780672728138,96.8074578506506,1.436
MUS,2023,15.4,96,96,97,11269.96844621386,616.20739746,1.4,NA,99.9024122575049,97.0904086099851,NA
MUS,2024,15.4,93,98,95,11990.77989448369,NA,1.44,93.386946088039707,99.9265458263134,97.3737391141644,NA
MWI,2000,171,75,73,73,224.2241591842804,8.84964848,6.002,26.2098903656006,54.1308258661442,9.3511917456521,NA
MWI,2001,239,90,81,86,215.4745248983569,7.42542601,5.943,27.5069007873535,54.9347725459043,9.35302758911489,NA
MWI,2002,143.2,64,69,79,428.2104398383979,11.17413807,5.903,26.6317901611328,55.7358012245672,9.35480608724583,NA
MWI,2003,130,84,77,85,383.3485968526416,12.3155899,5.875,NA,56.5342633361224,9.35670106577719,0.021
MWI,2004,118.7,89,80,94,404.6742484454283,15.94395351,5.864,24.9910697937012,57.3298008251815,9.35853844568126,0.021
MWI,2005,109.7,93,82,94,414.36112198447466,17.24028015,5.848,24.8580207824707,58.1227398593288,11.6430173155279,NA
MWI,2006,102.7,99,85,99,440.82214902387295,20.95070648,5.802,26.8940505981445,58.9127413872202,13.9195182666637,NA
MWI,2007,96.9,87,83,88,475.1802616593313,25.0216465,5.724,26.4809303283691,59.7001195551836,16.1881872542677,NA
MWI,2008,91,91,88,92,554.0488203961194,32.73482132,5.609,28.9009094238281,60.4845500797973,18.4488656297589,0.018
MWI,2009,85.3,93,92,93,625.8697298696254,35.56456757,5.453,30.1589107513428,61.2695217967754,20.7030011916433,0.018
MWI,2010,80.1,93,93,86,683.1246947167995,33.99194336,5.263,31.2023279228704,62.054717323412,22.950220782325,NA
MWI,2011,74,97,96,97,763.0610003945718,39.29234314,5.083,32.4309158727431,62.8400904977238,25.1902507973083,NA
MWI,2012,67.9,96,90,95,558.46208832772,32.53762817,4.902,32.3157881419039,63.6250410332197,27.4226021008412,NA
MWI,2013,62.9,89,88,89,496.94736826731287,39.54008484,4.759,35.4070171986027,64.4097635787401,29.6470619671529,0.012
MWI,2014,60,91,85,87,529.5133440205997,35.33760452,4.569,37.2084539407515,65.1933925643295,31.8630595478382,NA
MWI,2015,57.4,88,87,88,539.605363240686,34.97310638,4.384,37.6379016435624,65.9763340121013,34.0704035850355,NA
MWI,2016,55.8,84,81,83,450.5061055107186,34.0307579,4.216,35.6916809082031,66.7575071708792,36.2684898070789,0.031
MWI,2017,53.8,88,83,87,495.76968336716527,37.60110092,4.113,39.0289251751713,67.5372652238348,38.4570661478088,NA
MWI,2018,52,92,87,91,533.2025671893307,36.70302963,4.021,38.1734496554461,68.3152167592517,40.6356741988533,0.15
MWI,2019,51.3,95,92,94,580.8891397624755,36.91519165,3.952,31.9471376555901,69.0907681697374,42.8038384563156,NA
MWI,2020,50.4,94,90,93,602.5074781761056,42.37881851,3.877,43.9545178667563,69.8639475231257,44.9611479828173,0.049
MWI,2021,50,93,90,89,617.4469944510071,46.41017532,3.791,36.1013396035833,70.6341661895421,47.1071277327455,NA
MWI,2022,50.1,86,82,87,604.2697403603173,40.03453827,3.72,35.8626281732909,71.4013801873198,49.2412879464451,0.054
MWI,2023,49.6,91,87,91,633.214767978695,41.26664734,3.648,37.2564052253575,72.2285522528925,49.23687867184,NA
MWI,2024,48.8,91,89,90,522.5703936425472,NA,3.59,NA,73.0535741738591,49.2322090448262,NA
MYS,2000,9.9,98,96,98,4083.528744836047,111.8384552,2.942,80.8184204101562,96.1058225790824,93.0900303093071,0.68
MYS,2001,9.3,96,95,95,3943.7994391023894,114.91710663,2.807,80.0183334350586,96.2135218448603,93.271833713747,0.686
MYS,2002,8.8,94,94,94,4184.031637735386,121.61391449,2.658,80.0127487182617,96.3185542508289,93.4499785457309,0.724
MYS,2003,8.6,96,93,96,4465.3219456720835,142.21202087,2.601,86.7379989624023,96.421011641098,93.6245544667529,0.737
MYS,2004,8.4,95,95,95,4939.248518544275,153.86297607,2.493,87.0565872192383,96.5209270315964,93.7956145310405,0.722
MYS,2005,8.3,96,96,96,5555.581799512061,162.17677307,2.391,81.4064178466797,96.6181133763505,93.9630919319295,0.778
MYS,2006,8.3,95,95,95,6158.4078553323625,200.54800415,2.308,80.2904510498047,96.7127740822189,94.1271404616595,0.83
MYS,2007,8.3,97,95,97,7168.930319425083,230.5599823,2.252,78.2031784057617,96.8049040699595,94.287803077426,0.879
MYS,2008,8.2,97,95,97,8371.82156086005,263.67819214,2.262,78.7946472167969,96.894523797627,94.4451244256703,0.911
MYS,2009,8.2,97,95,97,7191.4328723462595,245.64353943,2.223,78.8667907714844,96.981531661434,94.5991098396151,1.086
MYS,2010,8.1,96,95,96,8899.34505544675,285.64263916,2.144,81.1128234863281,97.0660732321152,94.7498776690501,1.151
MYS,2011,8.1,96,95,96,10217.106858503092,343.45877075,2.153,81.9482421875,97.1420179422796,94.8950271076726,1.255
MYS,2012,8,97,95,97,10600.574424002583,371.76046753,2.117,84.8274688720703,97.2149965525313,95.0372152977718,1.305
MYS,2013,8,97,95,97,10713.640763889867,381.69210815,2.07,85.4070587158203,97.2860389333655,95.1769234434239,1.555
MYS,2014,8.1,97,92,97,11013.310733440316,414.4392395,2.058,88.8742599487305,97.3553157635016,95.314250824297,1.484
MYS,2015,8.2,99,93,99,9648.679793752302,368.77331543,2.008,87.3510665893555,97.4227111540385,95.4491928177034,1.489
MYS,2016,8.2,98,96,98,9476.534098099228,350.71160889,1.942,84.7308502197266,97.4883578339003,95.5818387511704,1.576
MYS,2017,8.2,99,96,99,9862.548066122346,366.36639404,1.893,83.2714004516602,97.5518244346184,95.7121393469454,1.787
MYS,2018,8.2,99,98,99,10901.80199544212,409.84710693,1.838,79.4510116577148,97.6132438171196,95.8087179177358,1.858
MYS,2019,8.2,98,97,98,10920.191763972032,419.32568359,1.777,79.9411773681641,97.6726796234952,95.93567943551,2.021
MYS,2020,8.2,98,95,98,9957.526266976134,406.52005005,1.68,77.4047622680664,97.7301935332944,95.9966449391973,2.183
MYS,2021,8.2,95,96,95,10903.103748077188,476.94366455,1.555,78.5013407999187,97.7858740262041,96.0173467621383,2.268
MYS,2022,8.2,97,96,97,11754.567833624773,458.21963501,1.55,82.2986504789168,97.8397514976645,96.0182636272288,2.29
MYS,2023,8.3,95,96,95,11386.039563652774,450.33853149,1.55,82.6422941806466,97.8919385183286,96.0191440152349,2.341
MYS,2024,8.3,93,96,93,11874.427368424476,NA,1.543,81.5357622372136,97.9424657751403,96.019999368878,NA
NAC,2000,8.3,NA,NA,NA,35151.361393698695,4297.418153643287,2.0010444528626623,95.5698165893555,NA,99.87215832099572,2.5264674979769177
NAC,2001,8.2,NA,NA,NA,35831.45692137989,4620.927485214857,1.981115590222419,95.1561889648438,NA,99.87211058001272,NA
NAC,2002,8.1,NA,NA,NA,36652.01865850079,5014.026156563258,1.9700375880981864,94.7082214355469,NA,99.87190561292896,NA
NAC,2003,8,NA,NA,NA,38395.52056520188,5417.798233686563,1.997335767263699,95.5795364379883,NA,99.87170203510746,NA
NAC,2004,7.9,NA,NA,NA,40788.4744089861,5759.516781187076,2.001953578685067,96.4445114135742,NA,99.87149974918424,NA
NAC,2005,7.8,NA,NA,NA,43368.57839406258,6117.729622946465,2.0089182791254303,96.2285079956055,98.95619572464238,99.87061934179646,NA
NAC,2006,7.7,NA,NA,NA,45741.263353840135,6502.882586055719,2.0597828020449773,94.9494400024414,98.95592068433514,99.86831142575502,NA
NAC,2007,7.6,NA,NA,NA,47727.770104472525,6861.7891261827845,2.0745873806970048,95.1765670776367,98.95567558369405,99.85996572897736,NA
NAC,2008,7.5,NA,NA,NA,48398.36014109653,7078.056954440301,2.0343646244201183,95.4206085205078,98.95540413557764,99.85157920559602,NA
NAC,2009,7.3,NA,NA,NA,46581.40626316382,7292.851049285748,1.9703381823366488,96.4992523193359,98.95508381404969,99.84311996068288,NA
NAC,2010,7.2,NA,NA,NA,48545.775270694394,7561.255683097105,1.9024104554046144,96.5648193359375,99.02661803324467,99.8351144381376,NA
NAC,2011,7,NA,NA,NA,50251.98153199838,7756.30697689534,1.8675458768426745,96.6986389160156,99.09727916609012,99.8065062592826,NA
NAC,2012,6.9,NA,NA,NA,51812.892121004756,7989.428772177735,1.854970209076376,97.5537719726562,99.16688138811254,99.77816354371382,NA
NAC,2013,6.8,NA,NA,NA,53133.853733842094,8117.866869610121,1.832325463397477,97.6731033325195,99.23553091717405,99.75017521767175,NA
NAC,2014,6.7,NA,NA,NA,54580.86730392949,8438.053018149954,1.8368887028612928,98.7799606323242,99.30320495556592,99.72261326246073,NA
NAC,2015,6.6,NA,NA,NA,55285.56869178607,8747.325268855793,1.8189473630459183,99.368782043457,99.36999552307496,99.69560396429776,NA
NAC,2016,6.6,NA,NA,NA,56112.2253713869,9045.882209499265,1.7972781907877269,99.6349105834961,99.43551511836276,99.66876842323816,NA
NAC,2017,6.5,NA,NA,NA,58184.857164756926,9326.706128743495,1.7437191604550502,99.8584365844727,99.49980556165522,99.64223420086768,NA
NAC,2018,6.4,NA,NA,NA,60890.56892586977,9660.537937361756,1.7071458462208264,99.9377136230469,99.56254758203374,99.61581385992936,NA
NAC,2019,6.4,NA,NA,NA,62874.611708958255,9992.72741968316,1.6817681110091378,100.248710632324,99.62387314928505,99.58968398499812,NA
NAC,2020,6.4,NA,NA,NA,61468.33722084738,11030.920990996874,1.6176283647381822,100.397407531738,99.68412867634646,99.56414182752572,NA
NAC,2021,6.4,NA,NA,NA,68424.56003159497,11505.080378051827,1.6408534379995845,102.064552307129,99.74343162488265,99.53928108259645,NA
NAC,2022,6.4,NA,NA,NA,74535.63653926291,11924.948279551603,1.623426593777068,99.5094299316406,99.79657022479012,99.52277092270856,3.5910080917432943
NAC,2023,6.4,NA,NA,NA,78190.06407355345,12698.245308024052,1.5794880966204277,97.2571105957031,99.80079558372908,99.50596921033652,NA
NAC,2024,6.4,NA,NA,NA,81275.84367817624,NA,1.585523369516572,97.55322265625,99.79750702269357,99.506801799089,NA
NAM,2000,78.2,79,69,80,2156.675905127136,217.55029297,3.991,66.3425064086914,76.2362461884581,27.1488440827973,NA
NAM,2001,77.6,78,58,79,1915.589265948749,201.46917725,3.827,70.4965362548828,76.6073397311336,27.5998396163148,NA
NAM,2002,76.6,77,68,78,1772.0756553749345,187.86433411,3.693,68.4618530273438,77.0810806268773,28.1968311809375,NA
NAM,2003,75.6,79,70,82,2569.2473931788263,278.70162964,3.58,67.7303466796875,77.5698694830307,28.8122875122617,NA
NAM,2004,74.4,81,70,81,3403.1549619295456,373.46408081,3.545,67.1026916503906,78.0541039412165,29.4178256763319,0.308
NAM,2005,71,86,73,86,3685.772999915872,402.20068359,3.571,65.8467407226562,78.5320876453257,30.0109518702615,NA
NAM,2006,66,86,63,74,4017.1834716928024,437.56240845,3.601,65.4616622924805,79.0046008864518,30.5926680157068,NA
NAM,2007,62,86,69,81,4379.043136827322,493.60388184,3.608,66.3780670166016,79.4708868241615,31.1618359120794,0.383
NAM,2008,57.5,83,73,83,4204.785554227491,443.17068481,3.616,NA,79.9311134554851,31.7185868742759,NA
NAM,2009,53.2,83,76,83,4302.913741483761,420.74865723,3.633,NA,80.3834346901376,32.2603036353343,NA
NAM,2010,50.3,83,75,83,5418.216333658139,567.35003662,3.657,71.5850049614779,80.8294504898485,32.7891161090276,NA
NAM,2011,50,82,74,85,5834.791767579403,624.59814453,3.658,75.9020999319308,81.267654864296,33.3028894118118,NA
NAM,2012,52.6,84,76,84,5942.646809786729,606.36633301,3.676,77.4235835218031,81.7057329100665,33.8118744896686,NA
NAM,2013,50.8,89,82,89,5346.621311499674,539.41345215,3.653,79.1245312674155,82.1358474215349,34.3053246503093,NA
NAM,2014,50,88,83,88,5378.323262412051,452.2585144,3.635,79.8738123230912,82.5578966769433,34.7830478360411,NA
NAM,2015,51.8,92,85,92,4774.106508657753,476.50784302,3.604,81.7415343444417,82.9710417542827,35.243867972916,NA
NAM,2016,51.4,85,75,84,4395.687761623764,409.78051758,3.574,82.4628831856333,83.3709791418252,35.68218646148,NA
NAM,2017,49.8,88,80,83,5143.960723230756,447.95223999,3.511,82.9187287944073,83.756921632109,36.0971096744774,0.567
NAM,2018,48.5,89,82,84,5308.608134087051,457.6807251,3.462,82.4447917914626,84.1291083222967,36.4891060185928,0.335
NAM,2019,46.6,87,80,84,4731.921031883102,419.14828491,3.404,83.3997206880115,84.5549009012644,36.9123066913261,0.368
NAM,2020,44.8,93,90,92,3878.589829939662,370.81643677,3.349,87.2617411950085,84.9689182481296,37.3147816708838,0.38
NAM,2021,43.2,94,91,73,4412.835569305204,449.95172119,3.303,87.1498788500333,85.3713640915778,37.6969593429633,0.42
NAM,2022,41.6,84,89,86,4349.799084933142,418.53683472,3.248,86.1980083129179,85.7619951593707,38.0587226800855,0.553
NAM,2023,41.1,83,86,77,4187.605003965253,397.09063721,3.212,86.2067962132394,86.1410432483345,38.4005446833098,NA
NAM,2024,39.5,74,79,75,4413.127522115718,NA,3.211,86.3728889011327,86.5087378352127,38.7229020528394,NA
NCL,2000,NA,NA,NA,NA,15329.729720005778,NA,2.509,NA,95.10497708421,100,NA
NCL,2001,NA,NA,NA,NA,14482.360626360243,NA,2.422,NA,95.10497708421,100,NA
NCL,2002,NA,NA,NA,NA,16104.552040681863,NA,2.347,NA,95.10497708421,100,NA
NCL,2003,NA,NA,NA,NA,20768.10614888481,NA,2.268,NA,95.3383295002079,100,NA
NCL,2004,NA,NA,NA,NA,24475.648854703708,NA,2.243,NA,95.5716819162058,100,NA
NCL,2005,NA,NA,NA,NA,25528.291835344433,NA,2.227,NA,95.8050343322036,100,NA
NCL,2006,NA,NA,NA,NA,28193.253757338694,NA,2.241,NA,96.0383867482015,100,NA
NCL,2007,NA,NA,NA,NA,35177.65352614477,NA,2.215,NA,96.2717391641993,100,NA
NCL,2008,NA,NA,NA,NA,35723.90331949466,NA,2.204,NA,96.5050915801972,100,NA
NCL,2009,NA,NA,NA,NA,33836.49408047197,NA,2.194,NA,96.7384439961951,100,NA
NCL,2010,NA,NA,NA,NA,35798.90847578292,NA,2.187,NA,96.9717964121929,100,NA
NCL,2011,NA,NA,NA,NA,38835.940185138475,NA,2.2,NA,97.2051488281908,100,NA
NCL,2012,NA,NA,NA,NA,35559.5672006157,NA,2.202,NA,97.4385012441887,100,NA
NCL,2013,NA,NA,NA,NA,36671.156675262064,NA,2.167,NA,97.6718536601866,100,NA
NCL,2014,NA,NA,NA,NA,37816.95585992946,NA,2.118,NA,97.9052060761844,100,NA
NCL,2015,NA,NA,NA,NA,30858.723706053293,NA,2.079,NA,98.1385584921823,100,NA
NCL,2016,NA,NA,NA,NA,30782.854443351425,NA,2.078,NA,98.3719109081802,100,NA
NCL,2017,NA,NA,NA,NA,32354.71028329008,NA,2.043,NA,98.6052633241781,100,NA
NCL,2018,NA,NA,NA,NA,34902.896878003085,NA,2.041,NA,98.8386157401759,100,NA
NCL,2019,NA,NA,NA,NA,33411.33588356718,NA,2.05,NA,99.0719681561738,100,NA
NCL,2020,NA,NA,NA,NA,33270.33059763696,NA,2.022,NA,99.3053205721716,100,NA
NCL,2021,NA,NA,NA,NA,35311.5543551452,NA,2.012,NA,99.5386729881695,100,NA
NCL,2022,NA,NA,NA,NA,33516.36308590602,NA,1.998,NA,99.5386729881695,100,NA
NCL,2023,NA,NA,NA,NA,33701.892332278054,NA,1.98,NA,99.5386729881695,100,NA
NCL,2024,NA,NA,NA,NA,29213.19231929465,NA,1.964,NA,99.5386729881695,100,NA
NER,2000,227.9,34,37,41,194.77195989893465,9.04467964,7.829,4.98891019821167,36.5479060182649,6.49095998473198,NA
NER,2001,217.4,36,39,42,205.4179361209311,9.68088055,7.81,4.9542498588562,37.358813438708,6.90942898388813,NA
NER,2002,205.9,39,41,43,225.2943911474382,10.84433079,7.797,4.93831014633179,38.1115370315666,7.30986882133162,0.033
NER,2003,194.1,41,43,44,265.2253634524692,12.55038452,7.789,5.46088981628418,38.8582098965165,7.71048737435581,NA
NER,2004,182.4,43,45,45,283.4682817982956,14.06374931,7.777,6.5729398727417,39.5981949224788,8.11105189403746,0.022
NER,2005,171.4,45,47,46,318.64312191827327,18.67140198,7.769,7.39444017410278,40.3308901559153,8.51225299855436,NA
NER,2006,161.6,52,53,52,333.3450784194467,19.9213028,7.744,8.45728969573975,41.0575024887785,8.91225988238255,NA
NER,2007,153.1,58,60,57,387.1680658833007,20.96952438,7.726,8.04238986968994,41.7774242131502,9.3108172797856,NA
NER,2008,146,67,66,68,475.0449553981623,24.86141586,7.702,8.25140953063965,42.4900876989759,9.70763488348427,0.019
NER,2009,140.3,71,69,71,461.1315339614871,24.54927635,7.679,8.63199996948242,43.1966321655043,10.1032794598234,0.028
NER,2010,136,70,67,75,474.4256923408307,23.47736168,7.64,10.5467544710513,43.8964824399921,10.4974697713474,NA
NER,2011,132.7,75,69,40,510.7595617626796,24.84123039,7.592,10.916829239485,44.5891012347432,10.8898889805879,NA
NER,2012,130.3,73,75,71,528.5101044696552,22.71487427,7.527,12.1001362710247,45.2755729615711,11.2811585980416,0.053
NER,2013,128.3,75,80,62,552.1033343631171,24.61338997,7.445,13.1905159332884,45.9553436655962,11.6709689397012,0.051
NER,2014,126.8,82,80,79,565.3098973117496,25.09494019,7.342,15.0409626668381,46.6360032875155,12.0644714438851,0.027
NER,2015,125.4,84,85,83,485.6625741752788,25.96905327,7.215,16.6576291122559,47.3180912197977,12.4627973884211,0.032
NER,2016,124.3,80,76,82,502.7064754064456,22.68474007,7.043,19.4438558469203,48.0001316756614,12.8657160959019,0.033
NER,2017,123.1,85,82,85,521.8041300234345,29.09627533,6.874,20.3042793946679,48.6826437620777,13.2744201872419,0.022
NER,2018,121.9,79,77,79,578.5680356808915,30.61364555,6.706,NA,49.364204791619,13.6886629942744,0.037
NER,2019,120.8,81,79,81,561.6913043496979,31.89424324,6.537,NA,50.045306277114,14.10969749241,0.039
NER,2020,119.5,81,79,81,579.5124957582361,35.75537109,6.369,NA,50.7254664539795,14.5380631441061,0.035
NER,2021,118,82,80,82,608.722439593808,35.39406204,6.2,NA,51.4037852396431,14.973899415173,NA
NER,2022,116,84,65,84,609.7451475748783,26.50681686,6.135,NA,52.0806785975452,15.4185833482363,0.028
NER,2023,113.5,85,80,85,638.336080897887,26.01301575,6.061,20.6873224974982,52.7552521305404,15.8722896113192,0.038
NER,2024,110.7,86,81,86,735.2702557872258,NA,5.935,19.5379934744263,53.4274656286176,16.336047650863,NA
NGA,2000,177.3,29,33,31,547.3182989033786,17.15887642,6.124,21.7487506866455,44.4803085080205,27.9946368630353,0.269
NGA,2001,170.5,27,32,36,566.4282318129331,17.96053314,6.128,23.8450603485107,45.7654579242041,28.0339074690086,NA
NGA,2002,163.9,25,30,40,712.1648520776855,17.53752899,6.116,24.8241996765137,47.3236744097303,28.6863485385753,NA
NGA,2003,157.4,29,34,42,763.3887453672226,37.91439438,6.1,NA,48.8898791765237,29.3592592810807,0.255
NGA,2004,151.4,33,37,43,962.48104194733,42.81798172,6.09,30.0385608673096,50.463557619145,30.053264298702,NA
NGA,2005,145.8,36,41,45,1211.3770350438622,52.24337006,6.063,30.5882091522217,52.0438578033599,30.7689136757313,0.27
NGA,2006,140.9,40,44,46,1599.5389155636483,63.63072205,6.053,29.7225399017334,53.6309977200112,31.5068491941473,0.333
NGA,2007,136.5,42,41,54,1815.5269754582685,66.90659332,6.027,26.4539299011231,55.2248334433962,32.2676921129548,0.361
NGA,2008,132.5,53,53,60,2154.1054354536427,77.45053101,6.024,30.5725002288818,56.8252264251632,33.0520750926105,0.359
NGA,2009,129.2,63,64,66,1820.4863385478188,65.71811676,5.993,34.5709915161133,58.4306651834765,33.8602860424374,0.36
NGA,2010,126.3,56,56,54,2202.25672957344,73.008255,5.948,39.0084915161133,60.04206159591,34.6931346813428,NA
NGA,2011,123.8,53,53,48,2418.4131697587463,80.2377243,5.893,39.6406402587891,61.6552661645974,35.5499413895312,NA
NGA,2012,121.6,36,41,42,2633.197346713614,87.89523315,5.797,42.4270210266113,63.2702627408651,36.4309338253294,NA
NGA,2013,119.9,39,42,41,2872.790833793982,97.29588318,5.694,50.3317909240723,64.8863828876252,37.3360751927047,0.363
NGA,2014,118.7,43,42,42,3088.7213131616927,102.39888763,5.622,40.3631896972656,66.5036264382039,38.2655103767243,NA
NGA,2015,117.8,42,42,42,2585.733606717974,92.91207123,5.503,41.8675918579102,68.1220021164846,39.2193808312227,NA
NGA,2016,117.4,53,48,53,2070.412733959496,75.52328491,5.343,37.2762603759766,69.7405688273521,40.1973286058844,0.428
NGA,2017,117.2,55,54,55,1876.3402711177296,70.31814575,5.182,NA,71.3599849035344,41.1997192224782,NA
NGA,2018,117.2,61,56,61,2057.8794455401057,63.60244751,5.021,39.4427909851074,72.9796602996736,42.2262627362671,0.364
NGA,2019,117.4,66,58,66,3189.8128649851574,67.6254425,4.861,NA,74.5993213952744,43.2767522763627,0.356
NGA,2020,117.4,62,60,62,2797.184580686855,67.91384888,4.7,43.9140815734863,76.2190366017765,44.3511472247714,NA
NGA,2021,117.6,61,56,59,2787.4877922442797,81.87322235,4.636,45.1787605285645,77.8385518833185,45.4491559568794,0.386
NGA,2022,117.5,59,51,55,2899.160474703243,89.62958527,4.552,NA,79.457946920672,46.5706755484283,0.386
NGA,2023,116.8,67,54,70,2138.7638371998255,66.82009125,4.482,47.4061508178711,81.0772897042816,47.7155813553496,0.38
NGA,2024,115.6,67,57,69,1084.1604180543611,NA,4.382,NA,82.2488935172216,47.9019370619136,NA
NIC,2000,37.1,NA,NA,NA,1017.312443488204,53.29532623,3.12,56.8607711791992,NA,NA,NA
NIC,2001,35.3,NA,NA,NA,1051.8742358909956,57.69081879,2.996,60.0477981567383,NA,NA,NA
NIC,2002,33.8,NA,NA,NA,1014.3339042590968,58.15333939,2.887,64.3938293457031,NA,NA,NA
NIC,2003,32.4,NA,NA,NA,1021.3521666879384,62.13036346,2.827,NA,NA,NA,0.392
NIC,2004,31.1,NA,NA,NA,1098.6211866233516,66.54763794,2.784,68.6075820922852,NA,NA,NA
NIC,2005,29.7,NA,NA,NA,1183.3021401017506,73.65701294,2.765,71.9072418212891,NA,NA,0.509
NIC,2006,28.4,NA,NA,NA,1248.1737157778794,79.3536377,2.733,72.6188430786133,NA,NA,0.501
NIC,2007,27.1,NA,NA,NA,1350.3814575337665,93.93821716,2.697,75.9113464355469,NA,NA,0.535
NIC,2008,25.8,NA,NA,NA,1523.6843708640893,109.20231628,2.66,74.748046875,NA,NA,0.659
NIC,2009,24.5,NA,NA,NA,1467.0828805284489,112.75749207,2.626,NA,NA,NA,0.714
NIC,2010,23.2,NA,NA,NA,1526.567069514084,117.70147705,2.596,74.4894104003906,NA,NA,0.739
NIC,2011,21.9,NA,NA,NA,1679.7119208463296,125.13540649,2.558,NA,NA,NA,0.825
NIC,2012,20.6,NA,NA,NA,1784.6983601755485,133.64489746,2.527,NA,NA,NA,0.872
NIC,2013,19.4,NA,NA,NA,1835.439963637147,140.20372009,2.492,NA,NA,NA,0.91
NIC,2014,18.3,NA,NA,NA,1958.370475795471,156.22232055999999,2.463,NA,NA,NA,0.906
NIC,2015,17.2,NA,NA,NA,2074.4562063473063,165.18948364,2.434,NA,NA,NA,0.942
NIC,2016,16.1,NA,NA,NA,2131.6870482832232,171.5748291,2.407,NA,NA,NA,0.965
NIC,2017,15.3,NA,NA,NA,2182.61380995674,181.75810242,2.378,NA,NA,NA,1
NIC,2018,14.6,NA,NA,NA,2035.165493905072,172.9760437,2.347,NA,NA,NA,0.682
NIC,2019,14.3,NA,NA,NA,1958.6205152809537,166.49009705,2.321,NA,NA,NA,NA
NIC,2020,14.2,NA,NA,NA,1938.4470475438152,165.88038635,2.299,NA,NA,NA,NA
NIC,2021,14.2,NA,NA,NA,2138.385884694495,204.21273804,2.265,NA,NA,NA,NA
NIC,2022,14.3,NA,NA,NA,2322.8905396458313,208.56825256,2.24,NA,NA,NA,NA
NIC,2023,13.8,NA,NA,NA,2609.444920729308,216.55238342,2.218,70.6665573120117,NA,NA,NA
NIC,2024,11.2,NA,NA,NA,2847.53966339498,NA,2.206,NA,NA,NA,NA
NLD,2000,6.2,97,96,97,26225.16977341492,2028.18139648,1.72,NA,100,98.056483719237,2.423
NLD,2001,6,97,95,97,26955.71280322782,2175.73046875,1.71,121.740753173828,99.999998974117,98.0316592994205,2.494
NLD,2002,5.9,97,95,97,29446.53308728684,2544.81347656,1.73,119.29337310791,100,98.0008258449046,2.553
NLD,2003,5.7,98,96,98,35896.75046307055,3244.35644531,1.75,119.250862121582,100,97.971318587799,2.594
NLD,2004,5.5,98,96,98,40611.34143530906,3689.46435547,1.72,116.085929870605,99.9999980142427,97.9431344903827,2.625
NLD,2005,5.3,96,95,96,42165.39616838797,3823.48095703,1.71,116.514122009277,99.999998280043,97.9163269623659,2.684
NLD,2006,5.1,96,96,96,45123.54324064257,4080.21972656,1.72,117.278106689453,100,97.8921645573829,2.77
NLD,2007,4.9,97,96,97,52100.79962859473,4696.14160156,1.72,118.606109619141,100,97.8704752768738,2.768
NLD,2008,4.7,97,96,97,58246.702690587445,5382.44580078,1.77,120.38207244873,100,97.8497502030324,2.844
NLD,2009,4.6,97,96,97,53172.02615814183,5282.74316406,1.79,121.743392944336,99.9999979513678,97.8284751819117,2.896
NLD,2010,4.4,97,96,97,51305.73385339734,5191.69384766,1.79,123.655319213867,99.9999991848021,97.808168937922,2.936
NLD,2011,4.3,97,96,97,54701.77280306112,5562.12109375,1.76,128.919281005859,100,97.7902878211501,3.103
NLD,2012,4.2,97,96,97,50473.94420026887,5284.64990234,1.72,110.343353271484,100,97.7732705537269,3.223
NLD,2013,4.2,97,96,97,52602.28605207657,5532.72607422,1.68,NA,100,97.7588931118417,3.282
NLD,2014,4.1,96,96,96,53457.22348643223,5601.88574219,1.71,NA,100,97.7468177052972,3.392
NLD,2015,4.1,95,95,95,45793.81354346971,4676.56201172,1.66,114.759147644043,99.9999977623031,97.7352192649865,3.457
NLD,2016,4.1,95,94,95,46808.52914925029,4644.02099609,1.66,113.61457824707,99.9999992507495,97.7241321475967,3.501
NLD,2017,4,94,93,94,49513.6817346384,4934.57519531,1.62,115.796371459961,99.9999992668183,97.7135252353783,3.565
NLD,2018,4,93,93,93,53955.07700242659,5330.66015625,1.59,114.827590942383,100,97.7036451274894,3.632
NLD,2019,4,94,94,94,53554.900749147506,5340.61279297,1.57,115.097122192383,99.999999064505,97.6944050882075,3.713
NLD,2020,4,94,94,94,53467.92774137373,5865.90527344,1.54,136.940444946289,99.999999064231,97.6857903463505,3.805
NLD,2021,4,95,93,95,60141.98809114923,6718.88964844,1.62,136.865417480469,99.9999991132456,97.6777500278997,3.875
NLD,2022,4,93,89,93,59123.31855648699,5967.90429688,1.49,140.989440917969,100,97.6702396117146,3.876
NLD,2023,3.9,92,89,92,63515.60307800192,6371.85595703,1.43,140.839157104492,100,97.6632296431228,NA
NLD,2024,3.9,91,89,91,67520.42189562811,6845.14208984,1.43,NA,100,97.6566689550594,NA
NOR,2000,4.9,90,88,91,38178.23687770755,2948.93164063,1.85,NA,100,98.0719414200245,3.38
NOR,2001,4.7,91,90,91,38601.897639231,3099.00341797,1.78,116.061431884766,99.9999996105569,98.0708656188717,3.54
NOR,2002,4.6,93,87,93,43170.55717449903,3889.95947266,1.75,114.660079956055,100,98.0698018240546,3.218
NOR,2003,4.4,92,86,92,50250.3298214345,4632.56835938,1.8,114.726753234863,99.9999988019394,98.0687468260808,3.23
NOR,2004,4.2,92,89,92,57768.69809584616,5097.34423828,1.83,115.898513793945,100,98.0678039009157,3.401
NOR,2005,4.1,91,90,91,67047.17045582643,5584.68896484,1.84,112.202201843262,100,98.0669754884968,3.563
NOR,2006,3.9,94,92,94,74434.49968356708,5892.98730469,1.9,111.259620666504,100,98.0661529563292,3.732
NOR,2007,3.7,93,92,93,85502.26770877308,6895.56005859,1.9,110.908531188965,100,98.0652982043914,3.844
NOR,2008,3.6,94,93,94,97503.54078037836,7768.05029297,1.96,110.293609619141,99.9999977163504,98.0644197562201,3.955
NOR,2009,3.4,94,93,94,80347.57006651835,7301.95996094,1.98,109.753890991211,99.9999984427173,98.0635534703238,4.048
NOR,2010,3.3,93,93,93,88163.2085931423,7859.51611328,1.95,112.210998535156,99.9999997403377,98.062693752149,4.114
NOR,2011,3.1,94,93,94,101221.81347664402,8900.37207031,1.88,112.686630249023,99.9999978903117,98.0616329327885,4.188
NOR,2012,3,95,94,95,102175.91929837366,8970.11914063,1.85,111.270492553711,100,98.060379335627,4.232
NOR,2013,2.9,94,93,94,103553.84013441677,9241.265625,1.78,112.620422363281,99.9999992599067,98.0591412687485,4.306
NOR,2014,2.8,93,94,93,97666.69518387492,9116.37792969,1.75,111.358840942383,100,98.0579255402038,4.429
NOR,2015,2.7,95,95,95,74809.96580498976,7566.56152344,1.72,113.49649810791,99.9999975725988,98.0567246248415,4.091
NOR,2016,2.6,96,96,96,70867.36099707492,7492.07666016,1.71,114.915069580078,99.9999982841092,98.0555433258963,4.22
NOR,2017,2.5,96,96,96,76131.83840327642,7815.78710938,1.62,115.061729431152,100,98.0543904284695,4.346
NOR,2018,2.5,96,96,96,82792.84271133045,8271.859375,1.56,115.596313476562,100,98.053258505645,4.466
NOR,2019,2.4,97,97,97,76430.58894733385,8007.35546875,1.53,116.849769592285,99.9999973521183,98.0521493999593,4.578
NOR,2020,2.4,97,97,97,68340.01810337017,7824.57714844,1.48,117.254188537598,100,98.0510810985992,4.682
NOR,2021,2.4,97,97,97,93072.89251195708,9163.13867188,1.55,117.828887939453,99.999996677432,98.0500277378087,4.768
NOR,2022,2.4,97,96,97,109269.5205802976,8692.57617188,1.41,117.932258605957,99.999999346787,98.0490073611327,4.908
NOR,2023,2.4,96,96,96,87497.21796495565,8296.35546875,1.4,116.642189025879,99.9999954349429,98.0480105181421,4.975
NOR,2024,2.5,97,96,97,86785.43344891761,NA,1.45,115.499160766602,100,98.0470498172276,NA
NPL,2000,78.7,74,71,74,223.8302891830779,8.34249592,3.984,28.1299896240234,79.4883969819743,14.8948751074731,NA
NPL,2001,74.3,72,71,73,240.7951145446641,10.26854038,3.793,30.6444206237793,80.1670910944801,17.3959627043357,0.052
NPL,2002,70.2,72,71,72,238.89140296106,10.46419716,3.604,34.2659187316895,80.8065175847141,19.8888097263775,NA
NPL,2003,66.5,78,75,76,246.42970658763295,11.06888008,3.439,35.8331108093262,81.4416869635326,22.4289482098159,NA
NPL,2004,63.1,80,73,80,279.58775004442833,12.92468262,3.279,NA,82.0725089382401,25.0160431336895,0.207
NPL,2005,60,75,74,78,309.0241683393721,14.14693356,3.115,40.9631500244141,82.6989066918082,27.6497562651801,NA
NPL,2006,57.3,89,85,91,340.4317964379677,13.68047714,2.967,39.2674293518066,83.3207910288118,30.3297393254008,NA
NPL,2007,54.7,82,81,82,385.44976766064207,17.13900185,2.857,39.5153884887695,83.9381629345447,33.0557887006794,NA
NPL,2008,52.4,82,79,82,464.8173918915294,18.86374855,2.737,45.707649230957,84.5508362701857,35.8273714281674,NA
NPL,2009,50.1,95,90,98,473.0787511986214,20.86620903,2.63,46.5078506469727,85.158729874995,38.6441196454107,NA
NPL,2010,47.9,93,86,94,585.2784919845743,29.62231827,2.541,55.0515098571777,85.7617588960131,41.5056568805896,NA
NPL,2011,45.8,92,88,92,785.518656222132,34.14775085,2.462,59.230411529541,86.3599023849968,44.4117125540755,NA
NPL,2012,43.7,90,86,90,788.2029371483766,33.64963913,2.42,64.4251327514648,86.9532837280701,47.3622706946734,0.506
NPL,2013,41.7,92,88,92,803.2695954204771,35.14327621,2.36,67.1050796508789,87.5415795968781,50.3565022636622,0.55
NPL,2014,39.7,92,88,92,821.455224911731,41.9739151,2.319,69.3774108886719,88.1248062062868,53.394175397633,NA
NPL,2015,37.8,91,85,90,875.5436354748624,46.49585342,2.273,70.6879119873047,88.7026979901049,56.4745599225782,NA
NPL,2016,36,87,83,85,877.2564546967368,47.1232872,2.226,73.9553375244141,89.2751913988418,59.5972467919298,NA
NPL,2017,34.2,90,90,90,1034.2837490684635,49.63085556,2.173,77.7481231689453,89.8420840030234,62.7615781748289,0.681
NPL,2018,32.6,91,91,91,1179.1984319038922,51.16546249,2.12,NA,90.4032337065468,65.966994107957,0.749
NPL,2019,31,93,92,92,1203.142947064013,53.61107254,2.08,84.223991394043,90.9584624626018,69.2128409973963,0.815
NPL,2020,29.6,84,87,84,1154.215175783182,59.07941437,2.051,87.491828918457,91.5076217588488,72.4985122908231,0.857
NPL,2021,28.3,91,90,91,1252.750767319858,69.1880188,2.025,85.6409873713909,92.0505329995059,75.8233419830013,0.884
NPL,2022,27.1,90,90,87,1385.9106627485075,87.34230042,2.002,84.9171356280891,92.5870336093326,79.1866571655946,NA
NPL,2023,26.1,94,93,93,1382.3305576930356,83.96018982,1.984,90.7214299008772,93.1169638221139,82.5877911140468,1.011
NPL,2024,25.1,97,97,97,1447.310044584281,NA,1.961,90.8899312933145,93.6401246842117,86.0259805937649,NA
NRU,2000,41.1,44,8,27,2648.601528609383,463.77734375,3.543,50.7757415771484,98.3154023672406,64.6715903640463,NA
NRU,2001,39.4,95,95,99,2232.308740267263,349.01687622,3.461,45.1008605957031,98.3187193593697,64.6701987454564,NA
NRU,2002,37.9,80,40,59,2084.648245209707,298.91278076,3.4,45.6166381835938,98.3220363514988,64.6688071268665,NA
NRU,2003,36.5,80,53,66,2463.2825907807883,273.59832764,3.388,49.0196113586426,98.3253533436279,64.6674155082765,NA
NRU,2004,35.2,80,67,73,3040.513498890001,216.23666382,3.378,39.701488494873,98.328670335757,64.6660238896866,0.99
NRU,2005,34,80,80,80,2992.403827769265,328.92779541,3.377,45.1038589477539,98.3319873278861,64.6646322710967,NA
NRU,2006,32.7,72,99,90,2910.1414579468446,363.46365356,3.4,62.7421798706055,98.3353043200152,65.0151108339822,NA
NRU,2007,31.4,99,99,99,2272.1529130704457,586.8157959,3.504,54.3778800964355,98.3386213121444,65.3655742516606,NA
NRU,2008,29.8,99,99,99,3756.8453122876617,809.65649414,3.665,66.8789825439453,98.3094823914475,65.7160225241319,1
NRU,2009,28.2,99,99,99,4410.567646689623,575.39526367,3.847,NA,98.2803412813285,66.0664556513962,1
NRU,2010,26.4,99,99,99,4735.920005020917,626.21124268,4.019,NA,98.2511979817874,66.4168736334532,1.1
NRU,2011,24.6,99,99,99,6444.036420946343,672.27624512,4.117,NA,98.2220524928242,66.7672764703033,1.386
NRU,2012,22.7,79,96,79,9842.770327318558,873.81658936,4.115,81.6326522827148,98.1929048144389,67.1176641619461,NA
NRU,2013,20.9,87,97,87,8974.518868744333,808.10583496,4.098,NA,98.1637549466314,67.4680367083819,NA
NRU,2014,19.2,95,98,95,9230.054403289269,736.00012207,4.085,84.7058792114258,98.1346028894019,67.8183941096107,NA
NRU,2015,17.5,91,98,91,7747.2558499360675,973.30883789,4.075,NA,98.1054486427502,68.1687363656322,1.273
NRU,2016,15.9,97,98,97,8748.156326054284,978.48120117,4.027,79.6178283691406,98.0762922066764,68.5190634764467,NA
NRU,2017,14.4,87,95,87,9656.979765714845,1127.47509766,3.879,NA,98.0471335811805,68.8693754420541,NA
NRU,2018,13.1,90,99,90,11413.746301638905,1220.0769043,3.683,NA,98.0179727662624,69.2196722624544,NA
NRU,2019,12,96,95,96,10801.770565963465,1213.86804199,3.531,91.0581207275391,97.9888097619223,69.5699539376476,NA
NRU,2020,10.9,95,98,95,10709.068810537998,1270.52563477,3.466,86.9172897338867,97.95964456816,69.9202204676336,NA
NRU,2021,10,98,98,98,14979.09989679903,1636.45788574,3.425,NA,97.9304771849756,70.2704718524126,NA
NRU,2022,9.3,99,98,97,12911.908644138142,2264.07055664,3.379,100.421348571777,97.9013076123691,70.6207080919845,NA
NRU,2023,8.7,99,98,97,12752.472385583756,2292.37329102,3.331,93.0666732788086,97.8721358503405,70.9709291863493,NA
NRU,2024,8.3,99,98,97,13609.158837551997,NA,3.29,92.8211595890451,97.8429618988897,71.321135135507,NA
NZL,2000,7.4,90,85,82,13641.102718382228,1054.28100586,1.98,115.455337524414,99.9999993417981,99.9999993417981,2.233
NZL,2001,7.2,90,85,82,13882.856826858602,1053.73632813,1.97,NA,100,100,2.182
NZL,2002,7,90,84,84,16874.187491819564,1250.12634277,1.89,121.638671875,100,100,2.124
NZL,2003,6.9,90,84,86,21913.70817199608,1610.73034668,1.93,123.209617614746,99.9999984462731,99.9999984462731,2.177
NZL,2004,6.7,89,83,87,25420.234882944005,1981.9720459,1.98,118.753517150879,99.9999993424079,99.9999993424079,2.19
NZL,2005,6.6,89,82,89,27751.06547088586,2295.37182617,1.97,122.798377990723,99.9999975084119,99.9999975084119,2.105
NZL,2006,6.5,89,82,89,26654.59320189852,2304.06518555,2.01,120.178230285645,100,100,2.273
NZL,2007,6.4,88,79,88,32479.981738146667,2705.66430664,2.18,120.425506591797,99.999996901465,99.999996901465,2.298
NZL,2008,6.4,89,86,89,31324.739797710237,2708.65625,2.19,120.224601745605,100,100,2.463
NZL,2009,6.3,92,89,92,28276.72554162253,2582.28100586,2.13,126.98787689209,99.9999975383469,99.9999975383469,2.58
NZL,2010,6.2,93,91,93,33761.90096399468,3072.73608398,2.17,121.578903198242,100,100,2.625
NZL,2011,6.1,95,93,95,38431.77667884989,3501.22045898,2.09,121.213340759277,99.9999988858894,99.9999988858894,2.655
NZL,2012,6,93,92,93,40053.69915363686,3682.94213867,2.1,120.056953430176,99.9999978085497,99.9999978085497,2.713
NZL,2013,5.9,92,92,92,43000.4646849189,3833.82226563,2.01,119.244888305664,100,100,2.822
NZL,2014,5.8,93,93,93,44618.266973846985,3997.43237305,1.92,119.416603088379,100,100,2.889
NZL,2015,5.6,92,93,92,38665.37230181578,3433.59643555,1.99,118.08772277832,100,100,3.031
NZL,2016,5.5,92,92,92,40113.71953824275,3516.93481445,1.87,117.256340026855,99.9999978251524,99.9999978251524,3.115
NZL,2017,5.4,94,93,94,42950.38417111379,3702.09985352,1.81,116.713752746582,99.9999952214353,99.9999952214353,3.253
NZL,2018,5.3,93,92,93,43257.07692388786,3706.80273438,1.71,116.203987121582,99.9999959549403,99.9999959549403,3.311
NZL,2019,5.2,92,92,92,42855.831861631974,3679.59692383,1.72,123.941261291504,99.9999954101942,99.9999954101942,3.37
NZL,2020,5.1,92,91,92,41997.78303242789,3887.71264648,1.62,120.29231262207,100,100,3.442
NZL,2021,5,90,91,90,49950.425169131646,4749.04199219,1.65,120.655471801758,99.9999956407702,99.9999956407702,3.531
NZL,2022,5,89,90,89,49099.70904233575,5138.33789063,1.67,117.863876342773,100,100,3.611
NZL,2023,4.9,88,89,88,49075.956283292675,4997.24316406,1.57,117.271408081055,99.999999971682,99.999999971682,NA
NZL,2024,4.7,89,89,89,49205.17921467924,5022.03271484,1.57,118.336837768555,100,100,NA
OED,2000,13.490642257494963,NA,NA,NA,23049.632936225615,2149.397056006228,1.8345977515869931,94.2024307250977,97.42025909552264,95.83221525317543,2.3952140732296
OED,2001,12.913273367735837,NA,NA,NA,22671.163200852297,2225.014265072404,1.8028917737110168,95.4742736816406,97.4995907747854,95.9393290681127,NA
OED,2002,12.332161938151348,NA,NA,NA,23479.811897484906,2407.6333958656264,1.7819246355093887,96.2150573730469,97.65372633754733,96.08310874670542,NA
OED,2003,11.751365613604944,NA,NA,NA,26073.411607395577,2730.4024969516913,1.785029803233594,97.2690963745117,97.74077900219604,96.22489027245048,NA
OED,2004,11.294688798636065,NA,NA,NA,28822.9827767557,3002.6849062296787,1.7898466386826546,97.0134887695312,97.82798035174912,96.3667928790195,NA
OED,2005,10.842795493527849,NA,NA,NA,30274.05434237287,3166.516718048924,1.783816736120077,97.7831192016602,98.1598234577909,96.50831950598956,NA
OED,2006,10.362608672228864,NA,NA,NA,31719.33608729016,3337.284870088504,1.813624691638649,97.8382797241211,98.2276423250239,96.65001860957744,NA
OED,2007,9.94498031482296,NA,NA,NA,34485.432685679785,3626.2848595712458,1.829708537918253,98.331901550293,98.30023752082484,96.79231030359392,NA
OED,2008,9.562410487042932,NA,NA,NA,36330.025398970385,3878.719071136349,1.833875008145561,98.85888671875,98.36826119357332,96.92996973458943,NA
OED,2009,9.28419539882045,NA,NA,NA,33747.38712108111,3918.850416580809,1.8042435164078567,98.6575469970703,98.42554313264606,97.06533652828892,NA
OED,2010,8.921896276680766,NA,NA,NA,35162.199174352245,4047.090866086077,1.7911408975842025,99.7328720092773,98.48550904963464,97.20011725642875,2.729381353244366
OED,2011,8.69271975908628,NA,NA,NA,37631.41117733152,4341.013710462846,1.7677860546971758,99.9333724975586,98.54353735063368,97.3265602609586,NA
OED,2012,8.42946117167397,NA,NA,NA,37353.49751621091,4350.4546952362825,1.77018851627096,99.7415237426758,98.60302353715043,97.45579132958709,NA
OED,2013,8.242043278100923,NA,NA,NA,37640.78790256866,4372.732042629357,1.7459953886887136,104.245811462402,98.6613167554018,97.58470624289916,NA
OED,2014,8.019016093322778,NA,NA,NA,38191.05275185063,4493.4352150265095,1.7528805624269763,105.319473266602,98.72120019062665,97.7144566557564,NA
OED,2015,7.8194840832408925,NA,NA,NA,35779.9123271942,4326.517855519817,1.740792219968419,105.935737609863,98.77767077112269,97.8464687347594,NA
OED,2016,7.610127309661974,NA,NA,NA,36229.34907736161,4448.9386684917945,1.7275893879645643,106.198120117188,98.8334597697978,97.97845669751584,NA
OED,2017,7.451574083458118,NA,NA,NA,37605.27062498896,4593.863819246792,1.693862684659553,106.952301025391,98.88753987912104,98.09967882968206,NA
OED,2018,7.317241424217786,NA,NA,NA,39552.69567162906,4804.51632111085,1.6659674907851727,106.945007324219,98.94054195629482,98.21147494607264,NA
OED,2019,7.21198030537372,NA,NA,NA,39708.88645766352,4885.844208217707,1.6314271161088647,106.935211181641,98.99239921241818,98.31566177669656,NA
OED,2020,7.097051764621645,NA,NA,NA,38597.24642349604,5299.926183022775,1.5820343255988365,106.777572631836,99.04634720187433,98.4192852911496,NA
OED,2021,6.966832230673905,NA,NA,NA,43027.749427570554,5716.257962823939,1.5867077277874602,107.016960144043,99.09196567321186,98.50016365665168,NA
OED,2022,6.883482628046947,NA,NA,NA,43950.17371093399,5630.209911475194,1.546928533760388,106.403388977051,99.13421576608292,98.573687279356065,3.4295865778435455
OED,2023,7.1165633495837985,NA,NA,NA,46580.44488072262,5915.840538415461,1.49322323455303,106.005500793457,99.15372714542028,98.63062182504852,NA
OED,2024,6.713405833456043,NA,NA,NA,48322.16442048705,NA,1.4774883157819652,106.082550048828,99.16310156557778,98.6633368941469,NA
OMN,2000,16.5,99,99,99,9753.847551854038,261.88265991,3.852,77.7238235473633,85.6380767775356,89.1558441928925,1.428
OMN,2001,15.5,99,99,99,9611.963601910536,259.59085083,3.662,79.8200912475586,85.6337685184132,89.1527859645842,1.47
OMN,2002,14.6,99,99,99,9869.130502194375,274.11166382,3.51,80.8610305786133,85.6294622656884,89.9116284921649,1.513
OMN,2003,13.9,99,98,99,10463.54258321412,290.38589478,3.371,82.2718811035156,85.6251514284285,90.6708884910228,1.576
OMN,2004,13.3,99,98,99,11800.850741117129,306.42941284,3.2,NA,85.6936491406229,91.4715625397252,1.61
OMN,2005,12.9,99,98,99,14434.857792464712,326.909729,3.029,85.8983535766602,86.0602755793835,92.2937638272692,1.7
OMN,2006,12.5,98,96,98,16930.856507185275,341.97601318,2.879,88.3451995849609,86.4235189460014,93.1032818281143,1.821
OMN,2007,12.2,99,97,97,18792.653772481983,397.21173096,2.761,90.8690490722656,86.7831972682,93.9002107979075,1.91
OMN,2008,12,99,98,97,26576.779241508975,466.60375977,2.762,92.0375289916992,87.1393591808879,94.6847837073689,1.978
OMN,2009,11.9,98,99,96,20655.918024921848,510.08691406,2.829,96.9309463500977,87.4916215447679,95.4570743657186,2.072
OMN,2010,11.7,99,99,99,23570.179814732484,583.57073975,2.973,NA,87.8404432564797,96.2174842174493,2.126
OMN,2011,11.6,99,99,99,25188.007415188506,563.23632813,2.955,115.394191525237,88.2854889503874,96.9895887554529,2.057
OMN,2012,11.4,98,99,99,24642.297876859564,561.1171875,2.928,111.024270475116,88.7987968638673,97.7533977258664,1.989
OMN,2013,11.3,98,99,99,23458.02338400529,587.71075439,2.954,110.312770028392,89.2944813891267,98.4864188461934,2.001
OMN,2014,11.2,99,99,99,23160.65022525467,726.64660645,2.97,NA,89.7744741935216,99.0454609162921,2.162
OMN,2015,11.1,99,99,99,18808.30779218389,767.04455566,2.965,101.587336228658,90.238487505215,99.3190102957444,2.13
OMN,2016,11,99,99,99,17110.189746054482,714.48864746,2.949,100.638573236813,90.6874222506819,99.3192950863755,1.964
OMN,2017,11,99,99,99,17820.066180933452,704.6295166,2.923,101.150822367266,91.1148946068941,99.3195652935256,2.013
OMN,2018,10.9,99,99,99,19901.76156420162,639.78082275,2.81,103.041481138997,91.5230946241618,99.3198091795186,2.104
OMN,2019,10.8,99,99,99,19180.186415280143,730.08325195,2.696,101.22554053215,91.8882619028406,99.3200354455114,2.091
OMN,2020,10.7,99,99,99,16784.86306300576,859.24987793,2.638,93.5329595650697,92.1680305395851,99.320248468501,2.003
OMN,2021,10.6,99,99,99,19403.460016021098,843.01953125,2.588,93.2710477870208,92.3097194594894,99.3204402699812,2.006
OMN,2022,10.5,99,97,97,23223.582940593456,712.06097412,2.449,91.191469277966,92.4399731975253,99.3206203708609,1.992
OMN,2023,10.4,99,99,99,21027.738477888633,732.04089355,2.525,NA,92.559888964675,99.3207794038753,NA
OMN,2024,10.3,99,99,99,20285.22728973766,NA,2.508,94.5394515991211,92.6702187093673,99.3209329311967,NA
OSS,2000,65.4295252718068,NA,NA,NA,4847.450333011942,319.91067835772776,2.9248316272269106,52.5268592834473,87.4566422018549,72.02310892971863,1.4191870861750586
OSS,2001,64.89703442554956,NA,NA,NA,4780.954929789743,313.739274872019,2.8691498875094252,53.4910202026367,87.70191978978387,72.3140473245346,NA
OSS,2002,63.60844485106692,NA,NA,NA,5142.0869407817945,359.7425689859258,2.8479230731387077,54.5168190002441,84.4009051723454,67.76054739812248,NA
OSS,2003,62.183252266344496,NA,NA,NA,6311.764350030336,419.4403503474943,2.8150753245335594,57.3695793151855,84.6835311633361,68.25622868551189,NA
OSS,2004,60.284861648880906,NA,NA,NA,7419.393873653039,488.8087445399876,2.793200889786753,57.1097793579102,85.0767149999497,68.90953064861262,NA
OSS,2005,58.337564960843046,NA,NA,NA,8233.339809479541,542.8008980121479,2.750751693013556,58.4451484680176,85.4487188536768,69.6677546645404,NA
OSS,2006,54.84439610776819,NA,NA,NA,9046.586805296614,573.1303117931145,2.710287830593597,59.8727684020996,86.33661700318652,71.56607280410385,NA
OSS,2007,52.172994730481896,NA,NA,NA,10758.375023686556,673.6204232781282,2.6857177049251804,61.3556213378906,86.67813214206026,72.28030665369387,NA
OSS,2008,50.03409918158044,NA,NA,NA,11515.142130368244,750.9653635196244,2.664608943911432,62.1403312683105,87.03863793087886,73.02191603408968,NA
OSS,2009,47.76216271536381,NA,NA,NA,9809.3888095896291,691.3307827511491,2.6274356438024866,63.6232299804688,87.40983887763868,73.76923984555991,NA
OSS,2010,44.9563981042654,NA,NA,NA,10149.563262131438,693.7615292370949,2.5707013712123534,66.5085067749023,87.78456189985224,74.52499618611431,1.3975516011188738
OSS,2011,41.79390329900821,NA,NA,NA,11469.95189287216,733.8551527377277,2.515484204701191,65.3746337890625,88.15847351544393,75.27894075642142,NA
OSS,2012,39.87022609011793,NA,NA,NA,11084.102061754724,703.7844521203896,2.476097120503902,67.0391082763672,88.54295078588301,76.06340532952937,NA
OSS,2013,38.69296562086623,NA,NA,NA,11421.795928002988,747.1450982757289,2.412903935195649,68.0531921386719,88.93200780194985,76.85712530855909,NA
OSS,2014,37.705672638027686,NA,NA,NA,11682.616585940146,784.2488414133717,2.3774848357367495,69.3246002197266,89.3277006993487,77.6657752681707,NA
OSS,2015,36.362767123932336,NA,NA,NA,10359.118246257422,717.4756860624595,2.324801256064952,70.2543182373047,89.73063638312135,78.50009682761926,NA
OSS,2016,34.861527500307716,NA,NA,NA,10813.382696043143,761.4865133385123,2.2971690514612004,71.1938934326172,90.14418014297202,79.33673982051204,NA
OSS,2017,34.06876976156382,NA,NA,NA,11950.97405530037,833.9685439080009,2.2507796588998903,72.4134902954102,90.55543630383092,80.18461702735826,NA
OSS,2018,32.900928923293456,NA,NA,NA,13025.990833966034,915.6843689305632,2.2095179445637667,73.3735961914062,90.97377244823268,81.03849611616734,NA
OSS,2019,32.45358174748533,NA,NA,NA,12907.616256027351,930.9608639008572,2.168877993310569,74.3477325439453,91.36648884928448,81.8776278446538,NA
OSS,2020,31.672297055082772,NA,NA,NA,11770.456412737904,989.0410564119028,2.14456415435879,74.9267196655273,91.71691931987291,82.55219033153428,NA
OSS,2021,30.59457610927552,NA,NA,NA,13717.089487735258,1150.9753856795858,2.1255372272708737,75.5489273071289,92.0453565588759,83.19445275232242,NA
OSS,2022,30.22019977691411,NA,NA,NA,14320.77067762878,1117.9395687704232,2.06944285024068,75.7426071166992,92.40677789433428,83.79760518911259,1.8289046808785412
OSS,2023,29.51792052692896,NA,NA,NA,15334.104650222818,1203.8822553639543,2.039987318406459,NA,92.74412253218262,84.3381897826745,NA
OSS,2024,28.79175710907658,NA,NA,NA,16094.12661731265,NA,2.015966679948343,NA,93.0569699820654,86.58198241108026,NA
PAK,2000,107.9,59,57,61,642.3383464998977,15.36755657,5.352,NA,87.3443263636155,36.3820444881262,0.593
PAK,2001,105.1,61,59,63,609.9395069050735,13.41587162,5.182,NA,87.5860762080419,36.4704767337174,0.604
PAK,2002,102.5,63,60,64,599.9373457239274,14.98332214,5.012,NA,87.8248146353087,36.5597990039308,NA
PAK,2003,100.1,66,62,66,672.44178669894,14.34851551,4.894,NA,88.062537100299,36.6491235332267,NA
PAK,2004,98,68,63,67,771.9022473489538,15.53542328,4.685,NA,88.2993740055727,38.3533268350512,0.679
PAK,2005,96,63,61,63,827.6198611899258,19.58962631,4.595,NA,87.9858227113677,40.051948707326,0.72
PAK,2006,94.2,59,59,58,900.8735649848084,24.43647003,4.589,23.8528308868408,88.1422644667259,41.8712078550453,NA
PAK,2007,92.3,54,57,54,998.090114197524,26.14198685,4.554,25.1138095855713,88.3130427829655,43.6965924516825,0.693
PAK,2008,90.5,53,56,53,1067.0432456528365,24.34272766,4.515,25.1925296783447,88.4820319386941,45.5276108650431,0.707
PAK,2009,88.5,52,56,52,963.7880663952247,23.14643288,4.465,25.688850402832,88.6492343131649,47.3641982720808,0.718
PAK,2010,86.5,52,57,52,987.3045711244854,23.62846184,4.398,25.4582159212789,88.8147345072875,49.2066353675779,0.727
PAK,2011,84.3,63,59,63,1131.7351383432383,25.02491379,4.305,25.3949380688813,88.978515573403,51.0548082670217,0.748
PAK,2012,82,64,63,64,1204.364754915847,25.59742928,4.204,25.7528705596924,89.1405658210321,52.9086096866619,0.775
PAK,2013,79.6,65,68,65,1225.4340119198034,28.20998955,4.125,26.3995425354199,89.3007289268109,54.7673079838163,0.795
PAK,2014,77.2,69,71,69,1266.613408499593,32.11787415,4.055,28.5600893522118,89.4591472805659,56.6314636170423,0.818
PAK,2015,74.8,72,75,72,1380.4702083831723,33.99359894,3.988,30.3251040463428,89.6158196961384,58.5009708232225,0.85
PAK,2016,72.4,75,75,75,1424.6916119589737,36.46934128,3.902,31.73991038953,89.7707150440618,60.3757049658476,0.89
PAK,2017,70.1,75,76,75,1519.2345951424784,42.07228851,3.9,31.2563221783058,89.9237776878555,62.2553089946578,0.932
PAK,2018,67.9,80,79,75,1569.3381462635489,40.09578323,3.855,33.7539426003326,90.0758470234098,64.1435342442995,0.917
PAK,2019,65.8,84,81,84,1390.416909817447,36.01374817,3.81,35.5736865644319,90.2267743289886,66.0398368746477,1.049
PAK,2020,63.7,80,83,83,1278.3973520689551,36.9091301,3.765,NA,90.3763302585524,67.9433820948755,NA
PAK,2021,61.7,83,81,83,1455.3192237018598,42.79639816,3.72,36.7848892672203,90.5243087608224,69.8533376726557,1.16
PAK,2022,59.7,85,82,85,1538.3228133170996,38.76602173,3.662,37.4490104990348,90.6704556362056,71.7686736729802,NA
PAK,2023,57.8,86,84,86,1360.3241775841927,30.48608398,3.605,39.5879695501278,90.6815872292919,71.8243245387853,NA
PAK,2024,56,87,86,87,1478.7727797799566,NA,3.547,46.4835415439493,90.6932992273275,71.8828600416756,NA
PAN,2000,25.7,98,97,99,3975.093102755443,300.66052246,2.744,66.3138732910156,89.6201521615703,62.5612964932235,NA
PAN,2001,25,99,95,95,3991.7767209465464,296.75146484,2.72,68.7314834594727,89.9759773021274,63.300048397865,1.252
PAN,2002,24.2,99,95,99,4090.586164560816,308.58657837,2.698,70.0393371582031,90.3289872671352,64.3589021380052,1.343
PAN,2003,23.4,98,95,95,4264.66428949623,303.45755005,2.679,NA,90.6583978938369,65.4227494263176,1.348
PAN,2004,22.6,95,97,92,4644.565811775815,344.4079895,2.68,69.9115905761719,90.866022326398,66.4912909784567,1.329
PAN,2005,21.9,92,99,88,5017.741104148322,323.0513916,2.643,70.0244979858398,91.0627978402199,67.5645305842362,1.355
PAN,2006,21.2,88,95,98,5528.767058549005,370.62973022,2.62,70.2012710571289,91.2562151531688,68.6424595699143,1.356
PAN,2007,20.5,85,95,84,6317.817305146605,472.08703613,2.612,70.260612487793,91.4461388885148,69.7247974616696,1.309
PAN,2008,19.8,86,96,86,7347.590490468393,506.78494263,2.608,71.5468597412109,91.6329440597259,70.8121135731026,1.387
PAN,2009,19.2,85,96,85,7796.926183634326,550.80755615,2.593,73.2163925170898,91.8164868861301,71.9041216278813,1.315
PAN,2010,18.7,94,97,95,8331.464222599672,607.42242432,2.587,74.4197850576201,91.9966294834708,73.0005374055146,1.411
PAN,2011,18.3,87,97,91,9662.295909119792,664.97564697,2.604,74.7238313177595,92.175026614494,74.1041771182907,1.503
PAN,2012,17.9,85,98,87,11064.806366200306,725.01544189,2.591,NA,92.3514556960261,75.2147165198156,1.603
PAN,2013,17.5,80,92,81,12273.32249837878,805.78985596,2.569,79.2133026123047,92.5258725116137,76.3321222229942,1.586
PAN,2014,17.3,80,90,80,13213.198959113728,919.2946167,2.552,79.2297592163086,92.6983815513135,77.4566352300972,1.588
PAN,2015,17.1,73,93,72,14082.65484349964,982.06530762,2.53,79.0192337036133,92.8686371033942,78.5876693762409,1.579
PAN,2016,17,86,95,86,14832.36116524589,1056.68481445,2.502,84.1366882324219,93.188819816336,79.7251829235126,1.573
PAN,2017,16.7,81,98,81,15694.629751849472,1126.96154785,2.462,79.0785217285156,93.5073884501397,80.8694181421993,1.589
PAN,2018,16.3,88,98,88,16151.327343348576,1227.30554199,2.402,NA,93.8241340868165,82.0200768210799,1.609
PAN,2019,15.9,88,97,88,16477.906626811135,1339.45153809,2.288,NA,94.1389735045272,83.1771159799322,1.637
PAN,2020,15.5,74,80,74,13290.560839774873,1358.4498291,2.184,NA,94.4306492571863,84.3402384762944,1.63
PAN,2021,15.2,87,92,87,15509.80691241387,1417.1541748,2.152,NA,94.6436730326195,85.5096832210543,1.737
PAN,2022,15.1,82,87,82,17378.607001755714,1572.93017578,2.139,NA,94.85343136421,86.6851526856535,1.625
PAN,2023,15.1,71,88,71,18797.193399404456,1557.81286621,2.119,NA,95.0598439257546,87.8666162534578,NA
PAN,2024,15.3,72,93,72,19161.218850159617,NA,2.106,NA,95.2628238815705,89.0540402475148,NA
PER,2000,38.3,98,97,93,1945.4133845169831,83.63842773,2.845,77.7910308837891,80.4077059975962,64.6899370720139,NA
PER,2001,35.3,90,97,90,1929.5727303884632,89.36621857,2.744,80.6675033569336,81.1652005641867,65.4068839269518,NA
PER,2002,32.7,95,95,95,2007.3701962675275,97.6605072,2.693,81.8630523681641,81.9120898487203,66.1134789664025,NA
PER,2003,30.4,94,95,95,2129.4411419763424,97.352211,2.661,75.7539367675781,82.6488673555992,66.8103000461573,NA
PER,2004,28.4,86,85,81,2397.2514727771386,105.16587067,2.673,80.4402313232422,83.3752476996589,67.4970575513904,NA
PER,2005,26.6,77,77,66,2706.669472976084,123.25354004,2.643,81.2227935791016,84.0910140674012,68.1735152494759,NA
PER,2006,25,94,93,94,3129.5599649698206,136.14295959,2.619,84.4381866455078,84.796972001847,68.8406174970812,NA
PER,2007,23.6,93,92,93,3581.089308191696,158.55148315,2.583,87.3102722167969,85.4925787573111,69.4977421323012,1.653
PER,2008,22.3,93,92,93,4197.584446341415,191.42611694000001,2.528,88.6442031860352,86.1388730860252,70.0979718244948,NA
PER,2009,21.2,93,91,92,4181.1875546225265,209.1973877,2.48,91.3245620727539,86.7621628336496,70.6712078070281,0.944
PER,2010,20.2,93,94,92,5072.114940196154,241.43280029,2.421,93.7324676513672,87.3815093121049,71.2400990831427,NA
PER,2011,19.3,91,96,91,5861.3579364524485,264.46487427,2.413,94.8989334106445,87.9963640224872,71.803986474928,NA
PER,2012,18.5,95,94,94,6519.378529815272,309.31439209,2.356,92.8410034179688,88.6072952219099,72.3636014252996,1.139
PER,2013,17.8,88,85,71,6746.800256966015,320.96490479,2.317,98.5790786743164,89.2138017423285,72.9183194169617,NA
PER,2014,17.2,88,89,78,6667.134103608605,332.18841553,2.271,97.2061767578125,89.8161834428489,73.4685325137981,NA
PER,2015,16.6,90,92,88,6231.711503388939,310.60983276,2.229,98.0674209594727,90.4146720652742,74.0145820909902,NA
PER,2016,16.1,90,89,88,6217.03599995447,311.33517456,2.189,100.164909362793,91.0088509037893,74.5559040876133,1.307
PER,2017,15.7,89,88,88,6736.16693725487,332.54321289,2.152,99.50537109375,91.5989672683032,75.0928493726003,NA
PER,2018,15.3,89,86,87,6978.491215486268,362.75994873,2.118,98.6696395874023,92.1863171590782,75.6274098296364,1.373
PER,2019,14.9,88,85,87,7037.008036926039,367.98739624,2.086,98.8904113769531,92.770492487963807,76.1591748496731,1.354
PER,2020,14.5,72,77,72,6133.3255241018305,399.13800049,2.056,100.080932617188,93.351440846039,76.6882865431078,1.436
PER,2021,14.1,82,78,79,6826.20255614477,455.3560791,2.029,102.32568359375,93.9287808522473,77.2143581209312,1.673
PER,2022,13.7,82,74,82,7350.630343004173,445.10473633,2.004,103.652191162109,94.5023037650654,77.7372734420618,1.649
PER,2023,13.3,84,84,84,7887.54185920108,445.52667236,1.98,113.164916992188,95.0719233240551,78.2571577701354,1.688
PER,2024,12.9,80,89,80,8452.371670566214,NA,1.965,108.98267364502,95.6370823826383,78.7732036574365,NA
PHL,2000,36.8,78,78,74,1050.7927310795235,32.10300446,3.754,NA,86.5149829591624,64.5780150363269,1.194
PHL,2001,36,79,81,76,969.5306117444528,27.60987473,3.719,74.767219543457,86.8671120695057,65.0101350604839,1.194
PHL,2002,35.2,79,82,77,1014.9087932010624,26.76997948,3.651,79.5809020996094,87.2412451973365,65.4430807592906,1.088
PHL,2003,34.4,84,87,85,1027.2301192842956,31.60413551,3.591,81.6581802368164,87.6160741981153,65.8768513398554,1.201
PHL,2004,33.6,88,92,85,1099.6301302375837,33.50411606,3.524,83.6550674438477,87.9916018113597,66.311449594431,1.086
PHL,2005,32.8,89,92,90,1220.4601855986728,45.67607498,3.448,83.67626953125,88.3678311380432,66.7468776426565,1.205
PHL,2006,32,88,92,88,1426.1464917954625,53.87452698,3.466,82.1593627929688,88.7447546834869,67.1831301872284,1.214
PHL,2007,31.3,87,92,87,1712.6554328279278,64.27903748,3.403,81.8686599731445,89.1223731975384,68.2064372279476,1.221
PHL,2008,30.7,87,90,87,1959.2923353497781,75.69056702,3.401,82.4900894165039,89.5006950192922,69.2399098229444,1.232
PHL,2009,30.1,88,89,87,1864.450434064713,77.64539337,3.376,84.3866271972656,89.8798092589211,70.2836819040094,1.237
PHL,2010,29.5,88,87,88,2162.91375885614,89.35166931,3.315,NA,90.264011405217,71.3424056654417,0.543
PHL,2011,29,89,86,88,2383.9189252208703,95.95716095,3.236,NA,90.670107052381,72.4331957075581,0.554
PHL,2012,28.6,89,84,88,2614.6164440130824,109.2149353,3.143,NA,91.0748919479401,73.5302350229801,0.564
PHL,2013,28.3,85,83,85,2781.2795767739717,118.87432098,3.042,NA,91.4784521468904,74.6335366418639,0.574
PHL,2014,28,80,81,82,2866.838037614072,106.16293335,2.894,85.4555672434059,91.8806100613092,75.7428560199161,0.589
PHL,2015,27.9,76,80,79,2909.8581801030064,113.4342804,2.829,85.5248692113886,92.2815392767777,76.8582853974515,0.609
PHL,2016,27.8,84,80,81,2985.195640240464,118.05981445,2.679,86.0883666592253,92.6811507144986,77.9796692916052,0.631
PHL,2017,27.8,84,81,82,3038.1212495928917,120.32259369,2.525,84.2528228759766,93.0805992720253,79.1077756692214,0.66
PHL,2018,27.9,84,82,84,3168.5103660972686,125.27716827,2.378,82.4822175600847,93.4798496793252,80.2422384212533,0.695
PHL,2019,28,84,83,85,3400.789497670743,141.6925354,2.215,87.6308727761127,93.8786426296812,81.3825055793541,0.732
PHL,2020,28,83,79,82,3227.579102351993,166.61218262,2.075,89.6099009594054,94.2767858134665,82.5280655331601,0.752
PHL,2021,27.9,69,64,66,3484.3859388281885,208.192276,1.95,87.9361520075232,94.6741026690457,83.6784077055498,0.792
PHL,2022,27.5,84,76,83,3548.0693057211556,182.93432617,1.929,93.8565182415521,95.070405889347,84.8329995746262,NA
PHL,2023,27,89,81,77,3804.0827413109687,194.05484009,1.916,92.2052107888903,95.465506033898,85.991294396015,NA
PHL,2024,26.5,71,80,88,3984.8315387656016,NA,1.894,86.1154588164975,95.8592214925506,87.1527398416478,NA
PLW,2000,26.5,96,83,96,7798.075041938523,675.54473877,1.819,91.9273529052734,99.3410767592974,92.3055211823769,NA
PLW,2001,25.5,98,91,98,8239.263540065318,640.58422852,1.87,NA,99.3442874502384,92.5732732194194,NA
PLW,2002,24.6,99,99,99,8340.189813045583,609.03295898,1.923,NA,99.3475993941894,92.8439227609951,NA
PLW,2003,23.7,99,99,99,7862.393189873696,638.3067627,1.962,NA,99.3510199759341,93.1174953662245,NA
PLW,2004,22.9,98,99,98,8393.730525412311,765.0546875,1.989,97.8632507324219,99.3642473438433,93.5161878932532,NA
PLW,2005,22.1,98,98,98,9635.283575390484,810.10369873,2.017,NA,99.3769813295124,93.9036183333376,NA
PLW,2006,21.3,98,98,98,9881.659707169803,852.00756836,1.996,NA,99.3892669217874,94.2803727715843,1.327
PLW,2007,20.6,94,91,94,10402.536752890735,897.35339355,1.968,NA,99.4010959735375,94.6464571391492,NA
PLW,2008,20.1,92,97,92,10577.501907762007,880.83892822,1.947,NA,99.4124857740531,95.0022925220304,NA
PLW,2009,19.7,49,75,48,10147.774109281469,947.12615967,1.935,NA,99.4234283601543,95.3478284028423,1.551
PLW,2010,19.5,69,39,68,10221.916376235433,1093.30786133,1.937,NA,99.4339340465691,95.6834729135313,1.576
PLW,2011,19.5,84,85,98,10993.6038613491,1072.56323242,1.965,NA,99.4440153149557,96.0093169387409,NA
PLW,2012,19.7,89,91,89,12137.173223992064,1239.99304199,2.006,NA,99.4536903188215,96.3258137255761,NA
PLW,2013,20.1,99,99,99,12698.924011894493,1399.29931641,2.054,109.33332824707,99.462942387352,96.6329212315953,NA
PLW,2014,20.6,95,83,95,13863.454415506803,1481.35656738,2.032,112.464589235128,99.4717956107824,96.931030387653,1.412
PLW,2015,21.3,90,95,89,16154.053215237256,1554.91186523,2.002,NA,99.4802609974161,97.2203841305645,NA
PLW,2016,21.9,98,96,98,17150.475937723884,1704.62316895,2.055,NA,99.4882554515008,97.5006428774559,NA
PLW,2017,22.5,97,93,97,16401.784756787056,1775.32849121,2.019,NA,99.4958049799968,97.7722965190515,1.91
PLW,2018,22.9,95,90,98,16166.967107375154,1809.22070313,1.97,NA,99.5029234836391,98.0358496591014,1.573
PLW,2019,23,97,97,97,15846.796847016689,1928.91564941,1.984,NA,99.5096367882251,98.2917742819101,2.191
PLW,2020,22.9,96,93,96,14708.211953691434,1938.33837891,1.972,160.326889038086,99.5159760034998,98.5405897338691,1.798
PLW,2021,22.7,95,93,95,13009.248163021311,1931.31152344,1.95,105.06512301013,99.5219466683348,98.7826866864938,2.809
PLW,2022,22.4,94,96,94,13729.760276149613,2077.734375,1.927,88.5593220338983,99.5275761001394,99.0185052265638,2.472
PLW,2023,21.9,97,96,97,15610.823193103235,1683.8458252,1.907,97.6190476190476,99.5299685485284,99.0217636084131,1.808
PLW,2024,21.4,97,96,97,NA,NA,1.883,94.839609483961,99.5322473497037,99.0248681264887,NA
PNG,2000,72,59,69,51,635.9579190477252,18.84121323,4.525,NA,29.7724173309513,16.2164700300816,0.05
PNG,2001,70.8,55,65,52,537.8474596341313,18.19814301,4.469,NA,29.7586410519185,16.2062854132542,NA
PNG,2002,69.6,61,73,54,506.3317895344825,20.55322266,4.419,NA,29.7473711837204,16.197953472063,NA
PNG,2003,68.4,68,77,62,577.4679223872586,21.9858036,4.362,NA,29.7361017887769,16.1896215101361,NA
PNG,2004,67.2,62,77,59,620.5961476805612,25.73586273,4.283,NA,29.7242054629437,16.1808266451098,NA
PNG,2005,65.9,72,82,61,744.4864899774326,27.49723434,4.22,NA,31.1975839865921,16.6059135071294,NA
PNG,2006,64.6,70,82,65,1238.1828292670598,30.03865242,4.148,NA,32.6715142031645,17.0313208013981,NA
PNG,2007,63.2,66,72,68,1370.7534158289998,33.18586731,4.076,NA,34.1459986588811,17.4570499950418,NA
PNG,2008,61.8,56,66,69,1624.793199351879,34.69308472,4.015,NA,35.6210359201692,17.8830999336479,0.046
PNG,2009,60.3,64,65,70,1568.831933686068,36.5436821,3.941,NA,36.8704561758444,18.2486172804539,NA
PNG,2010,58.9,55,63,61,1866.8688985120784,39.3453064,3.883,NA,38.0973177449194,18.6101507749501,0.049
PNG,2011,57.5,58,66,55,2288.375911412337,52.49456787,3.816,NA,39.3010861598771,18.9672978280348,NA
PNG,2012,56.1,57,71,65,2635.087363154696,70.27664948,3.746,32.6879479913319,40.4828087269689,19.3208666166654,NA
PNG,2013,54.7,60,72,62,2560.7745897632676,76.75310516,3.684,NA,41.6488410056407,19.6757982283776,NA
PNG,2014,53.3,52,65,43,2723.1752982519574,89.08061218,3.625,NA,42.7986148436166,20.0317273970696,NA
PNG,2015,57.3,49,57,51,2484.5963398603,45.18995285,3.558,NA,43.9315688336247,20.3882856738352,NA
PNG,2016,50.4,46,46,48,2316.3947975849233,53.98646545,3.495,NA,45.0471749676037,20.745116008719,NA
PNG,2017,48.9,36,41,35,2477.765309863235,55.24723816,3.432,NA,46.144916980198,21.1018609699395,NA
PNG,2018,47.5,35,37,42,2566.3683373504064,59.04003525,3.382,40.4233467116333,47.2247346164126,21.4585108450562,0.064
PNG,2019,46.1,35,37,42,2575.772741403927,59.89566803,3.322,41.5678577082811,48.285710104836,21.8143659983838,0.06
PNG,2020,44.7,40,44,43,2429.611345852686,55.92817688,3.274,40.4603408609418,49.3273961743901,22.169086312378,NA
PNG,2021,43.2,32,35,34,2607.57861874444,61.02529907,3.215,48.9409565731442,50.3501518830702,22.5229636359759,0.063
PNG,2022,41.9,37,41,38,3102.2896859406083,81.11356354,3.165,NA,51.3531330085785,22.8753163799614,NA
PNG,2023,40.6,35,52,46,2966.0683043205463,85.15021515,3.099,48.1780291095574,52.3359168793014,23.2257913219562,0.061
PNG,2024,39.4,42,44,42,3006.7056447892346,NA,3.072,NA,53.298484868619,23.5743391458237,NA
POL,2000,9.3,98,97,98,4520.641004491105,238.00448608,1.37,NA,NA,87.5745482145907,2.223
POL,2001,8.8,98,97,98,5015.237900366129,282.8210144,1.31,100.486572265625,NA,88.2568300626224,2.267
POL,2002,8.4,99,98,98,5223.451789670818,315.83145142,1.25,102.079460144043,NA,88.9353545903738,2.304
POL,2003,8.1,99,97,98,5720.81366178104,339.33520508,1.22,104.052558898926,NA,89.5946791670526,2.434
POL,2004,7.8,99,97,99,6711.72715262967,392.00338745,1.23,99.0511016845703,NA,90.2562618468016,2.291
POL,2005,7.6,99,98,99,8043.923322537572,465.70019531,1.24,100.700813293457,98.239082450466,90.9202465624261,2.14
POL,2006,7.3,99,99,99,9068.855283076273,524.09747314,1.27,99.7898635864258,98.2358209800508,91.5867449958382,2.183
POL,2007,7,99,98,99,11272.529368338306,660.92468262,1.31,99.5984573364258,98.2325323124188,92.2555378641252,2.197
POL,2008,6.7,99,98,96,14048.560467265392,892.59698486,1.39,99.4151229858398,98.2292078050967,92.9266483730048,2.169
POL,2009,6.3,99,98,96,11556.302686602616,759.60577393,1.4,99.1387176513672,98.2259217196512,93.6002677787451,2.179
POL,2010,6,99,98,96,12567.731767638152,809.19940186,1.41,99.6203994750977,97.6879584408668,94.2762845397447,2.184
POL,2011,5.7,99,98,96,13867.666940819152,866.09466553,1.33,99.9345169067383,97.1483620185882,94.9547125941391,2.204
POL,2012,5.4,99,98,95,13087.42094332095,815.1418457,1.33,99.8879928588867,96.6064109843745,95.6349971602727,2.223
POL,2013,5.2,99,98,95,13621.902379403096,878.08837891,1.29,109.392158508301,96.0626756426039,96.3180175161036,2.228
POL,2014,5,98,97,94,14262.284191411594,911.29815674,1.32,107.965179443359,95.5170444873157,97.0037037873813,2.292
POL,2015,4.9,98,96,93,12637.522032440616,803.95965576,1.32,107.555976867676,94.9696427851433,97.6921036491612,2.311
POL,2016,4.8,98,96,92,12464.011050847552,816.08618164,1.39,107.49730682373,94.4224326184484,98.3831051859455,2.397
POL,2017,4.6,96,94,90,13913.340291992668,909.57818604,1.48,108.001609802246,93.8761307350633,98.7966126825203,2.36
POL,2018,4.5,95,93,87,15658.212031679395,978.73565674,1.46,109.459831237793,93.3312333762882,98.9554251030336,2.341
POL,2019,4.5,95,93,87,15874.522053125382,1014.03820801,1.44,108.760276794434,92.7883142536668,98.9575340330854,3.279
POL,2020,4.4,94,92,85,16150.930481347252,1025.98486328,1.39,112.317840576172,92.2480567425882,98.9575085375078,3.303
POL,2021,4.4,94,91,84,18635.51048957537,1183.30236816,1.33,109.834098815918,91.710929872632,98.9573598717452,3.415
POL,2022,4.3,94,91,85,18891.212116927854,1219.29125977,1.29,107.567939758301,91.1776289012676,98.9570843478037,3.424
POL,2023,4.3,95,92,86,22145.26606474287,1577.98168945,1.2,107.910926818848,90.648484121514,98.9566925447355,4.031
POL,2024,4.2,94,92,86,25103.56566142297,2014.12780762,1.14,107.191352844238,90.124463310463,98.9561729534462,NA
PRE,2000,153.00662935938576,NA,NA,NA,503.56264127267673,16.362683997371338,6.108725807639148,18.4421291351318,44.27442921323182,22.48017386355806,0.1746846063002871
PRE,2001,148.8364525223899,NA,NA,NA,465.9549021905368,16.384465516391547,6.060521472252444,19.4840602874756,45.0800428674859,22.809747528860967,NA
PRE,2002,141.18227692525525,NA,NA,NA,523.6158602286025,17.16894643469694,6.0119924560120825,20.2954196929932,46.02077745490942,23.348200650541106,NA
PRE,2003,135.1174979024686,NA,NA,NA,554.26625446439,24.54807018047588,5.96757174193078,21.8995800018311,46.9954916110515,23.92987766383709,NA
PRE,2004,129.7695095364534,NA,NA,NA,670.7837111508312,29.4835396433257,5.932827137362663,23.1740303039551,47.99414819473521,24.521225393148985,NA
PRE,2005,121.59120549169462,NA,NA,NA,815.4544640761192,33.87081018293617,5.892697233571201,24.1649799346924,49.05772225262851,25.308117752553656,NA
PRE,2006,115.83317929255088,NA,NA,NA,997.4215140052056,40.31852758692685,5.858618317397519,24.8874893188477,50.08378404987662,26.052910352889946,NA
PRE,2007,111.10532635560683,NA,NA,NA,1173.4002044115316,46.95433166936773,5.8145853121233495,25.1443195343018,51.07217100698344,26.759448734320284,NA
PRE,2008,106.67548931687185,NA,NA,NA,1423.2010662105902,55.26213587880898,5.779728102737239,27.7371292114258,52.14527397467997,27.56540011795981,NA
PRE,2009,104.89855968278492,NA,NA,NA,1252.3292549305438,52.328153236540366,5.738183928864398,29.8313694000244,53.24177980638573,28.425332683343967,NA
PRE,2010,99.68693690571982,NA,NA,NA,1421.4890514223086,53.88110587809062,5.687405773557804,31.8350296020508,54.33514720074704,29.284811305182487,0.19126651303136277
PRE,2011,99.72900609991956,NA,NA,NA,1596.9091443784791,58.84538374370541,5.623921463788398,32.9029388427734,55.237343083403715,29.84926369738313,NA
PRE,2012,93.53233196674084,NA,NA,NA,1686.9600792633416,61.65509193330509,5.544519310993617,34.4295501708984,56.32661191110129,30.742226752393233,NA
PRE,2013,90.36454304729912,NA,NA,NA,1796.0033709711172,67.17429403033985,5.4590553692568555,37.1601486206055,57.41484944610008,31.65298666346957,NA
PRE,2014,89.73475592931466,NA,NA,NA,1848.0709491355224,68.708484109509385,5.374301588833157,35.9321403503418,58.49492296438401,32.55828961956079,NA
PRE,2015,88.00827115122469,NA,NA,NA,1524.98608713796,61.86388648682896,5.277339313797141,36.8539009094238,59.56887480819721,33.4572426712355,NA
PRE,2016,86.62160267272937,NA,NA,NA,1316.7456721468538,59.534165727086474,5.176188382520015,36.6112899780273,60.630686081846406,34.35154613633646,NA
PRE,2017,85.8918608835943,NA,NA,NA,1338.9601188462564,57.5054612424601,5.076055982458832,37.5345191955566,61.72431367782247,35.33966515665671,NA
PRE,2018,82.3130203380837,NA,NA,NA,1449.8556207084305,56.14745759770677,4.9726303585523555,38.3734588623047,62.77679260472997,36.19071308290153,NA
PRE,2019,81.34801065238808,NA,NA,NA,1681.190657546657,57.5665965601012,4.870146489948546,39.3805389404297,63.80031131137325,37.04517984263795,NA
PRE,2020,79.29190525060548,NA,NA,NA,1496.3376748839732,58.83100150753042,4.774044275782687,40.4143104553223,64.80616581913411,37.89622582036165,NA
PRE,2021,78.55460841269982,NA,NA,NA,1594.1422981329224,64.82989657586474,4.702408399227917,41.0802612304688,65.78589195938825,38.76405664231446,NA
PRE,2022,79.7149340894285,NA,NA,NA,1770.155790327816,68.61803686819596,4.628415328943733,41.452709197998,66.71874558426998,39.74898749490039,0.2647312805293431
PRE,2023,76.07329425757318,NA,NA,NA,1558.3434469340068,65.28113418626404,4.559293288330349,41.9789581298828,67.71756499783554,40.20083105279718,NA
PRE,2024,74.46018729478976,NA,NA,NA,1366.065772556217,NA,4.485185018093764,42.2162017822266,68.62328461453725,40.758115286280976,NA
PRI,2000,NA,NA,NA,NA,16192.12697196377,NA,2.0485,NA,97.2132456329924,97.6257622005571,NA
PRI,2001,NA,NA,NA,NA,18123.19870199179,NA,1.9346,NA,97.3607259079284,97.8050783983287,NA
PRI,2002,NA,NA,NA,NA,18731.459389737847,NA,1.8317,NA,97.5082061828645,97.9843945961003,NA
PRI,2003,NA,NA,NA,NA,19557.12024923584,NA,1.7624,NA,97.6556864578005,98.1637107938719,NA
PRI,2004,NA,NA,NA,NA,20988.992332653404,NA,1.7822,NA,97.8031667327366,98.3430269916435,NA
PRI,2005,NA,NA,NA,NA,21959.322696986048,NA,1.7702,NA,97.9506470076727,98.522343189415,NA
PRI,2006,NA,NA,NA,NA,22935.94115863129,NA,1.7123,NA,98.0981272826087,98.7016593871866,NA
PRI,2007,NA,NA,NA,NA,23664.88234850958,NA,1.6505,NA,98.2456075575448,98.8809755849582,NA
PRI,2008,NA,NA,NA,NA,24898.334585704462,NA,1.6516,NA,98.3930878324808,99.0602917827298,NA
PRI,2009,NA,NA,NA,NA,25768.72588833845,NA,1.6528,90.4561462402344,98.5405681074169,99.2396079805014,NA
PRI,2010,NA,NA,NA,NA,26414.88106345475,NA,1.6235,89.8547134399414,98.688048382353,99.418924178273,NA
PRI,2011,NA,NA,NA,NA,27170.076654327753,NA,1.5965,85.3739318847656,98.835528657289,99.5982403760446,NA
PRI,2012,NA,NA,NA,NA,27742.024476618015,NA,1.5425,88.7678070068359,98.9830089322251,99.7775565738162,NA
PRI,2013,NA,NA,NA,NA,28212.049973743106,NA,1.47,90.6086273193359,99.1304892071611,99.9568727715878,NA
PRI,2014,NA,NA,NA,NA,28576.09880232088,NA,1.432,92.2278671264648,99.2779694820972,100,NA
PRI,2015,NA,NA,NA,NA,29242.04146508496,NA,1.3365,99.7742919921875,99.4254497570333,100,NA
PRI,2016,NA,NA,NA,NA,29978.088926891833,NA,1.2425,87.7187728881836,99.5729300319693,100,NA
PRI,2017,NA,NA,NA,NA,30328.479490518017,NA,1.101,NA,99.720410306905407,100,NA
PRI,2018,NA,NA,NA,NA,30679.91819344879,NA,1.035,90.4226531982422,99.8678905818415,100,NA
PRI,2019,NA,NA,NA,NA,31830.528499335844,NA,0.982,NA,100,100,NA
PRI,2020,NA,NA,NA,NA,31427.11307628314,NA,0.922,NA,100,100,NA
PRI,2021,NA,NA,NA,NA,32619.070460117367,NA,0.907,NA,100,100,NA
PRI,2022,NA,NA,NA,NA,35353.68215700139,NA,0.914,NA,100,100,NA
PRI,2023,NA,NA,NA,NA,36980.78847842869,NA,0.92,112.479949951172,100,100,NA
PRI,2024,NA,NA,NA,NA,39343.7154660139,NA,0.92,82.970628221555,100,100,NA
PRK,2000,100.2,56,78,93,NA,NA,1.941,NA,99.3029365439307,NA,NA
PRK,2001,99,62,92,98,NA,NA,1.94,NA,99.3025425719049,NA,NA
PRK,2002,97.8,64,98,99,NA,NA,1.919,NA,99.3021526100743,75.1954267554782,NA
PRK,2003,34.5,68,95,99,NA,NA,1.909,NA,99.3017595191265,75.2058209642884,3.097
PRK,2004,33.8,72,95,99,NA,NA,1.899,NA,99.2395038400491,75.2163527896403,NA
PRK,2005,33.3,79,96,97,NA,NA,1.872,NA,98.8654741695466,75.2267505195982,NA
PRK,2006,32.8,89,96,98,NA,NA,1.936,NA,98.4923401809143,75.2372785852435,NA
PRK,2007,32.4,92,99,99,NA,NA,1.943,NA,98.1201000899291,75.9237809171583,NA
PRK,2008,31,92,98,98,NA,NA,1.97,NA,97.7487538824727,76.6139843400435,3.228
PRK,2009,30,93,98,98,NA,NA,1.905,NA,97.3801763920386,77.3190361028758,NA
PRK,2010,28.7,93,99,99,NA,NA,1.89,NA,97.014188853857,78.0324089256356,NA
PRK,2011,27.2,94,99,99,NA,NA,1.883,NA,96.6502023193552,78.7499982089361,NA
PRK,2012,25.7,96,99,99,NA,NA,1.882,NA,96.2883252948552,79.4722787144222,3.39
PRK,2013,24.1,93,99,99,NA,NA,1.877,NA,95.9284725238966,80.1989508804153,NA
PRK,2014,22.6,93,99,99,NA,NA,1.874,NA,95.5706751338568,80.9301775081677,3.451
PRK,2015,21.4,96,98,99,NA,NA,1.863,94.8986968994141,95.2148802388595,81.6658106218557,NA
PRK,2016,20.6,96,99,99,NA,NA,1.856,NA,94.8621018158696,82.4086074475707,3.645
PRK,2017,19.1,97,99,99,NA,NA,1.848,NA,94.5124525053213,83.1584097748592,3.628
PRK,2018,18.4,97,98,99,NA,NA,1.834,NA,94.166236701267,83.9155776338149,NA
PRK,2019,17.7,97,99,98,NA,NA,1.825,NA,93.8236874339691,84.6194920966635,NA
PRK,2020,17.4,97,99,70,NA,NA,1.821,NA,93.8438447876847,84.6654650844227,NA
PRK,2021,17.4,99,99,0,NA,NA,1.806,NA,93.8651377109975,84.7140378530296,NA
PRK,2022,17.7,99,99,0,NA,NA,1.797,NA,93.8875010138071,84.7650382260713,NA
PRK,2023,18,99,99,0,NA,NA,1.78,NA,93.9109177513255,84.8184516885649,NA
PRK,2024,16.7,99,99,0,NA,NA,1.784,NA,NA,NA,NA
PRT,2000,7.2,96,87,96,11526.372066796825,995.34210205,1.55,NA,99.2296665594465,97.6509233684472,3.207
PRT,2001,6.6,97,90,96,11734.764974395395,1015.54956055,1.45,111.711250305176,99.2163865594471,97.7681484102338,3.258
PRT,2002,6,98,93,96,12936.692820448196,1139.4029541,1.46,112.623863220215,99.2046765501516,97.8834679572702,3.291
PRT,2003,5.5,99,96,96,15797.782134027591,1443.37792969,1.44,113.136199951172,99.1944200706602,97.9973101774028,3.342
PRT,2004,5,95,95,95,18064.15809329872,1723.74401855,1.4,100.022537231445,99.1856102233495,98.1096749031417,3.417
PRT,2005,4.7,93,93,93,18780.127512409996,1814.35449219,1.41,101.168586730957,99.1782486155744,98.2205201292001,3.502
PRT,2006,4.4,97,97,97,19839.45404990321,1857.64526367,1.37,99.9085464477539,99.1723206497846,98.3299181904217,3.572
PRT,2007,4.2,97,95,96,22811.05648443652,2112.52880859,1.35,103.064010620117,99.1678155368085,98.4378342320443,3.657
PRT,2008,4,97,97,97,24949.041356673933,2391.98120117,1.39,104.721168518066,99.1647380215386,98.5442996404821,3.752
PRT,2009,3.9,96,95,96,23151.21541307117,2346.54199219,1.34,107.557548522949,99.163049429434,98.649279909145,3.858
PRT,2010,3.8,98,96,97,22551.935098808972,2259.30371094,1.39,109.032386779785,99.1627697149576,98.7528330142709,3.982
PRT,2011,3.7,97,97,97,23246.542541648112,2255.96923828,1.35,109.955856323242,99.1638655691721,98.8549411407512,4.123
PRT,2012,3.7,98,97,98,20593.4274224109,1976.91479492,1.28,110.881690979004,99.166331194383,98.9556231886088,4.241
PRT,2013,3.6,98,98,98,21676.485964271385,2027.42089844,1.21,119.206550598145,99.1701146660996,99.0548734178937,4.399
PRT,2014,3.6,98,98,98,22120.685012710743,2056.61474609,1.24,114.940048217773,99.1752179705085,99.1527262690652,4.562
PRT,2015,3.6,98,98,98,19215.781301434683,1787.03759766,1.31,116.3916015625,99.1816068105742,99.2491933162673,4.748
PRT,2016,3.6,98,98,98,19980.280886651573,1870.31848145,1.37,115.198280334473,99.1892660271038,99.3443014964216,4.93
PRT,2017,3.6,98,98,98,21442.384276887915,1991.32263184,1.38,117.064079284668,99.1981706237111,99.43806801438,5.103
PRT,2018,3.5,99,99,99,23541.14010752886,2206.71240234,1.42,118.86946105957,99.2082778688964,99.5305100855018,5.276
PRT,2019,3.5,99,99,99,23343.362897003433,2209.50219727,1.44,120.158042907715,99.2195921254353,99.6200248701138,5.422
PRT,2020,3.4,99,99,99,22299.404406217305,2328.35571289,1.42,118.972717285156,99.2320711795606,99.6529221881304,5.576
PRT,2021,3.3,99,98,99,24711.451006211093,2764.04296875,1.35,119.506401062012,99.2456792845516,99.6623109186367,5.711
PRT,2022,3.3,99,98,99,24620.51975871808,2600.56665039,1.43,121.729446411133,99.260406703221,99.6612544387821,5.851
PRT,2023,3.2,99,98,99,27634.6183139773,2762.26293945,1.45,121.013473510742,99.2762210572337,99.6602104639564,NA
PRT,2024,3.2,99,99,99,29292.242104753037,2971.03930664,1.41,NA,99.287612173499,99.6591815840337,NA
PRY,2000,33.6,86,92,86,1736.1172921076502,104.49077606,3.508,65.8415679931641,76.3911610414799,70.767087190756,1.17
PRY,2001,32.8,89,90,90,1637.686151229318,91.8441391,3.361,69.342658996582,77.7732253839347,72.0502385165428,NA
PRY,2002,32,87,86,87,1367.7650693599712,65.0742569,3.233,70.7528381347656,79.1178795847731,73.3060100380697,1.208
PRY,2003,31.3,86,91,86,1443.9988523620518,70.85758209,3.123,68.4177780151367,80.3547889975801,74.4672620916261,NA
PRY,2004,30.5,92,91,92,1786.215339385431,88.10053253,3.053,69.9641571044922,81.5575917746236,75.6031403142363,NA
PRY,2005,29.7,96,91,96,1970.8716985237795,95.1805954,2.973,70.1815185546875,82.7470465879878,76.728771501701,NA
PRY,2006,28.9,98,91,98,2439.4312469457595,122.45078278,2.889,70.2643737792969,83.9229047552195,77.8439277858393,NA
PRY,2007,28.2,95,91,95,3211.9362165954644,161.25285339,2.823,70.6646575927734,85.0852532199197,78.9486876932809,NA
PRY,2008,27.3,89,91,85,4384.9546943780315,220.90351868,2.792,72.4440612792969,86.2343916183711,80.0433396656403,NA
PRY,2009,26.5,86,91,83,3941.848154794308,217.7858429,2.757,73.5109176635742,87.3701346043735,81.1277039466521,NA
PRY,2010,25.7,91,93,89,4750.962736694582,258.43127441,2.695,75.320072641356,88.4925524343049,82.2018433166323,NA
PRY,2011,24.9,92,91,90,5805.401545429248,337.81317139,2.667,78.1639709472656,89.6017300612008,83.2658343869198,NA
PRY,2012,24.2,91,88,90,5642.1699167284605,368.7868042,2.658,85.5904312133789,90.6978954700582,84.3199132953919,1.391
PRY,2013,23.4,91,88,90,6435.683427330044,391.80084229,2.636,NA,91.7766282217671,85.3589778746888,NA
PRY,2014,22.7,93,84,94,6652.254789424609,440.85821533,2.646,NA,92.8421252536178,86.387257170265,NA
PRY,2015,21.9,92,78,93,5879.337923087617,393.42440796,2.645,NA,93.8962871621524,87.4068345992566,NA
PRY,2016,21.2,92,85,93,5775.159633995956,385.52297974,2.624,84.2714777594267,94.939272291061,88.4178947324525,NA
PRY,2017,20.5,91,92,92,6152.267115377905,406.60488892,2.591,NA,95.9709683490468,89.4202504452198,NA
PRY,2018,19.9,88,93,88,6258.449916409836,422.13101196,2.561,NA,96.9920505649968,90.415146711899,1.466
PRY,2019,19.2,86,87,84,5821.181995487379,416.84432983,2.525,NA,98.0247086553271,91.4154881056866,NA
PRY,2020,18.6,79,80,78,5365.472207211041,411.81765747,2.497,88.6356499895332,99.046227094695,92.4079453626308,1.296
PRY,2021,18,70,68,66,5976.93179789949,480.11322021,2.469,91.6603622436523,99.3305060939918,93.3920477799252,3.252
PRY,2022,17.5,69,54,58,6205.625953793195,480.02862549,2.444,87.3263168334961,99.5179999015782,94.2434679233291,3.893
PRY,2023,16.9,71,83,75,6299.990265337135,526.5098877,2.422,81.5245895544797,99.6009612348131,95.2491802778514,NA
PRY,2024,16.3,80,90,80,6416.097089708445,NA,2.416,80.8023312507795,99.6035956651355,95.9347586765151,NA
PSE,2000,30.3,93,93,93,1476.1718500023785,129.54533386,5.457,77.6240234375,92.3932690944566,90.2843720055734,NA
PSE,2001,29.4,97,98,97,1335.5531952935903,127.37930298,5.342,80.3880081176758,92.8828468337993,90.3396200979111,0.837
PSE,2002,28.5,97,94,97,1156.217473457691,118.22906494,5.216,82.0936126708984,93.3711212063226,90.3948305962946,NA
PSE,2003,27.7,98,99,98,1257.6985700968853,111.62216187,5.062,84.433952331543,93.8579862818772,90.4499080847933,NA
PSE,2004,26.8,96,96,96,1422.1908864354425,150.72610474,4.971,87.8212738037109,94.343564925414,90.935395618891,NA
PSE,2005,26,96,98,99,1543.7014139277364,158.43028259,4.867,89.1882629394531,94.8277543650199,91.4202595193558,NA
PSE,2006,25.1,96,99,97,1570.1043996272826,154.09745789,4.739,91.1926574707031,95.3106208970364,91.9045563015934,NA
PSE,2007,24.3,99,98,99,1664.2457166927647,149.22294617,4.627,91.6056976318359,95.7922178892891,92.3883325224338,NA
PSE,2008,23.5,96,96,97,2035.2023412176636,200.96418762,4.509,91.2910003662109,96.2724627426521,92.8715067384258,NA
PSE,2009,22.7,97,97,98,2191.781787368677,221.97026062,4.44,91.1607971191406,96.7516575429854,93.3543676724512,NA
PSE,2010,21.9,99,98,99,2557.075623566985,219.44699097,4.434,90.614418241199,97.2297787451688,93.8369024914522,NA
PSE,2011,21.1,99,99,99,2880.798437079093,308.36453247,4.305,90.4789097664676,97.706730631295,94.3190277945478,NA
PSE,2012,20.3,97,98,98,3067.4387273561442,298.34082031,4.154,89.7635136812524,98.182466002808,94.800706660906,NA
PSE,2013,19.6,99,99,99,3315.2975390928173,327.25717163,4.049,89.3845067710673,98.5793947721918,95.2818879253375,NA
PSE,2014,21.9,99,99,99,3352.112595060428,314.27474976,3.995,89.2406335817968,98.968060270875,95.7625423734235,NA
PSE,2015,18.2,99,99,99,3272.1543236070793,286.91394043,3.977,89.9287548247777,99.2037493504784,96.2425962734405,NA
PSE,2016,17.5,99,99,99,3527.6138241317785,299.4125061,3.887,90.2320188949519,99.3094975837185,96.7220200053128,NA
PSE,2017,16.9,99,99,99,3620.36048715937,310.2114563,3.771,91.1514747935572,99.2241825771885,97.2007822905197,1.774
PSE,2018,16.3,99,99,99,3562.3309427025574,324.02166748,3.674,91.43948440818,99.1372582782546,97.6788204548577,2.168
PSE,2019,15.7,99,99,99,3656.858271370109,317.45007324,3.591,92.1069779946866,99.0486719868248,98.156123198693,NA
PSE,2020,15.2,98,99,98,3233.5686383585844,314.82254028,3.511,92.3509100224999,98.9584055042094,98.6215954059263,NA
PSE,2021,14.6,95,98,95,3678.63565662194,364.4173584,3.442,92.9705244906805,98.8663957531696,99.0621470403227,NA
PSE,2022,14.1,98,97,99,3799.9552701516295,350.63812256,3.375,92.7547421358175,98.7809438464901,99.3771389277401,NA
PSE,2023,41.9,88,89,89,3455.0285291171217,345.67965698,3.311,92.1529721719084,98.7763586678986,99.3925426491979,NA
PSE,2024,37.9,88,89,89,2592.30591217647,NA,3.25,NA,98.7717073984261,99.3950169288026,NA
PSS,2000,28.41778110694965,NA,NA,NA,1686.6057044536876,82.60069113226015,3.8167159507382262,62.3544082641602,87.65444634717613,64.4909219456506,0.354085182664357
PSS,2001,28.013295994962636,NA,NA,NA,1637.0634928456568,79.43358920042235,3.7703242563436743,62.2972602844238,87.68283135316305,64.73163593864585,NA
PSS,2002,27.891139219631253,NA,NA,NA,1695.011497417512,88.38244229715528,3.727823136041954,64.8164520263672,87.70349537543302,64.96220350329497,NA
PSS,2003,27.374614450715317,NA,NA,NA,1997.2805253868944,94.97250341879791,3.688346953216232,65.9099807739258,87.72467752250739,65.4283194703332,NA
PSS,2004,27.275753619167304,NA,NA,NA,2270.7265784360607,116.5189014638028,3.652983690009106,66.4432373046875,87.74825259522437,65.8903396487602,NA
PSS,2005,27.169463778697168,NA,NA,NA,2492.3872407306585,138.54126419965797,3.620763176743996,66.5287170410156,87.73713482021458,66.44958731060142,NA
PSS,2006,27.089525723472672,NA,NA,NA,2586.87375078468,139.54012886685842,3.6050881012102582,68.0545272827148,87.68170192004595,66.89611982877614,NA
PSS,2007,26.867652221087567,NA,NA,NA,2819.697497386453,145.97192020349874,3.5889047245520262,67.9842300415039,87.63033682468203,67.33352294959498,NA
PSS,2008,26.50966186639599,NA,NA,NA,2989.223846767698,150.05037239697884,3.569306766299012,69.6907501220703,87.57467494766294,67.72921122935684,NA
PSS,2009,26.676242429992257,NA,NA,NA,2668.401063609782,146.72159143426782,3.543919508803041,72.1379470825195,87.50836499376783,68.08191465507485,NA
PSS,2010,25.62756263517674,NA,NA,NA,2900.9291941564793,151.41509668475337,3.51570587097517,74.0303497314453,87.40598606041252,68.3199754193594,0.3452722465590315
PSS,2011,25.137819364570568,NA,NA,NA,3339.332612144867,163.35922520777612,3.488205628776062,74.1887435913086,87.27406659432675,68.45000065280144,NA
PSS,2012,24.612251454236393,NA,NA,NA,3493.0870567951056,176.40446656827757,3.4717247393336805,73.3126983642578,87.13848107937561,68.56412764782063,NA
PSS,2013,24.227777348040657,NA,NA,NA,3584.6215764591984,177.07206746615378,3.456544277897576,73.6747207641602,87.05362206272342,68.66284195793304,NA
PSS,2014,23.938467673901368,NA,NA,NA,3846.9115022365895,185.36565323147715,3.4481935933192203,74.1507873535156,86.96522142964297,68.75335065322173,NA
PSS,2015,23.82746812721499,NA,NA,NA,3722.774556591704,177.9951084239845,3.410857002002532,74.3910293579102,86.87289078945788,68.83568566741103,NA
PSS,2016,23.834208986480245,NA,NA,NA,3856.7045906095072,185.4261648109691,3.3598274086753093,74.3553085327148,86.77517963541591,68.90756524405381,NA
PSS,2017,23.94027490875204,NA,NA,NA,4099.799658672674,189.6724469947084,3.294018402984429,74.5658721923828,86.67938894760367,68.79292990556199,NA
PSS,2018,24.11383612400919,NA,NA,NA,4247.090127624896,217.72644323122216,3.2372619244172003,74.8235778808594,86.58338950395655,68.67686899954448,NA
PSS,2019,24.50154721202477,NA,NA,NA,4136.341408941612,226.2640292551557,3.17968996269514,75.1147079467773,86.55036886484024,68.62164564452361,NA
PSS,2020,24.295592618428564,NA,NA,NA,3592.0411050729645,227.8203535980175,3.1447759920452003,75.3268508911133,86.54138647458666,68.52071396913985,NA
PSS,2021,24.19842981760507,NA,NA,NA,3600.81254375167,265.2632330020781,3.1097409827950373,76.0806198120117,86.37826309151295,67.36133512007147,NA
PSS,2022,23.94668111968374,NA,NA,NA,3896.8106084735514,228.2261598673577,3.0672987063962287,80.4202423095703,86.46806695166752,67.05795619021191,NA
PSS,2023,23.54653155169107,NA,NA,NA,4173.799647485125,234.29833683072857,3.028003943391783,85.149528503418,86.50335489835719,66.7578537588005,NA
PSS,2024,23.06308082095736,NA,NA,NA,4453.585612802757,NA,3.00590037111189,84.8050689697266,86.51859591114439,66.55836311346413,NA
PST,2000,7.276250649341822,NA,NA,NA,25890.898639657335,2477.3525640787825,1.6156905623237665,100.875579833984,99.13845465815676,98.84979766724445,2.6793332889314003
PST,2001,7.069959553728543,NA,NA,NA,25517.870855399993,2569.3647772175477,1.5889209744441042,101.341667175293,99.15585561547358,98.86915881265834,NA
PST,2002,6.902663186804956,NA,NA,NA,26484.337833768874,2787.479098763184,1.581329657996117,101.486572265625,99.14741025504745,98.88816233646112,NA
PST,2003,6.7482014678225335,NA,NA,NA,29550.1857442906,3170.042982489725,1.5982496478935029,101.905502319336,99.16205115396278,98.90506482494176,NA
PST,2004,6.626964573066623,NA,NA,NA,32671.08346946736,3488.0996185494,1.612512009719267,101.426467895508,99.14833650629328,98.92782455647034,NA
PST,2005,6.468668457647914,NA,NA,NA,34219.02042374168,3677.644947030878,1.6120114071554554,101.675567626953,99.07041643037188,98.95532470113646,NA
PST,2006,6.332822961750806,NA,NA,NA,35820.425814470946,3878.691844306077,1.657441640353419,101.169761657715,99.06501948656722,98.98196083059366,NA
PST,2007,6.161999409788126,NA,NA,NA,38870.36361103179,4209.531533803272,1.685451748327418,101.323890686035,99.0630382336114,99.00602657380304,NA
PST,2008,6.020572012866746,NA,NA,NA,40922.25375440489,4500.160349369702,1.6981163842683964,101.652656555176,99.06130010172966,99.0294505009854,NA
PST,2009,5.8901746414079685,NA,NA,NA,38339.40656303668,4573.818516271661,1.6724558748924836,102.090309143066,99.0590674113918,99.05125504245372,NA
PST,2010,5.681483481441331,NA,NA,NA,39801.864114779426,4725.5918738391765,1.6607904288545952,102.783782958984,99.0796238882761,99.07240342187096,3.1497098953936633
PST,2011,5.573776405706462,NA,NA,NA,42635.82208646035,5082.951261591563,1.644714299501641,102.406517028809,99.0987769115498,99.0861907676973,NA
PST,2012,5.412819264873359,NA,NA,NA,42374.82236534191,5103.1254329136445,1.651743684160021,102.461280822754,99.1181462224558,99.09942515155664,NA
PST,2013,5.309228324569905,NA,NA,NA,42643.09961830404,5127.106902534835,1.6253509687865575,105.584037780762,99.15084789851048,99.11344476553374,NA
PST,2014,5.210944235254244,NA,NA,NA,43322.202973892425,5284.817134080915,1.633110462358218,105.992668151855,99.17215731992704,99.126653080472,NA
PST,2015,5.151576044063491,NA,NA,NA,40775.9479386213,5112.939391827643,1.6286368894785297,105.723571777344,99.2125871376701,99.13851716568664,NA
PST,2016,5.061269258860406,NA,NA,NA,41502.222289552185,5275.021859837753,1.6223158231477155,105.410469055176,99.25209594056074,99.15026725522344,NA
PST,2017,4.974081204262216,NA,NA,NA,43114.268852139234,5452.605760151474,1.5802812545205869,105.532516479492,99.29101045515874,99.16109676024962,NA
PST,2018,4.9066724418554335,NA,NA,NA,45535.8018785923,5718.616548751384,1.5502345221157423,104.895156860352,99.3293961422277,99.17148845438015,NA
PST,2019,4.886687192856855,NA,NA,NA,45840.35361147638,5831.504949175904,1.519168335208554,104.926292419434,99.36693169899466,99.19258978207282,NA
PST,2020,4.8582134423463845,NA,NA,NA,44743.73893243104,6358.753246011099,1.474643364711838,104.928176879883,99.40390049957638,99.19719542269786,NA
PST,2021,4.841434347760527,NA,NA,NA,49855.22693965961,6913.6959237279425,1.4890303157334328,105.48853302002,99.44349767661504,99.19966828039148,NA
PST,2022,4.863974697976072,NA,NA,NA,50969.80164101397,7086.3586084443195,1.4415144042267036,104.618598937988,99.49498710932824,99.221738738143,3.7157316005802414
PST,2023,4.863679074558073,NA,NA,NA,53813.741830867744,7413.554357614571,1.3972392364959667,103.374778747559,99.52633858070848,99.23048515128797,NA
PST,2024,4.861204040017024,NA,NA,NA,55644.31478993401,NA,1.3861901674130443,103.405113220215,99.52808729854372,99.2395483379772,NA
PYF,2000,NA,NA,NA,NA,14978.324104667972,NA,2.596,NA,100,97.7746162663413,1.697
PYF,2001,NA,NA,NA,NA,14640.936006229802,NA,2.523,NA,100,97.763585986455,NA
PYF,2002,NA,NA,NA,NA,16004.058329211186,NA,2.425,NA,100,97.7525557065687,NA
PYF,2003,NA,NA,NA,NA,19582.89363953116,NA,2.26,NA,100,97.7415254266824,NA
PYF,2004,NA,NA,NA,NA,21764.2203208782,NA,2.198,NA,100,97.7304951467961,NA
PYF,2005,NA,NA,NA,NA,21984.193623071948,NA,2.181,NA,100,97.7194648669098,NA
PYF,2006,NA,NA,NA,NA,22330.86766590555,NA,2.217,NA,100,97.7084345870236,NA
PYF,2007,NA,NA,NA,NA,24888.17813373606,NA,2.122,NA,100,97.6974043071373,NA
PYF,2008,NA,NA,NA,NA,26592.026283573166,NA,2.195,NA,100,97.686374027251,NA
PYF,2009,NA,NA,NA,NA,24434.21975552078,NA,2.148,NA,100,97.6753437473647,NA
PYF,2010,NA,NA,NA,NA,22494.80670618603,NA,2.165,NA,100,97.6643134674784,NA
PYF,2011,NA,NA,NA,NA,22831.518534852352,NA,2.061,NA,100,97.6532831875921,NA
PYF,2012,NA,NA,NA,NA,20846.545747836444,NA,2.026,NA,100,97.6422529077059,NA
PYF,2013,NA,NA,NA,NA,21955.63292640951,NA,1.937,NA,100,97.6312226278196,NA
PYF,2014,NA,NA,NA,NA,22258.632138425084,NA,1.957,NA,100,97.6201923479333,NA
PYF,2015,NA,NA,NA,NA,19166.959476193068,NA,1.872,NA,100,97.609162068047,NA
PYF,2016,NA,NA,NA,NA,19690.077573458868,NA,1.763,NA,100,97.5981317881607,NA
PYF,2017,NA,NA,NA,NA,20826.93124921722,NA,1.669,NA,100,97.5871015082744,NA
PYF,2018,NA,NA,NA,NA,21925.616043938026,NA,1.645,NA,100,97.5760712283881,NA
PYF,2019,NA,NA,NA,NA,21582.58920468011,NA,1.567,NA,100,97.5650409485018,NA
PYF,2020,NA,NA,NA,NA,19966.48385038589,NA,1.57,NA,100,97.5540106686156,NA
PYF,2021,NA,NA,NA,NA,21426.385444983494,NA,1.532,NA,100,97.5429803887293,NA
PYF,2022,NA,NA,NA,NA,20053.95693693217,NA,1.515,NA,100,97.531950108843,NA
PYF,2023,NA,NA,NA,NA,21832.283179556853,NA,1.501,NA,100,97.5209198289567,NA
PYF,2024,NA,NA,NA,NA,22439.883874602452,NA,1.491,NA,100,97.5098895490704,NA
QAT,2000,12.5,80,91,91,27535.182940934046,553.08605957,3.073,NA,99.9029247892536,99.9365492602027,NA
QAT,2001,12,93,92,93,25870.799186431443,598.73602295,3.08,98.1914596557617,99.9029247892536,99.9365492602027,2.217
QAT,2002,11.6,96,99,96,27226.659351011684,668.85986328,3.011,98.5448684692383,99.9029247892536,99.9365492602027,NA
QAT,2003,11.2,92,93,93,31602.470865136,1115.45336914,2.925,100.580139160156,99.9029247892536,99.9365492602027,NA
QAT,2004,10.8,96,99,95,41035.50083801774,1261.61999512,2.794,101.124069213867,99.9029247892536,99.9365492602027,NA
QAT,2005,10.4,97,99,98,53949.676409114654,1386.015625,2.635,102.335876464844,99.9029247892536,99.9365492602027,2.605
QAT,2006,10.1,96,99,95,62582.445313875534,1378.9296875,2.509,101.799743652344,99.9029247892536,99.9365492602027,2.378
QAT,2007,9.8,94,92,97,65954.3419525051,1301.49682617,2.438,100.888458251953,99.9029247892536,99.9365489991929,NA
QAT,2008,9.6,97,96,98,80781.4039187792,1292.60046387,2.369,102.374160766602,99.9029247892536,99.9365487381809,3.231
QAT,2009,9.3,99,99,98,60785.73515516575,1325.43005371,2.254,99.5016098022461,99.9090710287163,99.9365484771668,3.232
QAT,2010,9.1,97,99,98,76462.61194867358,1309.79272461,2.137,99.4061618062088,99.915217268179,99.9365482161506,4.048
QAT,2011,8.9,93,98,92,103261.51029306756,1482.28308105,2.07,96.5915891409608,99.9213635076417,99.9365479551322,NA
QAT,2012,8.7,92,97,93,108470.38702322898,1712.67089844,2.04,102.69592476489,99.9275097471044,99.9365476941116,NA
QAT,2013,8.4,97,97,99,103697.06278914356,2029.8659668,2.032,100.272006631781,99.9336559865671,99.9365474330889,NA
QAT,2014,8.1,89,99,99,95840.68989342384,2252.4140625,2.03,97.8229904174805,99.9398022260297,99.9365471720641,1.927
QAT,2015,7.8,99,99,99,68985.2433380102,2422.64453125,1.976,102.855682373047,99.9459484654924,99.9365469110371,NA
QAT,2016,7.5,98,99,98,61253.621799709115,2072.06103516,1.856,101.471275105091,99.9520947049551,99.936546650008,2.751
QAT,2017,7.1,97,99,97,63279.87674862159,1911.95361328,1.834,102.250071204785,99.9582409444178,99.9365463889767,NA
QAT,2018,6.8,98,99,98,71039.93082400775,1966.55712891,1.756,101.167953667954,99.9643871838805,99.9365461279432,2.504
QAT,2019,6.6,98,99,99,66841.3623185691,2007.51525879,1.731,106.114051818848,99.9705334233432,99.9365458669077,NA
QAT,2020,6.3,89,90,89,51683.56810789495,1967.15197754,1.675,104.936542983826,99.9766796628058,99.9365456058699,NA
QAT,2021,6.2,98,99,98,71751.93633988561,1847.00231934,1.605,94.4009874257502,99.9828259022685,99.9365453448301,NA
QAT,2022,6.1,98,99,99,88701.4689763536,1781.50390625,1.739,103.828099708644,99.9889721417312,99.936545083788,NA
QAT,2023,6,95,99,98,81816.97979674811,1804.35424805,1.729,100.555801391602,99.9889721417312,99.936545083788,3.022
QAT,2024,5.9,96,99,98,76688.69417431785,NA,1.717,99.5586624145508,99.9889721417312,99.936545083788,NA
ROU,2000,21.4,99,98,99,1659.929049105278,69.89345551,1.31,NA,99.9999987242735,NA,1.961
ROU,2001,20.6,99,98,99,1825.192993731835,78.8175354,1.27,83.997932434082,99.9999999643589,74.1221850215514,1.988
ROU,2002,20.2,98,98,98,2119.8550968455434,96.57698822,1.27,85.8472137451172,100,74.0945506298244,2.104
ROU,2003,19.9,97,97,97,2679.4062601615437,143.54553223,1.3,85.0776214599609,100,74.1452194428032,2.007
ROU,2004,19.3,97,97,97,3494.9905644895534,190.7950592,1.33,83.237922668457,100,74.1955058645708,2.25
ROU,2005,18.2,97,97,97,4618.003508029132,254.52961731,1.4,81.6252365112305,99.9999985637019,74.2457870285484,2.234
ROU,2006,16.7,97,95,97,5757.531273011785,291.00408936,1.42,85.9666519165039,99.9999973631177,75.1835159880533,2.231
ROU,2007,15.2,96,97,96,8360.337759165957,415.06790161,1.45,83.9815826416016,99.9999991390449,76.118166846837,2.309
ROU,2008,13.9,96,96,95,10435.15612307872,521.31561279,1.6,94.1028213500977,100,77.0497373536879,2.426
ROU,2009,13,95,96,95,8548.454340924196,449.37692261,1.66,103.092918395996,99.9999988230142,77.9782248834449,2.449
ROU,2010,12.4,94,95,94,8399.537423428405,472.20751953,1.59,101.837959289551,99.999996291155,78.9036342216492,2.485
ROU,2011,11.8,89,93,89,9560.675527745803,426.59973145,1.47,99.8830795288086,100,79.8259688450856,2.522
ROU,2012,11.2,91,94,92,8929.953662314741,401.67105103,1.52,96.6138229370117,100,80.7099325881725,2.598
ROU,2013,10.6,92,92,88,9497.674116152371,495.23623657,1.46,94.7376480102539,99.9999994937801,81.5787881318127,2.633
ROU,2014,9.9,94,89,94,10031.771075540391,503.34753418,1.56,92.9854202270508,100,82.4485173692872,2.69
ROU,2015,9.2,89,86,89,8977.017481581965,442.24038696,1.62,91.041862487793,99.9999977589851,83.3255001952095,2.758
ROU,2016,8.5,89,86,89,9404.540058707147,476.24505615,1.69,88.5227890014648,99.99999889392,84.2094124497179,2.83
ROU,2017,7.9,82,87,82,10727.982200742588,555.11309814,1.78,88.4959869384766,99.9999969050607,85.0986005989272,2.912
ROU,2018,7.3,86,90,86,12416.134317958962,687.15411377,1.76,86.5674591064453,100,85.9929537766502,3.028
ROU,2019,6.8,88,90,88,12909.610401324388,738.5581665,1.77,86.5128479003906,99.9999999599391,86.8911090946585,3.165
ROU,2020,6.5,87,87,87,13009.177057322291,809.58880615,1.8,86.8440933227539,99.9999987108397,87.7922191507809,3.307
ROU,2021,6.4,86,86,86,14907.980365214296,963.01287842,1.81,86.4143218994141,100,88.6956428751098,3.486
ROU,2022,6.6,85,83,85,15503.551804597972,902.2677002,1.71,83.2872314453125,100,89.6004899502368,3.625
ROU,2023,6.9,79,78,79,18244.418687632093,1050.99755859,1.54,81.8756637573242,99.9999974664564,90.505532492932,NA
ROU,2024,7.3,79,78,79,20080.209621559497,NA,1.39,NA,99.9999994247989,90.5413612422841,NA
RUS,2000,19.4,96,97,97,1771.59411621094,95.20859528,1.195,NA,96.4118385935672,NA,4.636
RUS,2001,18.4,96,97,97,2100.3525390625,117.87785339,1.223,NA,96.4115548229706,NA,4.639
RUS,2002,17.3,97,98,97,2377.52954101563,140.05729675,1.286,NA,96.4240617687704,81.6606940878558,4.676
RUS,2003,16.1,96,98,97,2975.123046875,163.31135559,1.319,94.4848098754883,96.4392520827246,81.6655198787968,4.705
RUS,2004,15,97,98,98,4102.36474609375,207.61283875,1.344,87.7309417724609,96.4554492200494,81.6723116501913,4.74
RUS,2005,13.9,98,99,98,5323.455078125,270.1439209,1.294,86.1054534912109,96.471709178474,81.6791040024383,4.774
RUS,2006,12.8,98,99,98,6920.19970703125,350.84014893,1.305,85.6202087402344,96.4880294929915,81.6858939304323,4.873
RUS,2007,12,98,99,98,9101.2392578125,459.60296631,1.416,85.5552978515625,96.5044115144395,82.2454451048795,4.917
RUS,2008,11.3,98,99,98,11635.2841796875,606.77508545,1.502,85.5771331787109,96.5208597996727,82.8056855793495,4.894
RUS,2009,10.7,98,98,98,8562.82421875,513.91033936,1.542,88.4459609985352,96.5372935100773,83.3664393165315,4.944
RUS,2010,10.4,97,98,98,10674.990234375,564.30065918,1.567,NA,96.5538627864381,83.92804330417,4.973
RUS,2011,10.2,97,98,97,14305.33203125,681.04345703,1.582,93.4703613490167,96.5704996927268,84.4903383941057,4.22
RUS,2012,9.9,97,98,98,15401.8515625,755.48553467,1.691,94.4915054288516,96.5883061212066,85.0560724272836,4.003
RUS,2013,9.5,97,98,98,15941.4482421875,805.52130127,1.707,95.1585451333232,96.6072317213123,85.6253629696735,3.987
RUS,2014,8.9,97,98,97,14055.47265625,736.32177734,1.75,94.7123193518247,96.6274699098944,86.1989352053169,4.12
RUS,2015,8.2,97,98,97,9277.7138671875,496.94955444,1.777,95.5388063257807,96.6488882039926,86.7766922089747,3.925
RUS,2016,7.5,97,98,97,8663.158203125,463.29275513,1.762,95.5642562629198,96.6715881856809,87.3591528902794,3.964
RUS,2017,6.9,97,98,96,10658.9130859375,577.06811523,1.621,96.9046880348653,96.6956032384839,87.9466409875352,4.058
RUS,2018,6.4,97,98,96,11211.8876953125,606.11401367,1.579,98.3779350439121,96.7208870647795,88.5392414303968,4.097
RUS,2019,6,97,98,96,11447.701171875,650.47058105,1.504,99.6904540870663,96.7474557360286,89.1372417555839,4.165
RUS,2020,5.7,97,97,97,10108.3271484375,814.94451904,1.505,91.1345354950116,96.7753426009288,89.7409453652069,3.807
RUS,2021,5.5,97,97,97,12425.029296875,881.74395752,1.505,91.4263276032683,96.8045794762189,90.3506542509722,5.087
RUS,2022,5.4,97,97,97,15619.6142578125,1082.82104492,1.416,91.9435067815037,96.8350937043226,90.9663797021895,5.111
RUS,2023,5.3,97,97,97,14159.3876953125,1003.33166504,1.41,91.6148817164136,96.8670125138165,91.5886930920727,NA
RUS,2024,5.2,97,97,97,14889.0185546875,NA,1.418,NA,96.9002616074642,92.2175878296841,NA
RWA,2000,184.2,90,74,90,251.8692638609096,9.00399399,5.967,9.83563995361328,47.5705840769265,43.8876413678193,NA
RWA,2001,166.5,77,69,76,237.30884620090103,7.86746025,5.893,10.7198896408081,48.3703423230961,45.6902028796929,NA
RWA,2002,149.1,88,69,85,234.0430167557329,7.32393837,5.816,11.7095804214478,49.1857227790083,47.4611936352188,0.019
RWA,2003,132.7,96,90,96,249.0122749822519,17.25927353,5.737,12.5666799545288,49.7561626350801,49.0827278042719,NA
RWA,2004,117.5,89,84,89,269.54044633340214,20.23413277,5.64,14.3445196151733,50.2902032669002,50.6829486597842,0.049
RWA,2005,104.5,95,89,95,324.0168638471888,25.02086639,5.5,15.3492403030396,50.8247607465071,52.2806585813749,0.024
RWA,2006,93.4,99,95,99,356.99502290115373,27.1564312,5.335,17.1692695617676,51.3601414899442,53.8759294452882,NA
RWA,2007,84.1,97,94,98,426.2341834876285,33.50738907,5.141,19.1066493988037,51.89573756501,55.4685962150806,NA
RWA,2008,76,97,92,97,528.3263917555024,39.94568634,4.922,20.7493991851807,52.431851071574,57.0587484402126,0.052
RWA,2009,69.1,97,95,93,564.039095842449,43.99641418,4.707,25.5202293395996,52.9687937725955,58.6463993130751,0.055
RWA,2010,63.3,97,95,93,593.6249277443457,47.96871567,4.522,32.039680480957,53.5059466163751,60.2315011971765,0.055
RWA,2011,58.1,97,95,93,651.1336779646617,51.64939499,4.332,36.7639312744141,54.0436163513461,61.8140834716847,0.0129
RWA,2012,54.2,98,97,98,706.8172691685614,57.26393127,4.201,31.5941295623779,54.5821211607428,63.3941024387453,NA
RWA,2013,51.4,98,95,98,704.9242185112298,47.75388718,4.136,31.6404940535794,55.1208311821785,64.9716279211285,0.1
RWA,2014,49.2,98,97,98,724.9575265209055,50.63835144,4.117,43.2179310615644,55.6650639617623,66.5451269597636,0.089
RWA,2015,47.3,98,96,99,733.9986298824938,48.81296921,4.108,40.5258619158058,56.2151798036552,68.1134578237063,0.11
RWA,2016,45.8,98,95,99,729.5191338129448,43.54212189,4.106,39.8630035289782,56.7706115569257,69.6758086260828,0.12
RWA,2017,44.7,98,97,98,758.3009665096474,40.76682663,4.084,41.5758285639592,57.3320450944617,71.2308954690674,0.135
RWA,2018,43.7,97,99,97,771.7735112073091,42.11674881,4.047,43.2482338226061,57.8995436163309,72.7776126104957,0.132
RWA,2019,42.7,98,96,98,810.051412137354,39.81322098,3.985,46.5223774240521,58.4728536131809,74.315049479233707,0.117
RWA,2020,41.6,91,94,91,778.7014989250262,45.15266418,3.913,NA,59.0523587439994,75.8419280137536,0.116
RWA,2021,40.6,88,87,88,829.5448452636966,51.64677429,3.841,47.0146410981496,59.6381227763257,77.3571126484404,0.121
RWA,2022,39.7,98,99,97,975.4693237353686,57.83102036,3.778,47.5004278023246,60.2302194003015,78.8594683891809,0.09
RWA,2023,38.8,94,96,94,1027.0344682656455,52.65630722,3.698,48.7785157251447,60.8290423575481,80.3475631851087,NA
RWA,2024,37.7,98,97,98,999.6545616554698,NA,3.645,53.3234802182678,61.392176021167,81.3307323783745,NA
SAS,2000,90,NA,NA,NA,440.4679189109308,17.595250950492808,3.3339535609072497,40.5729293823242,81.20071070985135,16.647837112393844,NA
SAS,2001,86.1,NA,NA,NA,446.4189193488709,18.66102169874115,3.2830838840058787,40.8564796447754,81.72523891657457,19.05394541811972,NA
SAS,2002,82.4,NA,NA,NA,462.89883649667195,19.146394106519185,3.198283540940268,43.2442016601562,82.35906574980307,21.619434259999604,NA
SAS,2003,78.9,NA,NA,NA,532.6615468442899,20.74019255485845,3.1034343310219836,46.8258094787598,82.99142974174993,24.198682155671964,NA
SAS,2004,75.6,NA,NA,NA,606.478041696258,23.606283213249675,3.025416283488479,47.6684112548828,83.62185238078986,26.793637952932805,NA
SAS,2005,72,NA,NA,NA,686.3381934754725,25.996352141638432,2.936879897226141,50.1592597961426,84.25423330541584,29.436062088585853,NA
SAS,2006,68.7,NA,NA,NA,769.3787043135121,27.819739595016085,2.8469728538189902,51.1434783935547,84.88485052420403,32.09756687783882,NA
SAS,2007,65.5,NA,NA,NA,967.6979115612828,33.61637146533922,2.756696545214091,53.7980499267578,85.51385559372606,34.77807100757967,NA
SAS,2008,62.4,NA,NA,NA,958.2755114602973,35.899178489983726,2.6890508251575462,57.021728515625,86.14136386929854,37.477021661973986,NA
SAS,2009,59.4,NA,NA,NA,1054.4355588574476,36.606604349459154,2.644431807276806,57.7675285339355,86.76648368082688,40.1929257302588,NA
SAS,2010,56.3,NA,NA,NA,1294.02734404973,42.987578932806095,2.5657477903097714,61.3690986633301,87.38946561701242,42.92620659967137,NA
SAS,2011,53.4,NA,NA,NA,1397.0068255099857,46.372331984182686,2.500225143663022,63.5410003662109,88.01166057428684,45.67716614078108,NA
SAS,2012,50.5,NA,NA,NA,1387.1820595662482,46.61526345561053,2.4417782399693593,66.3012619018555,88.63377841865507,48.44772327421198,NA
SAS,2013,47.7,NA,NA,NA,1405.8407235792963,53.36915118884254,2.3782720652908114,68.1774368286133,89.2557938947371,51.21812448759882,NA
SAS,2014,45.1,NA,NA,NA,1528.492087334083,54.57702723047961,2.28396274115946,73.1499404907227,89.87580732593335,54.02566578094836,NA
SAS,2015,42.6,NA,NA,NA,1570.5414246291698,56.74170522037675,2.278910705778888,73.1828765869141,90.49438452681348,56.84937402008151,NA
SAS,2016,40.3,NA,NA,NA,1722.9070341514437,58.84707149539362,2.273306013515504,74.9855804443359,91.11094518381164,59.689489068752955,NA
SAS,2017,38.1,NA,NA,NA,1956.0670755418591,56.503092929653384,2.1915817190329814,73.732780456543,91.725355663911,62.544665438374935,NA
SAS,2018,36,NA,NA,NA,1988.3663331799023,57.62719374965459,2.181340599242965,75.2186279296875,92.33749662975438,65.41313863422134,NA
SAS,2019,34.1,NA,NA,NA,2067.059756876371,60.40975479402492,2.1240762325639304,75.2787170410156,92.947203002823,68.2929375209308,NA
SAS,2020,32.4,NA,NA,NA,1957.2034372268604,63.7995398712069,2.0601938222645657,76.702880859375,93.55373228273284,71.09045393644773,NA
SAS,2021,30.8,NA,NA,NA,2273.720557986887,75.46533440214824,2.0310299036198813,78.1247634887695,94.15722737847602,73.86133860849374,NA
SAS,2022,29.3,NA,NA,NA,2385.083418962715,79.99196589363645,2.0140117130997486,79.9995727539062,94.75681009631772,76.62490024242,0.7340491510181254
SAS,2023,28,NA,NA,NA,2532.389889933059,82.48698595745246,1.995564419989333,78.5853118896484,95.35002909138278,79.37995942279346,NA
SAS,2024,26.8,NA,NA,NA,2690.0788374900285,NA,1.980991877975989,78.1734237670898,95.9353546635494,81.9597200048579,NA
SAU,2000,21.9,95,94,95,11714.562367515857,493.36984253,4.206,NA,99.0787561449635,NA,0.924
SAU,2001,20.6,97,94,97,10805.311325121997,482.10446167,3.964,NA,99.0771228125944,NA,0.849
SAU,2002,19.4,95,97,95,10586.05434713628,449.84130859,3.709,NA,99.0755044509286,NA,NA
SAU,2003,18.4,95,96,95,11487.22041069298,457.08770752,3.465,NA,99.0738918579441,NA,NA
SAU,2004,17.3,96,97,96,13154.497898944626,471.45797729,3.264,NA,99.0722920952378,NA,NA
SAU,2005,16.3,96,97,96,15975.747378225802,545.73571777,3.161,98.349739074707,99.0706866241394,NA,NA
SAU,2006,15.4,96,95,96,17563.614537063942,634.81872559,3.176,NA,99.0690879620457,NA,NA
SAU,2007,14.5,96,96,96,18596.15026278984,662.00793457,3.185,NA,99.0674880275407,NA,NA
SAU,2008,13.7,98,97,98,22320.48889643311,663.14331055,3.074,NA,99.06590853272,NA,1.971
SAU,2009,12.9,98,98,98,17718.391164836474,760.19476318,2.95,106.745018005371,99.064350805569,NA,1.937
SAU,2010,12.1,98,98,98,22028.390142658573,765.91680908,2.81,NA,99.0628033442544,NA,2.244
SAU,2011,11.4,98,98,98,27126.74987477018,954.38873291,2.8,NA,99.0612486326725,NA,2.27
SAU,2012,10.8,98,98,98,28733.437551345218,1093.15588379,2.78,NA,99.0596929684961,NA,2.273
SAU,2013,10.1,98,98,98,27865.465604962024,1189.67932129,2.67,93.2386305984536,99.0581282049423,97.5515166629486,2.426
SAU,2014,9.6,98,98,98,27805.48503194224,1363.59155273,2.68,98.8259666809098,99.0565545012609,97.5565788684819,2.371
SAU,2015,9,98,98,97,23256.154955353068,1309.27148438,2.63,103.193475670071,99.054985329852,97.5616457387732,2.444
SAU,2016,8.5,98,98,97,22267.721705038737,1353.21813965,2.65,106.195082803448,99.0534091692416,97.5667358551859,2.466
SAU,2017,8,98,96,97,23929.290713598155,1400.90356445,2.67,107.213197631228,99.05183493953,97.5718278390654,2.676
SAU,2018,7.6,96,98,98,29360.065896856635,1488.9753418,2.67,106.805095615016,99.0502504705906,97.5769396449473,2.899
SAU,2019,7.2,96,95,97,29566.79338274359,1504.55249023,2.49,104.201619656228,99.0486721197549,97.5820275772784,2.633
SAU,2020,6.9,95,96,95,24338.830730106733,1574.70068359,2.27,103.703644184464,99.0470900170106,97.5871417429561,3.076
SAU,2021,6.7,97,98,97,31920.765365564308,1654.74353027,2.17,102.31567264971,99.0455148837977,97.5922328659359,3.2
SAU,2022,6.4,98,98,98,38510.22762110374,1830.89074707,2.14,120.79801594321,99.043936969943,97.5973210358859,3.482
SAU,2023,6.2,97,97,96,36156.848337700976,1825.2545166,2.28,NA,99.042358768417,97.6024090977173,3.406
SAU,2024,6,97,96,97,35121.66286877422,NA,2.308,110.795878250097,99.0407817713525,97.6074983619299,NA
SDN,2000,102,62,58,62,362.116882324219,13.99440289,5.596,NA,45.7431194646581,17.3575354903131,0.158
SDN,2001,98.6,66,58,66,451.293304443359,15.18372345,5.562,29.0130805969238,45.7567441742092,17.374607093096,NA
SDN,2002,95.2,60,58,60,506.262634277344,16.70709991,5.531,31.4626502990723,45.77036959065181,17.3916786977486,NA
SDN,2003,91.9,69,65,69,580.320251464844,22.58504868,5.489,31.7940292358398,45.7839943368364,17.4087500196024,NA
SDN,2004,101.1,74,67,74,705.113342285156,29.30404472,5.455,34.8905601501465,45.797621974813,17.4258224608883,0.247
SDN,2005,98.8,78,69,78,905.543640136719,37.07490158,5.397,34.6907081604004,46.740256350294,19.1365769047278,NA
SDN,2006,83,78,73,77,1132.474609375,55.32660294,5.332,33.4989814758301,47.6822962076852,20.8471551509776,0.346
SDN,2007,80.4,84,79,84,1444.37219238281,81.79016876,5.27,32.034049987793,48.6237396738538,22.8360801058185,0.346
SDN,2008,77.9,86,79,85,1527.58239746094,82.84276581,5.212,33.5710983276367,49.5645926938442,24.8798414748603,0.322
SDN,2009,75.5,81,82,81,1178.22180175781,80.00441742,5.173,36.356689453125,50.5096584321663,26.985005939161,NA
SDN,2010,73.4,90,90,90,1305.63598632813,73.60398865,5.141,36.596378326416,51.4588123551418,29.1517069072564,NA
SDN,2011,71.3,93,87,93,1332.6572265625,80.37197876,5.087,33.5257797241211,52.4116810019842,31.3797006029968,NA
SDN,2012,69.3,92,85,92,1019.22210693359,75.40776825,5.031,36.8792190551758,53.3676832487134,33.6683780592082,NA
SDN,2013,67.3,93,85,93,1138.62780761719,97.4931488,4.965,39.7228088378906,54.3266708008702,36.0176959149453,NA
SDN,2014,65.4,94,86,94,1275.43835449219,88.78498077,4.912,40.006519317627,55.2880772698351,38.4269401247106,NA
SDN,2015,63.5,93,87,93,1292.37963867188,93.69657135,4.898,42.1506309509277,56.2519336312621,40.8962454458167,0.396
SDN,2016,61.6,93,87,93,1033.21594238281,89.39633942,4.829,40.467399597168,57.2176665079602,43.424779800547,NA
SDN,2017,59.7,95,90,95,966.505676269531,67.75476837,4.761,43.3027687072754,58.1849054905312,46.0119565679027,0.25
SDN,2018,57.8,93,88,93,731.027465820313,33.88366699,4.681,42.4490699768066,59.1534610514816,48.6574194730533,NA
SDN,2019,56.1,93,90,93,709.975280761719,31.79406929,4.617,44.8803787231445,60.1227730186922,51.3601722607621,NA
SDN,2020,54.3,90,86,90,577.795227050781,22.91861534,4.542,NA,61.0926356052486,54.1197261681039,NA
SDN,2021,52.7,84,81,85,712.122009277344,21.69141006,4.457,NA,62.0626646208018,56.9352476681987,NA
SDN,2022,51,84,80,85,1046.24084472656,25.75139618,4.384,NA,63.032473791163,59.8058415120202,NA
SDN,2023,63.1,51,51,53,797.283447265625,21.0830822,4.323,NA,64.0016697422779,62.7305457858252,NA
SDN,2024,61.6,39,46,40,984.607666015625,NA,4.264,NA,64.8917129502851,65.7085965688426,NA
SEN,2000,128.9,52,48,49,603.2331624551578,21.41570663,5.498,11.979640007019,59.7997359655038,36.6397850159843,NA
SEN,2001,121.7,52,48,49,637.2135305637236,23.45893669,5.397,12.332010269165,60.9066465806354,37.6230679917559,NA
SEN,2002,113.2,60,54,60,669.4304473192087,26.46221161,5.301,13.5592498779297,62.0161291286122,38.6343782520626,NA
SEN,2003,104.2,73,60,73,817.8880342214424,35.14493942,5.246,NA,63.1942453922298,39.7038070707232,NA
SEN,2004,95.5,87,57,87,918.1020795221552,41.94406128,5.192,16.6612892150879,64.4218461577163,40.8160197921212,0.054
SEN,2005,87.6,84,74,84,979.846101520171,36.00606155,5.133,18.9345207214356,65.6454033379623,41.9259089969181,NA
SEN,2006,80.8,89,80,89,1017.2019674798736,38.28113556,5.064,20.7912902832031,66.865607080287,43.0340621400577,NA
SEN,2007,75,94,84,93,1188.9387780817513,40.60185623,5.018,NA,68.0818461765574,44.1399592498468,NA
SEN,2008,70.1,88,77,87,1398.7921801002094,49.05390167,5.024,27.028829574585,69.2939508159691,45.2434542159987,0.062
SEN,2009,66.1,86,79,83,1308.6940433620512,50.27443314,5.025,NA,70.5013902121975,46.3440817777614,NA
SEN,2010,62.8,89,81,76,1275.883574923571,51.38805008,5.055,34.5189208984375,71.7047289784237,47.4423428976999,NA
SEN,2011,60,92,84,89,1374.6759187384446,57.93114853,5.099,40.7124286126975,72.9034178534763,48.5377592186689,NA
SEN,2012,57.6,91,83,83,1326.837988483788,56.61458969,5.129,44.9835760823554,74.0969620089046,49.6298898995035,NA
SEN,2013,55.5,92,84,89,1379.831965539237,60.51578903,5.049,48.301600402966,75.2855370773077,50.7188973203129,0.3179
SEN,2014,53.7,89,80,85,1398.891376013819,61.40605545,4.884,50.5133794878854,76.46896680992,51.8046299171747,NA
SEN,2015,52.2,89,80,85,1218.0061355543774,53.32304382,4.751,NA,77.649320243194,52.8890432398602,0.2074
SEN,2016,50.8,93,93,92,1266.439571515872,53.90053558,4.648,NA,78.8258139339832,53.9714940731355,0.077
SEN,2017,49.4,93,90,91,1356.8051844903102,56.49185944,4.489,NA,79.9984726874606,55.0521038030032,0.069
SEN,2018,47.9,92,86,92,1452.556125624453,64.37467957,4.294,NA,81.1662422601817,56.1299701818744,NA
SEN,2019,46.2,91,86,97,1431.1812893215913,64.33670807,4.1,47.6122826558931,82.3288600505419,57.204943845452,0.088
SEN,2020,44.2,83,82,94,1461.087203505526,75.16521454,4.003,48.7408134468399,83.4855735664121,58.276399086684,0.082
SEN,2021,42.2,85,88,89,1598.1067695227428,71.12162781,3.936,50.1069716907194,84.636074800772,59.3441523766207,0.099
SEN,2022,40.1,93,87,92,1574.0281059305996,63.44842529,3.864,51.0293572947889,85.7796288430834,60.407587055533,0.124
SEN,2023,38.2,92,87,92,1698.0338730084263,73.22670746,3.818,50.2150531512901,86.915566820325,61.4661335345473,0.109
SEN,2024,36.5,91,87,91,1773.218299234481,NA,3.765,NA,88.0435670438381,62.5195952667746,NA
SGP,2000,3.9,98,96,98,23852.83895147527,796.03100586,1.6,NA,100,100,1.382
SGP,2001,3.6,96,95,95,21699.741486890685,690.01330566,1.41,NA,100,100,1.439
SGP,2002,3.4,94,94,94,22159.837371063877,749.44445801,1.37,NA,100,100,1.454
SGP,2003,3.2,96,93,96,23730.384005456584,851.10961914,1.27,NA,100,100,1.521
SGP,2004,3.1,95,95,95,27608.08001342299,868.43688965,1.26,NA,100,100,1.556
SGP,2005,3,96,96,96,29961.317281273157,908.3760376,1.26,NA,100,100,1.581
SGP,2006,2.9,95,95,95,33768.452823465144,989.73895264,1.28,NA,100,100,1.573
SGP,2007,2.9,97,95,97,39432.88601988765,1116.97937012,1.29,NA,100,100,1.606
SGP,2008,2.8,97,95,97,40008.57204890916,1286.91345215,1.28,NA,100,100,1.631
SGP,2009,2.8,97,95,97,38926.80543654528,1326.11682129,1.22,NA,100,100,1.675
SGP,2010,2.8,96,95,96,47236.68308495301,1510.66784668,1.15,NA,100,100,1.779
SGP,2011,2.8,96,95,96,53891.45702643717,1700.1685791,1.2,NA,100,100,1.861
SGP,2012,2.8,97,95,97,55547.55530777861,1853.02429199,1.29,NA,100,100,1.932
SGP,2013,2.8,97,95,97,56967.42579403833,2102.97021484,1.19,NA,100,100,2.034
SGP,2014,2.7,96,95,96,57564.80231149774,2233.34960938,1.25,NA,100,100,2.15
SGP,2015,2.7,96,95,96,55645.60686146057,2330.39599609,1.24,NA,100,100,2.255
SGP,2016,2.6,97,95,96,57005.58871765469,2509.92163086,1.2,107.364959262144,100,100,2.325
SGP,2017,2.6,96,95,96,61236.251270626955,2673.66210938,1.16,106.88839463636,100,100,2.389
SGP,2018,2.5,97,97,97,66881.60670352653,2726.00683594,1.14,105.214493204689,100,100,2.443
SGP,2019,2.5,97,96,97,65952.03789592929,2924.24707031,1.14,104.181057515607,100,100,2.519
SGP,2020,2.4,98,97,98,61410.079263078835,3541.36450195,1.1,102.619251241336,100,100,2.638
SGP,2021,2.4,98,96,98,80056.12882478436,4050.81054688,1.12,102.820483763331,100,100,2.781
SGP,2022,2.5,97,96,97,90299.0694637269,3902.14428711,1.04,102.73547410258,100,100,2.834
SGP,2023,2.6,98,97,98,85412.23034523505,3921.60253906,0.97,102.676070813741,100,100,NA
SGP,2024,2.7,97,97,97,90674.066632628,NA,0.97,NA,100,100,NA
SLB,2000,30.5,86,91,88,953.1719013770598,46.02681351,4.757,16.835599899292,76.7476885901905,21.8188257252679,NA
SLB,2001,30.2,84,83,88,911.7919353854104,60.23266602,4.673,20.6115093231201,76.806666574329,22.0200324772691,NA
SLB,2002,29.8,78,78,78,756.8902964907919,76.49930573,4.602,26.704740524292,76.8668530163014,22.2253869365298,NA
SLB,2003,29.6,84,82,84,895.9842425465007,53.52047729,4.539,NA,76.9282622438296,22.4348909969671,0.129
SLB,2004,29.3,90,87,89,986.0709535038892,64.72148895,4.466,NA,76.9908825274907,22.6485431199764,NA
SLB,2005,29.1,89,87,90,1144.4923339768086,89.02578735,4.411,27.2854099273682,76.7151460783191,23.2806567827526,0.184
SLB,2006,28.8,99,99,99,1255.62447417684,87.74922943,4.39,31.7271194458008,76.2781998781212,23.9183247473617,NA
SLB,2007,28.4,88,90,89,1390.1487095670689,89.10964203,4.372,32.7333793640137,75.8508142514165,24.5615868836554,NA
SLB,2008,28,85,71,88,1525.846662612026,75.66864014,4.358,NA,75.4333235805616,25.2110099133869,0.175
SLB,2009,27.6,86,69,90,1554.7067100638596,93.879776,4.349,NA,75.0255056296679,25.8655809274752,NA
SLB,2010,27.2,83,74,84,1685.145358237572,74.17661285,4.341,47.2111701965332,74.6276815743393,26.5258667445609,NA
SLB,2011,26.7,91,77,97,1924.0579564313296,95.51364136,4.335,47.1220817565918,74.2385839861818,27.1881944910187,0.197
SLB,2012,26.2,92,87,88,2066.257386383555,100.84831238,4.332,47.6625213623047,73.8584084824388,27.8531008197691,0.15
SLB,2013,25.8,83,76,85,2161.386275439168,98.99965668,4.325,NA,73.4869458643753,28.5200623498988,0.18
SLB,2014,25.4,77,76,78,2164.9528987300178,105.85440826,4.36,NA,73.1239607321779,29.1885477185461,NA
SLB,2015,25,87,75,85,2045.477215266493,91.08989716,4.291,NA,72.7696512554907,29.8590956039926,NA
SLB,2016,24.6,94,82,89,2082.6238312421337,94.32994843,4.2,NA,72.42353421812,30.5306345641,0.181
SLB,2017,24.1,83,84,80,2143.5767048927164,89.29357147,4.06,NA,72.0857915178444,31.2036978531695,NA
SLB,2018,23.6,85,93,85,2278.19908624102,88.03850555,3.93,NA,71.761506901506,31.8782846169849,NA
SLB,2019,23.1,94,81,93,2223.658909424658,98.67025757,3.8,NA,71.5848927519739,32.5533129184691,NA
SLB,2020,22.5,94,81,92,2063.3278099196723,100.99560547,3.749,NA,71.4129793033283,33.2293129783629,NA
SLB,2021,21.9,87,67,84,2043.4441317065823,98.80261993,3.694,NA,71.2454871530386,33.9057348441726,NA
SLB,2022,21.3,89,90,89,1877.7810449095557,96.74864197,3.62,NA,71.3673843057896,34.1549727598984,NA
SLB,2023,20.6,84,68,81,1882.6439414804188,111.35532379,3.557,NA,71.4884718815892,34.4025678319385,0.238
SLB,2024,20,87,78,85,1933.55538435227,NA,3.513,NA,71.6090318452294,34.6490737425976,NA
SLE,2000,222.8,44,37,46,143.74374323964406,17.66835022,6.355,NA,40.8831188702794,7.69468734199492,NA
SLE,2001,217.3,38,50,38,358.3157160515458,19.32042122,6.305,21.2856006622314,41.2237067367546,7.92617092793216,NA
SLE,2002,211.6,53,62,54,388.99511121683577,22.29375267,6.23,NA,42.3564018737387,8.15825825383365,NA
SLE,2003,205.7,73,73,66,413.8176073469269,21.7804718,6.087,NA,43.4895263720977,8.39095201927437,NA
SLE,2004,199.6,65,76,69,417.7499833292271,23.03477859,5.919,NA,44.6230449596338,8.94954704248469,0.031
SLE,2005,193.2,65,71,67,462.6333244279451,26.04933357,5.807,NA,45.7867241537435,9.53865069026283,NA
SLE,2006,186.5,64,65,65,580.26796974773,29.63347244,5.737,NA,46.9721511803673,10.156650697941,NA
SLE,2007,179.6,64,60,63,631.8899262649983,31.90766907,5.643,NA,48.1563137689467,10.7956031143398,NA
SLE,2008,172.4,77,73,75,705.3590140800051,37.23431396,5.563,NA,49.3391346809252,11.4555098785818,0.0155
SLE,2009,165.2,84,80,81,652.8458067679428,39.29960632,5.448,NA,50.520195051474,12.1362206469185,NA
SLE,2010,157.9,86,82,84,685.0396734909484,37.84529114,5.327,NA,51.6994418329327,12.837725625722,0.022
SLE,2011,150.8,89,84,88,761.146365577281,49.6336174,5.209,34.7692489624023,52.8771685676355,13.5601796070667,0.026
SLE,2012,144.1,91,86,91,937.504428180231,51.99141312,5.064,41.3290214538574,54.0533047771617,14.3035861709667,NA
SLE,2013,137.9,92,85,92,1117.471830751147,84.93772125,4.873,36.7521209716797,55.2271223321324,15.0676033654272,NA
SLE,2014,135.9,83,80,83,1117.758646572104,143.60603333,4.703,NA,56.3992358539249,15.8525627081666,NA
SLE,2015,136.8,86,78,86,964.5759808889884,118.66024017,4.548,37.5164985656738,57.5692588907449,16.6582857856538,NA
SLE,2016,121.8,84,85,84,844.4164111754764,84.22316742,4.466,40.7735595703125,58.7374466065884,17.4849469878374,NA
SLE,2017,117,90,80,90,779.1860078417283,47.37737274,4.389,41.1011695861816,59.9058113970129,18.3338579581936,NA
SLE,2018,112.4,93,87,93,845.9145404609322,44.82733536,4.294,42.5191192626953,61.0747116605736,19.205484723374,0.075
SLE,2019,108.3,95,93,95,843.7125178099767,48.13619995,4.192,60.979808807373,62.2435949536526,20.0997388519849,0.033
SLE,2020,104.4,91,87,90,845.2775579205489,47.886161800000004,4.08,62.9357109069824,63.4122118828476,21.0167123808123,0.073
SLE,2021,100.6,92,87,90,885.3964018853954,44.90049362,3.978,74.4143295288086,64.5803175608776,21.9564987659226,NA
SLE,2022,97.1,91,90,91,860.3710679160964,41.31875229,3.876,NA,65.7476533121916,22.9191878036943,0.134
SLE,2023,93.8,91,90,91,758.3291373782481,35.76205063,3.791,91.7119293212891,66.9139758718619,23.9048711595784,NA
SLE,2024,90.5,91,90,91,806.6546504177259,NA,3.703,NA,68.0790238061869,24.9136362418086,NA
SLV,2000,32.2,99,97,98,1982.870935426154,155.52601624,3.076,53.2483711242676,85.7434516377226,80.6037786224969,NA
SLV,2001,30.3,92,95,94,2058.044590704517,162.30456543,2.93,55.8607711791992,85.8876471763751,80.6919918345083,NA
SLV,2002,28.6,81,93,81,2115.4118735562624,166.81164551,2.775,59.3954086303711,86.6377642417652,80.7798862617498,1.326
SLV,2003,26.9,94,90,93,2207.830895180691,171.59013367,2.636,63.2922401428223,87.3748691864792,81.1318629459244,NA
SLV,2004,25.4,90,93,90,2285.6890743889217,185.83404541,2.516,67.1742630004883,87.8573946803212,81.4794904202867,NA
SLV,2005,24,89,99,89,2447.3914084539406,225.17417908,2.44,67.4095611572266,87.4859778413184,81.8222708575253,1.724
SLV,2006,22.7,96,98,96,2665.618071948525,231.73410034,2.395,67.9830932617188,87.0964668490524,82.160813551355,NA
SLV,2007,21.5,99,99,99,2830.6569377073274,239.99687195,2.354,68.2611923217773,84.8412397168851,82.5029332594397,NA
SLV,2008,20.4,98,95,98,2983.2482957797565,253.45413208,2.291,67.0742568969727,82.7117169093002,82.8897095830639,1.914
SLV,2009,19.4,91,91,91,2910.186517520108,257.19317627,2.261,67.4736785888672,82.3920893796231,83.2704470759254,NA
SLV,2010,18.4,89,92,89,3040.0730095287786,270.69418335,2.239,68.8328162271063,82.263858914026,83.6456953805782,NA
SLV,2011,17.6,89,89,90,3330.6004948665272,295.64242554,2.224,70.2541252159409,83.1302988113916,84.015819833389,NA
SLV,2012,16.7,93,93,93,3497.912569155091,301.03710938,2.187,71.454258159429,83.9776688792965,84.3807461910215,NA
SLV,2013,16,92,94,90,3582.266940051694,324.28027344,2.154,73.3605507980312,84.8055371617931,84.7403911391232,NA
SLV,2014,15.3,94,96,94,3666.012489138733,315.23168945,2.126,72.7385537934052,85.6145492076128,85.0952739178549,NA
SLV,2015,14.6,94,97,94,3790.340891081616,331.96725464,2.067,72.0438162131663,86.4045677725112,85.445452477435,NA
SLV,2016,13.9,98,98,98,3901.3401496581087,339.97875977,1.965,69.2825794984198,87.1729025989856,85.789208776824,1.5662
SLV,2017,13.3,92,89,83,4020.126713739188,338.60742188,1.896,66.9212075557367,87.9197798964632,86.1264645689972,NA
SLV,2018,12.7,89,87,89,4183.546209713581,348.18817139,1.849,67.797487363072,88.6461069503319,86.456582332616,2.963
SLV,2019,12.2,96,96,97,4320.116715346275,380.53384399,1.838,66.123873218959,89.3527800998874,86.7364561760088,NA
SLV,2020,11.7,89,84,85,3997.192795837087,357.78799438,1.819,66.5137094782116,89.9923610939187,87.0096574927862,NA
SLV,2021,11.2,97,97,96,4642.607431013421,470.14025879,1.803,67.7409182456172,90.421388926903,87.2765374387919,2.94
SLV,2022,10.8,95,80,93,5074.602102218056,500.20321655,1.785,68.410512155513,90.7948411041739,87.5371472547157,1.566
SLV,2023,10.4,96,99,96,5365.444913991706,500.69497681,1.775,68.5344206950006,91.1548543157466,87.7919676704677,1.616
SLV,2024,10,95,96,95,5579.659691650286,NA,1.768,61.1295384065253,91.6199927341916,88.0411163426053,NA
SMR,2000,5.2,98,99,96,37600.70773796005,2176.20825195,1.404,49.2416610717773,100,100,NA
SMR,2001,4.8,97,97,95,39035.10342904454,2202.07763672,1.519,NA,99.9999973894558,100,NA
SMR,2002,4.5,96,96,95,41790.8432718184,2253.21850586,1.432,NA,99.9999980365223,100,NA
SMR,2003,4.1,96,94,94,52529.909370105925,2506.68334961,1.296,NA,100,100,NA
SMR,2004,3.8,95,94,94,58232.0176184948,2958.87963867,1.298,NA,99.9999993980994,100,NA
SMR,2005,3.6,96,94,94,59877.80058397368,3055.63232422,1.198,NA,100,100,NA
SMR,2006,3.3,92,90,91,63270.778075515744,3242.24291992,1.242,NA,100,100,NA
SMR,2007,3.1,91,90,90,70124.46343856241,3804.50634766,1.257,NA,100,100,NA
SMR,2008,2.9,91,86,90,75902.13205217646,4378.24853516,1.521,63.7246208190918,100,100,NA
SMR,2009,2.7,90,88,90,62428.9943269418,4242.50341797,1.358,64.4038314819336,99.9999973376988,100,NA
SMR,2010,2.6,90,88,89,56543.18982040975,3813.88354492,1.459,66.8350219726562,99.9999986796045,100,NA
SMR,2011,2.4,92,90,92,55601.3929703047,4550.35058594,1.456,67.8209533691406,100,100,4.814
SMR,2012,2.3,89,84,89,47945.899173428064,4310.10009766,1.289,64.1434326171875,99.9999971732007,100,4.896
SMR,2013,2.1,86,82,86,50807.82891380245,4113.46679688,1.483,NA,99.9999985958692,100,4.881
SMR,2014,2,84,81,84,51260.493834712455,4120.02685547,1.259,NA,99.9999972428986,100,5.964
SMR,2015,1.9,85,84,85,43146.82404354277,3530.04614258,1.196,NA,100,100,NA
SMR,2016,1.8,86,82,86,44359.47976626883,3621.23266602,1.127,NA,100,100,NA
SMR,2017,1.7,88,86,89,45192.027976694255,3672.30322266,1.054,NA,99.9999955531447,100,NA
SMR,2018,1.6,90,89,91,47950.688055713574,3969.36474609,1.077,57.6923076923077,100,100,NA
SMR,2019,1.5,88,86,88,46630.144312072465,3801.21044922,1.096,59.4113090627421,99.9999963796538,100,NA
SMR,2020,1.5,89,90,89,44326.95567464109,3758.609375,1.113,59.9095704596835,100,100,NA
SMR,2021,1.4,90,89,90,54176.47980216276,4033.1027832,1.125,59.5874713521772,100,100,NA
SMR,2022,1.4,92,91,92,54190.84177003716,3874.98535156,1.136,59.4007490636704,100,100,4.663
SMR,2023,1.3,91,89,91,59879.717301565135,3923.5234375,1.149,59.8075499629904,99.9999988818718,100,4.629
SMR,2024,1.3,88,85,88,NA,NA,1.158,59.5952023988006,99.9999961845643,100,NA
SOM,2000,173.2,33,24,37,386.1192744012752,NA,7.645,NA,26.5548279259121,20.1837885796287,NA
SOM,2001,173.2,33,20,33,244.91484253845545,NA,7.636,NA,27.7109662630007,20.9631310018359,NA
SOM,2002,173.2,40,45,40,229.5989183100392,NA,7.626,NA,28.8628866509847,21.7385524325851,NA
SOM,2003,173.2,40,40,40,286.27302519897466,NA,7.603,NA,30.2245772114979,22.6666436152902,NA
SOM,2004,173.2,30,40,30,375.4103262253873,NA,7.568,NA,31.5789442986576,23.5876311312832,NA
SOM,2005,173.2,35,35,35,439.9799078054776,NA,7.527,NA,33.4314329999319,24.638573023739202,NA
SOM,2006,172.6,26,35,26,457.99666220665927,NA,7.49,NA,35.3395798096483,25.6985522654712,0.027
SOM,2007,170.5,40,35,40,479.6356280652894,NA,7.457,3.84326004981995,35.5233098422892,25.4724809628705,NA
SOM,2008,166.7,31,34,40,507.03744334738,NA,7.415,NA,37.9760688340822,26.8675518309153,NA
SOM,2009,162.4,42,43,41,246.5132516751049,NA,7.376,NA,40.466779744943,28.2620333243978,NA
SOM,2010,186.7,45,46,49,219.2024538523968,NA,7.322,NA,42.9914341026077,29.6552314134568,NA
SOM,2011,363.1,41,46,49,235.3259456104336,NA,7.268,NA,45.5410874380133,31.0429095384234,NA
SOM,2012,185.4,42,46,47,350.2619467205121,NA,7.211,NA,47.6056661225373,32.0476374113968,NA
SOM,2013,143.2,44,47,48,393.3987039529792,12.88169384,7.14,NA,49.7134555846093,33.058251557305,NA
SOM,2014,138.6,46,48,49,429.43165672510173,13.15052128,7.061,NA,51.8635744481295,34.0748734228162,0.048
SOM,2015,134.3,48,50,50,445.583080073396,14.11613941,6.975,NA,54.0545936900229,35.0972405875154,NA
SOM,2016,130.2,49,51,51,460.928490585175,11.76618958,6.878,NA,56.284978016248,36.1250378584049,NA
SOM,2017,156.4,51,52,52,510.93995231772567,13.51753426,6.766,NA,58.5524158667796,37.1573619625344,NA
SOM,2018,136.4,53,53,53,509.49727380453385,12.7819252,6.662,NA,60.8552872098573,38.1938671112932,NA
SOM,2019,118.4,57,52,57,539.9548162116943,12.99074364,6.56,NA,63.1909737588395,39.2334053088705,NA
SOM,2020,114.7,55,52,55,518.1611333387503,12.79912567,6.453,NA,65.5578267078208,40.2756265135548,NA
SOM,2021,111,62,58,63,549.0569947562539,15.01879692,6.353,NA,67.9535994970856,41.3196817201459,NA
SOM,2022,143.1,71,69,72,573.1411657982293,16.31684875,6.255,NA,70.3763317867306,42.3649691614571,NA
SOM,2023,104.3,69,63,71,596.885985135589,22.37065506,6.132,2.75847005844116,72.8240641770805,43.4108945004739,NA
SOM,2024,101.1,70,64,71,629.5388994490074,NA,6.013,NA,75.294796457137707,44.4568438332571,NA
SRB,2000,12.7,95,89,98,974.7254692786152,56.52191544,1.48,92.3186569213867,89.4192393475068,95.5039510992611,NA
SRB,2001,12.1,93,90,93,1812.42088281393,112.19754028,1.58,90.9246368408203,89.395392420878,95.5024770214585,NA
SRB,2002,11.4,95,92,95,2390.7345944710696,173.24946594,1.57,90.5492401123047,89.3717200962522,95.5013470819749,NA
SRB,2003,10.6,89,87,89,3153.901131275404,230.08865356,1.59,90.9021224975586,89.3482829983993,95.5005404334771,2.707
SRB,2004,9.7,88,89,96,3597.087980570085,274.45532227,1.57,89.8924789428711,89.3249064672042,95.5001274109086,2.772
SRB,2005,9,98,96,98,3807.974173217865,307.54705811,1.45,90.3657913208008,89.6720082723316,95.6679289682349,2.757
SRB,2006,8.5,92,88,97,4492.7136699046005,371.506073,1.43,91.3711624145508,90.0205820679196,95.836103340787,2.783
SRB,2007,8.1,94,95,93,6081.087657002025,547.22723389,1.38,91.5406799316406,90.3705744496824,96.0046710847047,2.852
SRB,2008,7.9,95,92,95,7376.735179107163,671.88702393,1.4,92.2437896728516,90.7220873327348,96.1735822880127,2.943
SRB,2009,7.8,95,95,97,6414.044846384702,575.262146,1.44,93.3237915039062,91.0750720753655,96.3428666633317,2.973
SRB,2010,7.6,91,95,91,5970.9266094007235,545.33380127,1.4,93.4530868530273,91.4295629669581,96.5124901506423,3.017
SRB,2011,7.4,94,93,94,7082.286166607503,618.89422607,1.4,95.416130065918,91.7854914551611,96.6825231290354,3.043
SRB,2012,7.1,91,87,93,6263.040860728149,559.90545654,1.45,96.4776000976562,92.145298947486,96.8502790858125,3.047
SRB,2013,6.8,95,92,97,7040.418120687808,627.53308105,1.43,96.5699691772461,92.5067790597268,97.0173317364733,3.058
SRB,2014,6.6,93,86,93,6886.67809068704,608.85858154,1.46,95.795036315918,92.8689758961741,97.1845998620671,3.03
SRB,2015,6.3,95,87,95,5820.321557688796,491.25177002,1.46,97.9315490722656,93.2319494038819,97.3520264197285,3.043
SRB,2016,6.1,93,82,93,5982.370301264708,486.42944336,1.46,97.4025421142578,93.5956537011763,97.519678308202,2.926
SRB,2017,5.9,95,86,95,6548.036538241869,515.84570313,1.49,95.9280700683594,93.9598808103349,97.6881908970258,2.937
SRB,2018,5.8,97,93,97,7559.861657473944,617.08691406,1.49,95.5111312866211,94.3248090621333,97.8576090639596,2.966
SRB,2019,5.6,97,87,97,7755.632986436999,641.04754639,1.52,94.8361511230469,94.6906306889653,97.9156406613819,NA
SRB,2020,5.5,92,78,92,8098.709556688485,670.03564453,1.48,93.3936004638672,95.0575271243011,97.9188486059038,2.875
SRB,2021,5.4,91,75,91,9680.527980744677,889.09753418,1.52,93.580436706543,95.4256771978758,97.9231088276216,3.029
SRB,2022,5.4,92,81,92,10024.819111259634,843.57733154,1.59,95.2010726928711,95.4163594509615,97.9283883905418,3.099
SRB,2023,5.4,93,84,93,12281.707946166956,983.69372559,1.62,NA,95.4072534956029,97.9347704722446,NA
SRB,2024,5.4,95,84,95,13679.206598355697,NA,1.64,88.5398788452148,95.39838202106,97.9422983506613,NA
SSA,2000,151.70583901592835,NA,NA,NA,684.2792339951183,35.49408980073958,5.644515626955124,22.6678905487061,48.19214079969136,23.957557648645043,NA
SSA,2001,147.63575652149888,NA,NA,NA,638.1427869987555,32.55501204218411,5.606398761950682,23.7459506988525,48.889722171315896,24.26155993664109,NA
SSA,2002,140.1969282113877,NA,NA,NA,681.5449348377551,31.24879988647758,5.565139532432632,24.284460067749,49.67608329054093,24.74914691831895,NA
SSA,2003,134.29784316283502,NA,NA,NA,837.7145825747664,46.650236105265606,5.532726151410387,25.3785400390625,50.49923302222786,25.269448844480824,NA
SSA,2004,129.0765377315939,NA,NA,NA,1013.7340215766244,56.22952571130951,5.513185844829057,26.6732807159424,51.333535215772294,25.802409510883752,NA
SSA,2005,121.0360197972918,NA,NA,NA,1174.6311605487451,63.25004488556377,5.493113322444535,27.6099700927734,52.22614736732359,26.4575722776904,NA
SSA,2006,115.29447703399644,NA,NA,NA,1349.88715192875,70.40343314261678,5.467326306306658,28.4692993164062,53.12436034381013,27.119899002732943,NA
SSA,2007,110.45153520128456,NA,NA,NA,1518.8219699938982,77.81032698868795,5.433221015716623,29.0852508544922,54.00104720027923,27.784691064237393,NA
SSA,2008,105.75091335503306,NA,NA,NA,1672.7198350868623,82.88384037835402,5.419616185288867,31.1639308929443,54.92095261127519,28.489585145011073,NA
SSA,2009,103.92148370856714,NA,NA,NA,1545.1157789207848,82.6352150941559,5.375275854348927,32.9944610595703,55.84623404203407,29.21131129581715,NA
SSA,2010,98.6692400191172,NA,NA,NA,1789.3437421340172,93.66257318017932,5.329867478287955,34.9302597045898,56.77410941454553,29.94337286222674,0.20188014220692344
SSA,2011,98.53943052355756,NA,NA,NA,1958.0810541972469,101.8255156843247,5.27395117863213,36.127140045166,57.494348720779605,30.38569039963244,NA
SSA,2012,92.33140443876437,NA,NA,NA,1970.2374575660551,100.30434304942922,5.210347316007754,37.7186889648438,58.41139458260986,31.12497767501255,NA
SSA,2013,89.19004826275516,NA,NA,NA,2035.635716365352,101.1714899733089,5.140610487934511,40.247688293457,59.32749608483834,31.880695881327817,NA
SSA,2014,88.55304792209658,NA,NA,NA,2058.4331234678953,98.1416182842957,5.0709789151570455,39.3362312316895,60.25362588720044,32.65732056204961,NA
SSA,2015,86.84150746606976,NA,NA,NA,1763.27463036367,89.2306810136992,4.990318499798327,39.9736595153809,61.15554003294523,33.45657357066838,NA
SSA,2016,85.44997278096876,NA,NA,NA,1545.279482912652,81.61278652350721,4.904062861907819,39.7671089172363,62.032430045421265,34.23685531335641,NA
SSA,2017,84.71742115013377,NA,NA,NA,1641.3923995743926,82.99226251129797,4.82408682008231,40.3692207336426,62.943391937983414,35.103257361782276,NA
SSA,2018,81.22932904132487,NA,NA,NA,1718.4234609844834,82.14509241518125,4.734484292281105,40.8536911010742,63.83090330640179,35.87249382310544,NA
SSA,2019,80.34851915224225,NA,NA,NA,1907.2249943638708,81.31991495313568,4.644365719543797,41.8304290771484,64.69074325782154,36.67372041477611,NA
SSA,2020,78.40937247921335,NA,NA,NA,1716.5086386142675,79.80916017460243,4.559631991804084,42.7509613037109,65.54528169823365,37.48113602618946,NA
SSA,2021,77.75657472224796,NA,NA,NA,1885.4815596590277,90.92104453509404,4.4981089694756715,43.4608612060547,66.39984769848812,38.33043827948844,NA
SSA,2022,78.984092218843,NA,NA,NA,1963.803300323743,91.42009681781272,4.433504695594123,43.7772483825684,67.21491016529978,39.29630795107542,0.2612598411718748
SSA,2023,75.50206272444004,NA,NA,NA,1750.1313683694618,84.34453018829106,4.372857595493733,44.2103118896484,68.10279229210708,39.73756994293475,NA
SSA,2024,74.01566170058702,NA,NA,NA,1576.6916687519144,NA,4.3058979070685,44.4859504699707,68.90449414272807,40.2813932268709,NA
SSD,2000,180.1,NA,NA,NA,NA,NA,6.803,NA,NA,NA,NA
SSD,2001,171.1,NA,NA,NA,NA,NA,6.654,NA,NA,NA,NA
SSD,2002,162.2,NA,NA,NA,NA,NA,6.515,NA,NA,NA,NA
SSD,2003,153.7,NA,NA,NA,NA,NA,6.353,NA,NA,NA,NA
SSD,2004,145.8,NA,NA,NA,NA,NA,6.19,NA,NA,NA,NA
SSD,2005,138.4,NA,NA,NA,NA,NA,6.022,NA,NA,NA,NA
SSD,2006,131.5,NA,NA,NA,NA,NA,5.853,NA,NA,NA,NA
SSD,2007,124.9,NA,NA,NA,NA,NA,5.704,NA,NA,NA,NA
SSD,2008,118.7,NA,NA,NA,1654.211535465546,NA,5.569,NA,NA,NA,NA
SSD,2009,112.7,NA,NA,NA,1323.220687478618,NA,5.446,NA,NA,NA,NA
SSD,2010,107.2,NA,NA,NA,1498.2703498519422,NA,5.318,NA,NA,NA,NA
SSD,2011,102.3,61,62,66,1448.9843500640816,NA,5.193,7.3020601272583,40.2979213684027,6.98593579388276,NA
SSD,2012,98.9,63,59,67,1109.2605008340763,NA,5.061,NA,40.3182204862037,7.58007556158214,NA
SSD,2013,97.2,53,57,56,1650.1894335352792,NA,4.939,NA,40.3170036685797,8.20089254501599,NA
SSD,2014,182.6,50,54,52,1242.7345018103244,NA,4.818,NA,40.2950996381389,8.84915620851998,NA
SSD,2015,240.8,46,52,52,1080.1471862476544,NA,4.695,8.0513801574707,40.2538150385171,9.52607939004663,NA
SSD,2016,272.9,45,51,45,NA,NA,4.579,NA,40.1939250394891,10.2323689883362,NA
SSD,2017,292,52,56,60,NA,28.05690956,4.483,NA,40.1164221655228,10.968942628146,NA
SSD,2018,133.7,59,61,60,NA,31.12328529,4.37,NA,40.0226124064879,11.737005779493,0.041
SSD,2019,96.7,61,65,61,NA,35.18021774,4.26,NA,39.9136238003103,12.537597565608401,0.033
SSD,2020,96.7,67,69,65,NA,47.40253067,4.16,NA,39.7909332940047,13.0864589618101,0.043
SSD,2021,96.7,69,74,69,NA,34.78803635,4.047,NA,39.6554918601002,13.6458281034803,NA
SSD,2022,96.7,73,72,72,NA,48.03352737,3.964,NA,39.5092288005932,14.2167630894524,0.041
SSD,2023,96.7,73,72,72,NA,72.75582886,3.864,NA,39.6266422393655,14.3201319980044,NA
SSD,2024,96.7,73,72,72,NA,NA,3.785,110.429168701172,39.7494391327564,14.4282401482886,NA
SSF,2000,150.4,NA,NA,NA,629.5297316133174,32.420258892750276,5.7377381088506265,22.6744499206543,45.25854927968773,21.870016350320867,0.12684015290203954
SSF,2001,146.3,NA,NA,NA,587.3970485707395,29.79532691363394,5.696187696148654,23.7513294219971,46.02802553942911,22.161555335292345,NA
SSF,2002,138.9,NA,NA,NA,625.4689944118525,28.57841396143708,5.651521388206497,24.2899494171143,46.877948220535984,22.618497297834235,NA
SSF,2003,133,NA,NA,NA,766.5008429300018,42.429036919668285,5.613210218541302,25.3840808868408,47.761599706417194,23.104945051164854,NA
SSF,2004,127.7,NA,NA,NA,926.4354998200066,51.00265026126052,5.586548982896834,26.6784706115723,48.65653541726981,23.60609196552865,NA
SSF,2005,119.8,NA,NA,NA,1073.529774031812,57.35366381607,5.558668607045332,27.6153392791748,49.60495834585344,24.217790991865115,NA
SSF,2006,114,NA,NA,NA,1234.133400095308,63.95051704010554,5.521784148564385,28.4737796783447,50.55914392814616,24.836437839812756,NA
SSF,2007,109.1,NA,NA,NA,1390.5886507496234,70.89572414763529,5.4761027827375965,29.0900192260742,51.49514875883179,25.45757181855193,NA
SSF,2008,104.5,NA,NA,NA,1536.6676313717444,75.56712458197589,5.44570307459479,31.1681404113769,52.48143982306945,26.118513457656903,NA
SSF,2009,102.8,NA,NA,NA,1426.9691691994851,75.55416357806384,5.385842151515434,32.9982681274414,53.47317320520235,26.795633826622964,NA
SSF,2010,97.2,NA,NA,NA,1642.6413419359576,85.65941874421354,5.324836399734896,34.9334907531738,54.46673369345695,27.48210074738526,0.1833212330096786
SSF,2011,97.1,NA,NA,NA,1795.4381485631563,92.80340334276818,5.254540905395251,36.1298713684082,55.29743405369752,27.93528792265731,NA
SSF,2012,90.7,NA,NA,NA,1817.3012581663324,92.00277852003111,5.177912413736739,37.7216110229492,56.28009123647942,28.629569439949552,NA
SSF,2013,87.6,NA,NA,NA,1879.5587312692048,92.81516071958966,5.096948543079915,40.2503395080566,57.26237722221322,29.340970540192032,NA
SSF,2014,86.8,NA,NA,NA,1906.7959697101692,90.34398073131966,5.023608357658161,39.3387718200684,58.25309313130863,30.071566295848033,NA
SSF,2015,85,NA,NA,NA,1646.4494113931642,82.5137813154486,4.943099502740304,39.976261138916,59.220864929535374,30.822242334967523,NA
SSF,2016,83.4,NA,NA,NA,1455.035253045712,75.80119973886906,4.859648503998254,39.7697906494141,60.16405934983092,31.554230392427723,NA
SSF,2017,82.5,NA,NA,NA,1546.917741993232,77.07752218396368,4.780248778207136,40.371768951416,61.13110077809472,32.35473631914351,NA
SSF,2018,79,NA,NA,NA,1620.541408059191,76.24729305151283,4.696658598373383,40.8560485839844,62.08015548577683,33.073227204565214,NA
SSF,2019,78,NA,NA,NA,1795.5612786553966,75.74456213003646,4.613298433588579,41.8325309753418,63.005587452588344,33.82350631279623,NA
SSF,2020,75.9,NA,NA,NA,1627.3456959629716,74.61716110903907,4.529700526534578,42.7530403137207,63.92456263036838,34.57799236958896,NA
SSF,2021,77.1,NA,NA,NA,1785.4666491661435,84.35947078838198,4.464428466599452,43.4628715515137,64.84280843894265,35.37018396622847,NA
SSF,2022,78.3,NA,NA,NA,1865.1163526069872,84.9160346502374,4.396547640185845,43.7793312072754,65.71795695235286,36.25328311135063,0.2496466559319176
SSF,2023,73.2,NA,NA,NA,1680.779666722183,79.34846847445017,4.332478253595107,44.2121391296387,66.66476235322013,36.58676954815623,NA
SSF,2024,71.2,NA,NA,NA,1532.927635502068,NA,4.264104041566042,44.4877815246582,67.53340700735727,37.10392502483764,NA
SST,2000,51.380838035879734,NA,NA,NA,4846.982126178112,278.29951467932176,2.8833839640550627,59.5752296447754,88.45065958991088,72.79676976531503,1.0976012439747314
SST,2001,50.88441842011963,NA,NA,NA,4839.487178286426,274.35288535034516,2.8339715684656417,60.3716316223145,88.65344696297596,73.10133583085617,NA
SST,2002,50.131556658181815,NA,NA,NA,5133.132245922484,311.8197277818905,2.7980865829724424,61.3390197753906,86.43824855426696,70.12990123192101,NA
SST,2003,49.16591531947651,NA,NA,NA,6060.640340854274,358.58720964831605,2.759736262771795,63.2497787475586,86.66812865203971,70.59817495328655,NA
SST,2004,47.91669954106591,NA,NA,NA,6954.010908264182,414.408609155649,2.730960218263513,63.3338203430176,86.97571132774951,71.17592003281156,NA
SST,2005,46.55176887950851,NA,NA,NA,7779.765881340999,462.9730355022277,2.701148359061743,64.2955093383789,88.07020524713866,73.6585558456861,NA
SST,2006,44.230441585535466,NA,NA,NA,8649.72106282857,492.69311745954013,2.6730858180519173,65.6151428222656,88.55326022909372,74.82164285076126,NA
SST,2007,42.44160896204184,NA,NA,NA,10056.357483599171,568.9175734781666,2.6564324042731333,66.8766021728516,88.79149090800078,75.38946122047992,NA
SST,2008,40.981163552334095,NA,NA,NA,10974.892203873098,630.0399590001153,2.640779492617181,67.7862396240234,89.04178504493088,75.97021640641867,NA
SST,2009,39.50428850172288,NA,NA,NA,9296.644408654807,596.4810931573852,2.6137770779179563,69.0761337280273,89.29715915661215,76.54695448761252,NA
SST,2010,37.49531615076201,NA,NA,NA,9813.583195837571,604.299714141107,2.566698774650769,71.6559371948242,89.56276955131416,77.11707716913689,1.2161040882953558
SST,2011,35.330997743549496,NA,NA,NA,10893.629836985408,639.574729092561,2.525179254372921,70.9572906494141,89.82564630279423,77.66875995933968,NA
SST,2012,33.91509401109316,NA,NA,NA,10844.520758575582,629.1901960356178,2.4982776229221435,71.8961410522461,90.0928077570786,78.23547699949485,NA
SST,2013,32.96621796304206,NA,NA,NA,11132.360216591498,664.0016151918056,2.456041442596369,72.3302307128906,90.3664701517685,78.81162170389702,NA
SST,2014,32.17641692700938,NA,NA,NA,11413.589286302204,692.5735037196938,2.4302218466934136,73.2717437744141,90.6455979215374,79.3889722320452,NA
SST,2015,31.21409395780702,NA,NA,NA,10446.85034190702,654.3505301284624,2.3869455854937587,73.7108535766602,90.927199377255,79.97548213092988,NA
SST,2016,30.215131495362726,NA,NA,NA,10486.216109490262,681.723000451672,2.356788435443938,74.6144866943359,91.21372910012896,80.55739490804943,NA
SST,2017,29.641558954841543,NA,NA,NA,11304.505081087776,737.7429132276142,2.3122933841054225,75.3346328735352,91.4981416202782,81.12046812207194,NA
SST,2018,28.85209966852004,NA,NA,NA,12057.78858118301,793.8661903786514,2.2754377961305328,75.903190612793,91.74917234544236,81.66610804947828,NA
SST,2019,28.706756576113595,NA,NA,NA,11990.467099646516,811.6435437543823,2.2358807363708344,76.7563323974609,92.00618990276588,82.20381777984221,NA
SST,2020,27.97365351917044,NA,NA,NA,10723.093901860955,843.4029039782225,2.2118276505171757,76.861701965332,92.1295408463467,82.43460933692006,NA
SST,2021,27.239566238222803,NA,NA,NA,12428.60876745436,964.4386961454276,2.1889730936023297,77.3530426025391,92.3834202024948,82.80249059654328,NA
SST,2022,26.819691608376715,NA,NA,NA,13636.466119078705,953.1477277097844,2.1485160962936223,77.6589813232422,92.65459577491696,83.18388159992261,1.873761185923902
SST,2023,26.193061191986445,NA,NA,NA,14346.320278339568,1008.7214009774908,2.124161792323975,78.010009765625,92.89061086878466,83.48721131772272,NA
SST,2024,25.558813603004353,NA,NA,NA,15383.34256386739,NA,2.1067772346615783,79.3243103027344,93.10264006766565,84.84167400734614,NA
STP,2000,82.2,82,69,87,529.0893834122617,49.63587952,5.157,NA,69.1887073923262,20.7903937086521,NA
STP,2001,76.7,92,75,90,518.88050130005,47.14751816,5.097,NA,69.6465271453616,21.9474707249804,NA
STP,2002,71.1,92,85,92,568.1025725227101,50.61143494,5.062,NA,70.122877439146,23.1391737283234,NA
STP,2003,65.7,94,87,94,663.6962118104944,71.20994568,5.013,39.3140983581543,70.5928591242701,24.3386290849609,NA
STP,2004,60.5,96,91,99,726.5608821304438,71.05591583,4.962,40.7657203674316,71.0518333467706,25.5404255353565,0.514
STP,2005,55.7,97,88,97,844.1691818842738,80.13071442,4.939,44.7436714172363,71.4990303925917,26.8577839135173,NA
STP,2006,51.1,97,85,97,861.9707076976637,57.2040329,4.933,NA,71.9349975867541,28.1835957707981,NA
STP,2007,46.9,97,86,98,878.8857919187451,59.71631241,4.957,48.4593505859375,72.3598122085936,29.5170578703442,NA
STP,2008,43.1,99,93,99,1081.868458472896,64.58831787,4.906,45.365550994873,72.7735646723353,30.857384929578,NA
STP,2009,39.5,98,90,99,1128.2804621330542,64.90551758,4.838,52.2087516784668,73.1759256432541,32.2032374350904,NA
STP,2010,36.2,98,92,98,1045.2095823452787,60.94829941,4.769,50.9835586547852,73.5674385311181,33.5544418305556,NA
STP,2011,33.2,96,91,96,1219.801890896708,69.45979309,4.718,52.2642288208008,73.9480124273014,34.9099928554753,NA
STP,2012,30.4,96,92,96,1192.0202911189003,86.29039001,4.664,59.7818183898926,74.3179711797514,36.2694678517073,NA
STP,2013,27.9,97,91,97,1382.5757842916,124.59179688,4.584,66.1306762695312,74.6744974780629,37.6279828671376,NA
STP,2014,25.5,95,92,95,1489.67633417608,118.70980835,4.485,77.0031433105469,75.018493599873,38.9858756147002,NA
STP,2015,23.3,96,93,96,1298.1094659639627,85.37828827,4.354,85.4740676879883,75.3502679497471,40.3427054934035,0.315
STP,2016,21.3,96,93,96,1434.8701805052076,109.73142242,4.203,87.7800827026367,75.6703085298352,41.6983508891345,NA
STP,2017,19.6,95,90,95,1555.794778128885,117.07767487,4.069,95.1290435791016,75.9790930081593,43.0527347494608,NA
STP,2018,18.2,95,95,95,1825.5997175396567,108.87628937,3.977,NA,76.2770612146702,44.4058041526004,NA
STP,2019,17.1,95,95,95,1935.2931816595997,106.86884308,3.9,NA,76.5646613120149,45.7575570286583,0.492
STP,2020,16.1,96,86,94,2167.220017969252,159.84396362,3.827,NA,76.8423036078909,47.1080132831109,NA
STP,2021,15.3,97,77,93,2362.5882724810217,187.06524658,3.759,NA,77.1104795429933,48.4573502739393,NA
STP,2022,14.7,92,82,89,2389.7372978473672,139.02836609,3.695,NA,77.5574116741511,48.5350542796998,0.464
STP,2023,14.1,87,87,85,2990.6606143534955,171.05166626,3.644,NA,77.7627440176423,48.6086612768342,NA
STP,2024,13.6,87,87,85,3490.5688348655713,NA,3.596,NA,77.957445837032,48.6785052753612,NA
SUR,2000,31,71,84,70,1988.2217292543255,166.90083313,3.046,NA,89.0616565682896,78.0261256777533,0.401
SUR,2001,30,68,82,65,1714.648466372421,91.73781586,3.057,75.541130065918,89.5297821338861,78.3498083783454,NA
SUR,2002,29,73,73,74,2202.3406821960007,158.21212769,2.956,83.0842208862305,89.996030258504,78.6724770234777,NA
SUR,2003,28.1,75,69,74,2516.1040402095623,166.88664246,2.839,NA,90.4599421429217,78.9935674670335,NA
SUR,2004,27.2,85,86,84,2887.7721728843953,212.50817871,2.738,NA,90.9217521407363,79.3133628506981,0.778
SUR,2005,26.5,83,91,84,3453.428659377645,241.68415833,2.712,78.6488189697266,91.3567891042984,79.9454355206116,NA
SUR,2006,25.7,84,83,84,5002.657986957588,313.68301392,2.727,81.0094223022461,91.7905024637707,80.5786141828713,NA
SUR,2007,25.1,84,85,84,5530.176156383091,309.17565918,2.735,81.8407363891602,92.2251674961398,81.2158259074575,NA
SUR,2008,24.4,85,86,85,6576.085463072488,334.24771118,2.727,80.975456237793,92.6609808211452,81.8573477450076,NA
SUR,2009,23.8,87,88,85,7129.576862629098,380.04019165,2.712,76.6016998291016,93.098083849425,82.5034153738866,0.679
SUR,2010,23.2,94,87,94,7943.604828169148,399.59710693,2.688,78.9992418498863,93.5361705637667,83.1536012115357,NA
SUR,2011,22.7,80,79,83,7949.888672183829,375.34957886,2.667,77.7834641191857,93.9753934172561,83.8081495753945,NA
SUR,2012,22.2,76,64,79,8851.240506689084,406.05526733,2.669,77.8469800143941,94.415755076208,84.4670825315891,NA
SUR,2013,21.6,77,81,79,9043.192815292216,434.50332642,2.651,77.4462459869965,94.8572504353224,85.1304175026747,NA
SUR,2014,21.1,71,70,76,9108.18905406764,440.95263672,2.62,76.9391174316406,95.3013933634171,85.8011033502861,NA
SUR,2015,20.6,73,76,78,8813.61705392067,511.91244507,2.57,78.6041488647461,95.747692023521,86.4788537727956,1.006
SUR,2016,20.1,77,76,77,5644.2061057531955,338.24822998,2.5,84.818447575667,96.1954574091076,87.1630073725614,1.087
SUR,2017,19.5,67,76,51,6049.521285536751,322.00415039,2.431,NA,96.6441085330734,87.8530834622316,1.139
SUR,2018,18.9,81,77,81,6665.741804722391,440.32211304,2.381,NA,97.0931070190456,88.5487221622628,0.787
SUR,2019,18.4,77,64,76,6629.667752486033,588.83825684,2.347,82.830275343503,97.5417727368103,89.2491417475009,NA
SUR,2020,17.9,51,45,51,4755.392217106932,409.86743164,2.314,NA,97.9896319071823,89.9542117560027,NA
SUR,2021,17.4,72,58,72,5029.848385439529,270.37786865,2.295,70.7176818847656,97.9911262229976,89.9622405684379,1.466
SUR,2022,16.8,77,74,78,6084.438767364452,344.74603271,2.274,78.089997077636,97.9930097991992,89.9723387364091,NA
SUR,2023,16.3,72,71,72,5521.97602122638,297.04589844,2.249,NA,97.9952348294942,89.9842718946213,1.355
SUR,2024,15.8,69,73,72,6961.789559615257,NA,2.231,NA,97.9978493893275,89.9982745800564,NA
SVK,2000,9.6,99,98,98,5421.6448441887,203.50627136,1.3,NA,97.9808934698164,99.8249510243293,3.238
SVK,2001,9.3,99,99,99,5712.47802761654,212.22207642,1.2,88.1246337890625,97.9794231997538,99.8323941977163,3.223
SVK,2002,9.1,99,99,98,6554.628083694613,254.12765503,1.19,89.0171585083008,97.9762727758847,99.8348565220667,3.201
SVK,2003,8.8,99,99,98,8675.396336964648,344.47335815,1.2,91.3358383178711,97.9731193457204,99.6609124436808,3.148
SVK,2004,8.6,99,99,99,10650.129009712562,511.52990723,1.25,94.4136505126953,97.9699700750668,99.4697212161582,3.151
SVK,2005,8.3,99,98,99,11641.54103217625,601.31323242,1.27,95.744010925293,97.966819867386,99.2778705224537,3.035
SVK,2006,8,99,98,99,13167.89547303789,729.01324463,1.25,95.871223449707,97.9636510753121,99.085354726035,3.169
SVK,2007,7.7,99,99,99,16110.48172652373,1029.30029297,1.27,95.7360076904297,97.9604813763943,98.8921747745398,3.388
SVK,2008,7.4,99,99,99,18744.31922783459,1251.67724609,1.34,95.2825317382812,97.9573332015085,98.6983446411072,3.369
SVK,2009,7.1,99,99,99,16586.752780522773,1320.09301758,1.44,95.0532531738281,98.2516516843309,98.5038356202912,3.305
SVK,2010,6.9,99,98,99,16899.448680528953,1296.54284668,1.43,95.2302780151367,98.6223366381553,98.3065426945289,3.359
SVK,2011,6.7,99,98,99,18469.43543168364,1352.43835449,1.45,95.2902526855469,98.9975424818939,98.1082605200532,3.307
SVK,2012,6.6,99,99,99,17516.969105407792,1319.43823242,1.34,95.3833312988281,99.3758319231796,97.9115016184272,3.366
SVK,2013,6.4,98,98,98,18312.780514982347,1370.46765137,1.34,94.3745574951172,99.5201711980616,97.7141281271847,3.393
SVK,2014,6.3,97,97,97,18770.9289896545,1289.34851074,1.37,93.4395599365234,99.7867504210911,97.516126759043,3.43
SVK,2015,6.2,96,95,96,16442.07608600175,1108.87817383,1.4,92.5494537353516,99.7871905460043,97.5208284449085,3.454
SVK,2016,6.1,96,95,96,16636.076913307334,1175.6270752,1.48,92.0748672485352,99.7875130290361,97.526250341086,3.476
SVK,2017,6,96,96,96,17645.529871676117,1189.07983398,1.52,91.9410705566406,99.7877332249029,97.532398820711,3.423
SVK,2018,5.9,97,96,97,19573.37170313141,1299.91125488,1.54,92.4617462158203,99.7878360952322,97.5317758845703,3.523
SVK,2019,5.9,97,96,97,19406.058968358197,1342.07580566,1.57,92.1884994506836,99.7878205729011,97.5318474506964,3.569
SVK,2020,5.9,97,96,97,19735.485828080054,1393.62438965,1.59,91.6913375854492,99.787701686845793,97.5326284865492,3.671
SVK,2021,6,97,95,97,22123.334211454523,1684.51550293,1.63,91.8019866943359,99.7874622291047,97.5341310938748,3.683
SVK,2022,6.1,97,95,97,21317.794398236263,1642.39208984,1.57,92.8732299804688,99.7871105591553,97.5363631509113,3.697
SVK,2023,6.2,96,94,96,24614.87346427939,1813.46618652,1.49,93.5071716308594,99.7866473599926,97.5393256080188,NA
SVK,2024,6.3,96,94,96,25992.674850204778,NA,1.46,93.8056869506836,99.7860717473563,97.5429596376154,NA
SVN,2000,5.4,91,95,93,10135.721910921158,796.64703369,1.26,NA,99.689229399328,99.1116751269035,2.154
SVN,2001,5.2,92,94,93,10375.625586986062,826.22576904,1.21,109.847099304199,99.6842452602705,99.1116751269035,2.174
SVN,2002,4.9,93,93,93,11639.129778047698,944.87145996,1.21,109.827102661133,99.679261121213,99.1116751269035,2.229
SVN,2003,4.7,95,94,95,14711.674874253047,1203.06359863,1.2,110.677322387695,99.6742769821555,99.1116751269035,2.251
SVN,2004,4.4,94,94,94,17103.82977839046,1368.64855957,1.25,98.9839782714844,99.669292843098,99.1116751269035,2.302
SVN,2005,4.2,95,94,95,17969.70959071607,1449.18920898,1.26,98.4201812744141,99.6643087040405,99.1116751269035,2.35
SVN,2006,4,97,96,97,19563.005059144023,1541.66430664,1.31,97.2961807250977,99.6593245649829,99.1116751269035,2.366
SVN,2007,3.8,97,96,97,23725.159600151535,1795.95043945,1.38,99.123893737793,99.6543404259254,99.0583073018352,2.39
SVN,2008,3.6,97,96,97,27461.97641653151,2179.45239258,1.53,99.6752166748047,99.6493562868679,99.004939476766907,2.397
SVN,2009,3.4,96,95,96,24501.78972904253,2125.05688477,1.53,98.8639907836914,99.6443721478104,98.9515716516986,2.415
SVN,2010,3.2,96,95,96,23329.841769115577,2017.14660645,1.57,98.0620422363281,99.6393880087529,98.8982038266302,2.435
SVN,2011,3.1,96,96,96,24940.628484160476,2147.80517578,1.56,97.9105606079102,99.6344038696953,98.8448360015619,2.5
SVN,2012,2.9,96,95,96,22442.141785995507,1974.85400391,1.58,97.7083282470703,99.6294197306378,98.7914681764936,2.546
SVN,2013,2.8,95,94,95,23236.9655321695,2055.38134766,1.55,110.404258728027,99.6244355915803,98.7381003514252,2.634
SVN,2014,2.7,95,94,95,24013.06820609594,2062.38476563,1.58,110.249092102051,99.6194514525228,98.6847325263569,2.775
SVN,2015,2.6,95,94,95,20697.27485306189,1775.86071777,1.57,109.984649658203,99.6144673134653,98.6313647012886,2.83
SVN,2016,2.5,94,92,94,21447.83777960361,1838.65405273,1.58,116.400497436523,99.6094831744078,98.5779968762202,3.019
SVN,2017,2.5,94,93,94,23303.07770595903,1925.03466797,1.62,115.774978637695,99.6044990353502,98.5246290511519,3.107
SVN,2018,2.4,93,93,93,25888.04810656553,2169.57885742,1.6,114.688491821289,99.5995148962927,98.4712612260836,3.185
SVN,2019,2.4,95,94,95,25814.168716757213,2219.09790039,1.61,112.492553710938,99.5945307572352,98.4178934010152,3.27
SVN,2020,2.4,95,94,95,25392.06510936123,2417.20874023,1.59,111.227478027344,99.5895466181777,98.3645255759469,3.303
SVN,2021,2.3,86,95,86,29192.840193301865,2779.56591797,1.64,108.541328430176,99.5845624791202,98.3111577508786,3.335
SVN,2022,2.3,89,96,89,28360.304146726812,2737.84936523,1.55,108.789093017578,99.5795783400627,98.3111577508786,3.367
SVN,2023,2.3,89,95,89,32660.475358134645,3037.7644043,1.51,108.57103729248,99.5745942010052,98.3111577508786,NA
SVN,2024,2.3,90,95,90,34301.03186865935,3370.53076172,1.52,NA,99.5745942010052,98.3111577508786,NA
SWE,2000,4.1,99,91,99,29632.58908116233,2173.1940918,1.54,NA,99.4843695619829,99.2347634124279,3.026
SWE,2001,4,99,94,99,27259.31743002172,2154.63354492,1.57,165.631896972656,99.4963792681382,99.2332384165328,3.121
SWE,2002,4,99,95,99,29957.77766649162,2456.70068359,1.65,158.776672363281,99.5085347124105,99.2277089490057,3.212
SWE,2003,3.9,99,95,99,37292.24197278008,3107.48876953,1.71,148.485015869141,99.5206514635942,99.2051754500928,3.283
SWE,2004,3.7,99,96,99,42758.00485649289,3488.65771484,1.75,103.179138183594,99.5327102571296,99.182623862092,3.373
SWE,2005,3.6,98,96,98,43378.40773943629,3546.78686523,1.77,101.34204864502,99.5447070775688,99.1600494494,3.454
SWE,2006,3.5,98,97,98,46531.37622404847,3755.67529297,1.85,101.008438110352,99.5571126332243,99.1374844622195,3.543
SWE,2007,3.3,98,96,98,53568.30577878322,4295.55224609,1.88,100.787086486816,99.5698405523295,99.1149041183548,3.625
SWE,2008,3.2,98,96,98,55817.17597264853,4609.91845703,1.91,101.293617248535,99.5824390950452,99.0922716215488,3.681
SWE,2009,3.1,98,97,98,46707.64250447509,4118.41650391,1.94,101.153099060059,99.5949006103398,99.0695949437167,3.749
SWE,2010,3.1,98,97,98,52542.57590902992,4391.1171875,1.98,101.71981048584,99.6072194103312,99.0468670356081,3.808
SWE,2011,3,98,97,98,60379.48145993216,6363.61474609,1.9,101.528671264648,99.6200368706399,99.0240725950998,3.888
SWE,2012,3,98,97,98,57749.56154208534,6280.82519531,1.91,102.479888916016,99.6332110988659,99.0011691334878,3.967
SWE,2013,2.9,98,97,98,60843.98887993689,6716.21484375,1.89,141.469116210938,99.6460882913132,98.9781745144205,4.043
SWE,2014,2.9,98,97,98,59583.45844917144,6632.23681641,1.88,142.575439453125,99.6586774345315,98.9550794456992,4.109
SWE,2015,2.9,98,98,98,51188.165212049265,5626.04833984,1.85,146.889114379883,99.6710064082341,98.9319079494218,4.174
SWE,2016,2.8,98,97,98,51703.50883328512,5719.45996094,1.85,145.599060058594,99.6830482298688,98.9086418804905,4.233
SWE,2017,2.8,97,97,97,53210.22333189649,5871.52294922,1.78,148.528549194336,99.694829304649,98.8852906425608,4.269
SWE,2018,2.7,97,97,97,54018.45543918606,6042.13525391,1.76,147.598724365234,99.7063476379423,98.8618710894005,4.322
SWE,2019,2.6,98,97,98,51648.98928205141,5688.04492188,1.71,142.982864379883,99.7175968808231,98.8383650468889,4.288
SWE,2020,2.6,97,97,97,52568.57269801464,6030.53271484,1.67,143.369766235352,99.7286050632105,98.8147945547194,4.322
SWE,2021,2.5,98,97,98,60647.54163653466,6894.20166016,1.67,146.834045410156,99.7393684296399,98.7911500544417,4.408
SWE,2022,2.5,94,93,94,54836.890723512355,6022.39257813,1.53,148.988021850586,99.7499137536867,98.767447686991,NA
SWE,2023,2.4,94,93,94,54950.28347256223,6206.23046875,1.45,143.316436767578,99.7602354276088,98.7436812461122,NA
SWE,2024,2.4,96,93,95,57117.487744061626,6484.76464844,1.43,141.029846191406,99.7607966673045,98.743188223274,NA
SWZ,2000,112.5,84,92,87,1629.6703884281549,76.93126678,4.03,42.7815818786621,52.3827344327009,50.2519164138463,NA
SWZ,2001,115.7,84,93,87,1429.8563035944703,75.41345978,3.944,42.9482002258301,53.4258407035318,50.7480641733809,0.17
SWZ,2002,117,85,93,87,1315.7363464799394,74.66481781,3.854,43.8290100097656,54.4752825791537,51.2776269086054,NA
SWZ,2003,117.9,85,93,87,2015.2174306525103,131.40959167,3.796,43.1537284851074,55.5310495688809,51.8180236273176,0.15
SWZ,2004,118,86,93,88,2525.5640452625016,175.89544678,3.76,45.834659576416,56.5922875058508,52.3689358798259,0.159
SWZ,2005,117,86,93,88,2871.0687743744857,217.26066589,3.704,48.8366012573242,57.6602730930279,52.9308437622057,NA
SWZ,2006,106.4,87,93,88,2964.9586520068237,237.50752258,3.632,52.9540214538574,58.7341694131305,53.5034552326693,NA
SWZ,2007,100.3,87,94,88,3109.1109760886393,252.24301147,3.58,53.4239311218262,59.8325678287226,54.091290182986,NA
SWZ,2008,97.9,88,94,89,2946.860661374604,265.72091675,3.567,NA,61.0508081483967,54.7111665894608,NA
SWZ,2009,92.4,88,94,89,3189.796799566374,279.68212891,3.504,57.9981803894043,62.2691676110764,55.3293473329565,0.157
SWZ,2010,82.1,89,94,89,3922.740393907329,343.04284668,3.375,62.7447319030762,63.4875943995962,55.9457205621273,NA
SWZ,2011,67.6,91,87,85,4225.060494119111,365.25265503,3.317,64.7975387573242,64.7063885949655,56.5601896645653,0.098
SWZ,2012,62.7,95,88,92,4224.547891744865,340.03012085,3.266,66.9680328369141,65.8999215766669,57.1723082291424,NA
SWZ,2013,59.7,98,97,98,3949.94310039907,303.40438843,3.237,69.7378005981445,67.0946646886489,57.7849166217817,NA
SWZ,2014,60,98,97,98,3771.072283819378,282.43395996,3.181,73.5833206176758,68.290236770265,58.3979502299524,NA
SWZ,2015,57.5,90,89,84,3419.822765595284,250.71520996,3.122,76.7041397094727,69.4869405286673,59.0113147479488,NA
SWZ,2016,54.4,90,89,90,3238.176119613639,226.41770935,3.068,82.1736533366008,70.6869219395068,59.6244143156364,0.093
SWZ,2017,53.6,90,89,90,3853.099565696787,265.50152588,3.018,NA,71.889631274468,60.236840423133,0.18
SWZ,2018,50.4,90,85,90,3972.6545062035666,292.33929443,2.971,NA,73.0951527386502,60.8480464368627,0.238
SWZ,2019,51.5,90,81,89,3913.1457754733624,320.05084229,2.925,NA,74.3032304184965,61.4575194811054,NA
SWZ,2020,50.5,83,76,82,3466.5693627814517,236.99609375,2.888,NA,75.5136191882992,62.0647533053702,0.138
SWZ,2021,47.9,77,80,61,3984.002291743063,297.72213745,2.841,NA,76.7260694607932,62.6692355268683,NA
SWZ,2022,47.3,97,83,97,3894.162008986901,284.75802612,2.801,NA,77.9405822265556,63.2702587161203,0.561
SWZ,2023,46.2,85,85,76,3755.5211123246368,296.04562378,2.753,NA,79.1563791861863,63.8676533294277,0.557
SWZ,2024,45.1,84,85,70,3909.558923781816,NA,2.718,NA,80.3737107191052,64.4605026249554,NA
SXM,2000,NA,NA,NA,NA,NA,NA,1.982,NA,98.5885136863648,98.3844236135577,NA
SXM,2001,NA,NA,NA,NA,NA,NA,1.892,NA,98.6441033512407,98.4149315325455,NA
SXM,2002,NA,NA,NA,NA,NA,NA,1.809,NA,98.6996930161167,98.4454394515333,NA
SXM,2003,NA,NA,NA,NA,NA,NA,1.742,NA,98.7552826809926,98.4759473705211,NA
SXM,2004,NA,NA,NA,NA,NA,NA,1.702,NA,98.8108723458685,98.5064552895088,NA
SXM,2005,NA,NA,NA,NA,NA,NA,1.708,NA,98.8664620107444,98.5369632084966,NA
SXM,2006,NA,NA,NA,NA,NA,NA,1.758,NA,98.9220516756204,98.5674711274844,NA
SXM,2007,NA,NA,NA,NA,NA,NA,1.572,NA,98.9776413404963,98.5979790464721,NA
SXM,2008,NA,NA,NA,NA,NA,NA,1.728,NA,99.0332310053722,98.6284869654599,NA
SXM,2009,NA,NA,NA,NA,25528.412619483028,NA,1.713,NA,99.0888206702481,98.6589948844477,NA
SXM,2010,NA,NA,NA,NA,26403.81436921631,NA,1.848,NA,99.1444103351241,98.6895028034355,NA
SXM,2011,NA,NA,NA,NA,27317.5178881974,NA,1.99,NA,99.2,98.7200107224233,NA
SXM,2012,NA,NA,NA,NA,28149.09978550408,NA,1.959,121.167315175097,99.2555896648759,98.750518641411,NA
SXM,2013,NA,NA,NA,NA,28529.73246870533,NA,1.894,NA,99.3111793297519,98.7810265603988,NA
SXM,2014,NA,NA,NA,NA,37134.91242309905,NA,1.817,106.940063091483,99.3111793297519,98.7810265603988,NA
SXM,2015,NA,NA,NA,NA,37839.62838151634,NA,1.732,NA,99.3111793297519,98.7810265603988,NA
SXM,2016,NA,NA,NA,NA,37308.6147795736,NA,1.642,NA,99.3111793297519,98.7810265603988,NA
SXM,2017,NA,NA,NA,NA,34701.30584944681,NA,1.571,NA,99.3111793297519,98.7810265603988,NA
SXM,2018,NA,NA,NA,NA,31708.311012474172,NA,1.522,NA,NA,NA,NA
SXM,2019,NA,NA,NA,NA,34861.46952896804,NA,1.481,NA,NA,NA,NA
SXM,2020,NA,NA,NA,NA,30150.899838047677,NA,1.467,NA,NA,NA,NA
SXM,2021,NA,NA,NA,NA,32548.43668549022,NA,1.456,NA,NA,NA,NA
SXM,2022,NA,NA,NA,NA,37793.12843991573,NA,1.453,NA,NA,NA,NA
SXM,2023,NA,NA,NA,NA,39451.8223361963,NA,1.447,NA,NA,NA,NA
SXM,2024,NA,NA,NA,NA,41472.5874498583,NA,1.44,NA,NA,NA,NA
SYC,2000,13.8,98,97,98,8063.655005751688,340.23703003,2.08,89.2084808349609,93.566407764684,95.4940997507991,NA
SYC,2001,13.8,96,95,96,8153.298636987904,334.48275757,1.98,80.8181381225586,93.7397794837197,95.6912191218088,NA
SYC,2002,13.7,99,98,99,8864.169194954675,340.82293701,2.04,76.393440246582,93.9131512027555,95.8883384928185,NA
SYC,2003,13.8,99,99,99,9070.284607570127,394.09664917,2.06,79.4021224975586,94.0865229217912,96.0854578638281,NA
SYC,2004,13.8,99,99,99,10827.671636032956,444.24789429,2.01,80.9912414550781,94.259894640827,96.2825772348378,1.372
SYC,2005,13.8,99,99,99,11802.111827683288,457.77093506,2.2,87.5332717895508,94.4332663598628,96.4796966058475,1.165
SYC,2006,13.8,99,99,99,12782.993892647544,487.17950439,2.11,80.9504013061523,94.6066380788986,96.6768159768572,0.83
SYC,2007,13.9,99,99,99,12669.30266872219,428.61749268,2.24,90.0347366333008,94.7800097979343,96.8739353478668,0.995
SYC,2008,13.9,99,99,99,11265.437627000474,367.36502075,2.33,88.1114273071289,94.9533815169701,97.0710547188765,0.757
SYC,2009,14,99,97,99,9747.09180546291,310.96310425,2.38,87.4722290039062,95.1267532360059,97.2681740898861,1.1
SYC,2010,14.1,99,99,99,10934.79494629001,449.52416992,2.13,77.6830291748047,95.3001249550416,97.4652934608958,1.053
SYC,2011,14.2,99,99,99,12110.09374619728,457.16436768,2.3,76.9048643994834,95.4734966740774,97.6624128319055,1.103
SYC,2012,14.3,98,98,98,12337.155466938775,562.99871826,2.32,84.1715316772461,95.6468683931132,97.8595322029151,0.935
SYC,2013,14.4,98,97,98,14821.292147607652,545.24871826,2.21,89.2255892255892,95.820240112149,98.0566515739248,NA
SYC,2014,14.5,99,99,99,15188.190217511252,588.18261719,2.19,90.5354919053549,95.9936118311847,98.2537709449345,NA
SYC,2015,14.6,97,98,97,15333.105172710511,566.96704102,2.26,94.5454545454545,96.1669835502205,98.4508903159442,NA
SYC,2016,14.7,96,97,96,16566.994604229385,673.19622803,2.33,101.458499071864,96.2317404863787,98.6480096869539,1.849
SYC,2017,14.7,97,99,97,17480.365191137193,667.09515381,2.34,113.519952352591,96.2382549357375,98.8451290579635,NA
SYC,2018,14.8,99,96,99,18440.234046093155,685.10827637,2.34,106.99716713881,96.2447469000147,98.8746286644801,2.087
SYC,2019,14.8,99,99,99,19141.5118743615,675.47839355,2.31,100.954458685574,96.8604704263635,98.885830584073,1.869
SYC,2020,14.8,97,97,97,14041.47540745751,670.88684082,2.2,102.862543883338,97.0338421453993,98.8969906145227,NA
SYC,2021,14.7,94,94,94,14982.911148776711,629.85974121,2.38,104.61993016384601,97.2072138644351,98.8985665517452,3.634
SYC,2022,14.5,97,98,97,16836.672189538738,707.34448242,2.2,78.1369548584545,97.3805855834709,99.7,6.598
SYC,2023,14.3,97,93,97,18262.711584928707,766.28778076,2.18,75.8835758835759,97.5539573025066,99.7,NA
SYC,2024,14,94,97,94,17858.82263839782,NA,1.85,73.0632629394531,97.7273290215423,99.7,NA
SYR,2000,23.1,86,84,86,1138.188485427796,53.69049835,4.068,41.8427505493164,91.6158541063871,88.4362434436707,1.347
SYR,2001,22.2,83,80,83,1186.8291347402724,57.71026993,3.976,42.4856414794922,91.7586218999109,88.5934283502185,NA
SYR,2002,21.4,86,84,86,1183.2473451033038,62.74715805,3.865,43.8788604736328,91.8997721443818,88.7492874257757,1.435
SYR,2003,20.8,85,83,85,1220.1790772559982,59.87030792,3.763,58.0821113586426,92.0391528942306,88.9036732275118,1.368
SYR,2004,20.2,84,82,84,1368.1148230028018,60.20412827,3.679,60.973819732666,92.1769036904115,89.0567218578073,1.412
SYR,2005,19.8,83,81,83,1533.901665365676,62.29284668,3.605,64.111328125,92.3127500006423,89.4008999377627,1.501
SYR,2006,19.4,82,81,83,1718.7834721733766,64.00552368,3.562,65.7816696166992,92.4468435279916,89.7438154668414,NA
SYR,2007,19.1,82,81,83,1937.6113857802743,72.10467529,3.538,67.0424194335938,92.5793268908565,90.0855961151044,1.417
SYR,2008,18.9,81,81,83,2429.124770871886,82.92500305,3.481,67.7757873535156,92.7100619487553,90.4260958959399,1.419
SYR,2009,18.8,81,82,83,2462.2019364320217,88.00678253,3.415,69.3705520629883,92.8389950924631,90.765252574693,1.362
SYR,2010,18.8,81,82,83,2730.614771189487,91.5537796,3.355,70.5109329223633,92.9663113079077,91.1032333325641,1.388
SYR,2011,21.6,72,80,60,2952.1434937225717,78.28834534,3.285,71.8534393310547,93.0142407575588,91.3661532755884,NA
SYR,2012,34.2,58,72,57,1897.6611501869631,66.27796173,3.221,72.8255767822266,93.0666090748755,91.6346537137352,NA
SYR,2013,36.9,54,69,60,985.8926692270542,47.07229233,3.165,47.3244400024414,93.1236567198274,91.9089982459699,NA
SYR,2014,35.5,56,65,62,1060.5910588685424,48.91549683,3.117,NA,93.1852908581408,92.1891347366773,1.432
SYR,2015,37.1,54,64,60,847.7316319425646,38.17871475,3.067,NA,93.3313690922038,92.5483239351902,NA
SYR,2016,32.2,55,73,58,656.3490586313004,27.40652657,3.012,NA,93.4743194436067,92.9046403526053,1.172
SYR,2017,32.9,61,78,63,851.5020052541528,35.57104874,2.972,NA,93.6141078832072,93.258034132691,1.468
SYR,2018,32.5,60,74,63,1098.0668642356993,46.24067307,2.932,NA,93.7507061762982,93.6084625778636,1.5
SYR,2019,24.6,67,76,70,1109.539260360489,55.2208252,2.878,NA,93.8841397011328,93.9559328365603,1.517
SYR,2020,21.9,62,70,63,572.3552898319015,37.03173065,2.837,40.9866714477539,94.0143506731298,94.3003801258049,1.5
SYR,2021,20.5,61,70,62,663.6142457068148,53.4726181,2.798,41.2969818115234,94.0536912960994,94.6418305675614,1.521
SYR,2022,20.7,59,52,58,1051.6714958746263,53.26486588,2.746,42.0501708984375,94.077936305752,94.980328483975,NA
SYR,2023,20.1,66,74,66,NA,33.34017944,2.712,42.0292587280273,94.1020342428863,95.3158526472943,NA
SYR,2024,18.4,73,81,75,NA,NA,2.7,41.8100318908691,94.1259941580026,95.6484324566991,NA
TCA,2000,11.7,NA,NA,NA,NA,NA,2.406,83.0188674926758,NA,NA,NA
TCA,2001,11.1,NA,NA,NA,18325.745811197383,NA,2.342,NA,NA,NA,NA
TCA,2002,10.5,NA,NA,NA,17803.947176773316,NA,2.242,NA,NA,NA,NA
TCA,2003,9.9,NA,NA,NA,18859.189027477332,NA,2.176,80.0256118774414,NA,NA,NA
TCA,2004,9.4,NA,NA,NA,21246.009800490025,NA,2.136,85.5878601074219,NA,NA,NA
TCA,2005,8.9,NA,NA,NA,24122.302818075703,NA,2.106,93.9393920898438,NA,NA,NA
TCA,2006,8.5,NA,NA,NA,28734.287306452257,NA,2.078,NA,NA,NA,NA
TCA,2007,8.1,NA,NA,NA,29443.852303007232,NA,2.049,NA,NA,NA,NA
TCA,2008,7.8,NA,NA,NA,31453.822875268896,NA,2.005,NA,NA,NA,NA
TCA,2009,7.5,NA,NA,NA,24596.893801595073,NA,1.959,107.745780944824,NA,NA,NA
TCA,2010,7.3,NA,NA,NA,23093.849826826725,NA,1.907,NA,NA,NA,NA
TCA,2011,7,NA,NA,NA,27327.40063541464,NA,1.859,NA,NA,NA,NA
TCA,2012,6.8,NA,NA,NA,25923.615650387525,NA,1.805,NA,NA,NA,NA
TCA,2013,6.6,NA,NA,NA,25653.819867470953,NA,1.752,NA,NA,NA,NA
TCA,2014,6.4,NA,NA,NA,27292.5820256776,NA,1.729,70.3932189941406,NA,NA,NA
TCA,2015,6.2,NA,NA,NA,29457.01406911624,NA,1.718,78.5111281657713,NA,NA,NA
TCA,2016,6,NA,NA,NA,31373.561268432728,NA,1.713,69.2889561270802,98.6894074101365,93.1209288772918,NA
TCA,2017,5.8,NA,NA,NA,30014.230952321297,NA,1.704,80.772142316427,98.7117916463255,93.1258920918043,NA
TCA,2018,5.6,NA,NA,NA,31625.616593277027,NA,1.677,86.8580093383789,98.7327474313209,93.1305309193473,NA
TCA,2019,5.5,NA,NA,NA,31780.521706898948,NA,1.617,83.3458929917106,98.75229483365,93.1348642536176,NA
TCA,2020,5.3,NA,NA,NA,20690.916054611815,NA,1.552,81.2965722801788,98.7705716728616,93.1389142647071,NA
TCA,2021,5.1,NA,NA,NA,27329.28850871958,NA,1.501,87.9500427246094,98.7876500176188,93.1426950995276,NA
TCA,2022,5,NA,NA,NA,31280.541802080836,NA,1.477,95.5202331542969,98.8035372363525,93.1462139429881,NA
TCA,2023,4.8,NA,NA,NA,35470.21516082947,NA,1.463,101.720430107527,98.8184607523226,93.1495232967179,NA
TCA,2024,4.7,NA,NA,NA,37506.779843128825,NA,1.452,112.647058823529,98.8323379770944,93.1525997991534,NA
TCD,2000,182.4,38,28,30,163.12166368336872,10.07452297,7.249,4.86319017410278,38.6325926482475,9.69267435850219,0.028
TCD,2001,179,26,26,26,194.32295331156047,11.64042854,7.231,5.92101001739502,39.2138920881582,9.7751135418566,NA
TCD,2002,175.6,25,25,31,219.06139195134935,18.01737785,7.201,6.716139793396,39.797511560643,9.85770983495689,NA
TCD,2003,172.3,23,23,36,289.08762112216766,18.0202446,7.179,7.23851013183594,40.3843409836693,9.94081082830359,NA
TCD,2004,168.8,22,16,31,445.8507671570869,27.74994278,7.16,7.58640003204346,40.9739132233023,10.0242446229249,0.035
TCD,2005,165.4,26,27,37,838.0921077125565,31.27608871,7.134,7.99178981781006,41.5662153725752,10.1080110721991,NA
TCD,2006,161.8,41,39,49,906.8972605727467,33.8651123,7.118,8.39060974121094,42.1612381034332,10.1921113947544,0.034
TCD,2007,158.1,29,31,38,980.4835314851032,34.0423584,7.092,11.3585796356201,42.759391223653,10.2767459840374,NA
TCD,2008,154.3,19,27,30,1166.3688345384062,36.89921951,7.063,12.1731004714966,43.3598104531509,10.3615175647599,NA
TCD,2009,150.5,26,36,32,1035.637196942538,34.82435226,7.021,13.3485803604126,43.9629137566651,10.4835847980319,NA
TCD,2010,146.7,40,46,43,1141.800692684123,35.26005936,6.99,13.3503582919367,44.5760310573362,10.6144013332631,NA
TCD,2011,142.9,33,54,40,1308.1421872538,37.35868073,6.948,13.9537990672367,45.1988546215139,10.7545443393763,NA
TCD,2012,139.3,40,63,51,1354.3434470193736,36.20247269,6.905,13.9380247654593,45.8314573063676,10.9048548883194,0.04
TCD,2013,135.8,39,57,46,1304.8874297147463,38.59413528,6.839,15.5360282192823,46.473095846077,11.0657152698931,0.042
TCD,2014,132.3,36,45,44,1278.7898142249378,42.16276169,6.781,14.2828502655029,47.123415071397,11.2377495765285,0.043
TCD,2015,128.7,42,46,52,993.99073061086915,33.82092285,6.706,13.880263310419,47.7824336610333,11.421878644262,0.048
TCD,2016,125,41,37,44,861.8317676307461,31.96038055,6.623,14.2798381653045,48.4497536859394,11.6187911677525,0.036
TCD,2017,121.4,41,37,44,854.4612004009803,29.9935894,6.537,14.0123630025093,49.124967257941,11.8291930674672,0.042
TCD,2018,117.6,47,41,45,948.6566298712312,31.2043705,6.464,13.9039225599097,49.8080053480297,12.0541194503815,0.05
TCD,2019,114,53,40,46,893.3364416433249,30.23690224,6.412,14.1967132658225,50.4980631195055,12.2940184363217,0.052
TCD,2020,110.6,55,45,51,866.9478148904094,37.73088074,6.346,NA,51.195378612918,12.5503209104072,0.058
TCD,2021,107.3,62,53,57,946.3585002083736,37.59156799,6.255,17.2672329408201,51.8991024750567,12.823518442494,0.056
TCD,2022,103.9,66,54,58,966.0364682785676,40.17007446,6.215,NA,51.9951528405103,12.9220668166821,0.082
TCD,2023,100.6,67,63,67,949.3334536745924,47.43893051,6.12,19.2402040168684,52.0983569633172,13.0279538007946,0.085
TCD,2024,97.3,68,66,67,961.5597556250602,NA,6.028,19.4390107130432,52.2090525523694,13.1415290614475,NA
TEA,2000,41.14639068976581,NA,NA,NA,972.833173916046,38.39626066532568,1.9170120298433724,57.0315093994141,79.62543912287863,56.33102629134963,1.1344976964965414
TEA,2001,39.047195737498335,NA,NA,NA,1026.6492096959007,39.52677584323286,1.863594347384005,59.2179107666016,80.10472514090593,57.23191120600209,NA
TEA,2002,36.73621698991434,NA,NA,NA,1127.2509337481924,44.08864286208822,1.8562587921340947,60.3938217163086,80.99043609858765,59.11389237112971,NA
TEA,2003,34.480883710411526,NA,NA,NA,1266.107788672408,50.34308024393605,1.8507145756341503,62.1098098754883,81.87224735317824,60.996361074470585,NA
TEA,2004,33.269520396236544,NA,NA,NA,1456.9669469412374,56.648101849890814,1.8686900207545096,65.2021179199219,82.73610243772639,62.85986332894395,NA
TEA,2005,30.25482455730705,NA,NA,NA,1673.19096529507,65.03107622251429,1.876507476098555,67.6620712280273,83.58411922082308,64.70642424792604,NA
TEA,2006,28.37021879557475,NA,NA,NA,1999.860707796059,74.6221373015156,1.8899951092995704,70.9818725585938,84.40447574154824,66.51923610121277,NA
TEA,2007,26.690231699626207,NA,NA,NA,2510.422619933258,89.2684378120494,1.9071483864772296,74.9075927734375,85.20163858394086,68.33201996594877,NA
TEA,2008,26.151104962074054,NA,NA,NA,3154.168728510615,116.59945723182013,1.9283048894977692,77.8543090820312,85.98035652635036,70.12362795451207,NA
TEA,2009,23.658345642276984,NA,NA,NA,3398.5298966784635,138.5221980876831,1.935162137678864,82.3411712646484,86.73559457241066,71.89244923126996,NA
TEA,2010,22.371111289120464,NA,NA,NA,4104.802623622593,160.37548959536025,1.913804637700639,83.34423828125,87.45496462936593,73.63842379311677,1.1426347835933672
TEA,2011,21.304380383047743,NA,NA,NA,4970.505354935648,200.31168352069272,1.90559230915552,84.9011993408203,88.10895610049303,75.35147455254263,NA
TEA,2012,19.91318400833499,NA,NA,NA,5497.155172719174,233.51598051581055,1.9924533565986244,85.726921081543,88.73679795198505,77.04129750041818,NA
TEA,2013,19.081800887577437,NA,NA,NA,6020.72398510662,263.8300528946526,1.922763208603666,86.6558074951172,89.34423381789925,78.71033056674588,NA
TEA,2014,18.021597295550436,NA,NA,NA,6446.136123592402,287.34001603522324,1.9531584360844405,86.3143920898438,89.93184435408719,80.35947348529388,NA
TEA,2015,17.441339920976038,NA,NA,NA,6664.488345775575,307.28501637845903,1.87874321014974,86.5495834350586,90.4995852704382,81.98801037559628,NA
TEA,2016,16.424837911708362,NA,NA,NA,6758.743657287014,312.5947006523468,1.9293889085883291,86.0514678955078,91.04810753868082,83.59698668985993,NA
TEA,2017,15.6073305916676,NA,NA,NA,7323.513648479192,342.7690550600832,1.92683294089381,86.2188720703125,91.5775149728837,85.18639413840647,NA
TEA,2018,15.500839535401484,NA,NA,NA,8136.370418951371,388.6270169961566,1.7392589287063518,86.9969024658203,92.09959964950905,86.75146863069025,NA
TEA,2019,14.981793121096745,NA,NA,NA,8379.365032635742,414.6270393156305,1.7032919114394598,88.6385192871094,92.58951271949154,88.29368338945142,NA
TEA,2020,15.1483633261233,NA,NA,NA,8485.328551859788,446.4711166093616,1.5242034292121578,89.5575103759766,93.04986866676484,89.81271401608862,NA
TEA,2021,14.973090146322075,NA,NA,NA,10086.417606735587,515.5455592480012,1.4359018918690245,90.1944808959961,93.66525059388734,91.3110492550982,NA
TEA,2022,14.795706939873304,NA,NA,NA,10220.477443156708,566.0525355230328,1.3803824728806742,90.9774169921875,94.313160530948,92.673865374262,2.338242460028502
TEA,2023,14.413048377875471,NA,NA,NA,10239.816217881638,570.0651945205759,1.3561934988665565,91.7039489746094,94.76997194636722,93.91948025313984,NA
TEA,2024,13.901417368353153,NA,NA,NA,10513.95293230333,NA,1.3631300088668208,91.4581985473633,94.81313605565292,94.26027468094586,NA
TEC,2000,33.1505941426176,NA,NA,NA,2044.3507457654807,105.56712274440878,1.620307607113421,87.6772766113281,93.8527564505316,NA,3.1360640469281083
TEC,2001,31.067773905634816,NA,NA,NA,2080.9841911636345,114.1597341230183,1.600807183596413,89.4204711914062,93.93049200875772,NA,NA
TEC,2002,28.98941277829996,NA,NA,NA,2340.8250390874337,133.79392524597964,1.6038065864965338,90.6718521118164,94.04127831099991,86.59865884872123,NA
TEC,2003,26.9579816601548,NA,NA,NA,2879.653634403648,161.90070918597232,1.6167636444441933,91.4140014648438,94.15722686553232,86.85792895158922,NA
TEC,2004,25.400881608878915,NA,NA,NA,3723.4380320893256,202.02345761714284,1.6470259422919522,88.7538833618164,94.22152244158436,87.13528333887461,NA
TEC,2005,23.79612213683247,NA,NA,NA,4660.808369300657,251.97156171272405,1.633933388493795,87.1847305297852,94.64148652561435,87.42984112390792,NA
TEC,2006,22.231710920945694,NA,NA,NA,5632.990032338271,303.2679054562387,1.6616180926543236,88.5636291503906,94.71333201918571,87.77234782028538,NA
TEC,2007,20.70591577881703,NA,NA,NA,7247.027299432849,385.73682842196666,1.7227213417949392,89.2510299682617,94.7870308451388,88.2904260085122,NA
TEC,2008,19.28501773011228,NA,NA,NA,8951.253563768048,485.8693362698419,1.7923491292810254,89.7542266845703,94.85846247086486,88.80759179139882,NA
TEC,2009,18.05176149782355,NA,NA,NA,7074.023542623131,419.846879774389,1.8092202625387317,89.4047393798828,94.93397538956496,89.31963750400752,NA
TEC,2010,17.084767683903806,NA,NA,NA,8280.7234376826491,454.11080834159577,1.8100760309313688,90.8484420776367,94.96581625490016,89.82994375711722,3.34628339961149
TEC,2011,16.29445068226887,NA,NA,NA,10028.654556359785,505.5059524225904,1.7980364922089722,91.8245391845703,95.0010636107841,90.3368622943898,NA
TEC,2012,15.410158412149553,NA,NA,NA,10418.348493548074,530.6444793168575,1.86354536411501,92.2141799926758,95.0378772818666,90.83763615363053,NA
TEC,2013,14.73038152591075,NA,NA,NA,10965.24871164857,565.4576503394215,1.8748561116751017,97.1514587402344,95.10991372442976,91.33738204977304,NA
TEC,2014,14.022005170982217,NA,NA,NA,10307.224268541431,535.5081478368176,1.9263173814707089,97.9911727905273,95.1543870722179,91.835952560475,NA
TEC,2015,13.343577725526,NA,NA,NA,8009.618749955584,416.8678673001756,1.9297777773802425,97.9764862060547,95.25518242862508,92.33214595381276,NA
TEC,2016,12.66843636313338,NA,NA,NA,7659.549243913634,406.3638217858367,1.924809557432167,98.0270080566406,95.35489747271376,92.82980934253844,NA
TEC,2017,12.25254800852232,NA,NA,NA,8575.461291957641,454.56238580520966,1.8678052423991272,98.9324569702148,95.45795366307176,93.304905740005,NA
TEC,2018,11.93954315190026,NA,NA,NA,8911.877429790144,472.92294572172955,1.8508739098903844,99.4584503173828,95.5647762485239,93.75999570373202,NA
TEC,2019,11.72131481783179,NA,NA,NA,9058.74177112172,499.11892500505934,1.8209035766348556,99.4928283691406,95.67827825627236,94.18895861892092,NA
TEC,2020,11.440237655571943,NA,NA,NA,8478.350386568056,565.47187430609,1.8140885899135375,96.9749603271484,95.78387952380557,94.60682226941977,NA
TEC,2021,11.239065420560747,NA,NA,NA,10014.510882383678,641.6920300730609,1.8149173350157055,96.7162628173828,95.86771419625188,94.92538906251843,NA
TEC,2022,11.141266368354602,NA,NA,NA,11421.136442700135,732.6197329168004,1.7484714715206755,96.9985275268555,95.96986524910884,95.20928821597536,3.7184317791344945
TEC,2023,11.66089182206276,NA,NA,NA,12129.86411554317,791.090004873467,1.7248781947509082,96.8232421875,96.02903125537988,95.49657289291063,NA
TEC,2024,10.68091120486488,NA,NA,NA,13337.438695633742,NA,1.7051085215361097,97.7441177368164,96.0563065663485,95.75576396932284,NA
TGO,2000,119.2,64,58,63,409.88980279276814,13.0541811,5.1652,19.6559391021729,45.8401052749538,8.03359662210635,NA
TGO,2001,115.7,50,40,51,396.6926545201353,13.04282379,5.12801,21.8023300170898,47.2066551581281,8.26404186167869,0.057
TGO,2002,112.2,59,48,58,445.23869148892504,14.65135479,5.09187,25.0553398132324,48.548643782428,8.49612982372265,NA
TGO,2003,108.8,72,68,72,538.1653777692896,17.7094574,5.047961,27.0041999816894,49.8657131320708,8.7296739646634,NA
TGO,2004,105.5,71,70,71,560.2663085333824,18.62999153,4.994707,28.7924709320068,51.0022965045224,8.96468393915561,0.043
TGO,2005,102.4,82,70,80,551.2598500170766,20.9699707,5.037823,30.9342098236084,51.9453319211915,9.61445795262473,NA
TGO,2006,99.3,84,78,85,552.5022712525598,22.74487495,5.076201,32.7757911682129,52.8533718752421,10.2925202802465,NA
TGO,2007,96.5,82,71,72,607.5878867213521,22.34309769,5.102,29.8247108459473,53.7264798079458,10.9986369472506,0.047
TGO,2008,93.7,81,63,80,718.9483867174725,26.89384079,5.100197,NA,54.5651625096366,11.7327806563873,0.055
TGO,2009,90.9,78,66,78,720.6937681514155,28.3035717,5.104276,NA,55.3677359070846,12.493855912589,NA
TGO,2010,88.3,83,68,83,704.986772286079,30.54597664,5.087324,NA,56.1360720615008,13.2824677060048,0.0506
TGO,2011,85.6,85,72,85,783.9889446716725,34.41139603,4.984234,NA,56.877895720393,14.1028173218821,NA
TGO,2012,82.9,84,72,84,762.3916237906903,35.40290833,4.853789,NA,57.5887896171643,14.9528006713975,NA
TGO,2013,80.2,84,72,84,826.5427999872268,39.56414795,4.753612,NA,58.2632949727303,15.8290583040509,NA
TGO,2014,77.7,84,77,82,855.5848092465744,41.96416092,4.701602,NA,58.9022839214157,16.7317561082878,NA
TGO,2015,75.2,82,75,82,751.0519875872484,46.92110825,4.661566,NA,59.5058666846818,17.6606158910418,0.047
TGO,2016,72.8,82,73,81,772.581357620609,50.878349300000004,4.633942,NA,60.0753126449292,18.6162879264339,0.044
TGO,2017,70.4,84,78,77,792.765700965864,51.5464592,4.576231,51.5055745468098,60.6102462342239,19.5982705218929,0.072
TGO,2018,68.1,82,73,60,851.1205612335951,52.43610382,4.513072,NA,61.1106166110229,20.6062840876452,0.074
TGO,2019,66,86,78,81,826.2552090197977,48.85387421,4.450408,NA,61.5763879815796,21.6400439153227,0.074
TGO,2020,63.9,85,75,85,863.4686658702757,52.75213242,4.386312,NA,62.0075237539343,22.6992561746885,0.079
TGO,2021,62,87,77,87,962.0751875158718,52.72237015,4.323871,56.962123807999,62.4040009740747,23.7836212231427,0.057
TGO,2022,60,86,79,82,951.2323786903866,55.79545593,4.253183,NA,62.7656132616006,24.8925910881783,0.08
TGO,2023,58.1,90,81,89,1055.0172787792565,59.60503769,4.192401,59.0849653049812,63.7824051013865,25.0297462105085,NA
TGO,2024,56.1,90,81,89,1119.3816050942892,NA,4.121673,NA,64.7862455498292,25.1681056691569,NA
THA,2000,21.7,97,94,97,2005.976945142342,62.21043015,1.734,NA,93.7765869713253,92.1750602372757,NA
THA,2001,20.7,96,94,97,1889.934324671445,57.19389343,1.711,63.7907905578613,94.1405368582414,92.4269815292223,0.298
THA,2002,19.7,96,94,97,2089.7518311155445,69.68746185,1.688,66.2131118774414,94.4998959008986,92.6825085503493,0.295
THA,2003,18.9,98,96,98,2347.5400128606602,76.13368225,1.673,NA,94.8543257310885,92.9418411854686,NA
THA,2004,18,98,96,98,2641.5626871785717,82.91682434,1.665,70.2931900024414,95.2036653761552,93.2050846909476,0.289
THA,2005,17.2,98,96,98,2867.703834360616,90.61147308,1.644,74.191291809082,95.5388009228928,93.4725323543909,NA
THA,2006,16.5,98,96,98,3331.3204351177264,103.26116943,1.631,74.3672103881836,95.8682489978773,93.7441160220544,0.284
THA,2007,15.9,98,96,98,3918.5281743458054,125.10979462,1.616,79.398323059082,96.1916628762461,94.0200504764456,0.292
THA,2008,15.2,99,98,99,4309.135092929862,149.06762695,1.587,78.9311370849609,96.5089112924914,94.3003992134307,0.311
THA,2009,14.7,99,98,99,4135.439869528185,149.67800903,1.565,80.728889465332,96.8196905562878,94.5853633004337,0.333
THA,2010,14.1,99,98,99,4973.862888237778,168.61891174,1.562,86.182746887207,97.1240162959277,94.8749317339833,0.383
THA,2011,13.6,99,98,99,5373.623283289797,191.74464417,1.571,89.8197708129883,97.4082908052725,95.1764985756383,NA
THA,2012,13.1,99,98,99,5725.5280283546335,201.70690918,1.563,88.4013214111328,97.6857256811255,95.4825472825224,NA
THA,2013,12.7,99,99,99,6018.082447292549,207.81243896,1.526,87.5384979248047,97.9592475537445,95.7914583178376,NA
THA,2014,12.3,99,99,99,5801.1978916205,213.74395752,1.484,126.830101013184,98.2288774371451,96.1032346574694,NA
THA,2015,11.9,99,99,99,5688.853353978842,219.15092468,1.451,121.944808959961,98.4945735276121,96.417885275126,0.453
THA,2016,11.5,99,99,99,5833.577156170984,229.7849884,1.4,122.222442626953,98.7563664509808,96.7354102291453,0.433
THA,2017,11.1,99,99,99,6413.091825303433,247.08152771,1.363,86.0704322494438,99.0141678969544,97.0558447818026,0.788
THA,2018,10.8,97,96,97,7099.776500814575,274.71221924,1.323,87.3145736498592,99.2453414879961,97.3791754669481,0.518
THA,2019,10.4,97,96,97,7605.696577977591,288.31097412,1.285,85.5828342157346,99.4287701898312,97.705394777576,0.548
THA,2020,10.1,97,96,97,6985.643938925742,304.3817749,1.259,86.5028787913307,99.487572734038,98.0344733663979,0.509
THA,2021,9.8,92,93,93,7057.2075480227895,363.72845459,1.234,88.4176900305973,99.9512350608319,98.3663780543942,0.541
THA,2022,9.5,92,93,93,6909.352818158268,369.97647095,1.221,94.929673800743,99.9999987802384,98.7010762721829,NA
THA,2023,9.2,92,93,93,7195.101309194487,326.50482178,1.212,96.6361035696829,100,99.0385374392322,NA
THA,2024,9,92,93,93,7346.620221421852,NA,1.204,94.0628144371624,100,99.3504878190651,NA
TJK,2000,78.4,83,88,86,136.9257164007228,5.90626955,3.49,63.1059913635254,55.4730051221322,91.5699996065089,2.148
TJK,2001,71.8,85,88,84,168.67628536518615,7.56599855,3.49,63.6778411865234,56.9482130526026,91.8092789104417,2.095
TJK,2002,65.6,85,89,84,186.9516382852216,8.21969986,3.47,65.0725173950195,58.4307742770428,92.048248339145,2.008
TJK,2003,59.8,85,91,82,233.5812484528902,10.97546482,3.42,67.4764785766602,59.9206871400257,92.2869078236657,1.906
TJK,2004,54.6,86,92,82,305.7451585875024,14.6509676,3.507,68.9734802246094,61.4175479349986,92.525239461931207,1.914
TJK,2005,50.3,84,85,79,333.92715094168375,17.38472557,3.398,69.2418670654297,62.9221859580014,92.7632910189712,1.917
TJK,2006,46.6,83,82,76,401.0184033164272,20.04485893,3.341,69.8144989013672,64.4341771355512,93.0010371753061,1.88
TJK,2007,43.6,86,85,85,516.9972106189136,28.58950996,3.367,70.9309921264648,65.9535229781878,93.2384821622591,1.861
TJK,2008,41.2,86,86,87,703.3273758986428,41.35135651,3.388,73.0743865966797,67.4802180746637,93.4756158486128,1.895
TJK,2009,39.3,93,89,93,664.7956557346566,38.9187851,3.43,74.3436737060547,69.0142603257663,93.7124382355308,1.616
TJK,2010,37.6,93,94,95,737.3388832193556,42.28567886,3.457,74.2631072998047,70.5556572457132,93.9489613656333,1.67
TJK,2011,36.2,96,98,97,833.6019782028519,48.8431282,3.456,75.5782928466797,72.1041170163843,94.185174547708,1.693
TJK,2012,35,94,97,96,952.4528196954687,56.97117615,3.421,78.0864105224609,73.6660677042202,94.4209455801784,1.697
TJK,2013,34,96,97,97,1028.197042793961,67.62356567,3.433,79.1657104492188,75.2394845284164,94.6560052528961,1.677
TJK,2014,33,97,98,94,1081.5440293203876,73.06859589,3.459,NA,76.8237114189289,94.8900877135893,1.727
TJK,2015,32.2,96,97,96,956.916310930656,62.75804901,3.459,NA,78.4172891677318,95.1229285632346,1.747
TJK,2016,31.5,96,97,97,788.710481734485,54.9213562,3.384,NA,80.0192106177573,95.3542477429458,1.754
TJK,2017,31,97,98,97,829.4571476495696,56.85092545,3.29,NA,81.6282043537707,95.5837707483272,1.785
TJK,2018,30.7,96,98,96,834.2884045788009,58.51539993,3.294,NA,83.2428335664729,95.8112529374464,1.934
TJK,2019,30.4,97,98,97,871.0223729348457,60.51568222,3.281,NA,84.8621252488683,95.9706194331764,1.933
TJK,2020,30.1,97,98,97,834.3117154606249,74.17329407,3.211,84.0353803669802,86.2958090457045,95.9796685499025,1.995
TJK,2021,29.8,97,97,97,896.7480533721822,75.10315704,3.17,84.6863463051504,87.724619438918,95.98782600032,1.949
TJK,2022,29.4,97,98,97,1052.1794948489417,78.61326599,3.127,85.1438254472206,89.1472350011508,95.9951184722517,1.939
TJK,2023,28.8,96,98,97,1178.4799006024873,85.14702606,3.072,83.7874636593437,89.1684391081177,95.9857039731115,1.87
TJK,2024,28.1,97,98,97,1341.2022902767226,NA,3.036,82.8936127916098,89.1914749965589,NA,NA
TKM,2000,68.7,97,96,98,633.8354876380108,75.52490234,2.9,NA,90.0851084900887,93.3187665874563,2.708
TKM,2001,65.4,95,98,94,756.0349762763984,120.8463974,2.814,NA,90.4468711751016,93.3098698647818,2.702
TKM,2002,61.9,98,88,99,935.5408014784664,128.08802795,2.71,NA,90.8108818994509,93.3009582565221,2.657
TKM,2003,58.6,83,97,66,1228.948702894039,199.93019104,2.667,NA,91.1770647124339,93.2921017323084,2.551
TKM,2004,55.4,97,97,98,1379.230096826922,302.85839844,2.674,NA,91.5454676640224,93.283297506944,2.479
TKM,2005,52.6,99,99,99,1604.016184523122,324.81155396,2.706,NA,92.0373759307942,93.6603556052315,2.356
TKM,2006,50.1,98,99,98,1996.593107173076,349.6842041,2.724,NA,92.5306501265555,94.0385120989703,2.236
TKM,2007,48.1,98,99,98,2414.9607198696376,261.83258057,2.734,NA,93.0251197848515,94.4179027341964,2.175
TKM,2008,46.4,96,99,96,3605.503951205493,235.91514587,2.75,NA,93.5202593447869,94.7888881171857,2.126
TKM,2009,45,96,99,97,3707.978506996173,178.44587708,2.794,NA,94.0160473149034,95.1582461913449,2.105
TKM,2010,44,96,99,96,4058.5393700073905,202.7792511,2.848,NA,94.4138672514986,95.5291246544019,2.079
TKM,2011,43.4,97,99,97,5143.619293346473,251.85777283,2.9,NA,94.9164818491611,95.901679888436007,2.079
TKM,2012,42.9,97,99,98,6053.874846874895,289.13015747,2.955,NA,95.4189411344182,96.2760286614644,2.029
TKM,2013,42.8,98,99,98,6599.645290554815,339.92349243,3.007,NA,95.9209538308361,96.6523278427633,1.999
TKM,2014,42.9,98,99,98,7164.145361840064,393.86843872,3.023,NA,96.4221394795384,97.0307986182985,2.002
TKM,2015,43.2,99,99,99,5759.497903834004,362.72949219,3.033,NA,96.9223218117375,97.4115357683835,1.974
TKM,2016,43.5,98,99,98,5686.980409627638,376.65567017,2.99,NA,97.4211611367234,97.7947178741168,1.959
TKM,2017,43.8,99,99,99,5828.481662348902,410.81082153,2.934,NA,97.9183405901452,98.1805141094557,1.969
TKM,2018,43.8,99,99,99,6125.0516971208535,411.32562256,2.875,NA,98.3109148568141,98.5690477632557,1.971
TKM,2019,43.5,99,99,99,5998.001743475399,432.78118896,2.834,85.1072153533862,98.9744384290085,98.960474453072,1.957
TKM,2020,42.9,98,98,99,5972.723565668613,420.0083313,2.793,87.9286483161618,99.3966548614914,99.3549516187618,1.96
TKM,2021,42.1,97,97,97,5723.302271579058,471.86325073,2.754,90.9738998413086,99.6108510416355,99.7409287319658,1.917
TKM,2022,41.1,98,98,98,5837.842245389467,579.15454102,2.728,93.1647186279297,99.8205720859417,99.7391494278379,1.916
TKM,2023,40.2,98,99,98,6231.913238396981,581.38220215,2.69,NA,99.9281577562761,99.7373196526799,1.93
TKM,2024,39,98,99,98,6856.658027302078,NA,2.661,94.7373803445767,99.9219552580212,99.7354493287639,NA
TLA,2000,32.99396522386964,NA,NA,NA,4388.9261101421625,284.08364673607,2.6363386280618406,81.6936492919922,91.06575431541792,74.9746647038599,1.5125306484516314
TLA,2001,31.321216860368747,NA,NA,NA,4222.974619275107,274.9929055508947,2.568190559605044,82.9421920776367,91.43870403364652,75.69411314161567,NA
TLA,2002,29.766833502576507,NA,NA,NA,3714.3747812475976,236.40442146045376,2.50456976390976,90.0301666259766,91.80996875439588,76.40457256128117,NA
TLA,2003,28.379063960865675,NA,NA,NA,3728.7273907873127,247.4620508047726,2.443585262945424,87.6782684326172,92.17308555935033,77.11087743607584,NA
TLA,2004,27.078960067390444,NA,NA,NA,4252.838254592994,281.1745408917739,2.4013658972513903,89.3608474731445,92.51825020029784,77.81247443373847,NA
TLA,2005,25.832823454675875,NA,NA,NA,5103.9706894322435,339.67544850930403,2.3624616062615047,89.7480316162109,92.858224973574,78.55440141525577,NA
TLA,2006,24.743330582505756,NA,NA,NA,5926.882668652185,395.49529241149054,2.317984707308634,88.2021179199219,93.17899511925904,79.25210816652805,NA
TLA,2007,23.75760470291895,NA,NA,NA,6927.882499369956,469.1748155451549,2.2782531748282313,89.4879989624023,93.47280658165216,79.9529971160982,NA
TLA,2008,22.825678969166812,NA,NA,NA,7989.380671879034,540.1654367390774,2.248702918640965,90.7566299438477,93.7577155570357,80.64882198120921,NA
TLA,2009,22.044348031861325,NA,NA,NA,7386.600189950356,534.4673136447266,2.220743171768708,91.6688919067383,94.03147825357232,81.34019382700103,NA
TLA,2010,22.79769362258791,NA,NA,NA,9115.801445903624,638.3407849837165,2.1923514780854796,92.5695877075195,94.30451959218198,82.0317290834346,1.8968811133597248
TLA,2011,20.605738536039414,NA,NA,NA,10277.607925426437,726.976954542189,2.1717376719867736,92.9363327026367,94.5829786084944,82.71920057897695,NA
TLA,2012,19.962941239737297,NA,NA,NA,10263.482024354736,727.9279314632677,2.1417705784467467,92.8396377563477,94.85365584039656,83.39658451819638,NA
TLA,2013,19.384527913299912,NA,NA,NA,10231.082383052166,760.1953654962093,2.1196903069755133,97.6307601928711,95.11017864809,84.06438618135262,NA
TLA,2014,18.860045646409414,NA,NA,NA,10058.666481587205,761.9768018780571,2.102227690663371,97.6352081298828,95.36234511637608,84.72782366556648,NA
TLA,2015,18.44932136110459,NA,NA,NA,8404.377471962182,675.6377243052843,2.070155624721003,97.6419296264648,95.60972356557522,85.38593215722913,NA
TLA,2016,18.649011590988696,NA,NA,NA,8082.023306141424,648.4591813584594,2.018031652305308,98.4624328613281,95.84770165156756,86.037157704974,NA
TLA,2017,17.90655049358039,NA,NA,NA,8918.302512541559,733.7655608929354,1.9934211974985327,98.6692733764648,95.8699654719738,86.00984521380936,NA
TLA,2018,17.48133112358228,NA,NA,NA,8620.468902407552,671.9410890096494,1.9742390717358744,99.8246307373047,96.17302086139028,86.6592707661214,NA
TLA,2019,17.107951389239606,NA,NA,NA,8362.634298459678,654.6352697504668,1.9288419495637057,100.109489440918,96.42278637767572,87.29779302577711,NA
TLA,2020,16.821924099218002,NA,NA,NA,6964.371110279603,579.294045090621,1.8688984194345448,99.6935195922852,96.70322471226687,87.91886851920313,NA
TLA,2021,16.45951462783292,NA,NA,NA,8075.788166505642,672.7124812970877,1.8440953940432605,100.692810058594,96.99130691460618,88.55751532705885,NA
TLA,2022,16.134184448796727,NA,NA,NA,9174.556904524285,731.083036553733,1.822031907491368,100.131057739258,97.20443071717088,89.21131974844913,2.453801036377183
TLA,2023,15.78282768193536,NA,NA,NA,10260.51969157821,815.3002262974355,1.8041419230078064,100.539413452148,97.43003837939916,89.74864349698575,NA
TLA,2024,15.428340944835597,NA,NA,NA,10474.280994440764,NA,1.7942212653497918,100.964630126953,97.58483404476914,90.20131328853904,NA
TLS,2000,111.5,NA,NA,NA,492.4576379139055,NA,5.934,NA,NA,NA,NA
TLS,2001,106.4,NA,NA,NA,587.7006344290791,NA,5.918,NA,NA,NA,NA
TLS,2002,101.5,54,56,38,533.9824659421538,NA,5.899,NA,49.6179443771692,18.7862054534433,NA
TLS,2003,96.8,55,55,55,534.9011713483854,15.18759537,5.846,NA,51.3108607473429,21.2656644837503,NA
TLS,2004,92.3,57,55,57,474.42072669566255,20.22569466,5.741,57.4367485046387,53.0007196129337,23.7373821027999,0.082
TLS,2005,88,55,48,55,487.4645069292226,25.72540092,5.611,59.5954513549805,54.6754050235907,26.1851944213066,NA
TLS,2006,84,63,61,62,464.6670167910755,27.90169907,5.474,NA,56.3470575289693,28.6397241043122,NA
TLS,2007,80.4,70,63,70,540.1546305187846,30.51906586,5.333,NA,58.0156475742205,31.0966445042485,0.034
TLS,2008,76.9,79,73,79,628.1531914950258,43.71953964,5.171,57.0424880981445,59.6817264826487,33.5563864330636,0.037
TLS,2009,73.9,72,70,78,686.5793296907315,50.18856049,4.994,66.6238479614258,61.438249315098,36.0178392685678,0.044
TLS,2010,71,72,66,72,813.0602206703688,52.6151619,4.816,68.6269372897248,63.1966745548591,38.4806929868607,0.079
TLS,2011,68.4,67,62,66,939.0452388844062,64.43626404,4.614,71.4300991899046,64.9574170311788,40.9452765286363,0.078
TLS,2012,65.9,83,73,83,1022.6190667590108,71.46888733,4.404,71.6261633919338,66.7197738098251,43.41056257646,NA
TLS,2013,63.9,82,70,82,1204.5684332051835,102.79840851,4.208,69.9035409795258,68.4836127023317,45.8762265623181,0.615
TLS,2014,61.9,77,74,76,1224.7495630873264,93.10574341,3.999,72.1954898017811,70.2490467993202,48.3422173517987,0.678
TLS,2015,60.2,76,70,75,1319.5929500315403,101.4779892,3.779,75.7349709712488,72.0159260209215,50.808161320469,0.69
TLS,2016,58.7,79,73,79,1335.5439107334944,92.69400787,3.582,80.4793824903514,73.7840931370356,53.273678577949,NA
TLS,2017,57.3,83,77,83,1266.1777114347092,86.16269684,3.399,84.7672794199171,75.5531586283782,55.7381542550198,0.745
TLS,2018,56,83,77,83,1219.4659972898346,78.07413483,3.244,87.2436736474694,77.3234209050104,58.2016694124243,0.718
TLS,2019,54.8,83,75,83,1562.3645806803208,78.01346588,3.116,89.6775720031834,79.094491992256,60.663593946828,0.764
TLS,2020,53.4,83,74,83,1630.869385212559,118.49451447,3.011,89.3942621030436,80.8664062920622,63.1237035257288,0.752
TLS,2021,52,83,72,83,2684.926767742773,132.07870483,2.892,NA,82.6385824192743,65.5812259785817,NA
TLS,2022,50.7,83,72,83,2343.2495474018747,174.91529846,2.801,NA,84.411254635514,68.0360936203576,NA
TLS,2023,49.2,83,72,83,1502.4114743821076,144.21452332,2.707,NA,85.9414631913499,70.4877207394957,NA
TLS,2024,47.6,83,72,83,1331.970513018503,NA,2.627,NA,87.3296506057336,72.935802279964,NA
TMN,2000,78.57626771997197,NA,NA,NA,1246.0197506905886,54.49682437271884,4.0331358394730445,NA,84.05872580603712,62.462891558271295,0.7674252839217858
TMN,2001,75.78177690393096,NA,NA,NA,1225.8147413988852,56.52351210998208,3.922354034196626,NA,84.34964562232206,62.69386500481197,NA
TMN,2002,73.23910425584386,NA,NA,NA,1168.3592730472903,55.74638511420888,3.818998459783958,NA,84.6077172959834,62.94878659297289,NA
TMN,2003,70.92415556814228,NA,NA,NA,1263.915745401505,55.18515943928887,3.755902299018356,NA,84.88370866937241,63.23615777871862,NA
TMN,2004,68.40727932845199,NA,NA,NA,1463.3046705277002,62.99183048553799,3.663299338932949,NA,85.23810896119195,64.11522284603521,NA
TMN,2005,66.12923806833442,NA,NA,NA,1657.842969151542,71.33181140231798,3.61438148977568,NA,85.43059018775719,65.07441382501554,NA
TMN,2006,64.21228394014967,NA,NA,NA,1885.148702476694,80.57320253487741,3.603223646925058,NA,85.7795826688405,66.08180708855684,NA
TMN,2007,62.1665400488655,NA,NA,NA,2240.988367831749,96.42156608094562,3.588123083782043,NA,86.18360453428623,67.09858295183854,NA
TMN,2008,60.36050835000642,NA,NA,NA,2656.830461409859,115.20539126036256,3.575575454347257,NA,86.64020400024019,68.07928601313792,NA
TMN,2009,58.65994112202991,NA,NA,NA,2512.843820365347,126.78002607125067,3.5663476769365015,NA,86.98640263681558,69.04469805520104,NA
TMN,2010,56.89628114240564,NA,NA,NA,2817.9038021857145,140.01820325657428,3.557312171959503,NA,87.35150711023546,70.03887836875785,NA
TMN,2011,55.12265929142872,NA,NA,NA,3234.8825988404205,157.78716341064955,3.5412400351624873,NA,87.70177197818005,71.03615638043694,NA
TMN,2012,53.6353878519067,NA,NA,NA,3414.8716587695585,166.77722955891,3.537082383090627,NA,88.04748112512927,72.03065355284599,NA
TMN,2013,51.83158925584677,NA,NA,NA,3147.246791762345,156.95869988117568,3.526742857146786,NA,88.41409439023674,73.06508602394335,NA
TMN,2014,50.046939971717215,NA,NA,NA,3071.927719889929,160.5506917053187,3.5091288715497786,NA,88.78369164244917,74.10545662529397,NA
TMN,2015,48.625213987048895,NA,NA,NA,2799.454418115829,158.91248499838426,3.4788508397155056,NA,89.16515187573005,75.14966546206804,NA
TMN,2016,47.10204192863664,NA,NA,NA,2858.616890968256,157.3588116135114,3.4154549292552305,NA,89.55542371687532,76.20270995278027,NA
TMN,2017,46.01873774543253,NA,NA,NA,2854.661926380413,158.0552711632383,3.387311607651581,NA,89.940785409629,77.23853393448701,NA
TMN,2018,45.2801998035535,NA,NA,NA,2804.1263314244393,138.6355364419695,3.297386896467069,NA,90.3266352441533,78.22509902897676,NA
TMN,2019,44.23478771251541,NA,NA,NA,2688.969329582688,134.6863344313185,3.2294715195732366,NA,90.71013063714337,79.15848113079052,NA
TMN,2020,42.96690151974036,NA,NA,NA,2402.7348096445157,124.4294757333507,3.1920336825828044,NA,91.07181292852736,80.0427921818105,NA
TMN,2021,41.94589057491153,NA,NA,NA,2746.968099451828,131.19471730862546,3.147200354231578,NA,91.40695999198768,80.83447948896705,NA
TMN,2022,40.752433971369726,NA,NA,NA,3010.1965672691285,135.66573767853092,3.113996968215342,NA,91.74824008434716,81.67374357424252,1.1212541056068328
TMN,2023,39.63180907678216,NA,NA,NA,2868.886265012122,138.73807750718845,3.082666831855158,NA,92.01635010844412,81.87881201484565,NA
TMN,2024,38.22290620713727,NA,NA,NA,2973.774961552622,NA,3.048162603230662,NA,92.27015584219424,82.09078767983628,NA
TON,2000,16.9,95,95,95,1995.0766754627143,53.3949585,4.159,102.80802154541,98.5410497914921,89.1918092232378,0.499
TON,2001,16.5,94,93,95,1753.516675766262,55.2772522,4.127,99.6704864501953,98.5407585756614,89.1948394556071,0.339
TON,2002,16,90,90,90,1759.4805324575996,62.6541748,4.138,104.751586914062,98.5404796097005,89.1977672693598,0.289
TON,2003,15.6,98,99,98,1936.0410401238912,68.05188751,4.175,NA,98.540184845287,89.200794074455,NA
TON,2004,15.2,99,99,99,2195.448900476729,102.70134735,4.186,NA,98.5398938298048,89.2038246506717,NA
TON,2005,14.8,99,99,99,2477.7262014482462,108.29302216,4.195,NA,98.5855837440187,89.6551557415148,NA
TON,2006,14.4,99,99,99,2750.3477860085673,149.22753906,4.141,99.0016174316406,98.6313008465176,90.1063131747226,NA
TON,2007,14,99,99,99,2797.06560109144,134.56217957,4.086,86.3509674072266,98.6769462069557,90.558457375061,NA
TON,2008,13.7,99,99,99,3218.453039931955,190.86582947,4.012,107.204528808594,98.7225624072798,91.0111252112613,0.533
TON,2009,13.4,99,99,99,2914.2377400456385,118.79367065,3.946,119.411682128906,98.7682421108779,91.4632691263774,0.578
TON,2010,13.1,99,99,99,3416.083566012071,166.58139038,3.879,110.511276245117,98.8139923432634,91.914895774654,0.54
TON,2011,12.8,99,99,99,3849.993757501339,193.43716430999999,3.829,106.433456420898,98.8097360298525,92.0921967178499,NA
TON,2012,12.6,95,95,95,4384.170587242169,318.4196167,3.768,97.7831802368164,98.8058202724573,92.2619222236095,NA
TON,2013,12.3,99,99,99,4219.246701130143,171.82066345,3.696,98.4293899536133,98.8019244079513,92.4258220900949,0.514
TON,2014,12.1,98,99,98,4136.590137925294,210.86004639,3.619,102.685864599197,98.7978307642076,92.587068935407,NA
TON,2015,11.9,96,99,96,4123.903239933324,181.91452026,3.54,108.722566122679,98.7935498846236,92.7457956111317,NA
TON,2016,11.6,96,98,96,3987.9862620628696,208.53982544,3.463,NA,98.7890715916912,92.9019205295168,NA
TON,2017,11.4,99,99,99,4365.929327883834,246.34036255,3.388,NA,98.7844002121241,93.0554424910355,NA
TON,2018,11.1,99,99,99,4675.047912743854,278.49508667,3.326,NA,98.7796364058123,93.2070910925577,NA
TON,2019,10.9,99,99,99,4788.833423046843,266.68792725,3.274,101.290988897495,98.7748337024529,93.3566618540617,1.012
TON,2020,10.6,99,99,99,4792.358547415216,262.55459595,3.234,96.1400359066427,98.7700847369517,93.5041088737025,0.946
TON,2021,10.4,99,99,99,4922.801713783675,348.79745483,3.198,106.296201886311,98.7654258730206,93.6491554246251,1.014
TON,2022,10.1,99,99,99,5298.019415099507,382.79116821,3.171,101.076767164935,98.8114765892813,93.7917923415777,NA
TON,2023,9.8,99,99,99,5651.593730631569,357.54415894,3.129,97.895246159429007,98.8577319664238,93.9318098810781,NA
TON,2024,9.5,99,99,99,NA,NA,3.1,96.0905349794239,98.8583466602623,93.933454352263,NA
TSA,2000,89.97851395586522,NA,NA,NA,440.4679189109309,17.595250950492808,3.3339535609072484,40.5729293823242,81.20071070985135,16.647837112393844,NA
TSA,2001,86.09297835031137,NA,NA,NA,446.418919348871,18.661021698741145,3.2830838840058787,40.8564796447754,81.72523891657457,19.05394541811972,NA
TSA,2002,82.43558227529279,NA,NA,NA,462.898836496672,19.146394106519185,3.198283540940268,43.2442016601562,82.35906574980308,21.619434259999604,NA
TSA,2003,78.84346601319834,NA,NA,NA,532.6615468442899,20.740192554858456,3.1034343310219836,46.8258094787598,82.99142974174993,24.19868215567196,NA
TSA,2004,75.5748395041314,NA,NA,NA,606.4780416962581,23.606283213249675,3.025416283488479,47.6684112548828,83.62185238078986,26.793637952932805,NA
TSA,2005,72.0002867368244,NA,NA,NA,686.3381934754726,25.996352141638432,2.936879897226141,50.1592597961426,84.25423330541584,29.436062088585853,NA
TSA,2006,68.7185869960036,NA,NA,NA,769.3787043135123,27.819739595016088,2.8469728538189902,51.1434783935547,84.88485052420401,32.09756687783883,NA
TSA,2007,65.56760105870842,NA,NA,NA,967.697911561283,33.61637146533922,2.756696545214091,53.7980499267578,85.51385559372608,34.77807100757966,NA
TSA,2008,62.40169253354582,NA,NA,NA,958.2755114602974,35.899178489983726,2.6890508251575453,57.021728515625,86.14136386929853,37.477021661973986,NA
TSA,2009,59.40377993784346,NA,NA,NA,1054.4355588574476,36.60660434945915,2.644431807276806,57.7675285339355,86.76648368082688,40.1929257302588,NA
TSA,2010,56.338241527038136,NA,NA,NA,1294.02734404973,42.98757893280609,2.5657477903097714,61.3690986633301,87.38946561701243,42.92620659967137,NA
TSA,2011,53.39292268309848,NA,NA,NA,1397.0068255099857,46.372331984182686,2.500225143663022,63.5410003662109,88.01166057428684,45.67716614078108,NA
TSA,2012,50.52421655633098,NA,NA,NA,1387.1820595662482,46.61526345561053,2.441778239969359,66.3012619018555,88.63377841865507,48.44772327421198,NA
TSA,2013,47.74603453726866,NA,NA,NA,1405.8407235792963,53.36915118884254,2.3782720652908114,68.1774368286133,89.2557938947371,51.21812448759882,NA
TSA,2014,45.1433866579388,NA,NA,NA,1528.492087334083,54.57702723047961,2.28396274115946,73.1499404907227,89.87580732593334,54.025665780948344,NA
TSA,2015,42.575411231152096,NA,NA,NA,1570.5414246291698,56.741705220376744,2.278910705778888,73.1828765869141,90.49438452681348,56.84937402008153,NA
TSA,2016,40.284023817824036,NA,NA,NA,1722.9070341514437,58.84707149539362,2.2733060135155045,74.9855804443359,91.11094518381162,59.689489068752955,NA
TSA,2017,38.06642415582901,NA,NA,NA,1956.0670755418591,56.50309292965338,2.1915817190329814,73.732780456543,91.725355663911,62.54466543837493,NA
TSA,2018,36.071721265403454,NA,NA,NA,1988.366333179902,57.62719374965459,2.181340599242965,75.2186279296875,92.33749662975438,65.41313863422135,NA
TSA,2019,34.17888602172254,NA,NA,NA,2067.059756876371,60.40975479402492,2.124076232563931,75.2787170410156,92.947203002823,68.2929375209308,NA
TSA,2020,32.413341320135316,NA,NA,NA,1957.20343722686,63.79953987120692,2.0601938222645657,76.702880859375,93.55373228273284,71.09045393644773,NA
TSA,2021,30.800566226394853,NA,NA,NA,2273.720557986886,75.46533440214826,2.0310299036198813,78.1247634887695,94.157227378476,73.86133860849374,NA
TSA,2022,29.318460047007893,NA,NA,NA,2385.0834189627144,79.99196589363643,2.0140117130997486,79.9995727539062,94.75681009631772,76.62490024242,0.7340491510181254
TSA,2023,28.023750392508667,NA,NA,NA,2532.389889933058,82.48698595745246,1.995564419989333,78.5853118896484,95.35002909138278,79.37995942279345,NA
TSA,2024,26.81200703774897,NA,NA,NA,2690.078837490028,NA,1.980991877975989,78.1734237670898,95.9353546635494,81.95972000485793,NA
TSS,2000,150.4499751950541,NA,NA,NA,629.5297316133174,32.420258892750276,5.737738108850626,22.6744499206543,45.25854927968773,21.87001635032087,0.12684015290203957
TSS,2001,146.14748483528567,NA,NA,NA,587.3970485707393,29.79532691363395,5.696187696148656,23.7513294219971,46.02802553942911,22.16155533529234,NA
TSS,2002,138.82860202329732,NA,NA,NA,625.4689944118525,28.57841396143709,5.651521388206498,24.2899494171143,46.877948220535984,22.61849729783423,NA
TSS,2003,132.89441558681307,NA,NA,NA,766.5008429300018,42.429036919668285,5.613210218541299,25.3840808868408,47.761599706417194,23.10494505116485,NA
TSS,2004,127.5612052298014,NA,NA,NA,926.4354998200066,51.002650261260534,5.586548982896834,26.6784706115723,48.65653541726981,23.60609196552865,NA
TSS,2005,119.7140108002182,NA,NA,NA,1073.5297740318122,57.35366381607,5.558668607045333,27.6153392791748,49.60495834585345,24.217790991865115,NA
TSS,2006,113.97853982099376,NA,NA,NA,1234.1334000953084,63.95051704010553,5.521784148564386,28.4737796783447,50.55914392814616,24.836437839812756,NA
TSS,2007,109.09004541984253,NA,NA,NA,1390.5886507496236,70.8957241476353,5.476102782737598,29.0900192260742,51.49514875883179,25.45757181855193,NA
TSS,2008,104.3814737356469,NA,NA,NA,1536.667631371744,75.5671245819759,5.44570307459479,31.1681404113769,52.48143982306946,26.118513457656903,NA
TSS,2009,102.31088981103385,NA,NA,NA,1426.9691691994851,75.55416357806382,5.385842151515433,32.9982681274414,53.47317320520235,26.795633826622964,NA
TSS,2010,97.16445042154074,NA,NA,NA,1642.641341935958,85.65941874421355,5.324836399734894,34.9334907531738,54.46673369345695,27.482100747385264,0.18332123300967856
TSS,2011,96.6851412592745,NA,NA,NA,1795.4381485631563,92.8034033427682,5.254540905395253,36.1298713684082,55.29743405369753,27.935287922657317,NA
TSS,2012,90.72846350796958,NA,NA,NA,1817.301258166333,92.00277852003114,5.177912413736739,37.7216110229492,56.28009123647942,28.62956943994955,NA
TSS,2013,87.56624681132813,NA,NA,NA,1879.558731269205,92.81516071958964,5.096948543079914,40.2503395080566,57.26237722221322,29.340970540192032,NA
TSS,2014,86.66106420846073,NA,NA,NA,1906.7959697101692,90.34398073131968,5.02360835765816,39.3387718200684,58.25309313130863,30.071566295848033,NA
TSS,2015,84.77829505299789,NA,NA,NA,1646.4494113931642,82.51378131544861,4.943099502740304,39.976261138916,59.22086492953538,30.82224233496752,NA
TSS,2016,83.19261151115272,NA,NA,NA,1455.0352530457114,75.80119973886907,4.859648503998252,39.7697906494141,60.16405934983093,31.55423039242773,NA
TSS,2017,82.22792753557162,NA,NA,NA,1546.9177419932323,77.0775221839637,4.780248778207136,40.371768951416,61.13110077809471,32.35473631914351,NA
TSS,2018,78.77549285821104,NA,NA,NA,1620.5414080591916,76.24729305151283,4.696658598373383,40.8560485839844,62.08015548577683,33.073227204565214,NA
TSS,2019,77.7158849260533,NA,NA,NA,1795.561278655397,75.74456213003646,4.613298433588579,41.8325309753418,63.00558745258834,33.82350631279623,NA
TSS,2020,75.73754225403073,NA,NA,NA,1627.3456959629718,74.61716110903907,4.529700526534577,42.7530403137207,63.92456263036838,34.57799236958896,NA
TSS,2021,77.02575019948013,NA,NA,NA,1785.4666491661444,84.35947078838197,4.464428466599452,43.4628715515137,64.84280843894267,35.37018396622847,NA
TSS,2022,77.90648719833177,NA,NA,NA,1865.1163526069884,84.9160346502374,4.396547640185845,43.7793312072754,65.71795695235286,36.25328311135063,0.24964665593191768
TSS,2023,73.13930678926894,NA,NA,NA,1680.7796667221835,79.34846847445017,4.332478253595107,44.2121391296387,66.66476235322014,36.586769548156234,NA
TSS,2024,71.11416505529158,NA,NA,NA,1532.9276355020688,NA,4.264104041566041,44.4877815246582,67.53340700735727,37.10392502483764,NA
TTO,2000,28.8,90,90,90,6178.589755596872,266.16275024,1.732,NA,NA,NA,0.966
TTO,2001,28.5,91,91,91,6657.414669372205,272.72851563,1.705,NA,NA,NA,0.931
TTO,2002,28.1,96,87,96,6762.930808080963,324.36880493,1.672,NA,NA,NA,0.791
TTO,2003,27.7,91,88,91,8445.046535182983,358.59500122,1.648,NA,NA,NA,0.775
TTO,2004,27.3,94,95,94,9871.03419820086,431.37268066,1.627,87.3486480712891,NA,NA,NA
TTO,2005,26.9,95,93,95,12346.437309407496,530.35229492,1.625,NA,97.3094204121503,94.3756517863125,NA
TTO,2006,26.5,92,89,89,14152.660742211256,568.72583008,1.624,NA,97.3097399307231,94.3805673799329,1.172
TTO,2007,26.1,88,91,90,16606.675360681045,667.35321045,1.622,NA,97.3100621994255,94.3855102571565,1.13
TTO,2008,25.7,90,91,91,21298.994525806283,751.54608154,1.617,NA,97.3103838303241,94.3904280017838,NA
TTO,2009,25.3,90,94,90,14634.056500391198,776.62243652,1.618,NA,97.3107038668244,94.3953687318109,1.444
TTO,2010,24.8,90,92,91,16815.424737361,825.16088867,1.614,NA,97.440269369761893,94.3852371604895,1.732
TTO,2011,24.4,90,92,91,19151.08702297216,872.96398926,1.611,NA,97.5697030865947,94.3740852058431,1.743
TTO,2012,23.9,92,85,91,20332.138953192512,895.08026123,1.609,NA,97.6989849398985,94.3614743999076,NA
TTO,2013,23.5,92,91,94,21304.977749662845,970.90222168,1.603,NA,97.828150538828,94.3476328778078,NA
TTO,2014,23.1,92,96,94,21908.301455564368,1010.82769775,1.602,NA,97.9572291808289,94.3327824248919,NA
TTO,2015,22.7,96,89,88,19887.232771649797,1061.58666992,1.598,NA,98.0862562464858,94.317158860963,2.541
TTO,2016,22.3,97,86,91,17449.15388019561,1064.41772461,1.601,NA,98.2152623526831,94.3009655351862,NA
TTO,2017,22,89,93,94,17566.099970065556,1083.37609863,1.594,NA,98.344276330186,94.2844344672468,3.222
TTO,2018,21.6,99,90,99,17571.498737277976,1080.45397949,1.588,NA,98.4733339387866,94.2677930697495,3.939
TTO,2019,21.2,93,99,93,17212.61288921629,1097.20556641,1.578,NA,98.6024616253734,94.251259726399,4.205
TTO,2020,20.8,96,91,93,15283.62705315543,1059.72583008,1.572,NA,98.7316957265811,94.2350621411755,4.298
TTO,2021,20.4,94,93,94,17712.567410465464,1170.93859863,1.559,NA,98.8610651706074,94.2194207686008,4.157
TTO,2022,19.9,93,92,93,20750.520243465224,1266.28820801,1.544,NA,98.9906054804652,94.204562265161,NA
TTO,2023,19.3,96,90,96,18308.453629857464,1276.33862305,1.532,95.1876678466797,99.1203415064723,94.1907029265778,NA
TTO,2024,18.8,92,96,92,18733.411040649364,NA,1.536,98.4770166223362,99.2503077495039,94.1780681697959,NA
TUN,2000,29.2,97,95,97,2199.044659363143,111.01378632,2.025,74.7923202514648,87.5364530934515,77.6805623507761,0.762
TUN,2001,27.2,98,92,98,2235.7198162475106,114.00454712,1.975,77.1083908081055,87.8472449975765,78.3012933034024,0.787
TUN,2002,25.5,96,94,96,2320.7723805784976,124.64620972,1.941,78.3930435180664,88.1389782075232,79.2381759455373,0.799
TUN,2003,24,95,90,95,2725.864314885902,148.93447876,1.956,79.2942810058594,88.4264953069514,80.1731149302556,0.813
TUN,2004,22.7,97,95,97,3067.419363769748,167.27586365,1.95,NA,88.7051137784581,81.0995386424089,1.311
TUN,2005,21.6,98,96,98,3146.8260743927026,169.84550476,1.953,87.7173919677734,88.9588512587041,81.9968796979531,0.919
TUN,2006,20.7,99,98,99,3322.5693357009604,178.82592773,1.952,90.072380065918,89.2096520385554,82.8949793127084,NA
TUN,2007,20,98,98,98,3726.916729356669,202.32022095,1.957,NA,89.4569801310422,83.7929328669292,1.011
TUN,2008,19.4,99,98,99,4255.050080195232,230.50152588,1.975,94.3590087890625,89.8868255561027,84.6908993579876,1.094
TUN,2009,19,99,98,99,4080.0903244878054,231.3591156,2.004,91.7849884033203,90.3433938079576,85.5886831809273,NA
TUN,2010,18.7,98,97,98,4291.861208915754,240.75447083,2.075,90.7552108764648,90.7959166490344,86.4858177057762,1.207
TUN,2011,18.5,98,96,98,4420.64772206537,270.67507935,2.189,90.9749908447266,91.2448200352834,87.3826542238521,NA
TUN,2012,18.4,97,96,97,4297.267824542726,270.29055786,2.277,NA,91.6898273701058,88.2787188281284,NA
TUN,2013,18.3,98,94,98,4369.79345826358,284.64538574,2.31,NA,92.130516839447,89.1734065275524,NA
TUN,2014,18.3,98,98,98,4458.978954645474,287.60955811,2.316,NA,92.5674570508114,90.0672030566408,1.253
TUN,2015,18.2,98,98,98,4014.9477368643215,249.46418762,2.306,NA,93.0017471400427,90.9610365626904,1.285
TUN,2016,18.1,98,96,98,3847.8035444880866,240.40258789,2.275,95.4877166748047,93.4329020352708,91.8540914293083,1.258
TUN,2017,17.9,98,98,98,3619.032473199531,223.85903930999999,2.205,NA,93.8606207367796,92.7457440160073,1.278
TUN,2018,17.5,97,96,97,3628.1036646423577,215.418396,2.133,NA,94.2847367416076,93.6354735142668,NA
TUN,2019,16.9,98,98,98,3528.8721330679796,212.60031128,2.1,NA,94.7047945067718,94.5224940632681,1.299
TUN,2020,16,97,98,97,3548.6536366380274,250.40145874,2,NA,95.120374054685,95.4060813673203,1.315
TUN,2021,15,97,95,97,3906.939263193908,285.25247192,1.8,NA,95.5312981932344,96.2856817943005,1.315
TUN,2022,13.9,97,95,97,3707.292834143812,276.46380615,1.847,NA,95.9372584120703,97.1606271679566,NA
TUN,2023,12.9,97,96,97,3951.1168337692143,317.70983887,1.832,NA,96.3377994591756,97.9849156132874,NA
TUN,2024,12.1,97,96,96,4181.137893012285,NA,1.818,NA,96.7327873288014,98.5373409254893,NA
TUR,2000,37.2,85,87,85,4199.379863575901,192.8344574,2.487,63.1940116882324,92.5207717291777,86.5326055844195,1.303
TUR,2001,34.5,88,91,88,3052.225670679303,148.86210632,2.392,72.3898696899414,92.6069916760716,86.6924044195484,1.356
TUR,2002,32,78,83,78,3591.0862898258697,181.39144897,2.268,76.3927612304688,92.8175922761901,87.4876884090788,1.371
TUR,2003,29.6,68,75,69,4649.636680685855,232.5562439,2.202,78.0895462036133,93.0240916066264,88.2670291386027,1.393
TUR,2004,27.4,85,81,85,5979.605421614805,292.65307617,2.197,77.7478103637695,93.2266012493425,89.0308156718015,1.416
TUR,2005,25.3,90,91,90,7331.854294302553,357.40197754,2.197,78.0205230712891,93.4249804113802,89.7785316915136,1.455
TUR,2006,23.5,90,98,90,7990.082514072445,409.25881958,2.193,81.7884063720703,93.6194753638319,90.5110315275318,1.492
TUR,2007,21.8,96,96,96,9766.91734545294,504.37646484,2.16,84.3841094970703,93.8100251611177,91.2280737248533,1.532
TUR,2008,20.3,96,97,96,10913.407904776936,561.73529053,2.15,84.4206237792969,93.9967938201436,91.9302207848415,1.581
TUR,2009,18.9,96,97,96,9076.924722369766,492.30032349,2.1,77.3252868652344,94.1796628732745,92.6170977664848,1.637
TUR,2010,17.6,97,97,97,10698.96994097566,531.82861328,2.08,81.3065490722656,94.3588134972971,93.2892782391218,1.683
TUR,2011,16.6,97,98,97,11373.635576088516,525.89105225,2.05,84.8130187988281,94.5342469768029,93.9467893956226,1.698
TUR,2012,15.6,97,96,97,11776.759336203271,520.44274902,2.11,83.5451507568359,94.7061073056509,94.5901003264673,1.726
TUR,2013,14.7,98,98,98,12635.557001606836,547.95465088,2.11,101.523071289062,94.8740402203655,95.2181862351683,1.751
TUR,2014,14,96,94,96,12209.386232767443,520.40753174,2.19,105.464340209961,95.0383332367469,95.8319919153338,1.738
TUR,2015,13.3,97,97,97,11064.649450466248,444.70803833,2.16,106.707969665527,95.1990408276222,96.4317908505569,1.765
TUR,2016,12.7,98,98,98,10984.36431690613,456.3659668,2.11,108.04418182373,95.3562997823,97.0180744384543,1.774
TUR,2017,12.2,96,96,96,10756.387767788296,432.13754272,2.08,110.961929321289,95.5101526427098,97.5910900486757,1.805
TUR,2018,11.7,98,96,98,9684.118198847204,380.27835083,2,111.409126281738,95.6607630886075,98.1513969936455,1.814
TUR,2019,11.3,99,97,99,9395.233780013676,388.67486572,1.89,110.276336669922,95.8081999457908,98.6993304992011,1.884
TUR,2020,10.9,98,95,98,8798.11791709313,386.2593689,1.77,111.511711120605,95.9525757495893,99.2307423449242,1.989
TUR,2021,10.6,95,96,95,9981.763984113362,431.33978271,1.71,113.14852142334,95.9614082696356,99.2429248259355,2.118
TUR,2022,10.2,99,95,99,10897.83978613649,385.87997437,1.63,114.45539855957,95.9700345956399,99.2548217497769,2.236
TUR,2023,13.8,99,95,99,13375.094728286427,547.8145752,1.51,116.872711181641,95.9784417716969,99.2664132586442,NA
TUR,2024,9.6,99,95,99,15892.715728724075,NA,1.48,NA,95.9866257794699,99.2777016762549,NA
TUV,2000,42.8,82,81,82,1579.4190627554176,351.92758179,3.841,NA,98.9489058922468,78.9362425407756,NA
TUV,2001,41.8,96,99,96,1456.78409421177,261.71032715,3.749,79.1353378295898,98.9547762217723,79.3657428797952,NA
TUV,2002,40.8,98,99,98,1750.251750523477,207.1824646,3.637,NA,98.9600772515552,79.792403408127,0.625
TUV,2003,40,93,95,93,2006.8424994144184,274.99337769,3.579,NA,98.9637268810734,80.2316998514364,1.031
TUV,2004,39.1,98,97,98,2322.5626507289217,216.72221375,3.553,NA,98.9655447437616,80.6725239368512,NA
TUV,2005,38.1,93,62,99,2304.8269432905213,232.03250122,3.546,NA,98.9659492701757,81.1061453638606,NA
TUV,2006,36.9,97,84,97,2396.2684430770155,291.76730347,3.525,NA,98.9649313855609,81.6022136044618,NA
TUV,2007,35.6,97,95,97,2794.163100841186,292.23049927,3.446,NA,98.9624863760549,82.0929697634575,NA
TUV,2008,34.2,99,93,99,3088.308774138355,319.3182373,3.415,NA,98.958630738777,82.5784281170616,0.971
TUV,2009,32.8,88,90,85,2683.9674954958323,349.2015686,3.425,NA,98.953383966919,83.0584767783353,1.143
TUV,2010,31.4,89,85,89,3024.8170790570994,490.41107178,3.442,NA,98.9467468568781,83.5331982349857,NA
TUV,2011,30.2,96,98,96,3636.081399897922,536.10473633,3.463,NA,98.9387256390915,84.0026188953189,NA
TUV,2012,29,97,98,97,3598.461630910534,499.21899414,3.47,NA,98.929330064394,84.4667679679391,NA
TUV,2013,28,90,96,90,3510.2164014248297,484.58966064,3.389,NA,98.9186170640434,84.9256140127628,NA
TUV,2014,26.9,89,94,89,3528.8585810278178,512.64215088,3.33,86.5306091308594,98.9067978780049,85.3791357361949,0.909
TUV,2015,26,96,94,96,3357.8341770007055,451.35287476,3.308,96.6386566162109,98.8939303808876,85.8275541717816,NA
TUV,2016,25.2,94,96,94,3808.697550159088,697.99798584,3.297,85.5491333007812,98.8800941799152,86.2711177988143,NA
TUV,2017,24.3,96,95,96,4165.663387001063,1017.49633789,3.301,NA,98.8653597782107,86.7100762257543,NA
TUV,2018,23.5,89,88,89,4466.120349282449,819.41162109,3.328,86.4122085571289,98.8497651952118,87.1446773088525,NA
TUV,2019,22.7,92,96,92,5115.130759502061,1138.82617188,3.331,85.4070663452148,98.8333705888805,87.5751591368596,NA
TUV,2020,21.9,95,93,90,4976.112541095707,899.59460449,3.309,79.6899224806202,98.8162535576204,88.0017857400393,1.346
TUV,2021,21.2,94,93,87,5905.081980953432,1122.39929199,3.277,96.5023847376789,98.798446877674,88.424780639943,NA
TUV,2022,20.5,91,90,90,5911.3272705530135,1300.46679688,3.244,100,98.7800317187717,88.8444072299231,NA
TUV,2023,19.8,94,98,94,6344.775018868903,1723.56542969,3.208,104.873949579832,98.7610472591254,89.2608901052421,NA
TUV,2024,19.2,94,97,94,NA,NA,3.174,104.399323181049,98.7415397759091,89.674451389507,NA
TZA,2000,128,79,78,64,401.698150634766,12.33031845,5.67,NA,28.6115317838844,3.44646184127631,NA
TZA,2001,120.3,87,86,65,396.638732910156,15.1739912,5.617,NA,29.8677621346393,4.73290413603406,NA
TZA,2002,112.4,89,89,91,402.649047851563,17.0355854,5.57,NA,31.1241267343725,6.02169752992319,0.023
TZA,2003,105,95,97,97,422.18359375,20.39437675,5.578,NA,32.4757991553598,7.3420470245643,NA
TZA,2004,98.3,95,94,95,450.385284423828,23.4493866,5.597,NA,33.9471157006674,8.68990145112376,NA
TZA,2005,92.2,90,91,91,483.334869384766,27.71374512,5.579,NA,35.4283532789457,10.0407875300945,NA
TZA,2006,86.7,90,93,91,475.746734619141,35.59762955,5.511,NA,36.9195071413939,11.3955838103187,NA
TZA,2007,81.3,83,90,88,543.198303222656,36.23610306,5.403,NA,38.4195983532873,12.7548704063114,NA
TZA,2008,76.6,86,88,89,675.977233886719,36.26182556,5.324,NA,39.9290568171928,14.1197491698762,NA
TZA,2009,72,85,91,88,693.823547363281,33.9993782,5.26,NA,41.4454872812529,15.4903054261921,NA
TZA,2010,68.2,91,92,94,736.530151367188,37.18493271,5.225,28.6016407012939,42.9702242043012,16.8680409613497,NA
TZA,2011,64.6,90,93,88,775.392761230469,37.75179672,5.141,NA,44.5013525843349,18.2532282424589,NA
TZA,2012,61.7,92,97,90,861.969909667969,41.99654007,5.137,NA,46.0392257141693,19.6470733482155,0.031
TZA,2013,59,91,99,91,963.05712890625,43.46931839,5.156,31.0077818769829,47.5819698290827,21.049832968174,NA
TZA,2014,56.3,97,97,97,1022.74841308594,39.85456848,5.122,29.0062999725342,49.1277716374045,22.4616949820223,0.06
TZA,2015,54.3,96,95,93,939.127319335938,33.27184296,5.025,25.9106006622314,50.6761681803936,23.8834363913571,NA
TZA,2016,52,92,83,89,953.0107421875,36.65267563,5.006,25.6934364827346,52.2258564710625,25.3153858621226,NA
TZA,2017,49.8,90,90,89,986.674011230469,39.03767014,4.988,26.6423516825531,53.7768153446022,26.7585271322434,NA
TZA,2018,47.6,89,88,82,1023.10626220703,41.27171326,4.932,29.1602013185307,55.3281861083023,28.2133927251419,0.05
TZA,2019,45.6,91,89,87,1063.32250976563,39.97783661,4.866,31.1972029418227,56.8787467857379,29.6802357492442,NA
TZA,2020,43.8,91,87,61,1117.41528320313,31.7036171,4.801,32.1652787700855,58.4288709914851,31.1602899873696,NA
TZA,2021,41.7,86,80,64,1159.85656738281,37.53121185,4.734,29.2047595977783,59.9769893426504,32.6535108479798,NA
TZA,2022,40.1,87,84,82,1207.52062988281,35.93323135,4.671,NA,61.5231007781577,34.1608687863697,0.134
TZA,2023,38.5,83,84,80,1224.00219726563,36.25619888,4.606,NA,63.0660884066509,35.6824982712263,NA
TZA,2024,37,83,84,80,1186.71691894531,NA,4.541,NA,64.6059619473789,37.2193614570345,NA
UGA,2000,143.9,52,57,55,258.05033873108596,16.42602158,6.788,NA,26.2357051861037,14.7116633613524,NA
UGA,2001,137.2,55,59,56,236.02118885399335,15.99579906,6.757,NA,27.5298826781499,15.1044104366213,NA
UGA,2002,129.9,57,62,57,241.9846884083346,15.74441719,6.735,NA,28.8504493952135,15.4966529446954,0.047
UGA,2003,122.1,59,64,57,250.7154366468096,14.23364067,6.671,NA,30.1967437598834,15.8883472908915,NA
UGA,2004,114.2,62,66,58,292.38185796262013,18.60707474,6.612,16.8686599731445,31.5685635634506,16.2795981231902,0.081
UGA,2005,106.5,64,68,59,330.40540270702513,25.86819267,6.525,NA,32.9633010331223,16.6697698999299,0.12
UGA,2006,99.2,64,75,62,346.5182553106472,31.60310555,6.429,NA,34.3826242141433,17.0595600245412,NA
UGA,2007,92.5,73,75,70,401.3891308655809,36.10126495,6.326,21.5002498626709,35.824381726143,17.4484827686049,NA
UGA,2008,86.4,71,70,69,472.8426814958519,40.04308701,6.202,NA,37.2887308722368,17.8367866196346,NA
UGA,2009,81.2,79,77,78,798.9470899382466,44.3670578,6.124,NA,38.7739967915564,18.2241387733923,NA
UGA,2010,76,80,73,79,823.488144282,51.88574982,6.019,NA,40.2802562427772,18.6107811745522,NA
UGA,2011,70.9,82,75,79,835.620060555838,55.2076683,5.885,NA,41.8062522892618,18.9965285314938,NA
UGA,2012,66.5,83,80,79,795.222867553127,55.03918457,5.729,NA,43.3515394345294,19.3814718588075,0.098
UGA,2013,62.8,84,83,78,818.2854274167128,52.906353,5.563,NA,44.9140772703055,19.7651604775123,NA
UGA,2014,60.2,85,85,78,896.0547955463935,50.957798,5.408,NA,46.4945464801436,20.1480923027985,NA
UGA,2015,57.9,89,79,85,862.9346103558107,40.09843445,5.251,NA,48.0912598324733,20.5299518497404,0.097
UGA,2016,55.6,93,79,88,752.6965717256556,39.08125305,5.112,NA,49.7026063632453,20.9104342628765,NA
UGA,2017,54,94,83,90,765.2183322973606,31.43818092,4.987,NA,51.32772813986,21.2895047336164,0.172
UGA,2018,52.7,93,86,88,792.1657002281404,32.9515686,4.867,NA,52.9651082839112,21.6668720905552,NA
UGA,2019,51.6,93,87,92,822.1711500363574,33.36559677,4.744,NA,54.6148662999288,22.0428914452572,NA
UGA,2020,50.9,89,89,88,845.7664638901235,44.733818050000004,4.621,NA,56.2751724073816,22.4171466106688,0.158
UGA,2021,50.2,91,90,91,882.7917175425043,51.03484726,4.51,NA,57.9452003284678,22.789614286416,NA
UGA,2022,50,89,90,90,963.0673141171784,44.47286224,4.388,NA,59.6243670283511,23.1603896161507,0.191
UGA,2023,49.4,91,90,89,1002.3091391714248,45.21318436,4.283,NA,61.3115234168033,23.5293222340079,NA
UGA,2024,48.7,91,90,89,1077.912784528169,NA,4.165,NA,63.0058015721971,23.896386630237,NA
UKR,2000,18.2,99,99,99,653.294311523438,34.62232971,1.108,98.193229675293,98.2039141812344,94.3966034938473,2.986
UKR,2001,17.4,99,99,99,800.49072265625,44.14328766,1.092,98.8703765869141,98.2474033169623,94.5175683409695,2.984
UKR,2002,16.6,99,99,99,903.011901855469,52.11910248,1.127,100.236778259277,98.2725981349604,94.6431371878903,2.976
UKR,2003,15.8,97,99,99,1076.48156738281,67.87039948,1.173,101.120651245117,98.2640372395686,94.771552584454,2.964
UKR,2004,15.1,99,99,99,1401.01806640625,83.23918915,1.215,98.2237396240234,97.7928382047192,94.9541705931486,2.968
UKR,2005,14.5,96,96,95,1875.33508300781,114.63265228,1.221,91.2730178833008,97.3192965244118,95.1373679572065,2.974
UKR,2006,14,98,98,99,2366.494140625,146.27377319000001,1.297,96.4371032714844,96.8423737285602,95.3185357936314,3.04
UKR,2007,13.4,98,97,98,3160.32763671875,183.18217468,1.343,97.5493469238281,96.3624898983504,95.4986097698596,3.043
UKR,2008,12.9,90,94,91,4017.806640625,212.75292969,1.444,96.8652420043945,95.8796583793092,95.6776417950995,3.074
UKR,2009,12.3,71,75,74,2607.08764648438,165.98542786,1.47,96.3311386108398,95.3939041570529,95.8555810343647,3.442
UKR,2010,11.7,52,56,57,3039.63232421875,199.49559021,1.436,96.942228683639,94.9072076432708,96.0284615654647,3.433
UKR,2011,11.2,50,67,54,3656.69799804688,240.17747498,1.464,94.7154860488778,94.4191011377328,96.2008848286648,3.432
UKR,2012,10.7,76,79,72,3951.34228515625,270.76205444,1.528,98.4852773037302,93.9295625796783,96.3728907161999,3.434
UKR,2013,10.2,76,79,72,4129.89697265625,275.94143677,1.515,98.0469615030478,93.7584244839538,96.5444853667447,3.433
UKR,2014,9.8,23,56,45,3054.908203125,208.94400024,1.466,97.3614608821971,93.2856866411736,96.7156593530627,2.936
UKR,2015,9.5,23,56,51,2094.47387695313,154.75454712,1.387,89.8863449960325,93.3187311569397,96.8342062972295,NA
UKR,2016,9.1,19,42,56,2158.46118164063,154.5546875,1.391,88.2942638037531,93.3513783452098,96.9523458246156,NA
UKR,2017,8.9,50,86,48,2604.28759765625,183.69506836,1.3,86.8121857927259,93.3837080756642,97.0700543014006,NA
UKR,2018,8.7,69,91,71,3059.0517578125,217.73760986,1.233,85.9279826554464,93.4145409496179,97.1876990557354,NA
UKR,2019,8.5,80,93,78,3619.86157226563,242.81388855,1.218,84.7468835528529,93.443715883617,97.3052193099168,NA
UKR,2020,8.4,81,85,84,3709.76928710938,265.07846069,1.208,84.7870132572542,93.4712072863379,97.3954990991366,NA
UKR,2021,8.2,78,89,78,4775.94580078125,369.90487671,1.148,85.0508078338962,93.4969374195088,97.4790947349818,NA
UKR,2022,8.5,73,74,69,4199.6708984375,NA,0.897,NA,93.5208948630112,97.5620782552435,NA
UKR,2023,8,83,92,85,5139.59814453125,NA,0.977,87.33740234375,93.517329658926,97.6443648371652,3.531
UKR,2024,7.9,88,91,88,5389.47314453125,NA,0.988,86.3840713500977,93.4790922597539,97.7258264478011,NA
UMC,2000,37.6,NA,NA,NA,1846.7529336086704,97.9929058459772,1.979955364509866,66.2597122192383,84.21068514161512,63.9187952672881,1.380939215003841
UMC,2001,35.6,NA,NA,NA,1831.1607522561696,96.63956286196893,1.9206619313417777,68.3133697509766,84.60740417376267,64.70515421064786,NA
UMC,2002,33.6,NA,NA,NA,1829.5182140555596,94.05379018198128,1.9004098952096016,70.6292572021484,85.32651197763145,66.25458534710552,NA
UMC,2003,31.7,NA,NA,NA,2022.4697891798232,105.2745554896805,1.8895955010410512,71.2107620239258,86.03113292096631,67.79072224208198,NA
UMC,2004,30.7,NA,NA,NA,2365.8344624994697,121.96808088251524,1.905461436509866,73.840202331543,86.7125211743491,69.3184754951381,NA
UMC,2005,28.3,NA,NA,NA,2788.2844231195345,144.6249126329547,1.9128260416294451,75.7810897827148,87.37535879694671,70.84447325986488,NA
UMC,2006,26.7,NA,NA,NA,3262.395598758011,166.81482759218142,1.9196985149605783,78.3796768188477,88.01900030867128,72.34931781632399,NA
UMC,2007,25.1,NA,NA,NA,3982.9220551792782,200.2972000846555,1.9285529690238208,81.7421188354492,88.6352402243304,73.8222679688899,NA
UMC,2008,23.5,NA,NA,NA,4780.192493044551,240.81953551026345,1.9474066717715537,84.385009765625,89.2436108515971,75.28188084516691,NA
UMC,2009,22.1,NA,NA,NA,4710.563517830678,255.7166307335228,1.9479492109375656,87.9890213012695,89.82112276760706,76.72358606691209,NA
UMC,2010,20.8,NA,NA,NA,5710.901067179399,299.04776507160625,1.931884832228835,88.9938888549805,90.371436496196,78.14569294739064,1.5000664372610746
UMC,2011,19.7,NA,NA,NA,6773.013755128248,352.60660996963463,1.928786334023004,90.385612487793,90.87139222286984,79.53654983554624,NA
UMC,2012,18.6,NA,NA,NA,7166.760336987327,377.45425994031353,1.9999560894631685,90.9012832641602,91.34831003298984,80.89989082709342,NA
UMC,2013,17.8,NA,NA,NA,7553.623521854928,404.8061383631913,1.9495598924545636,93.5033798217773,91.81328338631188,82.24567666095443,NA
UMC,2014,16.9,NA,NA,NA,7778.578026366158,420.23318779972715,1.9771868346219248,93.6200866699219,92.25712003871898,83.57328404444068,NA
UMC,2015,16.2,NA,NA,NA,7435.764864733078,410.77703772160015,1.9129955517108157,93.5445327758789,92.6809342122917,84.88028500796467,NA
UMC,2016,15.5,NA,NA,NA,7413.222374733654,407.7184370736481,1.9449171308629492,93.4494018554688,93.08664192465736,86.17219438143667,NA
UMC,2017,14.7,NA,NA,NA,8064.20583627107,449.4747748862221,1.939733631880052,93.6901931762695,93.38834823044512,87.31845696211771,NA
UMC,2018,14.5,NA,NA,NA,8569.236756250562,469.1646139976045,1.7987534030599182,94.4231109619141,93.79434287306908,88.5872421793616,NA
UMC,2019,14.1,NA,NA,NA,8657.732345390154,484.74432733918434,1.759246139729954,95.2726516723633,94.15520766840156,89.80444609287916,NA
UMC,2020,14.1,NA,NA,NA,8346.187276714347,490.7563504565689,1.6146979931231078,95.6853103637695,94.49740684659795,91.0010366741717,NA
UMC,2021,13.9,NA,NA,NA,9918.699477467106,562.4582659152431,1.5495135768437391,96.4112930297852,94.9533909654877,92.14757516502716,NA
UMC,2022,13.8,NA,NA,NA,10324.519312432933,618.84502765484,1.4976112546219438,96.6962585449219,95.4529004647785,93.1858020844755,2.5335700028018624
UMC,2023,13.7,NA,NA,NA,10657.968611127924,647.6687857641713,1.4747509544065216,97.1281433105469,95.80046155968697,94.12779989816508,NA
UMC,2024,13.1,NA,NA,NA,10996.101696106982,NA,1.477790493061896,97.5216217041016,95.81178506622372,94.37768676982932,NA
URY,2000,17,90,89,92,6987.7009876625725,699.20495605,2.196,102.627563476562,97.0615629070095,93.4676984029791,NA
URY,2001,16.6,94,94,94,6382.761047408588,679.4229126,2.161,106.713279724121,97.1242376171319,93.4893466298161,NA
URY,2002,16.2,95,95,93,4149.761403126869,436.44049072,2.16,111.768592834473,97.1962111279597,93.510286293680707,3.777
URY,2003,15.7,91,95,91,3671.1232925688273,383.55554199,2.116,117.109466552734,97.2666556458584,93.5306773335471,NA
URY,2004,15.2,94,95,95,4168.660654383865,375.93881226,2.093,115.683738708496,97.3351038717686,93.5503547896714,NA
URY,2005,14.4,96,95,96,5284.25677987129,445.28201294,2.097,109.80770111084,97.5328552495879,93.6843491795697,NA
URY,2006,13.6,95,94,95,6001.332947831721,500.65515137,2.07,109.769859313965,97.7230375834935,93.9897585152977,NA
URY,2007,12.7,94,96,94,7222.054036458771,578.34454346,2.048,92.125846862793,97.9057149846883,94.2928439253095,NA
URY,2008,11.9,94,95,94,9423.965625958926,811.7020874,2.03,93.4709930419922,98.0813881282661,94.5937831802879,3.996
URY,2009,11.3,95,94,95,9881.395731270806,826.05682373,2.018,94.7426071166992,98.2501537538036,94.8926045747565,NA
URY,2010,10.8,95,95,95,12641.057684900788,1043.26000977,2.011,106.562271118164,98.4126195447571,95.1895101700608,NA
URY,2011,10.4,95,95,95,15132.26757255872,1244.93884277,1.987,NA,98.5688827788453,95.4845379432559,NA
URY,2012,10,95,96,95,16259.594081425614,1347.02868652,2.012,NA,98.7111485515081,95.7751867461269,NA
URY,2013,9.7,95,96,95,18335.259477232237,1516.80664063,2.034,NA,98.8475729341286,96.0641764624979,NA
URY,2014,9.3,95,96,95,18322.427676715724,1495.59777832,2.026,NA,98.9811512329588,96.352485578308,NA
URY,2015,8.9,95,96,95,17125.901680029787,1424.8939209,2.041,NA,99.1119536315353,96.6401328300575,NA
URY,2016,8.4,95,95,95,17009.75842072758,1469.38964844,1.966,NA,99.240133418196,96.9271658776364,4.008
URY,2017,8,93,96,93,19184.650261708244,1672.3314209,1.824,122.787338256836,99.3656002482881,97.2135571051318,5.01
URY,2018,7.7,91,97,91,19249.94046775007,1713.26611328,1.681,124.153419494629,99.4885272637331,97.4993671618489,NA
URY,2019,7.5,94,96,93,18315.731698002815,1692.50195313,1.567,126.343617174679,99.5545465859782,97.784620083579,NA
URY,2020,7.3,92,95,91,15757.53559957787,1432.00463867,1.497,123.152969360352,99.5703038278437,98.0693333151527,NA
URY,2021,7.3,91,93,90,17881.81872109899,1594.98059082,1.446,127.390487491348,99.5860335482368,98.3535399904896,4.548
URY,2022,7.3,94,96,94,20818.614609114353,1850.80737305,1.425,128.742960061751,99.6016579773198,98.6365121038307,4.674
URY,2023,7.4,95,96,95,23019.42215600459,2076.09423828,1.409,125.241045093642,99.6172068539544,98.8933870836172,NA
URY,2024,7.4,94,97,94,23906.51330294079,NA,1.397,NA,99.6326913879836,99.1507922342621,NA
USA,2000,8.4,94,91,90,36329.95607271019,4548.5546875,2.056,NA,NA,99.872730795484,2.596
USA,2001,8.3,94,91,89,37133.62311343704,4901.67529297,2.0305,NA,NA,99.8724443985302,NA
USA,2002,8.2,94,91,90,37997.75965730513,5327.93701172,2.0205,NA,NA,99.8721627429703,NA
USA,2003,8.1,96,93,91,39490.27495570071,5732.24365234,2.0475,NA,NA,99.8718811730402,NA
USA,2004,8.1,96,93,92,41724.6316287624,6071.84423828,2.0515,NA,NA,99.871602174116,2.711
USA,2005,8,96,92,92,44123.407067905515,6428.60205078,2.057,95.9484786987305,98.8969723453507,99.8713252821496,NA
USA,2006,7.9,96,92,93,46302.000880005624,6802.47509766,2.108,NA,98.9038126009011,99.8710519405417,NA
USA,2007,7.7,96,92,93,48050.223777113504,7153.73144531,2.12,NA,98.9106080907842,99.8707752095931,NA
USA,2008,7.6,96,92,94,48570.045980458555,7364.93847656,2.072,NA,98.9173671062071,99.8705039493181,NA
USA,2009,7.5,95,90,93,47194.94335473355,7614.82421875,2.002,NA,98.92408685212,99.8702348006488,NA
USA,2010,7.3,95,92,93,48642.61001793122,7836.08837891,1.931,NA,99.0106474401103,99.8705368602466,NA
USA,2011,7.2,96,92,94,50024.868799398035,8015.78076172,1.8945,NA,99.0963699785745,99.8480037254906,NA
USA,2012,7,94,91,93,51708.4011556577,8262.29296875,1.8805,NA,99.1811105889535,99.8259022136233,NA
USA,2013,6.9,94,92,93,53179.012763456114,8412.25195313,1.8575,96.3090591430664,99.2648895869455,99.8042412350329,NA
USA,2014,6.8,95,92,93,54973.42075157123,8796.33886719,1.8625,97.5130462646484,99.3476415086967,99.7830418254313,NA
USA,2015,6.8,95,92,93,56572.91889960634,9200.93164063,1.8435,98.1735763549805,99.4293350987693,99.762325131109293,NA
USA,2016,6.7,95,92,94,57638.10183671918,9535.60058594,1.8205,98.4747085571289,99.509898178586,99.7420835602062,NA
USA,2017,6.6,94,91,92,59635.098439796486,9822.60644531,1.7655,98.695556640625,99.5893429085867,99.7223530086904,NA
USA,2018,6.5,94,92,93,62499.87443900675,10180.48242188,1.7295,98.7960586547852,99.6675822614626,99.7031223122571,2.548
USA,2019,6.5,94,90,93,64746.45067788634,10550.22070313,1.706,99.189453125,99.7446316773149,99.6844358089122,3.482
USA,2020,6.5,93,91,92,63515.94918078332,11648.49511719,1.6415,99.4142990112305,99.820420461272107,99.6662725669219,3.518
USA,2021,6.5,94,92,93,70205.05091602595,12080.07324219,1.664,101.344367980957,99.894943997231,99.6486733885848,3.575
USA,2022,6.5,94,92,93,76657.24888444034,12586.19628906,1.6565,98.6511611938477,99.9641146737575,99.6316127279868,3.681
USA,2023,6.5,94,92,93,81032.26211754496,13473.19335938,1.6165,NA,99.9804979047021,99.6151178147694,NA
USA,2024,6.5,94,92,93,84534.04078415484,NA,1.6265,NA,99.9804443465812,99.6182734760609,NA
UZB,2000,60.7,99,99,99,555.149231099186,35.72119904,2.696,83.9072113037109,87.3125968713833,93.3766111569877,2.961
UZB,2001,58,99,99,99,454.4158122567783,30.46290398,2.61,NA,87.8034451574225,93.5376880221384,2.911
UZB,2002,55,99,97,99,381.40929688928264,24.50708961,2.575,NA,88.2901754569752,93.6957052425144,2.849
UZB,2003,51.9,98,99,99,394.1640288972349,25.61911011,2.503,93.6033630371094,88.7725462000596,93.8505894484885,2.786
UZB,2004,48.6,99,98,99,462.17149286788526,28.02430153,2.496,94.2597122192383,89.2503477603566,94.0022883501432,2.726
UZB,2005,45.2,99,99,99,542.8358086922086,32.512611390000004,2.438,86.4646072387695,89.7235443851792,94.1508115621162,2.677
UZB,2006,41.9,96,98,94,649.118167003925,37.97257233,2.461,87.5898895263672,90.1922179828623,94.2961900036945,2.662
UZB,2007,38.6,96,98,98,824.0281923347682,46.89629364,2.573,89.1888122558594,90.6561809339035,94.4383835544442,2.645
UZB,2008,35.5,98,98,98,1074.7292879670074,61.29156876,2.635,87.9145126342773,91.1153784744922,94.5773829040307,2.617
UZB,2009,32.6,98,95,99,1205.7993547037972,71.95819092,2.559,89.0407485961914,91.5696691723267,94.7131786514005,2.582
UZB,2010,29.8,99,98,99,1753.2073024327788,92.87456512,2.442,89.7888793945312,92.0192259978027,94.8458120621379,2.555
UZB,2011,27.3,99,99,99,2087.8638613569433,109.86156464,2.354,89.2128524780273,92.4356757645122,94.9701820730614,2.517
UZB,2012,25,99,99,99,2307.346491171846,127.94210052,2.337,91.5890082905573,92.8244223164543,95.0891018078637,2.461
UZB,2013,23,99,97,99,2461.979474035951,140.71011353,2.445,91.6004685595298,93.2160214919193,95.2086769326238,2.421
UZB,2014,21.3,99,99,99,2674.9628382103024,118.44307709,2.546,91.3187707069968,93.6104838496586,95.3289091117186,2.39
UZB,2015,19.7,99,99,99,2803.190180217509,132.60565186,2.583,91.938963197135,94.007820761431,95.4497993116875,2.363
UZB,2016,18.4,99,99,99,2753.379514275888,129.82177734,2.564,92.4681516255333,94.4080443889354,95.5713512500574,2.298
UZB,2017,17.3,99,99,99,2190.604115628878,93.4151535,2.57,93.5591792866064,94.8111572515512,95.6935576486234,2.27
UZB,2018,16.4,98,96,98,1813.0853081366367,82.53038788,2.713,94.8141255682856,95.2185733603862,95.8162707017891,2.329
UZB,2019,15.7,96,98,98,2041.384807294311,98.6240387,2.869,96.2599029541016,95.6274388152752,95.9392204824787,2.322
UZB,2020,15.1,95,99,97,1978.280518607626,120.29019165,3.062,90.407816338473,95.9578060001248,96.0621184881157,2.31
UZB,2021,14.6,98,99,99,2258.519641192782,156.44789124,3.273,96.6067427080091,96.2897455645648,96.1847033375418,2.805
UZB,2022,14.1,99,99,99,2578.6668939421884,170.64073181,3.396,96.8054259764286,96.6228091774033,96.30669347504,NA
UZB,2023,13.7,99,99,99,2878.9687929245074,192.11869812,3.5,97.0191649872622,96.9565254047898,96.4278294703949,NA
UZB,2024,13.4,90,99,87,3161.7001063287503,NA,3.486,96.4939184204858,97.2904869756033,96.547826032469,NA
VCT,2000,22.6,98,96,99,3768.955366040222,149.9225769,2.306,91.9645767211914,95.4488766672821,66.7294523137454,0.784
VCT,2001,22.6,99,98,99,4071.086010989624,162.93431091,2.3,NA,95.605670586011,68.2932876455311,0.546
VCT,2002,22.6,99,99,99,4303.279767897269,175.48046875,2.218,91.8197937011719,95.7631065225404,69.8685930812809,NA
VCT,2003,22.6,99,94,99,4499.614541933418,178.1368866,2.142,91.2639083862305,95.9211890736685,71.4550338353597,NA
VCT,2004,22.7,99,99,99,4873.489477424427,188.43644714,2.087,100.018661499023,96.0799247403839,73.0525457928112,0.895
VCT,2005,22.8,99,97,93,5157.393738781021,197.63206482,2.068,102.079788208008,96.2393271059169,74.6608057101443,NA
VCT,2006,22.8,99,99,99,5744.8278621256995,209.83639526,2.033,NA,96.3994046363042,76.2797356313722,NA
VCT,2007,22.7,99,99,99,6398.1912353217185,244.32910156,2.063,113.044311523438,96.5601560637543,77.9089003654313,NA
VCT,2008,22.4,99,99,99,6598.905314508585,256.13983154,2.15,117.714179992676,96.7215983096393,79.5483293300492,NA
VCT,2009,22,99,99,99,6463.78777336717,264.6159668,2.174,116.112533569336,96.8837370497035,81.1977080162168,NA
VCT,2010,21.4,99,99,99,6551.968359924052,281.91867065,2.144,115.479309082031,97.0465791396489,82.8568333078063,0.655
VCT,2011,20.7,96,97,96,6527.68996854448,276.15722656,2.076,108.105308532715,97.2101310501317,84.5254997766492,NA
VCT,2012,19.9,96,94,96,6713.807686438646,298.78082275,2.113,107.489356994629,97.3744027323459,86.2035023550135,0.938
VCT,2013,19.1,97,99,97,7072.46737188939,300.01953125,2.106,110.041656494141,97.5393846955351,87.8905519339678,NA
VCT,2014,18.2,98,99,97,7168.828753429115,299.33129883,2.141,113.528747558594,97.7051158263288,89.586601063137,NA
VCT,2015,17.4,99,99,99,7353.735560541843,302.58422852,2.133,116.049102783203,97.7108598901837,89.6149399647848,NA
VCT,2016,16.6,99,99,99,7656.900428811777,313.66229248,2.055,NA,97.716640114989,89.6434827883976,NA
VCT,2017,15.8,99,99,99,7988.044450192978,337.89614868,1.94,NA,97.7224514289518,89.6721678912107,NA
VCT,2018,15,97,99,99,8428.126771530695,358.53372192,1.9,NA,97.7283062747314,89.7010629819102,NA
VCT,2019,14.3,97,99,99,8740.594252320614,372.05615234,1.864,129.843918191604,NA,NA,NA
VCT,2020,13.6,97,99,99,8351.203240409815,406.3571167,1.83,129.2984869326,NA,NA,NA
VCT,2021,12.9,92,96,92,8641.279040244432,454.784729,1.808,130.800877674164,NA,NA,NA
VCT,2022,12.3,99,99,99,9693.558678330251,437.94085693,1.791,130.509846236849,NA,NA,NA
VCT,2023,11.8,94,90,99,10582.365672522892,469.20709229,1.775,126.988335100742,NA,NA,NA
VCT,2024,11.3,99,99,99,11501.226518718766,NA,1.761,125.951193912359,NA,NA,NA
VEN,2000,21.5,77,84,86,4776.281676393798,NA,2.79,64.4638214111328,97.2276979084936,86.3991591939645,NA
VEN,2001,20.9,70,98,87,4920.393136004533,NA,2.779,68.3014984130859,97.0506030485361,86.9444513205468,1.922
VEN,2002,20.3,65,83,81,3652.0989650186502,NA,2.739,72.3493194580078,96.8735081885788,87.4897434471292,NA
VEN,2003,19.8,68,83,86,3229.5055708207888,NA,2.703,73.3737564086914,96.6964133286213,88.0350355737115,NA
VEN,2004,19.2,86,80,83,4269.089708723917,NA,2.639,75.9502868652344,96.5193184686639,88.5803277002941,NA
VEN,2005,18.5,87,76,80,5432.485418465401,NA,2.629,78.2394714355469,96.3422236087065,89.1256198268765,NA
VEN,2006,17.9,71,82,73,6739.380653422185,NA,2.595,80.8675308227539,96.1651287487491,89.6709119534588,NA
VEN,2007,17.4,62,87,67,8331.620969918438,NA,2.524,83.1648788452148,95.9880338887916,90.2162040800412,NA
VEN,2008,17.2,50,93,76,11262.451425675888,NA,2.475,84.4423980712891,95.8109390288342,90.7614962066235,NA
VEN,2009,17.1,84,87,75,11596.602192173088,NA,2.422,85.081657409668,95.6338441688768,91.3067883332061,NA
VEN,2010,17.2,78,79,74,13646.304662266411,NA,2.396,85.0954513549805,95.4567493089194,91.8520804597885,NA
VEN,2011,17.4,78,86,78,10843.922970316738,NA,2.398,85.9672698974609,95.279654448962,92.3973725863708,NA
VEN,2012,17.6,81,87,73,12607.236124624284,NA,2.379,88.2607498168945,95.1025595890046,92.9426647129532,NA
VEN,2013,17.9,82,85,82,8656.356697236675,NA,2.334,96.2343673706055,94.9254647290471,93.4879568395357,NA
VEN,2014,18.3,78,89,79,7096.220471055118,NA,2.296,94.9835891723633,94.7483698690897,94.0332489661181,NA
VEN,2015,19.1,87,92,87,4103.138498700504,NA,2.253,92.9153289794922,94.5712750091323,94.5785410927004,NA
VEN,2016,24.2,84,88,82,3670.157378482079,NA,2.217,89.12158203125,94.3941801491749,95.1238332192828,NA
VEN,2017,24.2,66,96,79,3791.331606820766,NA,2.183,87.9344787597656,94.2170852892175,95.6691253458652,1.664
VEN,2018,24.2,60,74,53,3422.6546701485363,164.68154907,2.151,NA,94.0399904292601,96.2144174724477,NA
VEN,2019,24.2,64,93,62,2523.112752306666,112.72974396,2.131,NA,93.8628955693026,96.7597095990301,NA
VEN,2020,24.2,54,76,62,1506.0436210041037,153.21711731,2.116,NA,93.6858007093452,96.9860648116858,NA
VEN,2021,24.2,56,68,50,2004.9339794979212,162.43952942,2.105,NA,93.5087058493878,97.0023571451138,NA
VEN,2022,24.2,43,52,47,3155.0420709968707,208.66654968,2.088,100.249549865723,93.3316109894304,98.3955859787771,NA
VEN,2023,24.2,54,68,62,3617.4359457826904,185.99124146,2.079,101.692710876465,93.3316109894304,98.3955859787771,NA
VEN,2024,24.2,62,71,62,4217.5910264339145,NA,2.077,102.248580932617,93.3316109894304,98.3955859787771,NA
VGB,2000,16.8,NA,NA,NA,NA,NA,1.839,98.7146530151367,95.3027397260274,96.7851983961345,NA
VGB,2001,16.6,NA,NA,NA,NA,NA,1.517,98.8943481445312,95.6828767123288,96.791263486763,NA
VGB,2002,16.4,NA,NA,NA,NA,NA,1.247,92.8406524658203,96.0630136986302,96.7973285773916,NA
VGB,2003,16.1,NA,NA,NA,NA,NA,1.309,98.5393295288086,96.4431506849315,96.8033936680201,NA
VGB,2004,16,NA,NA,NA,NA,NA,1.5,98.6696166992188,96.8232876712329,96.8094587586486,NA
VGB,2005,15.9,NA,NA,NA,NA,NA,1.34,112.334800720215,97.2034246575344,96.8155238492771,NA
VGB,2006,15.8,NA,NA,NA,NA,NA,1.234,114.175819396973,97.5835616438357,96.8215889399056,NA
VGB,2007,15.7,NA,NA,NA,NA,NA,1.312,113.267539978027,97.9636986301371,96.8276540305341,NA
VGB,2008,15.7,NA,NA,NA,NA,NA,1.272,NA,98.3438356164385,96.8337191211627,NA
VGB,2009,15.6,NA,NA,NA,NA,NA,1.23,106.144073486328,98.7239726027398,96.8397842117912,NA
VGB,2010,15.6,NA,NA,NA,NA,NA,1.183,106.113990783691,99.1041095890412,96.8458493024197,NA
VGB,2011,15.6,NA,NA,NA,NA,NA,1.268,97.9529170931423,99.4842465753426,96.8519143930482,NA
VGB,2012,15.6,NA,NA,NA,NA,NA,1.103,97.4103585657371,99.8643835616439,96.8579794836767,NA
VGB,2013,15.6,NA,NA,NA,NA,NA,1.086,98.6381322957199,99.8643835616439,96.8579794836767,NA
VGB,2014,15.6,NA,NA,NA,NA,NA,1.235,99.0403071017274,99.8643835616439,96.8579794836767,NA
VGB,2015,15.5,NA,NA,NA,NA,NA,1.186,99.1428571428571,99.8643835616439,96.8579794836767,NA
VGB,2016,15.2,NA,NA,NA,NA,NA,0.987,98.3240223463687,99.8643835616439,96.8579794836767,NA
VGB,2017,14.9,NA,NA,NA,NA,NA,0.873,91.5360501567398,99.8643835616439,NA,NA
VGB,2018,14.6,NA,NA,NA,NA,NA,0.905,67.0731707317073,99.8643835616439,NA,NA
VGB,2019,14.2,NA,NA,NA,NA,NA,0.941,71.2076583210604,99.8643835616439,NA,NA
VGB,2020,13.8,NA,NA,NA,NA,NA,0.975,71.6428571428571,99.8643835616439,NA,NA
VGB,2021,13.5,NA,NA,NA,NA,NA,0.999,71.9810040705563,99.8643835616439,NA,NA
VGB,2022,13.1,NA,NA,NA,NA,NA,1.025,70.318733215332,99.8643835616439,NA,NA
VGB,2023,12.7,NA,NA,NA,NA,NA,1.045,67.6392572944297,99.8643835616439,NA,NA
VGB,2024,12.4,NA,NA,NA,NA,NA,1.048,73.7792587280273,99.8643835616439,NA,NA
VIR,2000,NA,NA,NA,NA,NA,NA,2.06,NA,98.4974021270708,99.0395649488659,NA
VIR,2001,NA,NA,NA,NA,NA,NA,1.9,NA,98.5414147711479,99.0495339073909,NA
VIR,2002,NA,NA,NA,NA,30062.022505045665,NA,2.21,NA,98.5854274152251,99.0595028659159,NA
VIR,2003,NA,NA,NA,NA,31731.256624118705,NA,2.07,NA,98.6294400593023,99.0694718244409,NA
VIR,2004,NA,NA,NA,NA,35006.36144045139,NA,2.17,NA,98.6734527033794,99.079440782966,NA
VIR,2005,NA,NA,NA,NA,40828.74609277752,NA,2.24,NA,98.7174653474566,99.089409741491,NA
VIR,2006,NA,NA,NA,NA,41377.14660096522,NA,2.03,NA,98.7614779915338,99.099378700016,NA
VIR,2007,NA,NA,NA,NA,44158.505404432464,NA,2.51,NA,98.805490635611,99.109347658541,NA
VIR,2008,NA,NA,NA,NA,39152.3750657306,NA,2.44,NA,98.8495032796881,99.119316617066,NA
VIR,2009,NA,NA,NA,NA,38753.18253938969,NA,2.37,NA,98.8935159237653,99.129285575591,NA
VIR,2010,NA,NA,NA,NA,39905.12841809943,NA,2.3,NA,98.9375285678425,99.1392545341161,NA
VIR,2011,NA,NA,NA,NA,38997.13731646505,NA,2.16,NA,98.9815412119196,99.1492234926411,NA
VIR,2012,NA,NA,NA,NA,37795.319259067546,NA,2.06,NA,99.0255538559968,99.1591924511661,NA
VIR,2013,NA,NA,NA,NA,34597.97669403282,NA,2.08,NA,99.069566500074,99.1691614096911,NA
VIR,2014,NA,NA,NA,NA,33045.36437959993,NA,2.09,NA,99.1135791441512,99.1791303682161,NA
VIR,2015,NA,NA,NA,NA,34007.35294117647,NA,2.11,NA,99.1575917882283,99.1890993267411,NA
VIR,2016,NA,NA,NA,NA,35324.97488745861,NA,2.09,NA,99.2016044323055,99.1990682852662,NA
VIR,2017,NA,NA,NA,NA,35365.069303977405,NA,2.08,NA,99.2456170763827,99.2090372437912,NA
VIR,2018,NA,NA,NA,NA,36663.20875505837,NA,2.06,NA,99.2896297204598,99.2190062023162,NA
VIR,2019,NA,NA,NA,NA,38633.529891533624,NA,2.05,NA,99.333642364537,99.2289751608412,NA
VIR,2020,NA,NA,NA,NA,39787.37416502023,NA,2.03,NA,99.3776550086142,99.2389441193662,NA
VIR,2021,NA,NA,NA,NA,42571.07773684707,NA,2.01,NA,99.4216676526914,99.2489130778912,NA
VIR,2022,NA,NA,NA,NA,44320.90918577405,NA,2,NA,99.4656802967685,99.2588820364163,NA
VIR,2023,NA,NA,NA,NA,NA,NA,1.98,NA,99.4656802967685,99.2588820364163,NA
VIR,2024,NA,NA,NA,NA,NA,NA,1.97,NA,99.4656802967685,99.2588820364163,NA
VNM,2000,30.3,96,97,96,404.02978405511834,21.0719223,2.028,NA,80.6482449440381,49.1489172818795,NA
VNM,2001,29,96,98,96,419.2056775809006,25.55491257,2.023,NA,81.4816912239643,51.1126663714229,0.543
VNM,2002,27.9,75,96,92,445.1328618173133,21.87733841,2.006,NA,82.3091593236672,53.0643186028264,0.571
VNM,2003,26.9,99,93,96,497.1170892492557,24.88381386,1.999,NA,83.1297312995414,55.0019694498601,NA
VNM,2004,26.1,96,97,96,565.452284586212,31.97719193,1.968,NA,83.9437132071868,56.9263485038899,NA
VNM,2005,25.4,95,95,94,710.7467599948609,38.96974945,1.887,NA,84.7504123379551,58.966321324654,0.635
VNM,2006,24.8,94,93,94,807.7566451170537,46.86905289,1.873,NA,85.5499500318679,61.0003176611455,0.643
VNM,2007,24.3,92,83,92,925.6403383487174,54.40701294,1.911,NA,86.3421129091112,63.0278584517406,0.655
VNM,2008,23.8,93,92,93,1163.8319577287318,64.433815,1.933,NA,87.1265536349234,65.0481671536166,0.673
VNM,2009,23.4,96,97,97,1226.1697605153618,69.82720184,1.92,NA,87.9033221889861,67.0613483120441,0.703
VNM,2010,23.1,93,98,94,1683.1618244397855,85.36088562,1.906,NA,88.6734023519778,69.0697259411946,0.714
VNM,2011,22.8,95,96,96,1950.925041749125,97.05238342,1.927,NA,89.4349602173231,71.0691084361626,NA
VNM,2012,22.5,97,96,97,2185.117676542914,109.29483795,1.967,NA,90.1878966419353,73.0592696760739,0.824
VNM,2013,22.3,59,98,93,2359.517364728279,104.10972595,1.98,NA,90.9316441418206,75.0388383321338,NA
VNM,2014,22,95,97,96,2546.3846445990334,119.44549561,2.09,NA,91.6663943913083,77.008286684504,0.783
VNM,2015,21.6,97,97,97,2577.568853401125,121.43981171,2.1,83.8337492903167,92.3918615614749,78.9669212576084,0.795
VNM,2016,21.3,96,99,95,2735.060438041602,133.1960144,2,86.3064277183873,93.1077859229268,80.9140981082283,0.825
VNM,2017,20.9,94,97,94,2956.1099212775316,147.51425171,1.985,87.6304773371075,93.8136963360805,82.8485783033642,NA
VNM,2018,20.5,75,97,90,3222.3100312536644,161.97871399,1.88,88.6447461101443,94.8327946840432,84.7702960974693,0.881
VNM,2019,20,89,95,89,3440.9002537543365,171.15296936,1.943,89.7093994425268,95.6342556825242,86.6789932516384,0.99
VNM,2020,19.5,94,97,80,3534.0395348264683,153.10160828,1.957,89.4501554566878,96.2941639364055,88.5744092568809,0.856
VNM,2021,18.9,83,89,81,3704.193559003796,168.09350586,1.942,90.3080638471257,96.9270863481492,90.4559668368841,1.107
VNM,2022,18.4,91,88,70,4147.69777213621,188.22650146,1.927,90.5445572317873,97.5492793224641,92.3237168322338,NA
VNM,2023,17.8,65,82,60,4323.3503198245135,197.19210815,1.913,NA,98.160662651459,94.0898634431677,NA
VNM,2024,17.3,97,98,73,4717.290287324488,NA,1.895,NA,98.761246653694,95.447026934425,NA
VUT,2000,26.6,71,61,67,1460.2381769222932,48.28763199,4.537,36.3795394897461,85.3317599013791,54.7109808046722,NA
VUT,2001,26.1,70,60,67,1350.1833823852155,45.73453903,4.495,32.9031410217285,85.3746035828269,54.7648829566551,NA
VUT,2002,25.7,70,58,67,1340.7153752828683,52.34658813,4.382,36.6023406982422,85.4177585547483,54.8191733536334,NA
VUT,2003,25.3,69,57,67,1566.513967908582,54.93638229,4.293,34.7020416259766,85.4615236094249,54.8742326769124,NA
VUT,2004,25,69,56,67,1774.318675858938,62.80937958,4.214,37.1137084960938,85.5055935068699,54.9296762921394,0.146
VUT,2005,24.5,68,54,67,1873.9914264061863,61.93361664,4.133,NA,85.7460412564871,54.6248564154339,NA
VUT,2006,24.1,68,53,67,2034.792896243511,67.60163116,4.1,NA,85.8467063690572,54.315607363214,NA
VUT,2007,23.5,70,56,69,2333.7050674891443,72.5284729,4.117,NA,85.9465127885309,54.001715264459,0.118
VUT,2008,22.7,73,62,70,2603.6088313672412,81.72294617,4.159,NA,86.0456045932054,53.6833095586201,0.115
VUT,2009,21.9,75,65,72,2546.3832456598557,82.80382538,4.157,NA,86.1439821313049,53.3603409473561,NA
VUT,2010,21.1,77,71,74,2815.1882898577883,99.27418518,4.126,54.8430037539749,86.2227390856151,53.0140862870426,NA
VUT,2011,20.3,79,75,75,3163.1861645138,113.80240631,4.093,NA,86.2892357957447,52.6540863123359,NA
VUT,2012,19.7,82,80,77,3004.784166642932,118.27751923,4.059,NA,86.3550557716608,52.2923051836702,0.185
VUT,2013,19.2,84,84,78,2979.7960808439866,130.88458252,4.039,NA,86.4200452584369,51.9285986324004,NA
VUT,2014,18.8,86,90,80,2973.09026493408,108.2263031,3.999,NA,86.4842118882778,51.5629765041894,NA
VUT,2015,18.6,80,76,80,2854.894122726535,118.71543121,3.952,56.5349197387695,86.547558622675,51.1954457861803,NA
VUT,2016,18.4,81,84,81,2956.126448014892,88.35998535,3.915,NA,86.6102249410462,50.826109673151,0.169
VUT,2017,18.3,85,80,83,3159.860557901264,91.04128265,3.875,NA,86.6720700625573,50.4548604763526,NA
VUT,2018,18.2,85,75,85,3206.6574871881107,110.32492065,3.834,NA,86.734509639606,50.0825530456951,0.137
VUT,2019,18.1,90,80,90,3207.4465045208253,112.13746643,3.79,NA,86.7973816608414,49.7088902543103,0.164
VUT,2020,18.1,78,78,76,3042.987115982865,125.41011047,3.738,62.0561790466309,86.8609488493879,49.3338166328635,NA
VUT,2021,18,62,50,62,3107.2031285800217,142.56698608,3.696,64.2566909790039,86.9249066053473,48.9569658031251,NA
VUT,2022,17.8,68,70,68,3370.2119195695336,136.79508972,3.647,82.8080237164725,86.9895180856083,48.5782563163716,NA
VUT,2023,17.5,72,70,71,3482.6145823763695,143.43753052,3.596,134.925790252936,87.0544851579831,48.197355856503,NA
VUT,2024,17.1,71,61,65,3410.7702316709738,NA,3.569,NA,87.1200605921327,47.8141509828146,NA
WLD,2000,76.7,NA,NA,NA,5501.264218164537,475.619580145089,2.729934358130434,56.860279083252,80.60842843802102,54.76837863287515,1.522970576358791
WLD,2001,74.3,NA,NA,NA,5394.685125267242,487.9355415619268,2.688571043954267,57.7146911621094,80.94597705139041,55.58487894186438,NA
WLD,2002,71.3,NA,NA,NA,5530.021042629646,518.8440337681076,2.660130531970252,59.2128295898438,81.58234968050189,57.34098081394104,NA
WLD,2003,68.3,NA,NA,NA,6122.434460980271,582.8371010530082,2.638076380694477,60.4301910400391,82.08013135222177,58.42132877629603,NA
WLD,2004,65.8,NA,NA,NA,6811.481957622691,640.4486897954827,2.6280267380833866,61.512378692627,82.57480209483808,59.55187241579081,NA
WLD,2005,62.3,NA,NA,NA,7284.3133102376205,679.4715130542171,2.6107337596762665,62.6939315795898,83.86517693793607,60.719974271815715,NA
WLD,2006,59.6,NA,NA,NA,7796.349310153361,720.3168700582565,2.6062813158160933,63.7244415283203,84.32701719406492,61.89443253533499,NA
WLD,2007,57,NA,NA,NA,8677.571027076323,788.474987945052,2.601987610038925,65.3435592651367,84.783279489110555,63.09120005839577,NA
WLD,2008,54.7,NA,NA,NA,9415.357861251814,853.600856003886,2.6033889769450216,67.0329208374023,85.24687396637351,64.2935844356698,NA
WLD,2009,52.9,NA,NA,NA,8816.8105604156,863.2094611872025,2.5930409929595974,68.4285202026367,85.69278962927496,65.48648492688046,NA
WLD,2010,50.6,NA,NA,NA,9542.728862492077,899.8195877529143,2.568165090055,69.7701110839844,86.12813818806325,66.67442022691785,1.4907268795430084
WLD,2011,49.5,NA,NA,NA,10485.177194303644,973.8283958498364,2.5480528027507456,70.7247619628906,86.47983334395192,67.76294123486355,NA
WLD,2012,46.7,NA,NA,NA,10583.996671598905,982.0647692057864,2.564491641392938,71.6249618530273,86.89295542685338,68.94550548562594,NA
WLD,2013,45.1,NA,NA,NA,10739.891162094793,992.4797771439212,2.5250523858414557,73.3740463256836,87.30393367797463,70.23142789741347,NA
WLD,2014,43.9,NA,NA,NA,10885.796602486846,1016.2110518572532,2.5175859223666968,74.414909362793,87.71087394814158,71.41513230803265,NA
WLD,2015,42.9,NA,NA,NA,10161.944577323342,974.6399264063416,2.4900711460397704,74.425422668457,88.11579916332794,72.60266149721672,NA
WLD,2016,41.7,NA,NA,NA,10204.928776338596,991.6963920781892,2.491446277875308,74.671012878418,88.51428684442958,73.78455901724455,NA
WLD,2017,40.9,NA,NA,NA,10747.76430650499,1028.3271582725292,2.459878546877259,74.3800277709961,88.86232659843746,74.8617977662473,NA
WLD,2018,40,NA,NA,NA,11309.383077317849,1067.383487104738,2.3917862097697635,75.0290069580078,89.26229234216687,76.02363384043126,NA
WLD,2019,39.6,NA,NA,NA,11376.081813447592,1084.4930643909738,2.353297055404675,75.4552917480469,89.64285199397332,77.16213425198475,NA
WLD,2020,39.2,NA,NA,NA,10937.684620519074,1159.5728531122727,2.2763560177269166,75.8665008544922,90.01527342321688,78.2708510513365,NA
WLD,2021,39.6,NA,NA,NA,12390.668671672664,1257.4739162847256,2.245689162234507,76.4972991943359,90.421141947739,79.3459028330262,NA
WLD,2022,40,NA,NA,NA,12798.165846531856,1266.0555528082798,2.215202927113913,77.0481109619141,90.85222195919982,80.44094027708041,1.8606986259931693
WLD,2023,38.3,NA,NA,NA,13236.716396091662,1317.1671582956014,2.19585696926797,76.9081802368164,91.21889359363932,81.53750344508036,NA
WLD,2024,37.4,NA,NA,NA,13631.204309721546,NA,2.188515254845675,77.0922470092773,91.4491136268126,82.15305934112072,NA
WSM,2000,21,98,93,98,1424.7524000247056,60.4606514,4.523,81.926628112793,87.2425744445138,91.9576951837593,NA
WSM,2001,20.3,90,92,88,1453.8702132460612,56.09679031,4.477,82.3564071655273,87.239587051713,91.9588441153795,NA
WSM,2002,19.8,92,99,91,1527.5579045593702,72.41275024,4.444,81.641471862793,87.2437553911035,91.9572397043017,NA
WSM,2003,19.4,90,62,90,1798.1242971404845,81.95996094,4.392,85.8196029663086,87.2517446333924,91.9541841185767,0.27
WSM,2004,19.1,63,25,35,2189.2604260799185,104.42662811,4.343,86.1043395996094,87.259662979042,91.9511483539237,NA
WSM,2005,19,59,57,66,2550.0422143751075,121.24176788,4.322,85.8627319335938,87.4968982222586,92.2057450024926,0.267
WSM,2006,19,50,54,49,2663.2913593953203,133.41867065,4.322,86.554328918457,87.7333448331469,92.4608198651495,NA
WSM,2007,19,65,63,63,3038.619040933768,147.84771729,4.358,85.619270324707,87.9688973034704,92.7164186931518,NA
WSM,2008,19,39,44,69,3373.6063988426295,156.89399719,4.417,NA,88.203619647933,92.9725367356222,0.447
WSM,2009,25.3,64,45,61,3279.1826947729483,172.45288086,4.466,87.5538177490234,88.4375945793653,93.2291209433411,NA
WSM,2010,19.1,78,56,74,3524.2479246202956,185.43850708,4.52,88.332774874133,88.6708392965086,93.4861794457482,0.332
WSM,2011,19,82,59,79,3821.506782644792,211.88684082,4.56,87.1387577185788,88.903392297442,93.7437084843245,NA
WSM,2012,18.8,82,76,82,3934.603207999815,197.01564026,4.545,85.6477162580853,89.1355150319512,94.0015585083901,NA
WSM,2013,18.7,84,92,81,4023.5254013824983,247.41108704,4.491,NA,90.0360750251158,94.2598072441115,0.464
WSM,2014,18.5,78,85,76,3982.680802020837,252.30943298,4.423,91.6336007221516,90.9382375010808,94.5185492730746,NA
WSM,2015,18.3,80,75,78,4084.3608381993263,232.50479126,4.344,91.2186009453888,91.8420321668066,94.7777698879904,NA
WSM,2016,18.1,74,75,73,4147.070976748883,238.35044861,4.262,91.1509944232257,92.7474260962852,95.0374675364972,0.329
WSM,2017,17.8,67,67,66,4307.59381964907,220.82336426,4.196,NA,93.6544245395326,95.2976717259871,NA
WSM,2018,17.5,44,40,44,4231.8140946919375,200.40919495,4.136,NA,94.5630996694418,95.5585181223598,NA
WSM,2019,20,68,96,68,4351.942349437056,242.91064453,4.061,NA,95.4736980021055,95.8200173728915,0.558
WSM,2020,16.7,89,66,89,4099.596605485832,252.77748108,4.002,NA,96.3864371758172,96.0821241161349,0.562
WSM,2021,16.2,85,62,80,4021.5593489428343,285.65393066,3.94,NA,97.3015545518519,96.3448273060741,0.561
WSM,2022,15.8,76,82,76,4132.447177344436,259.95404053,3.883,NA,98.1847056726277,96.5989544610645,NA
WSM,2023,15.3,83,87,84,4822.740846500188,292.81085205,3.829,NA,98.9302348547362,96.8487142072358,NA
WSM,2024,14.9,85,85,85,5392.87761915762,NA,3.801,NA,99.4409290344985,97.0991039585403,NA
XKX,2000,48.4,NA,NA,NA,NA,NA,2.698,NA,NA,NA,NA
XKX,2001,44.2,NA,NA,NA,NA,NA,2.765,NA,NA,NA,NA
XKX,2002,40.3,NA,NA,NA,NA,NA,2.791,NA,NA,NA,NA
XKX,2003,36.7,NA,NA,NA,NA,NA,2.67,NA,NA,NA,NA
XKX,2004,33.5,NA,NA,NA,NA,NA,2.65,NA,NA,NA,NA
XKX,2005,30.6,NA,NA,NA,NA,NA,2.623,NA,NA,NA,NA
XKX,2006,28,NA,NA,NA,NA,NA,2.494,NA,NA,NA,NA
XKX,2007,25.7,NA,NA,NA,NA,NA,2.393,NA,NA,NA,NA
XKX,2008,23.6,NA,NA,NA,2877.393314027239,NA,2.359,NA,NA,NA,NA
XKX,2009,21.7,NA,NA,NA,2794.86699473069,NA,2.317,NA,NA,NA,NA
XKX,2010,20.1,NA,NA,NA,2987.5451957446367,NA,2.223,NA,NA,NA,NA
XKX,2011,18.7,NA,NA,NA,3538.9475983857583,NA,2.038,NA,NA,NA,NA
XKX,2012,17.4,NA,NA,NA,3410.6555074931575,NA,1.969,NA,NA,NA,NA
XKX,2013,16.3,NA,NA,NA,3704.5587278167186,NA,1.953,NA,NA,NA,NA
XKX,2014,15.2,NA,NA,NA,3902.494243609465,NA,1.87,NA,NA,NA,NA
XKX,2015,14.3,NA,NA,NA,3520.6285069937458,NA,1.763,NA,NA,NA,NA
XKX,2016,13.4,NA,NA,NA,3759.449590671039,NA,1.641,NA,NA,NA,NA
XKX,2017,12.6,NA,NA,NA,4009.320220508634,NA,1.618,NA,NA,NA,NA
XKX,2018,11.9,NA,NA,NA,4384.187964447384,NA,1.581,NA,NA,NA,NA
XKX,2019,11.2,NA,NA,NA,4415.999230110709,NA,1.575,NA,NA,NA,NA
XKX,2020,10.5,NA,NA,NA,4310.889637548634,NA,1.567,NA,NA,NA,NA
XKX,2021,10,NA,NA,NA,5270.432368610179,NA,1.561,NA,NA,NA,NA
XKX,2022,9.5,NA,NA,NA,5290.950065097058,NA,1.555,NA,NA,NA,NA
XKX,2023,9.1,NA,NA,NA,6221.2061884779905,NA,1.545,NA,NA,NA,NA
XKX,2024,8.7,NA,NA,NA,7023.065985128776,NA,1.538,NA,NA,NA,NA
YEM,2000,92.9,74,70,74,493.23518263481367,22.91244888,6.317,NA,40.098879307896,43.4185272650508,NA
YEM,2001,88.2,73,72,73,487.1412579463175,24.09247589,6.143,23.0503101348877,40.3227907996973,43.7166842861444,NA
YEM,2002,83.5,65,62,64,513.2414865706028,24.80142403,5.971,NA,40.5501471459305,44.0194283654926,NA
YEM,2003,79,61,64,61,548.9058830499728,31.60428619,5.839,25.1074199676514,41.5481868875489,44.9249753275396,NA
YEM,2004,74.7,72,74,72,627.6320233957623,34.62483978,5.712,26.5026092529297,42.54029809914,45.8273231512099,0.305
YEM,2005,70.6,79,73,80,734.1599084509268,38.27000809,5.563,26.5409603118896,44.0403246300673,46.737084522042,NA
YEM,2006,66.9,78,65,78,809.7131276247031,44.81512451,5.412,NA,45.5579291881896,47.6441864752994,NA
YEM,2007,63.4,79,71,79,890.3057681149879,51.83703613,5.261,NA,47.0920975832171,48.5478342567652,NA
YEM,2008,60.2,78,69,78,1071.6358328210472,61.74676514,5.113,27.4409694671631,48.6422261965066,49.4478001068261,0.275
YEM,2009,57.5,76,65,76,969.2435098644784,58.02085114,5.004,NA,50.2076979867372,50.3438521211975,0.275
YEM,2010,55,76,68,77,1155.203052614175,59.60072327,4.81,29.9233703613281,51.787883376695,51.235755853278,NA
YEM,2011,53.1,69,66,69,1186.475005812153,56.58930588,4.63,31.534610748291,53.3817845403545,52.1227789441392,NA
YEM,2012,51.6,67,63,68,1245.0506827207792,64.677566530000007,4.633,32.4077186584473,54.9887784253918,53.0047122525844,NA
YEM,2013,49.6,71,68,72,1378.750029549281,68.39746857,4.623,34.822811126709,56.6085662979194,53.8818214244113,NA
YEM,2014,48.7,70,64,70,1430.1642096402572,83.48936462,4.62,NA,58.2398155721422,54.7529231819499,0.27
YEM,2015,49.3,63,61,64,1362.1738120601008,88.40743256,4.617,NA,59.8822273662307,55.6182996414083,NA
YEM,2016,47.9,63,62,64,975.3594170032254,75.22454071,4.613,36.8241691589355,61.5348134587161,56.4772672906306,NA
YEM,2017,47.5,59,56,59,811.165970405745,87.29970551,4.61,NA,63.1969435270972,57.3296474501288,NA
YEM,2018,47.3,54,53,54,633.8872024515454,143.68727112,4.607,NA,64.8676643206495,58.1748003487901,NA
YEM,2019,46.1,60,54,60,NA,80.94759369,4.603,NA,66.54663625928,59.0129962088495,NA
YEM,2020,43.4,57,53,57,NA,65.17704773,4.6,NA,68.2329200343338,59.8436190728003,0.176
YEM,2021,42.6,56,51,56,NA,49.30105209,4.597,NA,69.9256117406169,60.6660832932611,0.174
YEM,2022,41.1,58,53,58,NA,54.29036331,4.593,NA,71.6243517846075,61.480658139543,0.165
YEM,2023,39.5,46,45,46,NA,47.78109741,4.59,NA,73.3277642149443,62.2859746985692,0.098
YEM,2024,38.1,42,41,42,NA,NA,4.499,NA,75.0357620960457,63.0827307655577,NA
ZAF,2000,71.4,73,72,71,3217.8469344846712,236.08114624,2.413,78.8097229003906,85.9559975488844,60.4973716866815,NA
ZAF,2001,74.5,71,69,71,2847.1519194590805,202.81065369,2.373,78.0145492553711,86.4622424726781,61.2759508701069,NA
ZAF,2002,77,70,65,70,2688.2367603280636,179.5135498,2.324,77.7871627807617,86.9757383414211,62.0623724472109,NA
ZAF,2003,79.2,69,62,70,4062.217559937858,286.01998901,2.358,78.6594009399414,87.4856409014173,62.8465144848753,NA
ZAF,2004,80.7,74,63,73,5221.463337317212,362.28662109,2.436,81.676643371582,87.9864909045076,63.6233578866547,0.711
ZAF,2005,79.8,81,64,75,5836.876633251265,400.5355835,2.512,83.6589126586914,88.4775318362901,64.3920939153514,NA
ZAF,2006,76.9,84,69,79,6077.382933888757,417.91174316,2.548,86.9986190795898,88.9593651216847,65.1530628772458,NA
ZAF,2007,71.2,85,68,79,6591.85535960564,455.17498779,2.545,88.3999176025391,89.4320344752116,65.9061304060194,0.679
ZAF,2008,63.7,82,73,77,6184.754743283988,442.10626221,2.679,86.5697708129883,89.895824706748,66.6513463502515,0.679
ZAF,2009,56.9,81,77,75,6374.705600429925,487.62774658,2.501,88.9015884399414,90.3498541806487,67.3878839823923,0.69
ZAF,2010,50.3,77,72,72,7973.471957715169,621.41906738,2.445,89.7639740301445,90.7948993263466,68.1161861329021,0.705
ZAF,2011,45.6,75,77,71,8646.055710716348,686.87243652,2.436,92.0261077880859,91.2307992186561,68.8359875393952,0.709
ZAF,2012,43.1,71,79,69,8076.976784797406,646.49920654,2.447,95.4333724975586,91.6578231075925,69.5473276761195,0.715
ZAF,2013,41.4,81,78,79,7331.654673849192,593.80157471,2.428,NA,92.0754416048639,70.2497373907273,0.729
ZAF,2014,39.7,85,84,85,6856.731370925222,539.30780029,2.424,106.209579467773,92.4843371456174,70.9435261806792,0.74
ZAF,2015,38.2,85,86,85,6112.273824859742,491.90652466,2.359,104.541397395068,92.2766813341795,71.6284763129344,0.763
ZAF,2016,36.8,85,84,85,5651.205851657492,456.56936646,2.261,109.660301208496,92.0633898282653,72.3045193020221,0.753
ZAF,2017,35.7,84,81,84,6618.335082557006,527.52026367,2.283,110.607490539551,91.844654961916,72.9715054204693,0.775
ZAF,2018,34.9,82,81,82,6914.178031807599,558.80145264,2.27,105.538677930271,91.6208678269317,73.6294078282668,0.742
ZAF,2019,34.3,85,83,85,6533.711210328561,538.80438232,2.264,107.597072310067,91.3923995625225,74.2781920666219,0.779
ZAF,2020,33.9,84,84,84,5580.603830751887,503.46759033,2.257,108.468464029139,91.1598368082793,74.917857781457,NA
ZAF,2021,34,86,87,86,6828.756245900167,592.9465332,2.248,111.094585540701,90.9231026021655,75.5483071505453,0.781
ZAF,2022,34.3,85,86,85,6534.248677833969,570.48028564,2.227,108.68396751263,90.6825361107103,76.169562634684,0.794
ZAF,2023,34.8,79,80,79,6034.272089646732,536.58843994,2.216,107.464974022043,90.4386965804708,76.7816295496925,NA
ZAF,2024,35.1,74,76,74,6267.186814093005,NA,2.205,NA,90.1916801364739,77.384521067613,NA
ZMB,2000,151.8,85,85,85,359.4295009882214,14.80953312,5.921,NA,46.2307991562581,21.0415384052929,NA
ZMB,2001,143.2,85,84,86,396.5489529935036,18.94953918,5.848,NA,47.3291576082813,21.6786889419233,NA
ZMB,2002,132.9,84,84,85,393.86462551861615,23.19246864,5.774,NA,48.5669310132522,22.413804959209,NA
ZMB,2003,122.1,83,84,85,446.2901048390412,26.75762367,5.71,NA,49.794666240805,23.1443864562221,NA
ZMB,2004,111.7,83,85,84,548.6859745662773,29.99057961,5.698,NA,51.0123240914284,23.8700357388516,0.132
ZMB,2005,102.7,82,85,84,710.9820681716964,44.99598694,5.697,NA,52.2193583121082,24.5900224977226,0.055
ZMB,2006,94.8,81,85,83,1051.717148956864,58.68175507,5.679,NA,53.4162602894897,25.3042918374618,0.054
ZMB,2007,89.1,80,93,77,1118.7316262695265,51.02414322,5.613,NA,54.6025079939217,26.0121310175446,NA
ZMB,2008,84.2,87,87,90,1375.5021100699742,61.82287216,5.53,NA,55.7790386634547,26.7137426857946,0.061
ZMB,2009,78.4,94,90,93,1136.2416831684773,59.38909531,5.453,NA,56.943932113866,27.4075582632773,0.059
ZMB,2010,74.3,83,96,80,1451.1061601715494,59.98767853,5.359,NA,58.0990602531588,28.094335855896,0.06
ZMB,2011,71.8,81,83,83,1624.8681776344254,64.3181076,5.256,NA,59.2434638607951,28.7731031923329,NA
ZMB,2012,69.2,78,82,70,1710.0506134372813,69.17604828,5.136,NA,60.3793166829556,29.4446855204494,NA
ZMB,2013,66,79,80,74,1820.718548273905,83.29361725,5.014,NA,61.5068944546716,30.1087309769234,NA
ZMB,2014,62.6,86,85,78,1707.485731366938,65.39261627,4.89,NA,62.6251910477069,30.7641759274322,NA
ZMB,2015,60.2,90,90,90,1295.877886800678,57.38765335,4.775,NA,63.73489906676,31.4108659962422,NA
ZMB,2016,57.1,95,97,91,1239.0852787771328,55.39532089,4.669,NA,64.8350544845437,32.0477720583314,0.09
ZMB,2017,55.2,94,96,92,1483.4657732806522,70.93283844,4.567,NA,65.9259259812071,32.674491350081,NA
ZMB,2018,54.7,90,94,90,1463.8999785559306,69.82767487,4.492,NA,67.0073710429066,33.2903966380539,0.224
ZMB,2019,53.5,88,93,89,1258.9861984446204,85.02349854,4.418,NA,68.0788852086192,33.8947045843208,0.237
ZMB,2020,52.5,84,96,83,951.6443166559574,60.01779938,4.323,NA,69.1403580014109,34.4868129715486,0.253
ZMB,2021,50.4,91,90,87,1127.1607787285725,74.83802795,4.246,NA,70.2228298527718,35.2442051458646,0.295
ZMB,2022,49.5,92,88,94,1447.1231013803465,75.40128326,4.175,NA,71.2958879569683,35.9950584575439,0.324
ZMB,2023,49.1,90,83,91,1330.7278057670908,79.55635071,4.101,NA,72.3590047817849,36.7391328457853,NA
ZMB,2024,48.4,91,88,90,1187.1094335006403,NA,4.036,59.0707702636719,73.4120376414689,37.4763362189112,NA
ZWE,2000,99.4,78,75,78,562.8337574960761,NA,4.009,36.0074195861816,67.9217425252817,44.5170067494269,0.126
ZWE,2001,96.3,75,73,76,566.3887464488722,NA,3.983,38.1507797241211,68.0887310014955,44.632782507168,NA
ZWE,2002,93.8,71,70,73,524.936478570323,NA,3.925,37.539421081543,68.2658520764718,44.8209715461033,NA
ZWE,2003,91.9,68,68,70,468.4719329272126,NA,3.862,35.9403114318848,68.2300192515317,44.8625993105655,NA
ZWE,2004,91.2,65,66,67,469.7192989493038,NA,3.776,NA,68.1605611787825,44.881689855498,0.169
ZWE,2005,91.6,68,67,69,461.2713875479115,NA,3.693,NA,68.0898216410004,44.2555884952354,0.121
ZWE,2006,87.6,70,68,71,431.0349944149641,NA,3.635,NA,68.0173816965522,43.6313729086374,NA
ZWE,2007,90.6,73,69,73,413.52124459292514,NA,3.677,NA,67.943621136193,43.0093163519356,0.0544
ZWE,2008,91.1,75,70,75,340.9174475885724,NA,3.783,NA,67.8681221478377,42.3891736287953,0.0596
ZWE,2009,89.8,73,76,69,735.821693871697,NA,3.95,NA,67.7912667588109,41.771197354799,0.115
ZWE,2010,85.2,89,90,89,902.0107590673878,94.44809723,4.04,NA,67.7126398227238,41.1551654585239,0.121
ZWE,2011,77.2,93,92,93,1037.775651572176,83.82868195,4.126,NA,67.6326265386138,40.5413099103148,0.078
ZWE,2012,68,95,97,95,1239.2270974570858,85.69155121,4.134,73.0986641244537,67.550802949421,39.929425197268,0.077
ZWE,2013,62.6,95,93,95,1362.9949832336792,96.86148834,4.111,50.8856201171875,67.4675567678249,39.3197220289687,0.08
ZWE,2014,59.8,91,92,92,1372.9152617316138,111.61201477,4.011,NA,67.3943560141551,38.7170842481052,0.119
ZWE,2015,59.2,87,86,88,1387.1263259502578,103.31652832,3.911,NA,67.3315481450838,38.1206484665361,0.174
ZWE,2016,57.5,90,95,90,1408.1394525343117,102.15909576,3.828,NA,67.2786727528728,37.5291927779865,0.172
ZWE,2017,56.7,89,90,89,3445.449410201338,91.87199402,3.768,NA,67.2356795993569,36.9416715486173,0.179
ZWE,2018,56.3,89,88,89,2270.895318743022,114.76815033,3.744,NA,67.2029312965769,36.3571595127659,0.201
ZWE,2019,58.6,90,85,90,2184.329238554689,55.10725403,3.748,NA,67.1795926488522,35.7743353702206,0.123
ZWE,2020,61.7,86,85,86,2059.674453844988,51.14250565,3.754,NA,67.1664236498224,35.1923620543494,0.128
ZWE,2021,62.4,88,88,88,2613.6054208355185,60.89874268,3.765,NA,67.162605340134,34.6099501611517,0.136
ZWE,2022,64,90,90,90,2536.4005022307556,68.90727997,3.767,NA,67.1689083918982,34.6178594063559,0.127
ZWE,2023,64.2,90,90,90,2195.2249207924506,62.92946243,3.724,NA,67.1849190325683,34.6283464803415,0.136
ZWE,2024,64.7,91,90,91,2497.203322087631,NA,3.674,NA,67.2110209689938,34.6414985324477,NA
