iso3,year,u5mr,dtp3,mcv1,pol3,gdp_pc,health_exp_pc,fertility,female_secondary_enrollment,basic_water,basic_sanitation,physicians_per_1000
AGO,2000,185,31,41,21,563.733795571487,13.15998554,6.639,12.1040000915527,37.8422368865436,33.8004076625916,NA
AGO,2001,176.3,42,72,28,533.5862024124473,29.26095772,6.601,13.2332096099853,38.3388157469695,34.2558546036306,NA
AGO,2002,166.4,47,74,22,999.065855913758,29.37077141,6.567,14.7315998077393,38.8353924997189,34.7112995930867,NA
AGO,2003,155.5,46,62,21,1133.663319606071,35.2206955,6.533,NA,40.3965157225134,35.7566857674784,NA
AGO,2004,143.7,47,64,18,1451.471178724934,50.23310852,6.499,NA,41.9772367862102,36.8026608112345,0.063
AGO,2005,131.5,47,45,14,2145.8862109632746,54.66142273,6.461,NA,43.5743439976406,37.8465318357126,NA
AGO,2006,119.8,44,48,8,2930.444286073203,70.28185272,6.419,NA,45.0139996038983,38.7338819151989,NA
AGO,2007,109,43,58,43,3515.0567898653467,93.42698669,6.372,NA,46.4686546771725,39.6205689404056,NA
AGO,2008,99.2,45,58,44,4578.155264515174,136.34094238,6.32,19.9174499511719,47.9390179800655,40.5073529931406,NA
AGO,2009,90.7,47,58,44,3645.1484656297575,120.5289917,6.26,21.1587905883789,49.4231763682417,41.3926874563562,0.132
AGO,2010,83.4,49,59,45,4101.637155667117,96.95197296,6.194,22.98756980896,50.922281472487,42.2777189153195,NA
AGO,2011,77.2,50,59,45,5184.152691499118,122.11888123,6.12,22.3924407958984,52.4357414255652,43.1620627220945,NA
AGO,2012,72,52,59,47,5702.453062774339,121.84848022,6.039,NA,53.962934811933,44.0453181222275,NA
AGO,2013,67.9,54,59,46,5688.57916215215,142.78450012,5.953,NA,55.5032279600653,44.9270819739207,NA
AGO,2014,64.5,55,56,55,5649.687624691393,130.5861969,5.864,NA,57.0569115656449,45.8077399649675,NA
AGO,2015,61.8,57,52,57,3641.72893919944,107.52857208,5.774,NA,58.6196312007677,46.6837650963553,NA
AGO,2016,59.6,59,49,56,2051.81462126253,94.01481628,5.686,42.9851256990708,60.1920620185519,47.555908833618,NA
AGO,2017,57.9,58,47,52,2790.718868697683,112.75364685,5.6,NA,61.7735122104541,48.4237656848917,0.212
AGO,2018,56.5,67,56,64,2860.093648368199,83.87555695,5.519,NA,63.3627907388021,49.2865229934191,0.211
AGO,2019,55.3,64,59,61,2493.678844401766,64.4466095,5.442,NA,64.1599110373067,49.5470237290202,NA
AGO,2020,54.2,59,54,59,1759.356199182642,56.01641846,5.371,NA,64.9440305436538,49.8016376564917,NA
AGO,2021,53.2,55,48,53,2303.908126627765,66.94487,5.304,49.4286274279557,65.716257719435,50.0511353702384,NA
AGO,2022,51.9,54,50,54,3682.113151369797,103.94506073,5.209,NA,66.47632731978,50.2951359158799,0.244
AGO,2023,50.5,66,63,73,2916.136632842746,76.07118225,5.124,48.1175394651696,67.2244252588497,NA,NA
AGO,2024,49,64,53,56,2665.874447767527,NA,5.048,NA,67.9607422242112,NA,NA
BDI,2000,152.4,80,72,72,134.53786175238898,5.67927122,6.872,NA,49.9050035081871,45.8832028889367,0.052
BDI,2001,147.5,81,73,73,132.15955454193212,7.50815582,6.849,NA,50.6076370665848,45.9762261657477,NA
BDI,2002,142.3,81,75,74,120.95230857546832,6.46998882,6.819,NA,51.3135864667635,46.0714530473161,NA
BDI,2003,136.6,82,76,75,111.4066828043908,5.87316799,6.785,8.93451976776123,52.0224447392286,46.1690271798233,NA
BDI,2004,130.4,83,78,76,125.19496518453332,8.88248062,6.746,10.1669101715088,52.7341459347256,46.0744530371063,0.027
BDI,2005,123.7,87,87,82,147.23461929422513,11.13118172,6.708,11.0440502166748,53.4486364755219,45.9780778470214,NA
BDI,2006,116.6,92,92,88,161.89275564031908,14.10514736,6.659,12.2075300216675,54.1661932522389,45.8797490696037,NA
BDI,2007,109.5,99,88,93,166.16274490675522,15.26294613,6.588,12.8603200912476,54.8864129509112,45.7793823625363,NA
BDI,2008,102.6,92,84,89,189.50207457076775,14.67025566,6.515,NA,55.6098997229937,45.6767816936833,NA
BDI,2009,96.1,94,91,96,198.43152404822504,18.31996346,6.409,17.5529193878174,56.3355825265759,45.5719158266356,NA
BDI,2010,90.2,96,92,94,216.72770530197636,24.45114708,6.26,19.8866806030273,57.0647160568921,45.4645083129414,0.045
BDI,2011,84.7,96,93,95,230.0697613811321,23.16802216,6.108,22.7597904205322,57.7968901680733,45.354450786345,0.037
BDI,2012,79.6,96,93,96,231.09878781150672,20.01195908,5.991,25.6550006866455,58.5316929409599,45.2416177840798,0.049
BDI,2013,74.9,96,98,96,234.8447701508713,20.26322556,5.889,30.7229452018777,59.2700188901238,45.125751746761,0.053
BDI,2014,70.6,95,94,95,250.54449215518548,18.06601143,5.794,37.6532236992696,60.0108002103421,45.0067757440714,0.056
BDI,2015,66.9,94,93,94,254.4025852267877,17.67629051,5.695,42.5848131340896,60.754598685409,44.8844503584829,0.046
BDI,2016,63.7,94,93,94,232.9378121001527,18.59472847,5.587,47.4670778135604,61.5013152508053,44.7585847024572,NA
BDI,2017,60.9,91,90,91,246.06072571418372,19.16676521,5.481,49.4867506946943,62.2508547109649,44.6289841238283,0.094
BDI,2018,58.5,90,88,90,245.6616783320092,18.67819214,5.38,48.9246508069948,63.0031105309043,44.4954380894811,0.094
BDI,2019,56.2,93,92,93,234.31061590724977,22.2435379,5.271,44.8293939228029,63.7579908768374,44.3577388229315,NA
BDI,2020,54.3,93,90,93,255.8324539388995,26.21934319,5.177,49.2576387332398,64.4028716190814,44.4548070620661,0.069
BDI,2021,52.3,94,90,94,264.98037926965486,23.11420059,5.078,NA,65.0493033882129,44.5545225988873,0.076
BDI,2022,50.3,91,89,91,302.99250526355235,25.52155113,4.98,NA,65.6975597350143,44.6569603684061,0.078
BDI,2023,48.7,89,86,89,250.62725309725457,28.14028931,4.878,NA,65.8069881708757,44.6456125902738,NA
BDI,2024,47.1,89,86,89,219.42483088269827,NA,4.789,NA,65.9191041847553,44.6339890793582,NA
BEN,2000,135,78,70,78,487.4241413842425,14.42371464,5.937,12.5444002151489,61.053428974703,8.52812393636387,NA
BEN,2001,131.7,76,68,77,492.401499509072,16.26979828,5.848,13.908769607544,61.4110451186381,8.93975126867492,NA
BEN,2002,128.5,75,66,76,546.4638296581587,16.9179287,5.793,15.1186399459839,61.7826864714812,9.37391256843619,NA
BEN,2003,125.4,73,65,75,676.0028780842815,21.06955719,5.763,15.833459854126,62.177768242791,9.83877331929082,NA
BEN,2004,122.5,72,63,74,758.6958037863709,24.52665329,5.718,17.0808696746826,62.5694755970266,10.3155921363995,0.038
BEN,2005,119.7,70,61,73,779.4377777532677,25.12485313,5.692,NA,62.9572986699117,10.8039533008181,NA
BEN,2006,117,74,66,76,809.1470725062209,26.60264206,5.673,NA,63.3414202893598,11.3039620341641,NA
BEN,2007,114.4,82,70,82,912.3382471883424,26.79680061,5.627,NA,63.722003378885,11.8157291558234,NA
BEN,2008,112,75,66,77,1060.6025450209872,28.12486076,5.548,NA,64.0987736405784,12.3390077692944,0.059
BEN,2009,109.7,79,71,80,1024.1027785811184,29.69425583,5.491,NA,64.471280030876,12.8733600744969,NA
BEN,2010,107.4,76,68,77,973.2442549315264,29.37720871,5.452,NA,64.8398943690565,13.4190757934874,0.052
BEN,2011,105.1,75,70,77,1059.413588525885,31.76816368,5.436,35.1887283325195,65.2045676976255,13.9760843860142,0.054
BEN,2012,102.9,80,74,80,1071.5258366282956,32.95616913,5.429,NA,65.5652472683148,14.5443123134086,NA
BEN,2013,100.6,77,68,73,1168.926992792259,33.53426743,5.41,41.857421875,65.9215151449037,15.1233051054282,NA
BEN,2014,98.4,74,65,71,1204.39918670094,32.41182327,5.374,43.0372085571289,66.2745990254867,15.7143302277075,NA
BEN,2015,96.1,74,67,72,1002.4188687961384,27.34733391,5.32,46.0378799438477,66.6240261475915,16.3169481534553,NA
BEN,2016,94,78,68,73,1010.533896199298,36.58565903,5.254,47.7052116394043,66.9697053582587,16.9310972411709,0.045
BEN,2017,91.8,76,65,72,1054.9740806681434,38.75862122,5.155,NA,67.3115299235489,17.5567124078682,NA
BEN,2018,89.4,74,61,70,1151.7409703472013,39.54786301,5.031,NA,67.6494113960798,18.1937303852969,0.073
BEN,2019,87,72,58,69,1130.8213533979497,33.9457283,4.9,NA,67.9832516982572,18.8420840944928,0.06
BEN,2020,84.6,70,54,67,1200.1942655778937,36.62052536,4.795,39.4178810119629,68.3129505616936,19.501704357901,NA
BEN,2021,82.2,70,53,68,1318.6515807519838,38.45053101,4.707,40.2546501159668,68.6381245479094,20.1721169387367,0.205
BEN,2022,79.6,69,52,69,1266.4271103190442,37.76291275,4.634,40.2818489074707,68.9589815769274,20.853650768615,0.19
BEN,2023,77.2,69,52,69,1394.1778472183137,46.52822113,4.556,NA,69.2752913846942,21.5460291941212,0.216
BEN,2024,74.7,63,44,63,1485.380188851343,NA,4.48,NA,69.5868397867067,22.248968702791,NA
BFA,2000,176,45,48,45,248.90852692175216,10.00902748,6.519,7.76679992675781,55.6390919539438,8.8416258208353,NA
BFA,2001,171.9,62,63,62,259.48522338043597,10.27519512,6.431,7.95838022232056,55.8329037014079,9.13087025476494,0.04
BFA,2002,167.3,69,64,69,285.65408763753277,11.93992615,6.339,NA,55.6114304370044,10.0598427351821,NA
BFA,2003,162.3,79,76,83,362.3738999969534,16.02656555,6.28,9.13255977630615,55.3903115715643,11.0080883489168,NA
BFA,2004,156.8,79,78,83,403.8128374346103,21.12279129,6.216,10.11203956604,55.1712862578843,11.9759949734472,0.052
BFA,2005,150.8,82,84,94,441.16414801601206,21.34285545,6.182,11.0454902648926,54.9540483069105,12.9610876994314,NA
BFA,2006,144.4,86,88,94,455.5136556200242,23.55202866,6.17,11.844220161438,54.7404102452083,13.9636797865369,NA
BFA,2007,138.1,89,94,93,514.6844511772381,29.72483063,6.11,12.869119644165,54.4775122533974,14.9188541884319,NA
BFA,2008,132.1,93,94,92,619.4375332562643,30.76880074,6.05,15.2496795654297,54.1709291046909,15.8385590424802,0.031
BFA,2009,126.5,92,94,91,601.5695206718585,31.26260567,5.992,16.4878997802734,53.8607620569165,16.7713190117343,0.043
BFA,2010,121.3,91,92,90,624.9572522247657,33.05819321,5.936,18.2026272062904,53.5481792484168,17.717348101652,0.044
BFA,2011,116.6,91,89,90,725.0247677254749,33.70409393,5.869,20.1504937591634,53.2337210751368,18.6760821491649,0.037
BFA,2012,112.3,90,87,90,731.470138867833,33.66717529,5.793,22.4369517647316,52.9175711215547,19.6465931645733,0.046
BFA,2013,108.2,88,82,89,759.7620651684981,42.26796341,5.697,25.1246647585712,52.6002657451869,20.6283173579476,0.045
BFA,2014,104.3,91,88,91,764.8616751062254,38.24516678,5.595,27.3772509415436,52.2827255201391,21.6210077487698,0.047
BFA,2015,100.8,91,88,91,630.124750752312,32.3375206,5.478,31.3499100869596,51.9651331528119,22.623723352134,0.063
BFA,2016,97.4,91,88,91,663.7423648428855,39.50990677,5.331,33.8377858408122,51.6480569278797,23.6358671659231,0.062
BFA,2017,94.1,91,88,91,709.0915358946953,43.37775803,5.17,36.4337512769058,51.3308302109352,24.6558918981723,0.082
BFA,2018,91,91,88,91,777.465618514048,38.48573303,4.921,39.4315297671845,51.0143648746902,25.6835548762607,0.082
BFA,2019,88.1,91,88,91,764.8530777749462,41.06895828,4.681,40.517531621348,50.6996167671279,26.7185691114763,0.091
BFA,2020,85.1,91,88,91,825.2370387824751,57.17589188,4.44,40.2090461523707,50.3862637931321,27.7597483878875,0.096
BFA,2021,82.4,91,88,91,895.5352884429909,63.59171295,4.361,40.1334643135395,50.0752719507407,28.8068022658045,0.101
BFA,2022,79.8,91,88,91,827.3308434866611,64.38339996,4.275,36.1300743115017,49.7662606215165,29.8585926182987,0.148
BFA,2023,77.4,91,88,91,873.4825896510025,71.73455048,4.186,33.6455886002101,49.4606606678806,30.9150753845811,NA
BFA,2024,74.9,91,88,91,981.9926497690816,NA,4.11,33.2389182465594,49.9986600107497,31.7963485938203,NA
BWA,2000,79.8,97,91,97,3450.811806229918,206.93144226,3.294,77.4799728393555,75.45956642678,53.7395555164228,0.298
BWA,2001,79.3,97,91,97,3206.071236898528,203.01203918,3.248,76.1001892089844,75.7549489796856,54.7451404334018,0.298
BWA,2002,77.9,97,92,97,3117.250871830112,206.11392212,3.175,77.1014633178711,75.9139062526894,55.6040876882088,0.307
BWA,2003,76.7,96,92,96,4230.123269099257,269.58544922,3.106,77.884407043457,76.0519848505784,56.4322629301627,0.296
BWA,2004,75.7,96,93,96,4956.692877352137,297.2512207,3.063,79.5718383789062,76.1888838062927,57.2488048403831,0.396
BWA,2005,70.8,96,93,96,5391.070766196335,281.38796997,3.082,80.3644027709961,76.3234089658612,58.0524375220249,0.253
BWA,2006,66,96,94,96,5291.583791448487,258.01873779,3.114,83.5707702636719,77.3793746447191,58.8441205990319,0.315
BWA,2007,64.3,96,95,96,5529.125746325323,305.22042847,3.127,84.5229568481445,78.8176379061459,59.9949103231663,0.371
BWA,2008,63.7,96,95,96,5503.073953143129,324.54284668,3.131,81.0781402587891,80.2083565652811,61.1111581446206,0.367
BWA,2009,60.6,96,96,96,5082.933883324043,336.53146362,3.133,NA,81.548204891568,62.1889472021203,0.348
BWA,2010,58.4,95,96,96,6215.732160779186,389.55178833,3.135,NA,82.8396938380661,63.2298770256248,0.403
BWA,2011,58.8,95,97,96,7287.382953349189,427.70709229,3.103,NA,84.0822411614888,64.2325786938522,0.395
BWA,2012,53.9,95,97,96,6595.538450154237,418.82244873,3.07,NA,85.1198176551296,65.037275052661,0.388
BWA,2013,50.3,95,97,96,6666.912195834866,433.29150391,3.045,NA,86.1035328726968,65.7908304969597,NA
BWA,2014,49,95,97,96,7122.364234215034,418.82452393,3.027,NA,87.0620077919626,66.5214936855642,NA
BWA,2015,46.7,95,97,96,6141.203947266163,374.79058838,3.008,NA,87.9952713631677,67.2288878869323,NA
BWA,2016,45.1,95,97,96,6749.05994339013,389.3107605,2.99,NA,88.9036684785342,67.9129615984092,0.371
BWA,2017,42.1,95,97,96,7104.964010880272,471.05056763,2.969,NA,89.7870788598082,68.5731443566445,NA
BWA,2018,41.2,95,97,96,7407.95940141786,447.4473877,2.941,NA,90.6438201661521,69.2069921595304,0.402
BWA,2019,40,95,97,96,7172.089564800282,438.28546143,2.906,NA,91.4749479975469,69.8150599678289,0.395
BWA,2020,38.9,95,87,96,6323.2974967658965,386.28860474,2.861,NA,91.5461365187927,70.3974291175514,0.433
BWA,2021,37.1,95,97,96,7807.887945704713,492.14276123,2.827,74.0652465820312,91.6110310251098,70.9542350453954,0.422
BWA,2022,35.7,86,90,86,8328.7090572666,477.77633667,2.785,NA,91.6703014636918,71.4864919930582,0.407
BWA,2023,34.6,95,97,96,7826.353764832983,489.59677124,2.732,NA,91.7236550803662,71.9941392506475,0.379
BWA,2024,33.3,95,97,96,7695.75319445165,NA,2.703,NA,91.7713640807246,72.115456599001,NA
CAF,2000,165.5,37,36,38,239.1541337260706,9.9123354,5.851,NA,59.0104891106011,20.5939671158027,NA
CAF,2001,162.5,40,35,40,237.9517025447346,9.20995235,5.807,7.64059019088745,57.8285760231061,20.5472812527442,NA
CAF,2002,159,44,42,42,248.63929097840335,10.44132614,5.785,NA,56.6533336515989,20.5005930190466,NA
CAF,2003,155.6,47,49,44,278.403992150941,12.15000153,5.799,NA,55.4843767503789,20.4536055406808,NA
CAF,2004,151.8,51,55,45,303.461321152782,12.96809387,5.784,NA,54.321703276721,20.4063183359002,0.079
CAF,2005,147.9,54,62,47,311.95002313868673,13.93517494,5.812,NA,53.1725538897854,19.9721484876891,NA
CAF,2006,143.5,51,61,47,333.94251990303104,15.15495491,5.84,NA,52.0363869925111,19.5450443579564,NA
CAF,2007,139.3,48,59,46,380.8870488394754,18.24629021,5.867,NA,50.9129861465533,19.1248924348841,NA
CAF,2008,135.5,45,58,46,437.24827472489,18.02888489,5.902,NA,49.801462843986,18.7110288344225,0.0405
CAF,2009,489.3,42,56,45,456.47167389840394,21.37773895,5.936,8.72708988189697,48.7012778059616,18.3030854351949,0.045
CAF,2010,150.7,45,53,46,476.8737869507277,17.01008034,5.963,NA,47.6121825064348,17.9009516216973,NA
CAF,2011,125.1,47,49,47,534.0572814716355,19.62990761,6.009,11.4032897949219,46.5333196670966,17.5040118095515,NA
CAF,2012,121.9,47,48,47,544.3958491427853,21.33021736,6.047,10.7241497039795,45.4644259836138,17.1121597682915,NA
CAF,2013,134.2,23,25,23,364.3669626083801,17.36794472,6.075,NA,44.4049337595255,16.7250416550218,NA
CAF,2014,186.8,45,47,50,409.8504859646996,18.7120266,6.099,NA,43.3540006911393,16.3420825760043,NA
CAF,2015,113.7,43,46,51,366.3228539381206,18.44194221,6.126,NA,42.3113468572103,15.9631877672806,0.07
CAF,2016,126.8,42,45,52,387.17620344431776,21.07796097,6.126,11.0433397293091,41.2766435897443,15.5882414691861,NA
CAF,2017,155.2,42,41,48,432.3240256842626,28.81619644,6.127,12.7931003570557,40.2488145100733,15.2164870297134,NA
CAF,2018,120.2,40,39,45,455.2439628595339,51.3541069,6.108,NA,39.2275482962991,14.8478356260426,0.069
CAF,2019,254.7,38,37,43,449.2284676024388,35.76099014,6.09,NA,38.2122663974409,14.481982156805,NA
CAF,2020,124.2,37,36,40,462.87907129401145,42.63476563,6.059,NA,37.2024024961025,14.1186349646869,NA
CAF,2021,178.7,35,34,38,492.26314283050743,46.25038147,6.052,NA,36.1973817854423,13.7575074575386,0.022
CAF,2022,424.6,33,32,35,467.3598250262383,47.91523361,6.023,NA,36.2950440146654,13.8462941483121,0.029
CAF,2023,92.6,40,39,42,495.9788972887206,53.81136703,6.012,NA,36.3972597405494,13.939220081887,0.074
CAF,2024,89.7,42,41,48,516.1609999960363,NA,5.954,NA,36.5040268237207,14.0362838980325,NA
CIV,2000,140.4,65,68,66,936.6365413487983,30.33073425,5.773,NA,68.7946138845833,20.0416175559052,NA
CIV,2001,136.9,66,71,70,924.7272949620664,30.58369255,5.704,NA,69.1799896467784,20.7171311612942,NA
CIV,2002,133.1,65,71,70,967.8158644159912,32.55319595,5.641,NA,69.5630827839749,21.3928455958678,NA
CIV,2003,129.2,62,70,68,1111.171350878869,43.81231308,5.572,NA,69.9435023946029,22.0684596804749,NA
CIV,2004,125.3,68,78,76,1199.8252452854629,47.04700851,5.527,NA,70.3215551742465,22.7442737383766,0.106
CIV,2005,121.2,77,84,87,1197.746169794149,46.69436264,5.499,NA,70.6961620276826,23.5549453716697,0.085
CIV,2006,117.4,77,73,76,1230.4305683858356,47.08904266,5.448,NA,71.0679891332651,24.3743169320385,NA
CIV,2007,113.5,76,67,75,1367.5381772232606,56.15083694,5.403,NA,71.4370073419778,25.2023258965762,NA
CIV,2008,109,74,63,58,1583.9706670137175,64.67678833,5.357,NA,71.8031717766337,26.0389018909406,0.128
CIV,2009,105.2,81,67,77,1540.45393569596,71.06480408,5.332,NA,72.1658002425728,26.8833706227341,NA
CIV,2010,101.6,78,64,75,1553.5488704814325,70.04605103,5.292,NA,72.5255308385242,27.736273942075,NA
CIV,2011,98.4,61,49,58,1596.6282656599792,67.97618103,5.244,NA,72.8823142494903,28.5975387967836,0.14
CIV,2012,95.3,82,74,83,1546.9460184731029,69.86203003,5.19,NA,73.2358134121721,29.4667970282772,NA
CIV,2013,92,75,70,74,1786.1586203132365,67.13149261,5.135,NA,73.5860051813631,30.3439798658214,NA
CIV,2014,88.6,73,59,71,1991.3653942340416,74.3581543,5.071,34.3625665088411,73.932866465233,31.2290182892459,0.214
CIV,2015,85.5,79,67,77,1814.7185508801672,58.43181992,4.97,37.982068610823,74.2789991723986,32.1245714539308,NA
CIV,2016,83,87,73,81,1862.5959708128676,61.85705566,4.873,40.5872787120579,74.623678155198,33.0299664803717,NA
CIV,2017,80.5,83,70,82,1964.299303383425,63.77943039,4.757,43.9337901584799,74.9670485097416,33.945429522791,NA
CIV,2018,77.9,83,74,83,2130.866193811438,65.87952423,4.596,46.3947128556196,75.3089683562102,34.8708875943719,0.351
CIV,2019,75.3,79,71,79,2141.7683617011467,68.30471039,4.523,49.4831223999723,75.6490184756229,35.8059580233634,0.149
CIV,2020,73,72,63,65,2179.7293483293465,78.97766876,4.461,51.9265625097734,75.9870680852305,36.7505613601134,0.153
CIV,2021,70.8,73,65,71,2455.9812764114818,92.39588928,4.411,54.4109890656109,76.3229847618577,37.704616869195,0.167
CIV,2022,68.7,73,62,71,2333.3712830125887,84.89915466,4.349,52.166846663702,76.6566348508061,38.6680398290793,0.162
CIV,2023,66.5,79,70,77,2591.965904811898,87.68105316,4.283,63.094766197367,76.9878854497263,39.6407426651959,0.166
CIV,2024,64.5,77,75,74,2727.8935220697044,NA,4.23,64.4785040152839,77.2470593822361,40.4070687976128,NA
CMR,2000,143.9,62,49,57,708.5657316259653,30.438097,5.514,NA,55.8213658801787,37.5661811000038,NA
CMR,2001,141,63,51,61,715.4702964705854,29.82297325,5.441,29.9767608642578,56.6676381767761,37.7799954148968,NA
CMR,2002,137.6,66,53,66,789.6238110725543,31.79577446,5.435,22.2719993591309,57.4955566062435,37.9947075137207,NA
CMR,2003,134.3,73,61,72,988.2412767918462,38.56394196,5.432,28.0853691101074,58.3047768722943,38.3633336781567,NA
CMR,2004,130.9,73,64,72,1133.3932674967289,42.25278473,5.436,24.1630897521973,59.0958722241739,38.736762781943,0.188
CMR,2005,127.6,80,68,79,1142.624662521058,43.10830688,5.421,24.6076393127441,59.8676453814021,39.1141100533379,0.061
CMR,2006,124.2,81,73,78,1191.4545899096834,44.52022934,5.369,21.4851398468018,60.6211512430006,39.4959944299355,NA
CMR,2007,120.8,82,74,81,1325.672482159333,50.30911255,5.343,29.0990791320801,61.3565272358718,39.8824343932762,0.073
CMR,2008,117.2,84,80,82,1492.142698014529,54.58909225,5.294,33.4918212890625,62.0739139861275,40.2734502147764,NA
CMR,2009,113.7,80,74,79,1461.3899923233655,51.14823914,5.236,37.8445510864258,62.7730584341751,40.6687438087427,0.07
CMR,2010,109.5,84,79,83,1398.5870202504714,50.03335571,5.154,NA,63.4545114882578,41.0686436848584,0.087
CMR,2011,105.2,81,76,80,1513.9605699487818,58.33031845,5.052,45.500515576506,64.1180510058743,41.47285114669,0.091
CMR,2012,100.8,79,74,78,1449.0987436227924,56.96441269,4.982,48.7718363160742,64.7638368158669,41.8813685431632,NA
CMR,2013,96.5,76,71,75,1575.9288211889684,57.22771454,4.905,50.4201711277728,65.3916897275554,42.2938755253473,NA
CMR,2014,92.4,76,71,76,1649.443390594896,71.61038208,4.844,54.1409312621764,66.0018143956848,42.7103744161323,NA
CMR,2015,88.5,76,71,75,1415.0000971056854,58.38298035,4.841,55.5473133749889,66.594406364624,43.1308620153925,NA
CMR,2016,85.1,78,72,77,1441.7201725688024,57.99372482,4.842,56.4790090222202,67.1696687119462,43.555339313602,NA
CMR,2017,81.9,74,67,73,1496.089517712422,56.7457695,4.804,NA,67.7271653530667,43.9831129823405,NA
CMR,2018,78.9,68,61,68,1610.6964159101708,58.32909393,4.74,NA,68.2677705308144,44.4148640176423,0.131
CMR,2019,76.6,67,61,68,1555.2266047647745,56.79493713,4.651,NA,68.7910816912942,44.8498829146317,NA
CMR,2020,74.4,68,63,68,1555.6037066074864,66.17185211,4.557,NA,69.29764588045,45.2885112207418,0.098
CMR,2021,71.9,71,65,71,1672.3265734087215,72.59731293,4.468,42.6115884063623,69.787122797367,45.7300133468788,0.126
CMR,2022,69.4,71,68,62,1604.8772695489472,72.12950897,4.397,43.2072311629303,70.2600597493354,46.1747220268822,0.136
CMR,2023,67,75,71,74,1720.4751015450624,79.09996796,4.322,42.4944197803389,70.7167101481695,46.6226225275107,NA
CMR,2024,64.8,77,71,76,1830.0083368472697,NA,4.261,NA,71.410178711283,47.0729484414837,NA
COD,2000,184.6,30,26,30,377.9254214813948,17.52071953,6.702,NA,37.5495370732434,23.7477310886232,NA
COD,2001,178.4,30,34,29,142.67814260441207,5.4341011,6.663,NA,37.5216314439844,23.2925757259411,NA
COD,2002,172.2,38,41,39,162.38052907429022,4.17578602,6.606,NA,37.4846118447221,22.8409794207926,NA
COD,2003,165.9,42,48,45,161.4915535243958,6.03257608,6.549,NA,37.4384405884601,22.3929738740922,NA
COD,2004,159.4,54,57,51,180.6647649636327,7.83304834,6.53,NA,37.3830762048941,21.9485957968142,0.107
COD,2005,124.4,61,61,59,214.5397404735186,8.55065727,6.526,NA,37.3204734649606,21.5079480867388,NA
COD,2006,118.9,62,63,62,255.44522956875124,10.37645721,6.547,NA,37.2515489023917,21.0891369417888,NA
COD,2007,113.8,65,64,64,294.1016151244193,11.5629034,6.559,23.2989292144775,37.1762282091892,20.6788073735842,NA
COD,2008,109.2,68,64,67,352.9003633719953,15.36659527,6.58,25.5026206970215,37.0934309203905,20.2769257473546,NA
COD,2009,105,71,65,69,280.1789910357925,12.75762081,6.591,26.7931995391846,37.0040705646358,19.8835866395137,0.088
COD,2010,101.4,60,66,68,352.4003987546921,12.1423111,6.587,26.997859954834,36.9070813122382,19.4987263873328,NA
COD,2011,98.3,70,66,65,372.5142738757892,11.89942932,6.582,28.7195892333984,36.8033581567191,19.1224518584775,NA
COD,2012,95.9,71,69,69,409.93142478378354,13.20595551,6.559,28.7509708404541,36.691850585446,18.754668067258,NA
COD,2013,94.1,71,68,71,460.37033493010705,15.37901688,6.527,29.3779392242432,36.5724802578576,18.3953621300218,0.085
COD,2014,92.7,73,69,72,489.17595209731945,18.22281265,6.483,31.4399604797363,36.4456556153398,18.044594889942,NA
COD,2015,91.9,70,65,69,495.8266330148833,18.57252884,6.437,32.7438697814941,36.3108122967194,17.7022823048892,NA
COD,2016,91.5,70,63,66,459.7650365903877,19.3114109,6.392,NA,36.1678765737664,17.3684018777428,NA
COD,2017,91.5,71,65,71,431.05255912878806,18.14648819,6.349,NA,36.016305001478,17.0428367247806,NA
COD,2018,91.7,71,64,72,518.1696268753709,17.29077148,6.302,NA,35.8564891827066,16.7256345274003,NA
COD,2019,92.2,73,65,74,504.00419142285995,19.20812035,6.253,NA,35.6878940308452,16.416662028181,0.162
COD,2020,92.7,70,62,72,486.4255726822558,20.5593071,6.206,NA,35.5104494105668,16.1158651582213,NA
COD,2021,92.9,65,55,65,595.743074403567,21.58848572,6.156,42.9527015686035,35.3236207810538,16.1461710925268,0.171
COD,2022,92.5,65,56,66,687.7385875546851,24.3800106,6.106,NA,35.1273466119185,16.1744730669276,0.208
COD,2023,91.3,60,52,61,660.2120523899703,23.43148804,6.051,NA,35.4034461859588,16.2386817602994,NA
COD,2024,89.7,65,55,65,649.3833385567245,NA,5.981,NA,35.6813611952254,16.3033122368932,NA
COG,2000,112.5,33,34,31,1024.3015910918073,17.35089302,4.724,NA,58.3988116212173,11.9201113215231,NA
COG,2001,109.3,31,35,32,854.5983144080948,20.303905489999998,4.67,NA,58.6923918261786,11.9684717452745,NA
COG,2002,104.6,41,37,41,905.5381355447043,16.99031258,4.697,31.5139694213867,59.1842225873936,12.2942562189499,NA
COG,2003,98.9,50,50,50,1016.8236341214334,21.51475716,4.696,30.9671497344971,59.6736944537537,12.623677389001,NA
COG,2004,92.3,67,65,67,1306.1013632459944,27.50056839,4.69,39.0756301879883,60.6181552928178,13.081524943127,0.212
COG,2005,85.7,63,54,62,1799.0515836615414,30.90304375,4.669,NA,61.5609564350404,13.5511098859657,NA
COG,2006,79.5,74,61,73,2103.5821381210976,35.94208145,4.651,NA,62.5017877997765,14.0325360521402,0.204
COG,2007,73.9,73,59,71,2206.4710186341385,41.96711731,4.649,NA,63.4409103501595,14.526041670099,0.101
COG,2008,69.2,80,69,77,2832.0917777764325,63.41820908,4.726,NA,64.3791200953514,15.0320398597223,NA
COG,2009,65.3,80,63,76,2271.1521917596647,48.65313721,4.808,NA,65.3159834381157,15.5506904084731,NA
COG,2010,62.4,76,75,72,2946.557980677078,54.56225586,4.851,NA,66.2515975807208,16.0823108780158,0.111
COG,2011,60,83,83,72,3396.16505817952,59.51348114,4.826,NA,67.1844431261946,16.6267539486772,0.114
COG,2012,57.9,85,80,68,3732.327373203891,71.2766571,4.785,46.8735198974609,68.1146295030684,17.1843319193312,NA
COG,2013,56.2,85,80,69,3697.417058842495,71.85824585,4.731,NA,69.0417229915666,17.7552084772419,NA
COG,2014,54.5,90,80,77,3601.236580871796,71.03118896,4.665,NA,69.9648050667042,18.3393600656814,NA
COG,2015,52.7,80,80,68,2439.351894036956,57.30290604,4.607,NA,70.8834804766701,18.9369281667441,NA
COG,2016,51,71,67,61,2093.107285588428,54.3000145,4.546,NA,71.7973477617,19.5480521293593,0.102
COG,2017,49.3,69,70,60,2211.633098747971,52.29982376,4.496,NA,72.7060273572944,20.1728789551264,NA
COG,2018,47.6,75,75,68,2694.4341319142677,47.310215,4.442,NA,72.9020532045187,20.2685707874205,0.099
COG,2019,52.2,79,73,73,2488.424667249158,58.42106628,4.38,NA,73.0980812765278,20.3642632516174,NA
COG,2020,44.5,73,68,69,1993.5866719310015,80.09735107,4.329,NA,73.2936799973637,20.4597460251332,NA
COG,2021,43,77,68,74,2516.1625514543157,78.60149384,4.28,NA,73.4884211673414,20.5548099594917,NA
COG,2022,41.5,78,65,52,2620.8380426740187,53.11892319,4.215,NA,NA,NA,0.173
COG,2023,40.3,78,65,52,2477.978455448662,75.55332184,4.157,NA,NA,NA,NA
COG,2024,39.1,78,72,76,2482.248994845599,NA,4.109,NA,NA,NA,NA
COM,2000,79.9,70,70,70,633.3090327762441,47.59479904,5.227,NA,87.3387610880315,24.4251137817351,NA
COM,2001,76.8,70,70,70,681.1638576199628,45.34629059,5.195,NA,87.5288111586306,26.1545650647282,NA
COM,2002,73.8,89,71,98,764.6134983254302,51.12159729,5.155,31.1893806457519,87.4264757809148,27.7107884685143,NA
COM,2003,71,80,67,80,959.691049354812,63.91786194,5.115,34.5227088928223,87.322688934515,29.2480866735385,NA
COM,2004,68.3,76,76,73,1072.2840902962091,70.61806488,5.065,36.0644111633301,87.2174998697346,30.7668527595674,0.198
COM,2005,65.8,68,67,67,1105.7879686678848,67.80059814,5.012,NA,87.1113174713824,32.2696522597859,0.196
COM,2006,63.4,69,66,69,1138.4790840434505,65.72916412,4.934,NA,87.0042522799134,33.75605986205,NA
COM,2007,61.2,75,65,75,1289.7363105636107,69.87202454,4.859,NA,86.8964208746241,35.2256531986229,NA
COM,2008,59.2,81,76,81,1455.0276859558574,73.75498962,4.805,NA,86.7879033627296,36.6778613088967,NA
COM,2009,57.3,83,79,84,1410.3051695947322,69.4848938,4.778,NA,86.6788340551763,38.1124210259684,0.199
COM,2010,55.6,74,72,82,1386.574242845299,69.21523285,4.755,NA,86.5693640440455,39.5290364231299,NA
COM,2011,54,83,79,85,1531.4378937295123,81.19863892,4.722,NA,86.4595303039768,40.9270162396415,NA
COM,2012,52.5,86,85,85,1490.315113512812,77.10220337,4.652,NA,86.3494754574658,42.3060704892515,0.181
COM,2013,51.2,83,82,82,1603.327971073032,81.81765747,4.572,60.1044710048694,86.2393591823008,43.665877233981,NA
COM,2014,50,80,80,79,1615.717236620122,84.63935852,4.489,63.5484732484643,86.1291911979684,45.005792347169,NA
COM,2015,48.9,80,81,81,1329.3704823598596,61.16300201,4.42,NA,86.0191792490847,46.3255872493184,NA
COM,2016,47.9,75,77,75,1365.4840344449694,63.53099442,4.348,NA,85.9094298430236,47.6248040673008,0.291
COM,2017,46.9,79,75,79,1423.9248027796975,75.01337433,4.278,59.3382174230061,85.8000023194019,48.9029223957365,NA
COM,2018,45.8,77,74,77,1527.4052712528485,74.89152527,4.208,64.5565253389451,85.6910036830202,50.159514854681,0.285
COM,2019,44.8,78,76,71,1510.232181515922,78.23674774,4.138,NA,85.582654605357,51.3942491790653,NA
COM,2020,43.7,74,75,64,1519.3466555620607,89.67817688,4.071,NA,85.4750115485724,52.6066035113726,0.441
COM,2021,42.6,72,68,72,1554.9728919015288,100.50016785,3.999,NA,85.368182871054,53.7961210274577,NA
COM,2022,41.4,78,71,72,1465.479642861996,124.14363861,3.935,56.4125595092773,85.2623417962655,54.9623663372908,0.424
COM,2023,40.2,75,70,62,1560.2737847685466,102.23101807,3.878,NA,85.1575256557465,56.104836588019,NA
COM,2024,39,75,70,62,1662.7566331250366,NA,3.822,NA,85.0539278589302,57.2230888156822,NA
CPV,2000,36,90,86,90,1189.5147934589058,59.54011154,3.545,NA,79.3677594529209,36.827954010232,NA
CPV,2001,32.8,90,88,91,1223.3305533157543,63.55782318,3.366,66.4298477172852,79.6627777965322,39.1910554393962,NA
CPV,2002,30.5,91,89,92,1328.5787427066589,69.12203979,3.192,69.4299468994141,79.9527732071617,41.5375071985025,NA
CPV,2003,29,92,90,93,1717.9756536965494,84.6628952,3.033,72.023063659668,80.2372000142623,43.8664094982459,NA
CPV,2004,28.2,93,91,94,1929.490814687812,93.43228912,2.9,72.0146408081055,80.6602617486896,46.1784728572733,0.493
CPV,2005,28,95,93,95,2004.1468041756325,96.08917999,2.726,76.0318069458008,81.0817210123183,48.4726022548582,NA
CPV,2006,28,96,94,97,2256.9966619107527,113.13097382,2.555,89.9302597045898,81.5021226151102,50.7498010778296,NA
CPV,2007,28.1,98,96,98,3324.5767521249763,127.73626709,2.409,89.594841003418,81.920929167246,53.0093493269466,NA
CPV,2008,27.9,99,97,99,3908.648858225763,127.79390717,2.298,88.2079620361328,82.3386902741848,55.2521980462488,NA
CPV,2009,27.5,99,97,99,3659.720463616276,130.23704529,2.246,89.8743209838867,82.754314077093,57.4769284411617,0.136
CPV,2010,26.7,99,97,99,3579.46006137809,146.07247925,2.329,92.7251093032265,83.1663318440796,59.6818514080991,0.573
CPV,2011,25.6,90,96,90,4002.0138688878537,157.08999634,2.329,95.5805200729927,83.522244248535,61.8006547143134,0.571
CPV,2012,24.2,94,91,94,3736.8151701108713,174.66062927,2.153,99.621336354691607,83.8774934810221,63.9530735782999,0.508
CPV,2013,22.6,93,91,93,3960.975967913446,191.1048584,2.067,103.923782348633,84.2318960930689,66.0992428842147,0.601
CPV,2014,20.9,95,93,95,3985.607065481337,193.39482117,2.031,104.643058776855,84.5854646017969,68.2388818808702,0.461
CPV,2015,19.2,93,92,93,3415.0626673093116,150.28823853,1.968,105.428949752596,84.9382015962204,70.3717073692285,0.743
CPV,2016,17.6,96,93,95,3608.9660523490647,157.39906311,1.966,107.346835625835,85.581322426682,72.496932762021,0.731
CPV,2017,16.2,96,96,96,3893.095713825062,174.43547058,1.93,108.513703183866,86.333068742186,74.6142580571751,0.659
CPV,2018,15.1,98,99,98,4294.965100357294,205.5345459,1.804,104.00895690918,87.0755452684611,76.7237249815456,0.711
CPV,2019,14.1,96,98,97,4380.781173311284,211.24963379,1.698,103.593505622998,87.808568861158,78.8249549430518,0.743
CPV,2020,13.3,93,95,94,3539.226612482986,249.71989441,1.591,106.038487060385,88.5325658069206,80.9181460926349,0.725
CPV,2021,12.7,93,95,94,3971.4440920342254,262.42272949,1.554,104.706914193831,89.2475125078835,83.0030877232497,0.732
CPV,2022,12.1,93,95,94,4323.313620327087,297.08233643,1.533,103.582593697222,90.0089261333879,83.045304882988,0.718
CPV,2023,11.6,93,95,94,4794.901219172586,290.12619019,1.522,NA,91.14605423466,83.0869470550891,0.73
CPV,2024,11.1,93,95,94,5192.481573258781,NA,1.511,NA,92.2800892661912,83.1279216157097,NA
DJI,2000,98.5,46,50,46,737.6121836440517,35.48954773,4.601,NA,74.3096347205208,43.8005585471414,NA
DJI,2001,96.3,53,49,49,742.1337911070628,33.61427689,4.518,NA,74.527572653683,43.8212949493816,NA
DJI,2002,94,62,62,62,743.0132704203476,39.49966431,4.41,NA,74.7450869974976,43.8420347636871,NA
DJI,2003,91.6,68,66,68,764.634465224597,46.27521896,4.296,NA,74.96217201496,43.8627723780355,NA
DJI,2004,89.3,64,60,64,806.2616529449637,40.04951477,4.162,NA,75.1788322527145,43.883509634259,0.156
DJI,2005,86.9,71,65,71,844.4483573908004,45.12551498,4.035,NA,75.3947621757465,45.4139101542283,0.167
DJI,2006,84.6,72,67,72,898.4646281367736,53.26344299,3.899,NA,75.6105690415926,46.9402321181691,0.216
DJI,2007,82.3,88,74,88,969.573220191902,55.18254471,3.756,NA,75.8259576941353,48.4620248883816,NA
DJI,2008,79.9,89,73,89,1119.152333469688,55.90976715,3.621,NA,76.0409140930528,49.9792625492526,NA
DJI,2009,77.7,89,84,89,1150.937585748896,56.92132568,3.521,NA,76.2551640290106,51.4914501079009,NA
DJI,2010,75.5,88,85,88,1213.2335255342946,55.7044487,3.431,NA,76.4718213203658,53.0040688366127,NA
DJI,2011,73.4,87,84,87,1306.3455284497677,61.89852524,3.341,NA,76.6907534448216,54.5173591170882,NA
DJI,2012,71.3,81,83,81,1400.193578589536,64.8536911,3.255,NA,76.9115444598486,56.031031232703,NA
DJI,2013,69.2,82,80,82,2075.944984247476,60.57233047,3.187,NA,77.1343417786065,57.545815952446,NA
DJI,2014,67.2,78,71,78,2214.620841424321,65.53726196,3.116,NA,77.3584793969034,59.060863750812,0.201
DJI,2015,65.2,84,74,84,2376.1255471987265,79.54257965,3.041,NA,77.5846153985274,60.5779617075524,NA
DJI,2016,63.2,68,75,68,2510.430007624096,68.82745361,2.969,NA,77.8118431649469,62.0957006266769,NA
DJI,2017,61.2,76,81,76,2618.95521147369,64.94396973,2.916,NA,78.0402986467674,63.6147917367826,NA
DJI,2018,59.4,84,86,84,2718.0833879920333,68.79101563,2.858,NA,78.2698510281145,65.1354027813767,NA
DJI,2019,57.5,85,83,85,2837.169023409324,68.4744873,2.798,NA,78.500379190124,66.6577106028334,NA
DJI,2020,55.7,70,62,70,2844.888106478533,66.53086853,2.745,NA,78.7317549952208,66.7421157146302,NA
DJI,2021,54,59,50,59,3025.9112641354923,86.88237762,2.699,NA,78.9636292425205,66.8311205695029,NA
DJI,2022,52.1,59,50,59,3133.2577977246297,79.13184357,2.653,NA,79.1958862115465,66.9247194918968,0.211
DJI,2023,50.5,72,76,72,3381.297797107218,77.57087708,2.609,NA,79.4286344922977,67.0234840121481,NA
DJI,2024,48.9,77,75,77,3552.723350792218,NA,2.618,NA,79.661532568521,NA,NA
ERI,2000,85.3,81,76,83,314.3573967535008,14.03034782,5.397,37.1347503662109,46.8142152971943,8.28530072689983,0.045
ERI,2001,81.1,86,84,90,325.40916151359266,14.90675831,5.306,38.0059700012207,47.1204233529644,8.6404789305264,0.041
ERI,2002,77.3,90,83,93,304.77575646509234,15.77544498,5.233,36.5366516113281,47.4409244567689,8.98629579771191,0.055
ERI,2003,73.8,93,92,95,348.95032707774243,19.81480217,5.143,37.1061096191406,47.7752228126397,9.32208650503035,0.042
ERI,2004,70.5,98,96,99,426.8409478870323,23.15624809,5.036,34.2101783752441,48.1234182056445,9.64744722939411,0.055
ERI,2005,67.5,96,95,96,412.7530791994235,21.92651939,4.934,38.3557510375977,48.4844074537935,9.96153520031783,0.046
ERI,2006,64.7,94,94,94,447.9974047272008,23.77408791,4.881,39.934700012207,48.8594940483832,10.2644175982683,0.05
ERI,2007,62,95,92,95,480.4476236545604,19.62666321,4.812,41.5399284362793,49.2469532106027,10.5550786241031,0.045
ERI,2008,59.6,95,91,95,490.0669560033334,21.55065727,4.737,42.7360801696777,49.6487034568778,10.8337740406528,0.045
ERI,2009,57.3,95,93,95,642.9257228800705,24.35102463,4.656,43.0703887939453,49.8103238748975,11.0220414202395,0.044
ERI,2010,55.2,95,95,95,539.6995120696864,26.00652122,4.571,44.5370407104492,49.9773816653656,11.2019452505005,0.044
ERI,2011,53.3,94,96,94,688.6816595768397,35.55129623,4.486,45.4227294921875,50.1505293513249,11.3735403344941,0.045
ERI,2012,51.4,94,98,94,NA,27.78689003,4.407,46.2857704162598,50.3291745608518,11.5365173088441,0.05
ERI,2013,49.7,94,94,94,NA,31.64078712,4.335,45.141300201416,50.7051288039864,11.6362700094956,0.056
ERI,2014,48.1,94,90,94,NA,32.93448257,4.273,45.0337791442871,51.0835644393148,11.7366810070379,0.066
ERI,2015,46.4,95,97,95,NA,29.22208977,4.217,41.9455795288086,51.4650919722432,11.8379124928254,0.068
ERI,2016,44.7,95,95,95,NA,26.00592422,4.164,NA,51.8497177620962,11.9399660140866,0.072
ERI,2017,43.3,95,93,95,NA,25.10270691,4.112,42.0257682800293,NA,NA,0.071
ERI,2018,41.9,95,93,95,NA,26.68201256,4.056,43.4416885375977,NA,NA,0.088
ERI,2019,40.5,95,93,95,NA,28.42930794,3.997,NA,NA,NA,0.077
ERI,2020,39.1,95,93,95,NA,27.66697884,3.933,NA,NA,NA,0.088
ERI,2021,37.8,95,93,95,NA,27.58759499,3.867,NA,NA,NA,0.085
ERI,2022,36.6,95,93,95,NA,27.0898056,3.786,40.2760810852051,NA,NA,0.088
ERI,2023,35.4,95,93,95,NA,28.29782677,3.713,NA,NA,NA,NA
ERI,2024,34.3,95,93,95,NA,NA,3.68,NA,NA,NA,NA
ETH,2000,140.1,30,28,48,122.26920260606896,5.28970861,6.654,11.7815504074097,18.7590608817132,2.9657663244498,0.021
ETH,2001,133.8,32,29,51,118.45720425526066,5.50955105,6.579,14.0522804260254,20.2861313623688,3.22631881592251,0.028
ETH,2002,127.4,35,32,53,109.59381361298792,5.14964151,6.499,14.9959602355957,21.8105947283134,3.48709965924687,0.029
ETH,2003,121,37,33,56,116.80049113277668,5.70984173,6.4,14.5203800201416,23.3303794917418,3.74769441878364,0.026
ETH,2004,114.6,39,35,58,133.16981253809556,5.7385993,6.301,15.9084901809692,24.8460769905675,4.03281392420472,0.026
ETH,2005,108.3,43,40,61,158.24345808246497,6.4820013,6.194,18.1193408966064,26.3576124690887,4.31725101635963,0.031
ETH,2006,102.4,46,44,61,189.34573752141827,8.42413712,6.047,21.5401401519775,27.8655119170134,4.60119614731006,0.026
ETH,2007,96.9,50,49,63,237.14625599631884,11.63210678,5.887,24.6181907653809,29.3784617293428,4.88681883136837,0.022
ETH,2008,91.8,54,54,65,316.41047511807477,13.03863621,5.695,26.6844291687012,30.9869711535733,5.196915075959,0.024
ETH,2009,87.1,58,59,67,368.5747122674447,15.1445961,5.488,27.9870700836182,32.5882446657978,5.50779854946485,0.025
ETH,2010,82.7,61,64,68,330.6194127986438,16.17102051,5.282,30.1612491607666,34.1836897406234,5.82002469888892,NA
ETH,2011,78.6,65,68,70,343.0249423518872,14.62286568,5.08,32.4362602233887,35.7718966203647,6.13343630352376,NA
ETH,2012,74.8,61,62,69,452.1010318857536,20.00217628,4.887,34.5193099975586,37.3536456061453,6.44846430368166,NA
ETH,2013,71.2,59,55,68,484.039833104062,19.26698494,4.708,NA,38.9189287309583,6.76236331987807,NA
ETH,2014,67.7,61,54,68,549.9865770825876,21.6064415,4.605,NA,40.4770660365689,7.07793835749952,NA
ETH,2015,64.4,62,56,75,597.9121132186633,23.21817207,4.529,33.3210265952712,42.0272706430081,7.39517563066231,NA
ETH,2016,61.3,64,57,67,641.6515232862331,24.34373283,4.473,NA,43.569746379878,7.71437321783047,NA
ETH,2017,58.4,65,59,67,696.3484290762159,24.18239403,4.401,NA,45.1032760984933,8.0353579200927,NA
ETH,2018,55.8,62,54,65,739.7020222720861,23.5205574,4.371,NA,46.6289667749081,8.35875920842316,0.075
ETH,2019,53.6,61,56,64,793.4732472102638,25.93511963,4.347,NA,48.1464763368745,8.68474048756754,0.089
ETH,2020,51.5,62,57,64,829.790982547947,28.28001595,4.274,NA,49.6550451612317,9.01330021395482,0.102
ETH,2021,70.4,63,60,63,893.0098354490499,26.06931114,4.177,NA,51.1547750099921,9.3447728615381,0.1
ETH,2022,68.1,63,62,59,982.1031615069916,27.06845474,4.082,NA,52.6449341831795,9.67915935964554,0.105
ETH,2023,51.5,70,68,69,1055.8109159252658,34.79846954,3.989,NA,54.125600929218,10.0168072289161,0.143
ETH,2024,44.5,73,72,73,1133.8827968171868,NA,3.909,NA,55.5960696159493,10.3577188356734,NA
GAB,2000,73.3,45,55,44,3982.906200927996,123.197258,4.469,NA,80.0652503338317,26.818195491378,NA
GAB,2001,71.5,45,55,44,3835.7571827972743,120.90242767,4.417,NA,80.5692237305059,27.9500597734658,NA
GAB,2002,69.6,45,55,44,3966.4800186466255,132.07215881,4.36,NA,81.0600023349324,29.1019683421917,NA
GAB,2003,67.7,45,55,44,4710.74862768151,166.59495544,4.299,NA,81.5373154553374,30.2734572599332,NA
GAB,2004,65.6,45,55,44,5465.791935907084,183.92318726,4.252,NA,82.0013798708484,31.4642634106599,0.278
GAB,2005,63.6,45,55,44,6547.876139551863,188.91426086,4.21,NA,82.4519182271315,32.6738741656831,NA
GAB,2006,61.8,45,55,44,6847.009856853938,211.9914093,4.17,NA,82.8900757983957,33.9024749587278,NA
GAB,2007,59.7,81,62,78,8003.542896960487,246.78276062,4.142,NA,83.3155701870669,35.1495484187274,NA
GAB,2008,57.6,82,67,81,9688.645196906333,275.89450073,4.118,NA,83.7295160274396,36.4153101145998,0.0968
GAB,2009,55.6,76,63,74,7290.575260931136,277.62945557,4.138,NA,84.1307212542328,37.6987238584805,NA
GAB,2010,53.4,67,62,68,8356.746620133452,206.87702942,4.153,NA,84.5207296199844,39.0002582968992,NA
GAB,2011,51.3,75,72,75,10219.11393394536,261.37597656,4.151,NA,84.899267815442,40.3193752929904,NA
GAB,2012,49.4,82,71,80,9296.965879410882,225.07722473,4.086,NA,85.2673947991113,41.6563306484328,NA
GAB,2013,47.3,79,70,77,9197.701063239469,261.29452515,4.019,NA,85.6239250935099,43.0100058976352,NA
GAB,2014,45.8,70,61,68,9201.362766481054,233.05368042,3.953,NA,85.9658863110068,44.3780097930999,NA
GAB,2015,44.4,80,68,79,7047.126546343554,187.27270508,3.921,NA,86.2930339752905,45.7595556064781,NA
GAB,2016,42.7,75,64,74,6677.070039016437,207.50273132,3.921,NA,86.606465035897,47.1547496987424,0.34
GAB,2017,41.4,75,63,74,6921.73373135624,192.47543335,3.913,NA,86.9072462361888,48.5637395217699,0.653
GAB,2018,39.9,70,59,64,7624.277523377101,209.28697205,3.908,NA,87.1959828592503,49.9863984455825,0.618
GAB,2019,38.5,70,62,70,7441.178647228097,205.99945068,3.884,72.0510629415333,87.472846570073,51.4223011158649,0.603
GAB,2020,36.8,63,53,62,6605.803460775652,227.2480011,3.831,NA,87.7393004139279,52.8720170958258,0.586
GAB,2021,35.8,75,64,69,8181.40914134656,228.46922302,3.776,NA,87.9954718713657,54.3351602742865,NA
GAB,2022,34.7,60,52,59,8409.207414502802,243.09941101,3.712,NA,88.2419436860256,55.8117052668054,0.521
GAB,2023,33.8,70,66,69,7802.824332761382,252.98246765,3.647,NA,88.479261326667,57.3016336632799,NA
GAB,2024,32.6,61,57,60,8230.043114511507,NA,3.592,NA,88.5995009085574,57.4015026293834,NA
GHA,2000,99.9,88,90,88,253.74693620334375,10.46035767,4.827,28.9962100982666,65.517218378745,5.7234427408028,NA
GHA,2001,95.8,79,78,81,263.5421564948529,12.15051079,4.768,27.9841899871826,66.2724810777251,5.81107386081924,NA
GHA,2002,91.9,78,78,80,297.4616446877405,14.30371571,4.687,29.3423309326172,67.2870236576029,6.75045552246998,0.09
GHA,2003,88.2,80,80,80,358.39927142072963,18.96423721,4.597,30.6779098510742,68.3036435747065,7.7086235468762,NA
GHA,2004,85,80,83,81,406.1321053295653,23.57214928,4.504,32.5887718200684,69.3225909029972,8.68540857696259,0.148
GHA,2005,82,84,83,85,478.61190919102785,38.51657486,4.496,34.3779106140137,70.3428380680709,9.68014854216275,NA
GHA,2006,79.1,84,85,84,906.4410275648868,49.34616852,4.399,36.2336196899414,71.3651562013802,10.6928566524772,NA
GHA,2007,76.2,94,95,94,1050.124615249259,57.34096527,4.288,40.4977607727051,72.3892820833539,11.7231535267872,0.07
GHA,2008,73.1,93,86,92,1182.6576125601646,63.45487595,4.217,42.8381881713867,73.4152138090769,12.7707576406742,0.077
GHA,2009,69.8,94,93,94,1047.704300935863,62.44382095,4.179,44.4520797729492,74.4422077321147,13.8350497335121,0.082
GHA,2010,66.5,94,93,94,1263.8925176053897,80.6833725,4.181,NA,75.471267939183,14.9161840108112,0.091
GHA,2011,63.3,91,91,91,1507.435731987529,91.70959473,4.177,52.0960388183594,76.5016404793149,16.0135300837222,0.095
GHA,2012,60.3,92,89,91,1543.7752423576376,81.96895599,4.154,53.1241347690324,77.5330954898138,17.126673080362,0.093
GHA,2013,57.5,90,89,91,2294.795846937434,105.34784698,4.114,64.3019790649414,78.565152693679,18.2550635017005,0.1
GHA,2014,54.9,98,92,94,1949.908329238455,78.46701813,4.029,61.2572744110292,79.5978353673804,19.3983890713711,0.108
GHA,2015,52.5,89,89,88,1722.7728283360616,78.21643066,3.982,64.5307806759859,80.631160872114,20.556338766229,0.114
GHA,2016,50.3,93,89,95,1912.479913399506,64.86400604,3.873,65.3783920673892,81.6651456164371,21.7286047018582,0.123
GHA,2017,48.2,99,95,94,2012.2866264126544,54.10602188,3.715,64.9647509332356,82.6995725023601,22.9147548943672,0.089
GHA,2018,46.1,97,92,98,2195.3216601637732,53.37788773,3.65,66.9166894213064,83.7344677926836,24.1144852694417,0.144
GHA,2019,44.1,97,92,97,2186.6582268261286,71.14958191,3.593,70.2943846951293,84.7696150287459,25.327363008810998,0.104
GHA,2020,42.2,94,88,92,2195.4548165998676,97.37677765,3.541,73.2758030599046,85.8052795210658,26.5532224510153,0.166
GHA,2021,40.3,98,94,98,2445.18662529344,94.40388489,3.492,75.6377570946198,86.841252750433,27.7916388048117,0.128
GHA,2022,38.6,99,95,90,2229.89122647803,82.32108307,3.434,77.9574778013858,87.8775520835237,29.0423190138112,0.143
GHA,2023,37.2,95,90,91,2383.9041048341815,70.25730896,3.397,NA,88.8910495956232,30.3048454596217,0.266
GHA,2024,35.9,95,90,91,2390.77237652715,NA,3.344,76.4284133911133,89.9220116872755,31.5789404731982,NA
GIN,2000,165.7,46,42,47,518.1570669240263,22.71741867,5.918,NA,49.7532822926472,9.16230658478803,0.091
GIN,2001,159,50,44,52,483.0851202147411,21.76875114,5.834,10.4426498413086,50.503637310744,9.88629196850462,NA
GIN,2002,152.7,53,46,56,495.9160735592694,24.83917809,5.781,12.3354597091675,51.2523026990112,10.6114415301292,NA
GIN,2003,146.9,57,48,61,566.4854058806803,25.60194969,5.744,14.1111297607422,51.9996253196521,11.3379449716538,NA
GIN,2004,141.6,60,50,65,584.8977405380814,26.41420937,5.733,15.3069696426392,52.7452281197482,12.2068746539465,0.109
GIN,2005,137,59,51,59,463.1776868509797,19.66388702,5.727,19.3124198913574,53.4890999882019,13.0950354311112,0.102
GIN,2006,133.1,57,51,53,446.9805541350129,16.15967941,5.704,22.1961803436279,54.2315783654935,14.0026334670864,NA
GIN,2007,129.7,63,57,46,650.1485753047425,22.64143372,5.664,NA,54.972295205421,14.9294878110963,NA
GIN,2008,126.9,60,55,59,703.5328257843689,22.97397041,5.596,24.3607196807861,55.7112370863101,15.8756067639013,NA
GIN,2009,124.4,57,53,60,662.1859146655747,23.71565628,5.528,NA,56.4483990709895,16.8410008400224,NA
GIN,2010,122.2,64,58,62,659.2353262113152,22.59741783,5.435,NA,57.184097462228,17.8258882415396,NA
GIN,2011,120.3,63,62,63,636.6949587476483,24.12806129,5.337,28.5025997161865,58.360314361898,18.8300745161128,NA
GIN,2012,118.4,59,58,59,699.3533772121965,23.70012856,5.232,NA,59.5458989237514,19.8535699723585,NA
GIN,2013,116.6,56,55,55,748.4550208247343,25.90467834,5.151,NA,60.7407932771769,20.8963805102335,NA
GIN,2014,115.4,52,51,51,765.1469993892789,36.63517761,5.07,30.6022090911865,61.9449533966477,21.958517184142,0.161
GIN,2015,113.7,48,47,47,747.3569667594476,43.41540527,5.002,NA,63.1625705426145,23.0429534538905,0.083
GIN,2016,111.4,47,48,48,711.9965097823158,38.42609406,4.915,NA,64.3935453016882,24.1498387012441,0.081
GIN,2017,109.5,49,48,49,833.598621691121,32.63646317,4.793,NA,65.6377593870016,25.2793165342665,NA
GIN,2018,107.5,51,49,50,933.273615633705,34.88978195,4.669,NA,66.8950995450723,26.4315341873572,0.219
GIN,2019,105.4,53,50,51,1031.341464807319,42.16910172,4.576,NA,68.1651301407792,27.6063983510435,NA
GIN,2020,102.9,54,50,52,1053.660976964146,41.1027565,4.489,NA,69.4483664321703,28.8045342946628,NA
GIN,2021,100.3,56,51,53,1244.9655047791368,44.10476303,4.399,NA,70.7443560609114,30.0258495167405,NA
GIN,2022,97.6,58,51,54,1416.5961201176417,53.2922287,4.303,NA,72.0532813701912,31.2707423118105,0.21
GIN,2023,95,60,52,55,1555.4937580686064,59.33010101,4.217,NA,73.3743676551949,32.538855541003,NA
GIN,2024,92.1,63,60,55,1694.9537586219271,NA,4.131,NA,74.1924841600776,32.6496371481415,NA
GMB,2000,112.8,80,89,83,538.0540723488539,74.83678436,5.716,NA,71.751986616962,51.0627069646761,NA
GMB,2001,108.1,87,89,84,459.8030683813988,55.65046692,5.67,NA,72.4709852394757,49.9139746844975,NA
GMB,2002,103.6,87,90,86,376.5310269625843,35.99459839,5.656,NA,73.1874046745589,48.7879556235198,NA
GMB,2003,99.2,87,90,87,308.7191234375875,28.3001461,5.656,NA,73.894195620681,47.7243148779708,0.099
GMB,2004,94.9,87,92,88,593.2853463265806,32.15613174,5.683,NA,74.5723410425054,46.6954252889106,0.102
GMB,2005,90.7,95,91,94,616.4836578653483,33.2039566,5.708,NA,75.2482865822258,46.5783414763304,0.1
GMB,2006,86.8,95,89,94,614.5443079044642,33.41355896,5.736,NA,75.9220098738399,46.4862604097152,0.102
GMB,2007,83,95,88,94,724.7264072424318,35.91078568,5.685,NA,76.5934928458813,46.4185276331036,0.09
GMB,2008,79.4,96,92,96,859.1276714112262,40.0297699,5.625,43.8599510192871,77.2629006181607,46.3744960730948,0.096
GMB,2009,76,98,96,97,774.8880309080911,34.59326172,5.574,45.4219284057617,77.9295055109151,46.3534874804285,NA
GMB,2010,72.7,97,92,97,801.0333727145356,32.99832535,5.558,44.591251373291,78.5938369652341,46.3547731022519,NA
GMB,2011,69.7,96,91,95,710.6084114681515,31.05148888,5.542,NA,79.2555392487377,46.3775424677641,NA
GMB,2012,66.8,98,95,98,692.579361628102,29.56409264,5.519,NA,79.9149385065975,46.4212058311807,NA
GMB,2013,64,97,96,96,653.8627132727431,25.59075928,5.392,NA,80.571196875671,46.4844347761008,NA
GMB,2014,61.4,96,96,97,568.0045355886399,17.33743477,5.197,NA,81.2241792597438,46.5660263360159,NA
GMB,2015,58.9,97,97,96,619.5363642964605,19.67725563,5.003,NA,81.8737511504613,46.6646737011035,0.096
GMB,2016,56.6,95,97,95,650.0565013236113,20.77086067,4.809,NA,82.5196405722502,46.7787647028692,NA
GMB,2017,54.3,92,90,92,642.5226412963307,21.55331612,4.614,NA,83.1620559265773,46.9072182092037,0.099
GMB,2018,52.3,93,91,93,696.2198069606148,22.17474365,4.42,NA,83.8008881364874,47.0485303132535,0.124
GMB,2019,50.4,88,85,88,738.1867519874828,23.21861267,4.33,NA,84.4361946965619,47.2014093425827,0.077
GMB,2020,48.6,85,82,89,720.3351433521331,28.9169693,4.248,NA,85.0680326919843,47.3645750957407,0.078
GMB,2021,47,82,79,89,781.8909251695309,29.77283478,4.165,116.372766553778,85.696311673001,47.5364188505618,0.104
GMB,2022,45.3,79,74,69,836.2448758684757,29.57811737,4.078,NA,86.3212416883552,47.71599120114061,0.104
GMB,2023,43.8,84,80,86,883.0241117198087,25.74407768,4.006,NA,86.7155739795785,47.9457928819298,0.09
GMB,2024,42.4,80,83,80,871.3402917762937,NA,3.907,NA,87.1034800376148,48.1711442175538,NA
GNB,2000,174.8,49,71,52,316.94549503763886,13.2785511,5.786,12.7837495803833,55.17972626039981,4.53445720097512,NA
GNB,2001,169.3,53,72,56,327.1384319723973,13.50725842,5.688,NA,55.6355112802185,5.01574870772438,NA
GNB,2002,163.6,57,73,60,362.0345745703541,14.02086544,5.634,NA,56.0766781223188,5.72910394514667,NA
GNB,2003,157.7,60,74,65,419.7848661180698,14.70093441,5.577,NA,56.5025111199122,6.75416506576179,NA
GNB,2004,151.6,64,75,69,431.3765576696339,18.42279816,5.5,NA,56.9133054099117,7.78216486739306,0.139
GNB,2005,145.3,68,76,73,463.0739626504516,20.99864388,5.46,NA,57.3083913147458,8.8783527585904,NA
GNB,2006,139.1,71,74,74,448.5130754697008,22.77665329,5.406,NA,57.6886837795946,9.9897316228944,NA
GNB,2007,132.8,74,73,76,519.0697897947414,25.56799126,5.365,NA,58.0535126816811,11.1161885061566,NA
GNB,2008,126.5,77,71,77,640.2103311017534,34.26661301,5.266,NA,58.4031554952598,12.2580921089513,0.052
GNB,2009,120.2,80,69,78,583.1900201390936,26.88874054,5.176,NA,58.7369930495235,13.4152955008386,0.081
GNB,2010,114.3,83,76,82,600.1942985407677,29.23748016,5.111,NA,59.0561288356576,14.5887141664203,NA
GNB,2011,108.6,86,83,85,719.5395734989372,44.72909927,5.067,NA,59.3599409743787,15.7782187068147,0.062
GNB,2012,103.6,87,81,87,635.4616533038806,37.75499725,5.003,NA,59.6486446194462,16.9842205721111,NA
GNB,2013,99.1,87,81,86,654.304534409417,46.05934143,4.93,NA,59.9219185208316,18.2067554736928,NA
GNB,2014,95.2,86,81,84,652.0225010294494,64.99989319,4.79,NA,60.179969051587,19.4462525723006,NA
GNB,2015,91.6,86,80,83,645.0668372070388,52.45866776,4.661,NA,60.4227287706109,20.7029543822311,0.198
GNB,2016,88.2,85,80,81,679.6653866268176,56.60805511,4.519,NA,60.6498938301808,21.9768833616634,0.1
GNB,2017,85.1,79,66,79,783.123186602022,54.8225174,4.347,NA,60.8614249962045,23.2682682564985,NA
GNB,2018,82.2,82,79,82,808.531613218504,58.87445068,4.241,NA,61.0574978262041,24.5775735612132,0.301
GNB,2019,79.5,78,79,60,811.2164258851286,53.98390961,4.153,NA,61.2378280860905,25.9048078160921,NA
GNB,2020,76.7,74,72,63,846.9158557159709,67.88795471,4.075,NA,61.4023709076856,27.2502045881432,0.191
GNB,2021,74.3,67,63,23,926.7809210812331,70.21189117,3.998,NA,61.5510835646003,28.6139998460415,0.22
GNB,2022,72,74,75,51,883.1991314578312,68.01049042,3.911,NA,61.6363537721631,28.7228575496477,0.252
GNB,2023,69.7,74,72,75,988.087886357022,82.13543701,3.836,NA,61.7218282479049,28.8319728978299,NA
GNB,2024,67.3,68,65,68,1007.7415172802816,NA,3.757,NA,61.8077030171668,28.9416006403664,NA
GNQ,2000,154.5,35,50,41,1487.3165506700975,20.14153671,5.834,13.4011402130127,51.0981400291321,54.790530594174,NA
GNQ,2001,150.2,37,50,43,1948.6114590784368,29.59247589,5.785,NA,51.7904438770813,55.776966411997,NA
GNQ,2002,145.9,39,49,45,2264.210655803648,74.93979645,5.731,13.6110897064209,52.54199672143,56.7470042992933,NA
GNQ,2003,141.5,41,48,47,2930.6018374373293,86.82926178,5.675,NA,53.3504174439606,57.6992350383254,NA
GNQ,2004,137,43,48,49,4901.301274081193,104.54925537,5.618,NA,54.2150297528476,58.6335894811516,0.17
GNQ,2005,132.3,44,47,51,8673.902608653496,122.75533295,5.559,15.326849937439,55.1317186570274,59.5483734842498,NA
GNQ,2006,127.4,46,47,53,10184.884124854148,143.95661926,5.498,NA,56.1005801258044,60.4443395996533,NA
GNQ,2007,122.6,48,46,55,12616.95329420112,179.49963379,5.433,NA,57.1185705825994,61.3207811186255,NA
GNQ,2008,118,50,45,57,18210.55529705989,225.50572205,5.363,NA,58.1837958068374,62.1777142751886,NA
GNQ,2009,113.5,52,45,59,13232.501937810184,248.9617157,5.288,NA,59.2917944417375,63.0143173257129,NA
GNQ,2010,109.4,54,44,61,13720.165872322244,237.85783386,5.209,NA,60.441364332898,63.831192420274,NA
GNQ,2011,105.6,54,46,60,17198.213666827498,265.38485718,5.126,NA,61.629611207728,64.6283695926991,NA
GNQ,2012,102,54,49,58,17308.57239245747,280.90136719,5.04,NA,62.8538908142975,65.4060732402599,NA
GNQ,2013,98.6,53,51,57,16304.071319641816,286.33657837,4.952,NA,63.6715161073668,66.0469451872043,NA
GNQ,2014,95.3,53,53,55,15548.662465661924,290.53604126,4.863,NA,63.9264757487076,66.1151129596268,NA
GNQ,2015,92.1,40,50,37,9068.910032386446,222.81713867,4.774,NA,64.1785994681849,66.1825230692518,NA
GNQ,2016,89,53,53,55,7453.197979485167,221.49227905,4.686,NA,64.4255163889263,66.2485390317556,NA
GNQ,2017,86.1,56,52,58,7809.104656554882,223.4354248,4.599,NA,64.6658128879178,66.3127866671561,0.325
GNQ,2018,83.2,59,52,60,8102.470848340313,240.49389648,4.513,NA,NA,NA,NA
GNQ,2019,80.7,62,51,63,6804.149230738878,223.14128113,4.429,NA,NA,NA,NA
GNQ,2020,77.9,64,50,65,5764.055029129468,213.59317017,4.346,NA,NA,NA,NA
GNQ,2021,75.1,67,50,68,6945.630697945393,243.81242371,4.266,NA,NA,NA,NA
GNQ,2022,72.8,70,49,70,7589.299649093813,215.32841492,4.17,NA,NA,NA,0.153
GNQ,2023,70.4,74,61,73,6677.793435386001,233.68379211,4.081,NA,NA,NA,NA
GNQ,2024,68,68,53,67,6745.40013244916,NA,4.116,NA,NA,NA,NA
KEN,2000,95.2,82,78,79,414.6263651308463,21.53400993,5.136,39.7841300964355,45.3600224507061,23.6473801064419,NA
KEN,2001,90.5,80,77,77,410.7004524748136,22.11487579,5.094,40.212100982666,46.2300505152725,24.3164597238105,NA
KEN,2002,85.6,84,78,83,402.9363856053818,22.28772163,5.027,40.7447204589844,47.0979850578154,25.0346081207823,0.138
KEN,2003,80.8,73,72,75,442.8984572534054,25.64012337,4.937,43.9185981750488,47.96372108533,25.7535178867465,NA
KEN,2004,76.1,73,73,73,463.66278130012114,27.65002823,4.861,45.2924499511719,48.8271492189302,26.4731149422539,NA
KEN,2005,71.2,76,69,70,523.4563124338626,30.9943428,4.801,45.9471015930176,49.6872335728162,27.1932269454509,NA
KEN,2006,66.8,80,77,77,699.8023706338097,40.3040123,4.754,46.934700012207,50.5448296064454,27.9138955031129,NA
KEN,2007,62.9,81,80,76,840.2014394767648,49.44605255,4.718,47.2512016296387,51.3998249048434,28.6350439627237,NA
KEN,2008,58,88,90,87,915.5443547360396,54.35681915,4.66,54.2933616638184,52.2521176288935,29.3565994040011,0.169
KEN,2009,55.2,88,88,89,1047.967832448497,55.455616,4.567,54.5718307495117,53.100725539255,30.0784132028819,0.171
KEN,2010,53.1,90,86,89,1091.518731011939,58.8164711,4.446,NA,53.9464421270489,30.8004947681643,0.171
KEN,2011,51.7,96,87,97,1096.1449980767547,57.02286911,4.284,NA,54.7912792060119,31.5229174481557,0.177
KEN,2012,50.7,94,93,93,1285.005361715117,64.48231506,4.116,NA,55.6346101711392,32.2455260120869,0.184
KEN,2013,49.4,87,94,92,1370.8788521465926,67.59809875,3.955,NA,56.4770636530803,32.9682462912978,0.193
KEN,2014,48.3,92,95,90,1482.8156625349743,72.84589386,3.843,NA,57.3176013376785,33.6908976254492,0.199
KEN,2015,46.8,89,96,79,1489.1195977728398,70.94755554,3.766,70.187444140127,58.1564256572864,34.4133695043635,NA
KEN,2016,45.5,88,93,83,1554.1261031442327,73.88768005,3.689,73.1205739030308,58.9933330324144,35.1355349703251,NA
KEN,2017,44.7,81,84,75,1667.4844723083545,66.46552277,3.609,NA,59.82810250315,35.857250498731,NA
KEN,2018,43.7,91,92,89,1836.4527552899297,75.27681732,3.536,NA,60.6609028100369,36.5783889502292,0.16
KEN,2019,42.7,93,92,88,1960.408088548926,85.64528656,3.433,NA,61.4907638599362,37.298797647533,NA
KEN,2020,42.1,93,89,92,1927.6645902784887,86.5921936,3.364,NA,62.318211896262,38.018340896347,0.074
KEN,2021,41.3,95,90,95,2061.3562208959406,94.20249176,3.312,79.6603133999262,63.1426684243247,38.7368777065186,0.098
KEN,2022,40.5,94,89,91,2109.562885131375,91.18416595,3.262,83.4337197590316,63.96426197234,39.454252565811,0.236
KEN,2023,39.6,93,91,92,1942.5880275619108,84.958992,3.208,84.7505339840655,64.7820788557808,40.1703366344741,0.289
KEN,2024,38.8,91,88,85,2132.4345209764665,NA,3.167,NA,65.5965968528709,40.8849654611543,NA
LBR,2000,194.9,48,63,56,298.48534057894545,7.93455124,5.875,28.439359664917,61.0278430215118,12.1734894943623,NA
LBR,2001,181.7,44,58,54,300.46382859898296,6.46313238,5.774,NA,61.9197046364816,12.4677838881013,NA
LBR,2002,168.6,39,52,51,299.5364455396212,6.59576607,5.653,NA,62.8078227070838,12.7650839146354,NA
LBR,2003,156.2,35,47,49,239.7795566770913,5.76429653,5.547,NA,63.6915834211062,13.0649848713731,NA
LBR,2004,144.8,31,41,47,284.1402239924584,16.7787571,5.506,NA,64.5712728784184,13.3677053295354,0.033
LBR,2005,134.9,60,62,66,287.4873334413809,19.14579582,5.519,NA,65.4465992759902,13.6730363587121,NA
LBR,2006,126.5,60,63,66,320.55808618514965,18.34446335,5.53,NA,66.2032069100531,14.1158011729766,NA
LBR,2007,119.6,65,71,67,374.2113081042777,15.8568964,5.462,NA,66.9527157246347,14.564331528772,NA
LBR,2008,114,75,76,79,451.7138562832848,26.30083656,5.328,NA,67.6948813001936,15.018343502263,0.013
LBR,2009,109.5,81,83,84,448.3863670255448,40.21982574,5.174,NA,68.4324549886399,15.4802745365152,0.023
LBR,2010,105.7,70,65,71,492.2528080337235,40.8739624,5.058,NA,69.1652648922475,15.9501173630923,0.022
LBR,2011,102.4,77,71,77,568.0878655200041,47.58517075,4.97,38.8059883117676,69.8933749749855,16.4280907750626,NA
LBR,2012,99.5,80,80,80,638.3687514620826,46.67208862,4.881,NA,70.6161490742492,16.9137232016405,NA
LBR,2013,97,80,74,80,710.7445709278632,48.72935104,4.749,NA,71.3338862504404,17.4074580077978,NA
LBR,2014,97,63,58,62,706.7144900645072,54.82420349,4.622,31.7852096557617,72.0459731773456,17.9088071106971,NA
LBR,2015,93.2,65,64,65,692.590082351257,68.89793396,4.523,31.3665904998779,72.7524847164664,18.4179781203981,0.036
LBR,2016,91.5,73,70,73,714.6130631456588,67.68016052,4.461,NA,73.4532574499597,18.9349390175014,0.049
LBR,2017,90.3,80,75,79,699.2690957274035,67.8789978,4.396,NA,74.1477432355412,19.4591800299081,0.051
LBR,2018,89.4,81,74,79,692.2031271297944,68.88298798,4.336,NA,74.8362128370245,19.9911366216728,0.14
LBR,2019,88.7,71,68,69,658.1641807705065,51.1932373,4.257,NA,75.5183258975949,20.5305258325317,0.145
LBR,2020,88.3,66,61,67,616.787867006715,76.11009979,4.174,37.0220985412598,76.193954779971,21.0772995001903,0.151
LBR,2021,88,67,58,64,667.9661051431905,88.54867554,4.089,NA,76.8629734925215,21.631407651363,0.169
LBR,2022,87.8,79,79,52,744.617175237387,100.49607086,4.016,NA,77.5249138658914,22.1923063601074,0.178
LBR,2023,87.3,83,82,72,799.1944702296419,103.94123077,3.95,NA,78.180013925929,22.7604195167576,NA
LBR,2024,86.4,83,82,72,851.4977238702063,NA,3.864,NA,78.8278345445612,23.3351954904068,NA
LSO,2000,108.3,84,74,82,442.77954577908105,23.71122551,3.605,32.2869987487793,64.405856278949,13.9109680595621,NA
LSO,2001,110.3,79,70,78,412.6774736768215,28.22144127,3.63,33.5986404418945,64.9608173437241,15.4957394207867,NA
LSO,2002,112.1,85,78,84,388.9233498513496,23.20003891,3.682,34.8072319030762,65.5201920460199,17.0718164332742,NA
LSO,2003,113.2,90,85,90,583.2700362002877,32.02215576,3.619,35.6447906494141,66.083827020152,18.6189165343031,0.045
LSO,2004,113.9,90,84,89,766.6858209282425,41.18851089,3.508,38.172981262207,66.6522079155788,20.1519465673748,NA
LSO,2005,114.6,89,83,88,861.3814964149951,41.66717911,3.428,40.7864608764648,67.224549621847,21.6703679710685,NA
LSO,2006,114.7,89,82,88,925.4674855028424,49.67809296,3.414,42.6532783508301,67.8015454898826,23.1744368605151,NA
LSO,2007,111.9,88,81,87,861.1884208995633,65.80387878,3.442,46.9338684082031,68.3621774697103,24.6557826139107,NA
LSO,2008,111.6,88,80,86,898.482517882593,69.06710052,3.392,51.0167694091797,68.9266715175082,26.1239917400803,NA
LSO,2009,99.1,91,84,89,878.8479505377716,80.82315063,3.309,56.7846603393555,69.4944225013917,27.5788226829742,NA
LSO,2010,90.9,93,88,92,1119.4755779304196,85.87903595,3.25,62.8373908996582,70.0661261191784,29.020495938413,0.069
LSO,2011,85.2,96,92,95,1280.733909315806,117.67031097,3.343,65.863037109375,70.6416125144182,30.4489318304881,NA
LSO,2012,81.4,95,91,93,1217.9307122894418,125.37831116,3.296,68.1460800170898,71.1931354913507,31.8586043360402,NA
LSO,2013,79.3,93,90,90,1151.0373583722674,131.35578918,3.283,65.9366836547852,71.7472805619843,33.2568347766841,NA
LSO,2014,77.6,88,92,88,1173.5377928819005,121.21549988,3.239,66.7313219029994,72.3042900166606,34.6437079655808,NA
LSO,2015,75.1,83,93,85,1121.1985134251822,104.59999847,3.217,67.8270774378415,72.8644331310882,36.0192915871812,NA
LSO,2016,71.4,87,90,87,992.4918406784652,91.0127182,3.18,65.0972290039062,73.4272764061932,37.3835722556357,NA
LSO,2017,70.1,89,89,88,1069.366732475424,115.43321228,3.105,68.1387518596821,73.9930898817459,38.7366301247734,NA
LSO,2018,68.8,90,89,90,1170.6556970281936,130.93614197,3.016,NA,74.5632870642167,40.0785080651777,0.457
LSO,2019,68.1,92,90,94,1082.0570677751584,235.94372559,2.924,NA,75.1376932253322,41.4091356196007,NA
LSO,2020,66.3,93,90,96,918.5825747044472,96.84536743,2.846,NA,75.7168396878056,42.7284382834052,NA
LSO,2021,64,95,90,98,1066.5864514382265,115.81448364,2.769,NA,76.300316439538,44.0363729437393,NA
LSO,2022,62,92,84,65,1030.1258294775712,133.32562256,2.716,NA,76.8886585638557,45.3328485039477,0.235
LSO,2023,61.3,90,76,87,916.2829769838036,122.63982391,2.694,NA,77.481451488906,46.6178621737328,NA
LSO,2024,60,86,90,86,971.9077182482896,NA,2.664,NA,78.0789963759688,47.8913481422717,NA
MDG,2000,104.4,57,57,58,280.28290555964884,11.1882658,5.665,NA,36.4427561061797,3.82452281975997,NA
MDG,2001,99.8,60,59,60,319.28327823565746,13.13894939,5.528,NA,37.1365510037545,4.27623527366861,0.087
MDG,2002,95.6,62,61,61,304.9417773984449,15.02957344,5.412,NA,37.8285452576804,4.72902485932566,0.13
MDG,2003,91.6,66,65,65,352.62009584992484,17.64075851,5.329,NA,38.518227444298,5.18344484506749,0.141
MDG,2004,87.8,78,79,74,272.2007485885601,14.29298973,5.264,NA,39.2060328929428,5.63879503752012,0.149
MDG,2005,84.1,85,74,80,305.81207492438796,15.9498682,5.195,20.1245708465576,40.0429127960642,6.12117413127887,0.172
MDG,2006,80.8,85,71,83,324.14687488260375,16.44085503,5.133,22.5522499084473,40.878116387823,6.60626042533301,0.163
MDG,2007,77.6,84,81,83,419.54800143186503,19.33553123,5.083,24.8774700164795,41.7110487315334,7.09404608313975,0.173
MDG,2008,74.8,77,70,77,512.579800058444,20.91898537,5.043,26.9826602935791,42.5424880385146,7.58477414006482,0.178
MDG,2009,72.4,77,63,76,446.31523837059217,19.56957817,5.003,28.0163993835449,43.3700536128356,8.07809172690129,0.173
MDG,2010,70.3,70,66,70,450.00939164572554,21.13975906,4.896,NA,44.1945358943364,8.57423264106828,0.186
MDG,2011,68.6,73,62,73,506.16369155930926,22.88667488,4.737,33.6389503479004,45.0153822584225,9.07317377918647,0.137
MDG,2012,67.3,68,63,71,493.5111629042107,19.30151749,4.613,34.9519919864486,45.8324865165496,9.57497737668474,0.136
MDG,2013,66.4,70,64,72,515.3015893618319,19.33186913,4.527,NA,46.645311071975,10.0796108433394,0.146
MDG,2014,65.7,68,66,71,505.6849225034353,22.56570244,4.421,35.8271514538676,47.4541920353579,10.5872297277492,0.173
MDG,2015,65.3,62,60,68,445.3200694805675,22.29386139,4.335,36.2567596435547,48.258173464398,11.0976984755033,NA
MDG,2016,64.9,68,62,72,453.97071452246337,24.20793915,4.285,36.2822418212891,49.0575914521926,11.6111708038341,NA
MDG,2017,64.9,65,55,69,491.8668487189288,23.62072182,4.259,35.2360569008275,49.8519386234101,12.1276026442495,NA
MDG,2018,64.9,74,68,71,500.4571855291595,21.12731934,4.246,35.3710327591243,50.6411241447461,12.647045200372,0.195
MDG,2019,65,69,60,69,499.8188376225341,15.50084877,4.221,33.6142692093689,51.4242559942128,13.1693375483997,NA
MDG,2020,65.1,67,55,66,450.77161520150946,16.78295326,4.17,NA,52.2020747813196,13.6947390405503,NA
MDG,2021,65,55,43,55,483.46946335119475,17.17938805,4.104,35.2580222250234,52.9732968597974,14.2229663442332,NA
MDG,2022,64.5,57,44,55,503.5145334729596,15.85809231,4.036,NA,53.7386722482621,14.7542849047499,0.172
MDG,2023,63.6,65,51,63,508.7184277055908,17.44003487,3.972,NA,54.4969430342798,15.2883891812498,NA
MDG,2024,62.4,60,46,62,544.9875010033838,NA,3.912,NA,55.3389608321256,15.3671469967754,NA
MLI,2000,189.9,43,49,53,304.6528701942707,14.00473022,6.886,11.1826200485229,49.4074258741145,17.3336177697569,0.044
MLI,2001,183.9,49,54,56,346.2245542510219,13.15901566,6.852,NA,51.0043528727808,18.5366288294077,NA
MLI,2002,177.7,61,56,65,378.1916786282853,15.89499378,6.819,NA,52.6652852945174,19.7478525761063,NA
MLI,2003,171.7,63,57,67,441.91035847509494,18.76944542,6.783,13.8911600112915,54.3201164982467,20.9666083854735,NA
MLI,2004,165.8,69,63,70,495.00629468064545,21.72010231,6.741,15.979700088501,55.9690552417302,22.193273656424,0.055
MLI,2005,160.1,77,73,78,548.7303828427251,23.97353554,6.708,17.6681499481201,57.6096707559848,23.4264099806876,0.06
MLI,2006,154.6,78,68,79,586.9854155152636,26.93190002,6.677,19.1023693084717,59.2432791544715,24.6671660825145,0.057
MLI,2007,149.2,74,66,76,670.8533949734791,29.63545799,6.647,21.8998508453369,60.8678932754337,25.9143828499992,0.06
MLI,2008,144,74,71,74,767.1948389500897,33.21391678,6.624,24.2745304107666,62.4840069987377,27.1686715784898,0.063
MLI,2009,138.9,73,73,77,787.4825642873977,34.64731598,6.592,26.8929100036621,64.0894295059223,28.4286615146563,0.116
MLI,2010,133.8,73,78,77,797.151541135109,31.36436844,6.579,29.8736858622313,65.6825064344256,29.6932856424804,0.096
MLI,2011,128.8,66,72,72,938.292902583696,31.67968369,6.545,31.8513100718496,67.2626511406481,30.9622372812507,0.111
MLI,2012,123.9,65,67,65,872.506092465564,27.53120613,6.523,NA,68.8293224749943,32.2352227048023,0.101
MLI,2013,119.1,64,62,57,901.9209576448312,30.06661987,6.491,34.540257437417,70.3820228884165,33.5119596461235,0.113
MLI,2014,114.4,66,65,62,947.9150332883246,35.7261734,6.441,35.12660954853,71.9205681917845,34.7924079704944,0.097
MLI,2015,109.7,70,67,67,838.1198694010295,28.97842216,6.385,34.4988647258526,73.4442818917146,36.0760821566718,0.094
MLI,2016,105.1,76,70,72,872.4685871716532,27.58086205,6.319,34.1917935715776,74.9530465324724,37.3629585814102,0.117
MLI,2017,100.6,77,70,72,924.0575316922836,28.49467659,6.251,34.447973185326,76.4467561333581,38.6530201870083,0.113
MLI,2018,96.2,76,71,71,996.3792921369012,31.16962242,6.118,34.2633935963908,77.9248726503067,39.9458152875809,0.12
MLI,2019,91.9,77,71,71,971.9493186380917,31.4089489,5.892,NA,79.3875776496975,41.2415636688459,NA
MLI,2020,87.6,70,62,65,953.2429432909744,28.20211601,5.85,NA,80.8342374526546,42.5396302417606,NA
MLI,2021,83.6,77,72,69,1027.2734536535686,30.55883217,5.779,NA,82.2652506105548,43.8404477380485,NA
MLI,2022,79.7,75,69,75,976.914116406452,31.0949192,5.692,NA,83.6801195841677,45.1434215383033,0.191
MLI,2023,76.2,75,68,72,1043.9533853528012,33.9802475,5.614,37.1307560416794,85.0789328815907,46.4485840749361,0.188
MLI,2024,73,82,72,72,1094.6194926579924,NA,5.51,NA,86.3633567815443,47.7561676952566,NA
MOZ,2000,164.6,70,71,69,327.1262397915697,7.00877714,5.83,4.54680013656616,23.4410418674047,10.7368086528161,0.024
MOZ,2001,155.7,73,74,72,304.7921386219133,8.53719139,5.755,5.15360021591187,24.4482966648571,11.6891382934177,NA
MOZ,2002,147.5,76,77,76,313.88666172119804,10.00207806,5.667,6.49581003189087,25.8920562991607,12.6706023887281,NA
MOZ,2003,139.8,85,80,67,339.4887378006477,11.036607740000001,5.6,NA,27.3637062660651,13.6597206754492,NA
MOZ,2004,132.5,83,79,69,400.0569731615448,14.12452602,5.551,8.65153980255127,28.8635945459384,14.656791437849,0.026
MOZ,2005,125.7,80,78,71,436.77385616738417,18.40718079,5.5,10.5513401031494,30.391019323665,15.661495607588,NA
MOZ,2006,118.8,78,76,73,457.4876478331826,18.05057144,5.452,12.6779804229736,31.9468315696643,16.6744657730016,0.026
MOZ,2007,110.7,75,75,75,507.8749239143042,19.29700851,5.466,15.0729103088379,33.5293144441132,17.6947339130943,NA
MOZ,2008,104.4,75,77,74,592.1591111841216,24.48562622,5.598,17.2325000762939,35.2815210331491,18.8175728896395,NA
MOZ,2009,98.3,74,80,74,547.6971441936511,27.68954468,5.681,20.2017803192139,37.0713316939985,19.9603052560203,0.047
MOZ,2010,95.6,74,82,73,496.18583939265926,26.26061249,5.66,22.5305413242969,38.8870842432342,21.1157832994067,0.05
MOZ,2011,91.1,77,82,76,618.1764928678903,30.42516136,5.599,24.072161852572,40.7272349107275,22.2833615319123,0.054
MOZ,2012,86.5,80,83,79,685.6857481995128,35.24672699,5.518,24.0955956725326,42.5912317568362,23.4630594441157,0.056
MOZ,2013,82.9,82,83,81,686.505672517351,41.5031395,5.43,32.5833282470703,44.4785109091444,24.6548929254595,0.058
MOZ,2014,79.7,85,83,84,697.1426804441226,43.50259018,5.304,32.2183418273926,46.3885053370703,25.8588794084376,NA
MOZ,2015,75.8,85,83,84,610.5637747065892,40.35658646,5.245,32.985279083252,48.3206421640835,27.0750381576231,NA
MOZ,2016,73.3,85,83,84,441.4897348190715,31.85357285,5.188,NA,50.2743318960673,28.3033808340067,NA
MOZ,2017,72,85,83,84,470.9385630519602,36.75825882,5.128,35.2994499206543,52.2485430306556,29.5435460585168,0.077
MOZ,2018,70.2,85,83,84,517.5072602581007,41.29206467,5.07,NA,54.2431367591977,30.7959176592195,0.085
MOZ,2019,68.6,85,83,84,519.0925509136196,41.01906586,5.016,NA,56.2587719909351,32.0616645064997,0.086
MOZ,2020,67.6,71,73,75,462.4338764799215,34.92252731,4.959,NA,58.2943448564578,33.3404532645595,0.084
MOZ,2021,65.5,56,62,64,509.90782947555147,44.09894943,4.905,NA,60.34998629028,34.6331153020155,0.082
MOZ,2022,63.9,55,63,74,578.251663751351,47.69813538,4.84,NA,62.4237541540672,35.9385123672753,0.175
MOZ,2023,61.7,70,65,78,622.0002976828226,52.96166611,4.763,NA,64.5157588929919,37.257486002339,NA
MOZ,2024,59.4,70,65,78,656.7768246373056,NA,4.69,NA,66.6252441342671,38.5900804802051,NA
MRT,2000,98,51,46,58,680.9110618797781,23.00290108,5.456,15.1392002105713,41.4134230835058,18.1529733941699,NA
MRT,2001,93.4,75,58,75,651.8178401997768,23.28163338,5.407,17.7171096801758,42.3280271481034,19.3093273656577,NA
MRT,2002,88.2,89,87,91,648.8796439348624,25.96999741,5.373,17.8554096221924,43.8234469336447,20.5759918023257,NA
MRT,2003,82.8,76,84,75,732.0178208126755,29.51877594,5.364,19.2371807098389,45.328257924083,21.8519258918573,NA
MRT,2004,77.5,70,73,68,823.554457141893,31.47280884,5.374,20.1336193084717,46.8421748540114,23.1372199810227,0.109
MRT,2005,72.5,71,65,71,998.96583416747,34.00539017,5.376,20.7180900573731,48.3637496328725,24.4309798679279,NA
MRT,2006,68.1,68,62,68,1300.6036798865928,35.14922333,5.404,20.9435291290283,49.8930914741819,25.9997164897389,NA
MRT,2007,64.3,75,67,75,1405.1501620336849,40.41820145,5.426,NA,51.4299037180572,27.6037678904985,NA
MRT,2008,61.3,74,65,73,1635.5630623124007,49.2858696,5.436,17.1987209320068,52.9742769831922,29.2444593327866,NA
MRT,2009,58.8,64,59,63,1435.430108118934,44.64679718,5.406,17.876070022583,54.5236725907371,30.9205985186658,0.136
MRT,2010,56.8,64,67,52,1659.9636970545478,43.759655,5.384,18.2780303955078,56.0793137596393,32.634513910578,0.161
MRT,2011,55.1,75,67,73,1931.199755254651,47.77469254,5.38,20.1222400665283,57.6405391140785,34.3867695026877,NA
MRT,2012,53.5,80,75,80,1859.1173324764088,49.2515831,5.352,23.9687918780301,59.206705237902,36.1778963960657,NA
MRT,2013,52.1,80,80,80,1934.2410306471409,55.47412872,5.317,27.9143759343964,60.7764532840581,38.0075543396616,NA
MRT,2014,50.6,81,75,81,1713.008652642339,59.39431381,5.261,28.0396485304939,62.3466709330309,39.8731407401327,0.162
MRT,2015,49.1,73,70,67,1554.9489787178247,57.1233139,5.211,28.8231465861958,63.916470728636,41.7742652183786,0.175
MRT,2016,47.7,74,73,69,1565.7657572269577,49.90084076,5.157,30.5243563459821,65.4850065623498,43.7104270690001,NA
MRT,2017,46.2,76,75,70,1615.0040132732322,55.22446442,5.106,30.7430804973383,67.0528469845158,45.6828446170813,0.188
MRT,2018,44.7,77,78,72,1722.9352885407272,49.68307495,5.044,34.754930908232,68.6188207153195,47.6904380054199,0.196
MRT,2019,43.4,80,75,75,1767.0727106209977,54.63365555,4.984,37.5735638620028,70.1831740304399,49.7339098436372,0.201
MRT,2020,42,81,82,81,1795.7645956671436,53.89974594,4.912,36.1789325617578,71.7451315704303,51.8124755125379,0.203
MRT,2021,40.7,77,75,76,1947.789183833133,73.6309433,4.848,NA,73.3049522964887,53.9267671870648,0.219
MRT,2022,39.4,85,84,81,1960.352400774235,91.54125977,4.77,NA,74.8619034584031,56.0758490078081,0.261
MRT,2023,38.1,90,92,90,2135.78187606359,92.11444092,4.697,NA,76.416594605687,58.2608340232933,NA
MRT,2024,36.9,86,93,85,2110.120369381871,NA,4.625,NA,77.2846491375388,58.676920295931,NA
MUS,2000,18.8,88,84,88,3981.983432495823,115.89820862,1.99,74.4722366333008,99.3576713358025,90.5194424395301,0.888
MUS,2001,17.5,92,90,93,3908.556949274354,116.36106873,1.91,79.2426376342773,99.3807165047382,90.8010935078889,0.903
MUS,2002,16.6,88,84,88,4073.060530559032,132.38633728,1.94,82.4899520874023,99.403804146101,91.0831578826494,0.961
MUS,2003,16,99,91,99,4858.265755497474,157.68417358,1.87,85.3790588378906,99.4269447839906,91.3656724156252,0.944
MUS,2004,15.7,98,98,98,5460.6080018419825,184.74328613,1.92,85.8464736938477,99.4501410084641,91.6486409323772,1.043
MUS,2005,15.6,97,98,97,5354.029742606423,192.13858032,1.88,87.766487121582,99.473396831772,91.9320916263266,1.068
MUS,2006,15.4,97,99,98,5784.224918830265,203.24180603,1.77,88.2761993408203,99.4967060410466,92.2159724037212,1.108
MUS,2007,15.2,97,98,96,6677.3496244860835,229.2313385,1.74,88.2235717773438,99.5200720163926,92.5003340946351,1.123
MUS,2008,15,99,98,99,8140.508085958952,312.88540649,1.67,87.8380432128906,99.5434873367577,92.7851254425672,1.138
MUS,2009,14.9,99,99,99,7426.886456175929,301.67260742,1.59,88.413818359375,99.5669598698171,93.0703993955795,1.153
MUS,2010,14.8,99,99,99,8113.176707402124,357.17382813,1.57,88.7164688110352,99.5904884029877,93.356133421421,1.169
MUS,2011,14.9,98,99,98,9324.24232310496,385.76248169,1.55,90.4235763549805,99.6140745200193,93.6423302206656,1.407
MUS,2012,15,98,99,98,9421.525140982249,387.1026001,1.56,94.0829963073677,99.6377035692288,93.928957338752,1.336
MUS,2013,14.9,98,99,98,9877.138659588343,440.00280762,1.45,95.0431976318359,99.6614006304561,94.2160990172905,1.585
MUS,2014,14.7,97,98,98,10490.331556385292,544.44122314,1.44,97.9171913191615,99.6851453153078,94.5036776997777,1.88
MUS,2015,14.5,97,99,98,9630.543783750698,515.72247314,1.37,95.9186994275233,99.7089459082034,94.7917221671352,1.973
MUS,2016,14.6,96,92,96,10095.122557415598,540.39239502,1.41,96.6578558308319,99.7328674353139,95.0806649213747,2.144
MUS,2017,15,94,89,95,10986.70340930054,594.86120605,1.46,95.6264935299157,99.7568929289724,95.3704562123422,2.268
MUS,2018,15.4,97,99,98,11818.748061927196,640.62182617,1.42,93.8197294421645,99.7810033691491,95.6610436549434,1.858
MUS,2019,15.7,96,99,97,11568.253339982366,639.18286133,1.41,94.0894965817278,99.8052010577748,95.9523952887646,2.558
MUS,2020,15.8,95,98,96,9135.84773751062,541.95184326,1.46,91.3439926033381,99.8294531889086,96.2430585209024,2.689
MUS,2021,15.7,95,97,95,9177.711959730132,593.77947998,1.42,NA,99.8537467482534,96.5249988240641,NA
MUS,2022,15.5,95,98,95,10246.501745555295,590.91522217,1.33,NA,99.8780672728138,96.8074578506506,1.436
MUS,2023,15.4,96,96,97,11269.96844621386,616.20739746,1.4,NA,99.9024122575049,97.0904086099851,NA
MUS,2024,15.4,93,98,95,11990.77989448369,NA,1.44,93.386946088039707,99.9265458263134,97.3737391141644,NA
MWI,2000,171,75,73,73,224.2241591842804,8.84964848,6.002,26.2098903656006,54.1308258661442,9.3511917456521,NA
MWI,2001,239,90,81,86,215.4745248983569,7.42542601,5.943,27.5069007873535,54.9347725459043,9.35302758911489,NA
MWI,2002,143.2,64,69,79,428.2104398383979,11.17413807,5.903,26.6317901611328,55.7358012245672,9.35480608724583,NA
MWI,2003,130,84,77,85,383.3485968526416,12.3155899,5.875,NA,56.5342633361224,9.35670106577719,0.021
MWI,2004,118.7,89,80,94,404.6742484454283,15.94395351,5.864,24.9910697937012,57.3298008251815,9.35853844568126,0.021
MWI,2005,109.7,93,82,94,414.36112198447466,17.24028015,5.848,24.8580207824707,58.1227398593288,11.6430173155279,NA
MWI,2006,102.7,99,85,99,440.82214902387295,20.95070648,5.802,26.8940505981445,58.9127413872202,13.9195182666637,NA
MWI,2007,96.9,87,83,88,475.1802616593313,25.0216465,5.724,26.4809303283691,59.7001195551836,16.1881872542677,NA
MWI,2008,91,91,88,92,554.0488203961194,32.73482132,5.609,28.9009094238281,60.4845500797973,18.4488656297589,0.018
MWI,2009,85.3,93,92,93,625.8697298696254,35.56456757,5.453,30.1589107513428,61.2695217967754,20.7030011916433,0.018
MWI,2010,80.1,93,93,86,683.1246947167995,33.99194336,5.263,31.2023279228704,62.054717323412,22.950220782325,NA
MWI,2011,74,97,96,97,763.0610003945718,39.29234314,5.083,32.4309158727431,62.8400904977238,25.1902507973083,NA
MWI,2012,67.9,96,90,95,558.46208832772,32.53762817,4.902,32.3157881419039,63.6250410332197,27.4226021008412,NA
MWI,2013,62.9,89,88,89,496.94736826731287,39.54008484,4.759,35.4070171986027,64.4097635787401,29.6470619671529,0.012
MWI,2014,60,91,85,87,529.5133440205997,35.33760452,4.569,37.2084539407515,65.1933925643295,31.8630595478382,NA
MWI,2015,57.4,88,87,88,539.605363240686,34.97310638,4.384,37.6379016435624,65.9763340121013,34.0704035850355,NA
MWI,2016,55.8,84,81,83,450.5061055107186,34.0307579,4.216,35.6916809082031,66.7575071708792,36.2684898070789,0.031
MWI,2017,53.8,88,83,87,495.76968336716527,37.60110092,4.113,39.0289251751713,67.5372652238348,38.4570661478088,NA
MWI,2018,52,92,87,91,533.2025671893307,36.70302963,4.021,38.1734496554461,68.3152167592517,40.6356741988533,0.15
MWI,2019,51.3,95,92,94,580.8891397624755,36.91519165,3.952,31.9471376555901,69.0907681697374,42.8038384563156,NA
MWI,2020,50.4,94,90,93,602.5074781761056,42.37881851,3.877,43.9545178667563,69.8639475231257,44.9611479828173,0.049
MWI,2021,50,93,90,89,617.4469944510071,46.41017532,3.791,36.1013396035833,70.6341661895421,47.1071277327455,NA
MWI,2022,50.1,86,82,87,604.2697403603173,40.03453827,3.72,35.8626281732909,71.4013801873198,49.2412879464451,0.054
MWI,2023,49.6,91,87,91,633.214767978695,41.26664734,3.648,37.2564052253575,72.2285522528925,49.23687867184,NA
MWI,2024,48.8,91,89,90,522.5703936425472,NA,3.59,NA,73.0535741738591,49.2322090448262,NA
NAM,2000,78.2,79,69,80,2156.675905127136,217.55029297,3.991,66.3425064086914,76.2362461884581,27.1488440827973,NA
NAM,2001,77.6,78,58,79,1915.589265948749,201.46917725,3.827,70.4965362548828,76.6073397311336,27.5998396163148,NA
NAM,2002,76.6,77,68,78,1772.0756553749345,187.86433411,3.693,68.4618530273438,77.0810806268773,28.1968311809375,NA
NAM,2003,75.6,79,70,82,2569.2473931788263,278.70162964,3.58,67.7303466796875,77.5698694830307,28.8122875122617,NA
NAM,2004,74.4,81,70,81,3403.1549619295456,373.46408081,3.545,67.1026916503906,78.0541039412165,29.4178256763319,0.308
NAM,2005,71,86,73,86,3685.772999915872,402.20068359,3.571,65.8467407226562,78.5320876453257,30.0109518702615,NA
NAM,2006,66,86,63,74,4017.1834716928024,437.56240845,3.601,65.4616622924805,79.0046008864518,30.5926680157068,NA
NAM,2007,62,86,69,81,4379.043136827322,493.60388184,3.608,66.3780670166016,79.4708868241615,31.1618359120794,0.383
NAM,2008,57.5,83,73,83,4204.785554227491,443.17068481,3.616,NA,79.9311134554851,31.7185868742759,NA
NAM,2009,53.2,83,76,83,4302.913741483761,420.74865723,3.633,NA,80.3834346901376,32.2603036353343,NA
NAM,2010,50.3,83,75,83,5418.216333658139,567.35003662,3.657,71.5850049614779,80.8294504898485,32.7891161090276,NA
NAM,2011,50,82,74,85,5834.791767579403,624.59814453,3.658,75.9020999319308,81.267654864296,33.3028894118118,NA
NAM,2012,52.6,84,76,84,5942.646809786729,606.36633301,3.676,77.4235835218031,81.7057329100665,33.8118744896686,NA
NAM,2013,50.8,89,82,89,5346.621311499674,539.41345215,3.653,79.1245312674155,82.1358474215349,34.3053246503093,NA
NAM,2014,50,88,83,88,5378.323262412051,452.2585144,3.635,79.8738123230912,82.5578966769433,34.7830478360411,NA
NAM,2015,51.8,92,85,92,4774.106508657753,476.50784302,3.604,81.7415343444417,82.9710417542827,35.243867972916,NA
NAM,2016,51.4,85,75,84,4395.687761623764,409.78051758,3.574,82.4628831856333,83.3709791418252,35.68218646148,NA
NAM,2017,49.8,88,80,83,5143.960723230756,447.95223999,3.511,82.9187287944073,83.756921632109,36.0971096744774,0.567
NAM,2018,48.5,89,82,84,5308.608134087051,457.6807251,3.462,82.4447917914626,84.1291083222967,36.4891060185928,0.335
NAM,2019,46.6,87,80,84,4731.921031883102,419.14828491,3.404,83.3997206880115,84.5549009012644,36.9123066913261,0.368
NAM,2020,44.8,93,90,92,3878.589829939662,370.81643677,3.349,87.2617411950085,84.9689182481296,37.3147816708838,0.38
NAM,2021,43.2,94,91,73,4412.835569305204,449.95172119,3.303,87.1498788500333,85.3713640915778,37.6969593429633,0.42
NAM,2022,41.6,84,89,86,4349.799084933142,418.53683472,3.248,86.1980083129179,85.7619951593707,38.0587226800855,0.553
NAM,2023,41.1,83,86,77,4187.605003965253,397.09063721,3.212,86.2067962132394,86.1410432483345,38.4005446833098,NA
NAM,2024,39.5,74,79,75,4413.127522115718,NA,3.211,86.3728889011327,86.5087378352127,38.7229020528394,NA
NER,2000,227.9,34,37,41,194.77195989893465,9.04467964,7.829,4.98891019821167,36.5479060182649,6.49095998473198,NA
NER,2001,217.4,36,39,42,205.4179361209311,9.68088055,7.81,4.9542498588562,37.358813438708,6.90942898388813,NA
NER,2002,205.9,39,41,43,225.2943911474382,10.84433079,7.797,4.93831014633179,38.1115370315666,7.30986882133162,0.033
NER,2003,194.1,41,43,44,265.2253634524692,12.55038452,7.789,5.46088981628418,38.8582098965165,7.71048737435581,NA
NER,2004,182.4,43,45,45,283.4682817982956,14.06374931,7.777,6.5729398727417,39.5981949224788,8.11105189403746,0.022
NER,2005,171.4,45,47,46,318.64312191827327,18.67140198,7.769,7.39444017410278,40.3308901559153,8.51225299855436,NA
NER,2006,161.6,52,53,52,333.3450784194467,19.9213028,7.744,8.45728969573975,41.0575024887785,8.91225988238255,NA
NER,2007,153.1,58,60,57,387.1680658833007,20.96952438,7.726,8.04238986968994,41.7774242131502,9.3108172797856,NA
NER,2008,146,67,66,68,475.0449553981623,24.86141586,7.702,8.25140953063965,42.4900876989759,9.70763488348427,0.019
NER,2009,140.3,71,69,71,461.1315339614871,24.54927635,7.679,8.63199996948242,43.1966321655043,10.1032794598234,0.028
NER,2010,136,70,67,75,474.4256923408307,23.47736168,7.64,10.5467544710513,43.8964824399921,10.4974697713474,NA
NER,2011,132.7,75,69,40,510.7595617626796,24.84123039,7.592,10.916829239485,44.5891012347432,10.8898889805879,NA
NER,2012,130.3,73,75,71,528.5101044696552,22.71487427,7.527,12.1001362710247,45.2755729615711,11.2811585980416,0.053
NER,2013,128.3,75,80,62,552.1033343631171,24.61338997,7.445,13.1905159332884,45.9553436655962,11.6709689397012,0.051
NER,2014,126.8,82,80,79,565.3098973117496,25.09494019,7.342,15.0409626668381,46.6360032875155,12.0644714438851,0.027
NER,2015,125.4,84,85,83,485.6625741752788,25.96905327,7.215,16.6576291122559,47.3180912197977,12.4627973884211,0.032
NER,2016,124.3,80,76,82,502.7064754064456,22.68474007,7.043,19.4438558469203,48.0001316756614,12.8657160959019,0.033
NER,2017,123.1,85,82,85,521.8041300234345,29.09627533,6.874,20.3042793946679,48.6826437620777,13.2744201872419,0.022
NER,2018,121.9,79,77,79,578.5680356808915,30.61364555,6.706,NA,49.364204791619,13.6886629942744,0.037
NER,2019,120.8,81,79,81,561.6913043496979,31.89424324,6.537,NA,50.045306277114,14.10969749241,0.039
NER,2020,119.5,81,79,81,579.5124957582361,35.75537109,6.369,NA,50.7254664539795,14.5380631441061,0.035
NER,2021,118,82,80,82,608.722439593808,35.39406204,6.2,NA,51.4037852396431,14.973899415173,NA
NER,2022,116,84,65,84,609.7451475748783,26.50681686,6.135,NA,52.0806785975452,15.4185833482363,0.028
NER,2023,113.5,85,80,85,638.336080897887,26.01301575,6.061,20.6873224974982,52.7552521305404,15.8722896113192,0.038
NER,2024,110.7,86,81,86,735.2702557872258,NA,5.935,19.5379934744263,53.4274656286176,16.336047650863,NA
NGA,2000,177.3,29,33,31,547.3182989033786,17.15887642,6.124,21.7487506866455,44.4803085080205,27.9946368630353,0.269
NGA,2001,170.5,27,32,36,566.4282318129331,17.96053314,6.128,23.8450603485107,45.7654579242041,28.0339074690086,NA
NGA,2002,163.9,25,30,40,712.1648520776855,17.53752899,6.116,24.8241996765137,47.3236744097303,28.6863485385753,NA
NGA,2003,157.4,29,34,42,763.3887453672226,37.91439438,6.1,NA,48.8898791765237,29.3592592810807,0.255
NGA,2004,151.4,33,37,43,962.48104194733,42.81798172,6.09,30.0385608673096,50.463557619145,30.053264298702,NA
NGA,2005,145.8,36,41,45,1211.3770350438622,52.24337006,6.063,30.5882091522217,52.0438578033599,30.7689136757313,0.27
NGA,2006,140.9,40,44,46,1599.5389155636483,63.63072205,6.053,29.7225399017334,53.6309977200112,31.5068491941473,0.333
NGA,2007,136.5,42,41,54,1815.5269754582685,66.90659332,6.027,26.4539299011231,55.2248334433962,32.2676921129548,0.361
NGA,2008,132.5,53,53,60,2154.1054354536427,77.45053101,6.024,30.5725002288818,56.8252264251632,33.0520750926105,0.359
NGA,2009,129.2,63,64,66,1820.4863385478188,65.71811676,5.993,34.5709915161133,58.4306651834765,33.8602860424374,0.36
NGA,2010,126.3,56,56,54,2202.25672957344,73.008255,5.948,39.0084915161133,60.04206159591,34.6931346813428,NA
NGA,2011,123.8,53,53,48,2418.4131697587463,80.2377243,5.893,39.6406402587891,61.6552661645974,35.5499413895312,NA
NGA,2012,121.6,36,41,42,2633.197346713614,87.89523315,5.797,42.4270210266113,63.2702627408651,36.4309338253294,NA
NGA,2013,119.9,39,42,41,2872.790833793982,97.29588318,5.694,50.3317909240723,64.8863828876252,37.3360751927047,0.363
NGA,2014,118.7,43,42,42,3088.7213131616927,102.39888763,5.622,40.3631896972656,66.5036264382039,38.2655103767243,NA
NGA,2015,117.8,42,42,42,2585.733606717974,92.91207123,5.503,41.8675918579102,68.1220021164846,39.2193808312227,NA
NGA,2016,117.4,53,48,53,2070.412733959496,75.52328491,5.343,37.2762603759766,69.7405688273521,40.1973286058844,0.428
NGA,2017,117.2,55,54,55,1876.3402711177296,70.31814575,5.182,NA,71.3599849035344,41.1997192224782,NA
NGA,2018,117.2,61,56,61,2057.8794455401057,63.60244751,5.021,39.4427909851074,72.9796602996736,42.2262627362671,0.364
NGA,2019,117.4,66,58,66,3189.8128649851574,67.6254425,4.861,NA,74.5993213952744,43.2767522763627,0.356
NGA,2020,117.4,62,60,62,2797.184580686855,67.91384888,4.7,43.9140815734863,76.2190366017765,44.3511472247714,NA
NGA,2021,117.6,61,56,59,2787.4877922442797,81.87322235,4.636,45.1787605285645,77.8385518833185,45.4491559568794,0.386
NGA,2022,117.5,59,51,55,2899.160474703243,89.62958527,4.552,NA,79.457946920672,46.5706755484283,0.386
NGA,2023,116.8,67,54,70,2138.7638371998255,66.82009125,4.482,47.4061508178711,81.0772897042816,47.7155813553496,0.38
NGA,2024,115.6,67,57,69,1084.1604180543611,NA,4.382,NA,82.2488935172216,47.9019370619136,NA
RWA,2000,184.2,90,74,90,251.8692638609096,9.00399399,5.967,9.83563995361328,47.5705840769265,43.8876413678193,NA
RWA,2001,166.5,77,69,76,237.30884620090103,7.86746025,5.893,10.7198896408081,48.3703423230961,45.6902028796929,NA
RWA,2002,149.1,88,69,85,234.0430167557329,7.32393837,5.816,11.7095804214478,49.1857227790083,47.4611936352188,0.019
RWA,2003,132.7,96,90,96,249.0122749822519,17.25927353,5.737,12.5666799545288,49.7561626350801,49.0827278042719,NA
RWA,2004,117.5,89,84,89,269.54044633340214,20.23413277,5.64,14.3445196151733,50.2902032669002,50.6829486597842,0.049
RWA,2005,104.5,95,89,95,324.0168638471888,25.02086639,5.5,15.3492403030396,50.8247607465071,52.2806585813749,0.024
RWA,2006,93.4,99,95,99,356.99502290115373,27.1564312,5.335,17.1692695617676,51.3601414899442,53.8759294452882,NA
RWA,2007,84.1,97,94,98,426.2341834876285,33.50738907,5.141,19.1066493988037,51.89573756501,55.4685962150806,NA
RWA,2008,76,97,92,97,528.3263917555024,39.94568634,4.922,20.7493991851807,52.431851071574,57.0587484402126,0.052
RWA,2009,69.1,97,95,93,564.039095842449,43.99641418,4.707,25.5202293395996,52.9687937725955,58.6463993130751,0.055
RWA,2010,63.3,97,95,93,593.6249277443457,47.96871567,4.522,32.039680480957,53.5059466163751,60.2315011971765,0.055
RWA,2011,58.1,97,95,93,651.1336779646617,51.64939499,4.332,36.7639312744141,54.0436163513461,61.8140834716847,0.0129
RWA,2012,54.2,98,97,98,706.8172691685614,57.26393127,4.201,31.5941295623779,54.5821211607428,63.3941024387453,NA
RWA,2013,51.4,98,95,98,704.9242185112298,47.75388718,4.136,31.6404940535794,55.1208311821785,64.9716279211285,0.1
RWA,2014,49.2,98,97,98,724.9575265209055,50.63835144,4.117,43.2179310615644,55.6650639617623,66.5451269597636,0.089
RWA,2015,47.3,98,96,99,733.9986298824938,48.81296921,4.108,40.5258619158058,56.2151798036552,68.1134578237063,0.11
RWA,2016,45.8,98,95,99,729.5191338129448,43.54212189,4.106,39.8630035289782,56.7706115569257,69.6758086260828,0.12
RWA,2017,44.7,98,97,98,758.3009665096474,40.76682663,4.084,41.5758285639592,57.3320450944617,71.2308954690674,0.135
RWA,2018,43.7,97,99,97,771.7735112073091,42.11674881,4.047,43.2482338226061,57.8995436163309,72.7776126104957,0.132
RWA,2019,42.7,98,96,98,810.051412137354,39.81322098,3.985,46.5223774240521,58.4728536131809,74.315049479233707,0.117
RWA,2020,41.6,91,94,91,778.7014989250262,45.15266418,3.913,NA,59.0523587439994,75.8419280137536,0.116
RWA,2021,40.6,88,87,88,829.5448452636966,51.64677429,3.841,47.0146410981496,59.6381227763257,77.3571126484404,0.121
RWA,2022,39.7,98,99,97,975.4693237353686,57.83102036,3.778,47.5004278023246,60.2302194003015,78.8594683891809,0.09
RWA,2023,38.8,94,96,94,1027.0344682656455,52.65630722,3.698,48.7785157251447,60.8290423575481,80.3475631851087,NA
RWA,2024,37.7,98,97,98,999.6545616554698,NA,3.645,53.3234802182678,61.392176021167,81.3307323783745,NA
SDN,2000,102,62,58,62,362.116882324219,13.99440289,5.596,NA,45.7431194646581,17.3575354903131,0.158
SDN,2001,98.6,66,58,66,451.293304443359,15.18372345,5.562,29.0130805969238,45.7567441742092,17.374607093096,NA
SDN,2002,95.2,60,58,60,506.262634277344,16.70709991,5.531,31.4626502990723,45.77036959065181,17.3916786977486,NA
SDN,2003,91.9,69,65,69,580.320251464844,22.58504868,5.489,31.7940292358398,45.7839943368364,17.4087500196024,NA
SDN,2004,101.1,74,67,74,705.113342285156,29.30404472,5.455,34.8905601501465,45.797621974813,17.4258224608883,0.247
SDN,2005,98.8,78,69,78,905.543640136719,37.07490158,5.397,34.6907081604004,46.740256350294,19.1365769047278,NA
SDN,2006,83,78,73,77,1132.474609375,55.32660294,5.332,33.4989814758301,47.6822962076852,20.8471551509776,0.346
SDN,2007,80.4,84,79,84,1444.37219238281,81.79016876,5.27,32.034049987793,48.6237396738538,22.8360801058185,0.346
SDN,2008,77.9,86,79,85,1527.58239746094,82.84276581,5.212,33.5710983276367,49.5645926938442,24.8798414748603,0.322
SDN,2009,75.5,81,82,81,1178.22180175781,80.00441742,5.173,36.356689453125,50.5096584321663,26.985005939161,NA
SDN,2010,73.4,90,90,90,1305.63598632813,73.60398865,5.141,36.596378326416,51.4588123551418,29.1517069072564,NA
SDN,2011,71.3,93,87,93,1332.6572265625,80.37197876,5.087,33.5257797241211,52.4116810019842,31.3797006029968,NA
SDN,2012,69.3,92,85,92,1019.22210693359,75.40776825,5.031,36.8792190551758,53.3676832487134,33.6683780592082,NA
SDN,2013,67.3,93,85,93,1138.62780761719,97.4931488,4.965,39.7228088378906,54.3266708008702,36.0176959149453,NA
SDN,2014,65.4,94,86,94,1275.43835449219,88.78498077,4.912,40.006519317627,55.2880772698351,38.4269401247106,NA
SDN,2015,63.5,93,87,93,1292.37963867188,93.69657135,4.898,42.1506309509277,56.2519336312621,40.8962454458167,0.396
SDN,2016,61.6,93,87,93,1033.21594238281,89.39633942,4.829,40.467399597168,57.2176665079602,43.424779800547,NA
SDN,2017,59.7,95,90,95,966.505676269531,67.75476837,4.761,43.3027687072754,58.1849054905312,46.0119565679027,0.25
SDN,2018,57.8,93,88,93,731.027465820313,33.88366699,4.681,42.4490699768066,59.1534610514816,48.6574194730533,NA
SDN,2019,56.1,93,90,93,709.975280761719,31.79406929,4.617,44.8803787231445,60.1227730186922,51.3601722607621,NA
SDN,2020,54.3,90,86,90,577.795227050781,22.91861534,4.542,NA,61.0926356052486,54.1197261681039,NA
SDN,2021,52.7,84,81,85,712.122009277344,21.69141006,4.457,NA,62.0626646208018,56.9352476681987,NA
SDN,2022,51,84,80,85,1046.24084472656,25.75139618,4.384,NA,63.032473791163,59.8058415120202,NA
SDN,2023,63.1,51,51,53,797.283447265625,21.0830822,4.323,NA,64.0016697422779,62.7305457858252,NA
SDN,2024,61.6,39,46,40,984.607666015625,NA,4.264,NA,64.8917129502851,65.7085965688426,NA
SEN,2000,128.9,52,48,49,603.2331624551578,21.41570663,5.498,11.979640007019,59.7997359655038,36.6397850159843,NA
SEN,2001,121.7,52,48,49,637.2135305637236,23.45893669,5.397,12.332010269165,60.9066465806354,37.6230679917559,NA
SEN,2002,113.2,60,54,60,669.4304473192087,26.46221161,5.301,13.5592498779297,62.0161291286122,38.6343782520626,NA
SEN,2003,104.2,73,60,73,817.8880342214424,35.14493942,5.246,NA,63.1942453922298,39.7038070707232,NA
SEN,2004,95.5,87,57,87,918.1020795221552,41.94406128,5.192,16.6612892150879,64.4218461577163,40.8160197921212,0.054
SEN,2005,87.6,84,74,84,979.846101520171,36.00606155,5.133,18.9345207214356,65.6454033379623,41.9259089969181,NA
SEN,2006,80.8,89,80,89,1017.2019674798736,38.28113556,5.064,20.7912902832031,66.865607080287,43.0340621400577,NA
SEN,2007,75,94,84,93,1188.9387780817513,40.60185623,5.018,NA,68.0818461765574,44.1399592498468,NA
SEN,2008,70.1,88,77,87,1398.7921801002094,49.05390167,5.024,27.028829574585,69.2939508159691,45.2434542159987,0.062
SEN,2009,66.1,86,79,83,1308.6940433620512,50.27443314,5.025,NA,70.5013902121975,46.3440817777614,NA
SEN,2010,62.8,89,81,76,1275.883574923571,51.38805008,5.055,34.5189208984375,71.7047289784237,47.4423428976999,NA
SEN,2011,60,92,84,89,1374.6759187384446,57.93114853,5.099,40.7124286126975,72.9034178534763,48.5377592186689,NA
SEN,2012,57.6,91,83,83,1326.837988483788,56.61458969,5.129,44.9835760823554,74.0969620089046,49.6298898995035,NA
SEN,2013,55.5,92,84,89,1379.831965539237,60.51578903,5.049,48.301600402966,75.2855370773077,50.7188973203129,0.3179
SEN,2014,53.7,89,80,85,1398.891376013819,61.40605545,4.884,50.5133794878854,76.46896680992,51.8046299171747,NA
SEN,2015,52.2,89,80,85,1218.0061355543774,53.32304382,4.751,NA,77.649320243194,52.8890432398602,0.2074
SEN,2016,50.8,93,93,92,1266.439571515872,53.90053558,4.648,NA,78.8258139339832,53.9714940731355,0.077
SEN,2017,49.4,93,90,91,1356.8051844903102,56.49185944,4.489,NA,79.9984726874606,55.0521038030032,0.069
SEN,2018,47.9,92,86,92,1452.556125624453,64.37467957,4.294,NA,81.1662422601817,56.1299701818744,NA
SEN,2019,46.2,91,86,97,1431.1812893215913,64.33670807,4.1,47.6122826558931,82.3288600505419,57.204943845452,0.088
SEN,2020,44.2,83,82,94,1461.087203505526,75.16521454,4.003,48.7408134468399,83.4855735664121,58.276399086684,0.082
SEN,2021,42.2,85,88,89,1598.1067695227428,71.12162781,3.936,50.1069716907194,84.636074800772,59.3441523766207,0.099
SEN,2022,40.1,93,87,92,1574.0281059305996,63.44842529,3.864,51.0293572947889,85.7796288430834,60.407587055533,0.124
SEN,2023,38.2,92,87,92,1698.0338730084263,73.22670746,3.818,50.2150531512901,86.915566820325,61.4661335345473,0.109
SEN,2024,36.5,91,87,91,1773.218299234481,NA,3.765,NA,88.0435670438381,62.5195952667746,NA
SLE,2000,222.8,44,37,46,143.74374323964406,17.66835022,6.355,NA,40.8831188702794,7.69468734199492,NA
SLE,2001,217.3,38,50,38,358.3157160515458,19.32042122,6.305,21.2856006622314,41.2237067367546,7.92617092793216,NA
SLE,2002,211.6,53,62,54,388.99511121683577,22.29375267,6.23,NA,42.3564018737387,8.15825825383365,NA
SLE,2003,205.7,73,73,66,413.8176073469269,21.7804718,6.087,NA,43.4895263720977,8.39095201927437,NA
SLE,2004,199.6,65,76,69,417.7499833292271,23.03477859,5.919,NA,44.6230449596338,8.94954704248469,0.031
SLE,2005,193.2,65,71,67,462.6333244279451,26.04933357,5.807,NA,45.7867241537435,9.53865069026283,NA
SLE,2006,186.5,64,65,65,580.26796974773,29.63347244,5.737,NA,46.9721511803673,10.156650697941,NA
SLE,2007,179.6,64,60,63,631.8899262649983,31.90766907,5.643,NA,48.1563137689467,10.7956031143398,NA
SLE,2008,172.4,77,73,75,705.3590140800051,37.23431396,5.563,NA,49.3391346809252,11.4555098785818,0.0155
SLE,2009,165.2,84,80,81,652.8458067679428,39.29960632,5.448,NA,50.520195051474,12.1362206469185,NA
SLE,2010,157.9,86,82,84,685.0396734909484,37.84529114,5.327,NA,51.6994418329327,12.837725625722,0.022
SLE,2011,150.8,89,84,88,761.146365577281,49.6336174,5.209,34.7692489624023,52.8771685676355,13.5601796070667,0.026
SLE,2012,144.1,91,86,91,937.504428180231,51.99141312,5.064,41.3290214538574,54.0533047771617,14.3035861709667,NA
SLE,2013,137.9,92,85,92,1117.471830751147,84.93772125,4.873,36.7521209716797,55.2271223321324,15.0676033654272,NA
SLE,2014,135.9,83,80,83,1117.758646572104,143.60603333,4.703,NA,56.3992358539249,15.8525627081666,NA
SLE,2015,136.8,86,78,86,964.5759808889884,118.66024017,4.548,37.5164985656738,57.5692588907449,16.6582857856538,NA
SLE,2016,121.8,84,85,84,844.4164111754764,84.22316742,4.466,40.7735595703125,58.7374466065884,17.4849469878374,NA
SLE,2017,117,90,80,90,779.1860078417283,47.37737274,4.389,41.1011695861816,59.9058113970129,18.3338579581936,NA
SLE,2018,112.4,93,87,93,845.9145404609322,44.82733536,4.294,42.5191192626953,61.0747116605736,19.205484723374,0.075
SLE,2019,108.3,95,93,95,843.7125178099767,48.13619995,4.192,60.979808807373,62.2435949536526,20.0997388519849,0.033
SLE,2020,104.4,91,87,90,845.2775579205489,47.886161800000004,4.08,62.9357109069824,63.4122118828476,21.0167123808123,0.073
SLE,2021,100.6,92,87,90,885.3964018853954,44.90049362,3.978,74.4143295288086,64.5803175608776,21.9564987659226,NA
SLE,2022,97.1,91,90,91,860.3710679160964,41.31875229,3.876,NA,65.7476533121916,22.9191878036943,0.134
SLE,2023,93.8,91,90,91,758.3291373782481,35.76205063,3.791,91.7119293212891,66.9139758718619,23.9048711595784,NA
SLE,2024,90.5,91,90,91,806.6546504177259,NA,3.703,NA,68.0790238061869,24.9136362418086,NA
SOM,2000,173.2,33,24,37,386.1192744012752,NA,7.645,NA,26.5548279259121,20.1837885796287,NA
SOM,2001,173.2,33,20,33,244.91484253845545,NA,7.636,NA,27.7109662630007,20.9631310018359,NA
SOM,2002,173.2,40,45,40,229.5989183100392,NA,7.626,NA,28.8628866509847,21.7385524325851,NA
SOM,2003,173.2,40,40,40,286.27302519897466,NA,7.603,NA,30.2245772114979,22.6666436152902,NA
SOM,2004,173.2,30,40,30,375.4103262253873,NA,7.568,NA,31.5789442986576,23.5876311312832,NA
SOM,2005,173.2,35,35,35,439.9799078054776,NA,7.527,NA,33.4314329999319,24.638573023739202,NA
SOM,2006,172.6,26,35,26,457.99666220665927,NA,7.49,NA,35.3395798096483,25.6985522654712,0.027
SOM,2007,170.5,40,35,40,479.6356280652894,NA,7.457,3.84326004981995,35.5233098422892,25.4724809628705,NA
SOM,2008,166.7,31,34,40,507.03744334738,NA,7.415,NA,37.9760688340822,26.8675518309153,NA
SOM,2009,162.4,42,43,41,246.5132516751049,NA,7.376,NA,40.466779744943,28.2620333243978,NA
SOM,2010,186.7,45,46,49,219.2024538523968,NA,7.322,NA,42.9914341026077,29.6552314134568,NA
SOM,2011,363.1,41,46,49,235.3259456104336,NA,7.268,NA,45.5410874380133,31.0429095384234,NA
SOM,2012,185.4,42,46,47,350.2619467205121,NA,7.211,NA,47.6056661225373,32.0476374113968,NA
SOM,2013,143.2,44,47,48,393.3987039529792,12.88169384,7.14,NA,49.7134555846093,33.058251557305,NA
SOM,2014,138.6,46,48,49,429.43165672510173,13.15052128,7.061,NA,51.8635744481295,34.0748734228162,0.048
SOM,2015,134.3,48,50,50,445.583080073396,14.11613941,6.975,NA,54.0545936900229,35.0972405875154,NA
SOM,2016,130.2,49,51,51,460.928490585175,11.76618958,6.878,NA,56.284978016248,36.1250378584049,NA
SOM,2017,156.4,51,52,52,510.93995231772567,13.51753426,6.766,NA,58.5524158667796,37.1573619625344,NA
SOM,2018,136.4,53,53,53,509.49727380453385,12.7819252,6.662,NA,60.8552872098573,38.1938671112932,NA
SOM,2019,118.4,57,52,57,539.9548162116943,12.99074364,6.56,NA,63.1909737588395,39.2334053088705,NA
SOM,2020,114.7,55,52,55,518.1611333387503,12.79912567,6.453,NA,65.5578267078208,40.2756265135548,NA
SOM,2021,111,62,58,63,549.0569947562539,15.01879692,6.353,NA,67.9535994970856,41.3196817201459,NA
SOM,2022,143.1,71,69,72,573.1411657982293,16.31684875,6.255,NA,70.3763317867306,42.3649691614571,NA
SOM,2023,104.3,69,63,71,596.885985135589,22.37065506,6.132,2.75847005844116,72.8240641770805,43.4108945004739,NA
SOM,2024,101.1,70,64,71,629.5388994490074,NA,6.013,NA,75.294796457137707,44.4568438332571,NA
SSD,2000,180.1,NA,NA,NA,NA,NA,6.803,NA,NA,NA,NA
SSD,2001,171.1,NA,NA,NA,NA,NA,6.654,NA,NA,NA,NA
SSD,2002,162.2,NA,NA,NA,NA,NA,6.515,NA,NA,NA,NA
SSD,2003,153.7,NA,NA,NA,NA,NA,6.353,NA,NA,NA,NA
SSD,2004,145.8,NA,NA,NA,NA,NA,6.19,NA,NA,NA,NA
SSD,2005,138.4,NA,NA,NA,NA,NA,6.022,NA,NA,NA,NA
SSD,2006,131.5,NA,NA,NA,NA,NA,5.853,NA,NA,NA,NA
SSD,2007,124.9,NA,NA,NA,NA,NA,5.704,NA,NA,NA,NA
SSD,2008,118.7,NA,NA,NA,1654.211535465546,NA,5.569,NA,NA,NA,NA
SSD,2009,112.7,NA,NA,NA,1323.220687478618,NA,5.446,NA,NA,NA,NA
SSD,2010,107.2,NA,NA,NA,1498.2703498519422,NA,5.318,NA,NA,NA,NA
SSD,2011,102.3,61,62,66,1448.9843500640816,NA,5.193,7.3020601272583,40.2979213684027,6.98593579388276,NA
SSD,2012,98.9,63,59,67,1109.2605008340763,NA,5.061,NA,40.3182204862037,7.58007556158214,NA
SSD,2013,97.2,53,57,56,1650.1894335352792,NA,4.939,NA,40.3170036685797,8.20089254501599,NA
SSD,2014,182.6,50,54,52,1242.7345018103244,NA,4.818,NA,40.2950996381389,8.84915620851998,NA
SSD,2015,240.8,46,52,52,1080.1471862476544,NA,4.695,8.0513801574707,40.2538150385171,9.52607939004663,NA
SSD,2016,272.9,45,51,45,NA,NA,4.579,NA,40.1939250394891,10.2323689883362,NA
SSD,2017,292,52,56,60,NA,28.05690956,4.483,NA,40.1164221655228,10.968942628146,NA
SSD,2018,133.7,59,61,60,NA,31.12328529,4.37,NA,40.0226124064879,11.737005779493,0.041
SSD,2019,96.7,61,65,61,NA,35.18021774,4.26,NA,39.9136238003103,12.537597565608401,0.033
SSD,2020,96.7,67,69,65,NA,47.40253067,4.16,NA,39.7909332940047,13.0864589618101,0.043
SSD,2021,96.7,69,74,69,NA,34.78803635,4.047,NA,39.6554918601002,13.6458281034803,NA
SSD,2022,96.7,73,72,72,NA,48.03352737,3.964,NA,39.5092288005932,14.2167630894524,0.041
SSD,2023,96.7,73,72,72,NA,72.75582886,3.864,NA,39.6266422393655,14.3201319980044,NA
SSD,2024,96.7,73,72,72,NA,NA,3.785,110.429168701172,39.7494391327564,14.4282401482886,NA
STP,2000,82.2,82,69,87,529.0893834122617,49.63587952,5.157,NA,69.1887073923262,20.7903937086521,NA
STP,2001,76.7,92,75,90,518.88050130005,47.14751816,5.097,NA,69.6465271453616,21.9474707249804,NA
STP,2002,71.1,92,85,92,568.1025725227101,50.61143494,5.062,NA,70.122877439146,23.1391737283234,NA
STP,2003,65.7,94,87,94,663.6962118104944,71.20994568,5.013,39.3140983581543,70.5928591242701,24.3386290849609,NA
STP,2004,60.5,96,91,99,726.5608821304438,71.05591583,4.962,40.7657203674316,71.0518333467706,25.5404255353565,0.514
STP,2005,55.7,97,88,97,844.1691818842738,80.13071442,4.939,44.7436714172363,71.4990303925917,26.8577839135173,NA
STP,2006,51.1,97,85,97,861.9707076976637,57.2040329,4.933,NA,71.9349975867541,28.1835957707981,NA
STP,2007,46.9,97,86,98,878.8857919187451,59.71631241,4.957,48.4593505859375,72.3598122085936,29.5170578703442,NA
STP,2008,43.1,99,93,99,1081.868458472896,64.58831787,4.906,45.365550994873,72.7735646723353,30.857384929578,NA
STP,2009,39.5,98,90,99,1128.2804621330542,64.90551758,4.838,52.2087516784668,73.1759256432541,32.2032374350904,NA
STP,2010,36.2,98,92,98,1045.2095823452787,60.94829941,4.769,50.9835586547852,73.5674385311181,33.5544418305556,NA
STP,2011,33.2,96,91,96,1219.801890896708,69.45979309,4.718,52.2642288208008,73.9480124273014,34.9099928554753,NA
STP,2012,30.4,96,92,96,1192.0202911189003,86.29039001,4.664,59.7818183898926,74.3179711797514,36.2694678517073,NA
STP,2013,27.9,97,91,97,1382.5757842916,124.59179688,4.584,66.1306762695312,74.6744974780629,37.6279828671376,NA
STP,2014,25.5,95,92,95,1489.67633417608,118.70980835,4.485,77.0031433105469,75.018493599873,38.9858756147002,NA
STP,2015,23.3,96,93,96,1298.1094659639627,85.37828827,4.354,85.4740676879883,75.3502679497471,40.3427054934035,0.315
STP,2016,21.3,96,93,96,1434.8701805052076,109.73142242,4.203,87.7800827026367,75.6703085298352,41.6983508891345,NA
STP,2017,19.6,95,90,95,1555.794778128885,117.07767487,4.069,95.1290435791016,75.9790930081593,43.0527347494608,NA
STP,2018,18.2,95,95,95,1825.5997175396567,108.87628937,3.977,NA,76.2770612146702,44.4058041526004,NA
STP,2019,17.1,95,95,95,1935.2931816595997,106.86884308,3.9,NA,76.5646613120149,45.7575570286583,0.492
STP,2020,16.1,96,86,94,2167.220017969252,159.84396362,3.827,NA,76.8423036078909,47.1080132831109,NA
STP,2021,15.3,97,77,93,2362.5882724810217,187.06524658,3.759,NA,77.1104795429933,48.4573502739393,NA
STP,2022,14.7,92,82,89,2389.7372978473672,139.02836609,3.695,NA,77.5574116741511,48.5350542796998,0.464
STP,2023,14.1,87,87,85,2990.6606143534955,171.05166626,3.644,NA,77.7627440176423,48.6086612768342,NA
STP,2024,13.6,87,87,85,3490.5688348655713,NA,3.596,NA,77.957445837032,48.6785052753612,NA
SWZ,2000,112.5,84,92,87,1629.6703884281549,76.93126678,4.03,42.7815818786621,52.3827344327009,50.2519164138463,NA
SWZ,2001,115.7,84,93,87,1429.8563035944703,75.41345978,3.944,42.9482002258301,53.4258407035318,50.7480641733809,0.17
SWZ,2002,117,85,93,87,1315.7363464799394,74.66481781,3.854,43.8290100097656,54.4752825791537,51.2776269086054,NA
SWZ,2003,117.9,85,93,87,2015.2174306525103,131.40959167,3.796,43.1537284851074,55.5310495688809,51.8180236273176,0.15
SWZ,2004,118,86,93,88,2525.5640452625016,175.89544678,3.76,45.834659576416,56.5922875058508,52.3689358798259,0.159
SWZ,2005,117,86,93,88,2871.0687743744857,217.26066589,3.704,48.8366012573242,57.6602730930279,52.9308437622057,NA
SWZ,2006,106.4,87,93,88,2964.9586520068237,237.50752258,3.632,52.9540214538574,58.7341694131305,53.5034552326693,NA
SWZ,2007,100.3,87,94,88,3109.1109760886393,252.24301147,3.58,53.4239311218262,59.8325678287226,54.091290182986,NA
SWZ,2008,97.9,88,94,89,2946.860661374604,265.72091675,3.567,NA,61.0508081483967,54.7111665894608,NA
SWZ,2009,92.4,88,94,89,3189.796799566374,279.68212891,3.504,57.9981803894043,62.2691676110764,55.3293473329565,0.157
SWZ,2010,82.1,89,94,89,3922.740393907329,343.04284668,3.375,62.7447319030762,63.4875943995962,55.9457205621273,NA
SWZ,2011,67.6,91,87,85,4225.060494119111,365.25265503,3.317,64.7975387573242,64.7063885949655,56.5601896645653,0.098
SWZ,2012,62.7,95,88,92,4224.547891744865,340.03012085,3.266,66.9680328369141,65.8999215766669,57.1723082291424,NA
SWZ,2013,59.7,98,97,98,3949.94310039907,303.40438843,3.237,69.7378005981445,67.0946646886489,57.7849166217817,NA
SWZ,2014,60,98,97,98,3771.072283819378,282.43395996,3.181,73.5833206176758,68.290236770265,58.3979502299524,NA
SWZ,2015,57.5,90,89,84,3419.822765595284,250.71520996,3.122,76.7041397094727,69.4869405286673,59.0113147479488,NA
SWZ,2016,54.4,90,89,90,3238.176119613639,226.41770935,3.068,82.1736533366008,70.6869219395068,59.6244143156364,0.093
SWZ,2017,53.6,90,89,90,3853.099565696787,265.50152588,3.018,NA,71.889631274468,60.236840423133,0.18
SWZ,2018,50.4,90,85,90,3972.6545062035666,292.33929443,2.971,NA,73.0951527386502,60.8480464368627,0.238
SWZ,2019,51.5,90,81,89,3913.1457754733624,320.05084229,2.925,NA,74.3032304184965,61.4575194811054,NA
SWZ,2020,50.5,83,76,82,3466.5693627814517,236.99609375,2.888,NA,75.5136191882992,62.0647533053702,0.138
SWZ,2021,47.9,77,80,61,3984.002291743063,297.72213745,2.841,NA,76.7260694607932,62.6692355268683,NA
SWZ,2022,47.3,97,83,97,3894.162008986901,284.75802612,2.801,NA,77.9405822265556,63.2702587161203,0.561
SWZ,2023,46.2,85,85,76,3755.5211123246368,296.04562378,2.753,NA,79.1563791861863,63.8676533294277,0.557
SWZ,2024,45.1,84,85,70,3909.558923781816,NA,2.718,NA,80.3737107191052,64.4605026249554,NA
SYC,2000,13.8,98,97,98,8063.655005751688,340.23703003,2.08,89.2084808349609,93.566407764684,95.4940997507991,NA
SYC,2001,13.8,96,95,96,8153.298636987904,334.48275757,1.98,80.8181381225586,93.7397794837197,95.6912191218088,NA
SYC,2002,13.7,99,98,99,8864.169194954675,340.82293701,2.04,76.393440246582,93.9131512027555,95.8883384928185,NA
SYC,2003,13.8,99,99,99,9070.284607570127,394.09664917,2.06,79.4021224975586,94.0865229217912,96.0854578638281,NA
SYC,2004,13.8,99,99,99,10827.671636032956,444.24789429,2.01,80.9912414550781,94.259894640827,96.2825772348378,1.372
SYC,2005,13.8,99,99,99,11802.111827683288,457.77093506,2.2,87.5332717895508,94.4332663598628,96.4796966058475,1.165
SYC,2006,13.8,99,99,99,12782.993892647544,487.17950439,2.11,80.9504013061523,94.6066380788986,96.6768159768572,0.83
SYC,2007,13.9,99,99,99,12669.30266872219,428.61749268,2.24,90.0347366333008,94.7800097979343,96.8739353478668,0.995
SYC,2008,13.9,99,99,99,11265.437627000474,367.36502075,2.33,88.1114273071289,94.9533815169701,97.0710547188765,0.757
SYC,2009,14,99,97,99,9747.09180546291,310.96310425,2.38,87.4722290039062,95.1267532360059,97.2681740898861,1.1
SYC,2010,14.1,99,99,99,10934.79494629001,449.52416992,2.13,77.6830291748047,95.3001249550416,97.4652934608958,1.053
SYC,2011,14.2,99,99,99,12110.09374619728,457.16436768,2.3,76.9048643994834,95.4734966740774,97.6624128319055,1.103
SYC,2012,14.3,98,98,98,12337.155466938775,562.99871826,2.32,84.1715316772461,95.6468683931132,97.8595322029151,0.935
SYC,2013,14.4,98,97,98,14821.292147607652,545.24871826,2.21,89.2255892255892,95.820240112149,98.0566515739248,NA
SYC,2014,14.5,99,99,99,15188.190217511252,588.18261719,2.19,90.5354919053549,95.9936118311847,98.2537709449345,NA
SYC,2015,14.6,97,98,97,15333.105172710511,566.96704102,2.26,94.5454545454545,96.1669835502205,98.4508903159442,NA
SYC,2016,14.7,96,97,96,16566.994604229385,673.19622803,2.33,101.458499071864,96.2317404863787,98.6480096869539,1.849
SYC,2017,14.7,97,99,97,17480.365191137193,667.09515381,2.34,113.519952352591,96.2382549357375,98.8451290579635,NA
SYC,2018,14.8,99,96,99,18440.234046093155,685.10827637,2.34,106.99716713881,96.2447469000147,98.8746286644801,2.087
SYC,2019,14.8,99,99,99,19141.5118743615,675.47839355,2.31,100.954458685574,96.8604704263635,98.885830584073,1.869
SYC,2020,14.8,97,97,97,14041.47540745751,670.88684082,2.2,102.862543883338,97.0338421453993,98.8969906145227,NA
SYC,2021,14.7,94,94,94,14982.911148776711,629.85974121,2.38,104.61993016384601,97.2072138644351,98.8985665517452,3.634
SYC,2022,14.5,97,98,97,16836.672189538738,707.34448242,2.2,78.1369548584545,97.3805855834709,99.7,6.598
SYC,2023,14.3,97,93,97,18262.711584928707,766.28778076,2.18,75.8835758835759,97.5539573025066,99.7,NA
SYC,2024,14,94,97,94,17858.82263839782,NA,1.85,73.0632629394531,97.7273290215423,99.7,NA
TCD,2000,182.4,38,28,30,163.12166368336872,10.07452297,7.249,4.86319017410278,38.6325926482475,9.69267435850219,0.028
TCD,2001,179,26,26,26,194.32295331156047,11.64042854,7.231,5.92101001739502,39.2138920881582,9.7751135418566,NA
TCD,2002,175.6,25,25,31,219.06139195134935,18.01737785,7.201,6.716139793396,39.797511560643,9.85770983495689,NA
TCD,2003,172.3,23,23,36,289.08762112216766,18.0202446,7.179,7.23851013183594,40.3843409836693,9.94081082830359,NA
TCD,2004,168.8,22,16,31,445.8507671570869,27.74994278,7.16,7.58640003204346,40.9739132233023,10.0242446229249,0.035
TCD,2005,165.4,26,27,37,838.0921077125565,31.27608871,7.134,7.99178981781006,41.5662153725752,10.1080110721991,NA
TCD,2006,161.8,41,39,49,906.8972605727467,33.8651123,7.118,8.39060974121094,42.1612381034332,10.1921113947544,0.034
TCD,2007,158.1,29,31,38,980.4835314851032,34.0423584,7.092,11.3585796356201,42.759391223653,10.2767459840374,NA
TCD,2008,154.3,19,27,30,1166.3688345384062,36.89921951,7.063,12.1731004714966,43.3598104531509,10.3615175647599,NA
TCD,2009,150.5,26,36,32,1035.637196942538,34.82435226,7.021,13.3485803604126,43.9629137566651,10.4835847980319,NA
TCD,2010,146.7,40,46,43,1141.800692684123,35.26005936,6.99,13.3503582919367,44.5760310573362,10.6144013332631,NA
TCD,2011,142.9,33,54,40,1308.1421872538,37.35868073,6.948,13.9537990672367,45.1988546215139,10.7545443393763,NA
TCD,2012,139.3,40,63,51,1354.3434470193736,36.20247269,6.905,13.9380247654593,45.8314573063676,10.9048548883194,0.04
TCD,2013,135.8,39,57,46,1304.8874297147463,38.59413528,6.839,15.5360282192823,46.473095846077,11.0657152698931,0.042
TCD,2014,132.3,36,45,44,1278.7898142249378,42.16276169,6.781,14.2828502655029,47.123415071397,11.2377495765285,0.043
TCD,2015,128.7,42,46,52,993.99073061086915,33.82092285,6.706,13.880263310419,47.7824336610333,11.421878644262,0.048
TCD,2016,125,41,37,44,861.8317676307461,31.96038055,6.623,14.2798381653045,48.4497536859394,11.6187911677525,0.036
TCD,2017,121.4,41,37,44,854.4612004009803,29.9935894,6.537,14.0123630025093,49.124967257941,11.8291930674672,0.042
TCD,2018,117.6,47,41,45,948.6566298712312,31.2043705,6.464,13.9039225599097,49.8080053480297,12.0541194503815,0.05
TCD,2019,114,53,40,46,893.3364416433249,30.23690224,6.412,14.1967132658225,50.4980631195055,12.2940184363217,0.052
TCD,2020,110.6,55,45,51,866.9478148904094,37.73088074,6.346,NA,51.195378612918,12.5503209104072,0.058
TCD,2021,107.3,62,53,57,946.3585002083736,37.59156799,6.255,17.2672329408201,51.8991024750567,12.823518442494,0.056
TCD,2022,103.9,66,54,58,966.0364682785676,40.17007446,6.215,NA,51.9951528405103,12.9220668166821,0.082
TCD,2023,100.6,67,63,67,949.3334536745924,47.43893051,6.12,19.2402040168684,52.0983569633172,13.0279538007946,0.085
TCD,2024,97.3,68,66,67,961.5597556250602,NA,6.028,19.4390107130432,52.2090525523694,13.1415290614475,NA
TGO,2000,119.2,64,58,63,409.88980279276814,13.0541811,5.1652,19.6559391021729,45.8401052749538,8.03359662210635,NA
TGO,2001,115.7,50,40,51,396.6926545201353,13.04282379,5.12801,21.8023300170898,47.2066551581281,8.26404186167869,0.057
TGO,2002,112.2,59,48,58,445.23869148892504,14.65135479,5.09187,25.0553398132324,48.548643782428,8.49612982372265,NA
TGO,2003,108.8,72,68,72,538.1653777692896,17.7094574,5.047961,27.0041999816894,49.8657131320708,8.7296739646634,NA
TGO,2004,105.5,71,70,71,560.2663085333824,18.62999153,4.994707,28.7924709320068,51.0022965045224,8.96468393915561,0.043
TGO,2005,102.4,82,70,80,551.2598500170766,20.9699707,5.037823,30.9342098236084,51.9453319211915,9.61445795262473,NA
TGO,2006,99.3,84,78,85,552.5022712525598,22.74487495,5.076201,32.7757911682129,52.8533718752421,10.2925202802465,NA
TGO,2007,96.5,82,71,72,607.5878867213521,22.34309769,5.102,29.8247108459473,53.7264798079458,10.9986369472506,0.047
TGO,2008,93.7,81,63,80,718.9483867174725,26.89384079,5.100197,NA,54.5651625096366,11.7327806563873,0.055
TGO,2009,90.9,78,66,78,720.6937681514155,28.3035717,5.104276,NA,55.3677359070846,12.493855912589,NA
TGO,2010,88.3,83,68,83,704.986772286079,30.54597664,5.087324,NA,56.1360720615008,13.2824677060048,0.0506
TGO,2011,85.6,85,72,85,783.9889446716725,34.41139603,4.984234,NA,56.877895720393,14.1028173218821,NA
TGO,2012,82.9,84,72,84,762.3916237906903,35.40290833,4.853789,NA,57.5887896171643,14.9528006713975,NA
TGO,2013,80.2,84,72,84,826.5427999872268,39.56414795,4.753612,NA,58.2632949727303,15.8290583040509,NA
TGO,2014,77.7,84,77,82,855.5848092465744,41.96416092,4.701602,NA,58.9022839214157,16.7317561082878,NA
TGO,2015,75.2,82,75,82,751.0519875872484,46.92110825,4.661566,NA,59.5058666846818,17.6606158910418,0.047
TGO,2016,72.8,82,73,81,772.581357620609,50.878349300000004,4.633942,NA,60.0753126449292,18.6162879264339,0.044
TGO,2017,70.4,84,78,77,792.765700965864,51.5464592,4.576231,51.5055745468098,60.6102462342239,19.5982705218929,0.072
TGO,2018,68.1,82,73,60,851.1205612335951,52.43610382,4.513072,NA,61.1106166110229,20.6062840876452,0.074
TGO,2019,66,86,78,81,826.2552090197977,48.85387421,4.450408,NA,61.5763879815796,21.6400439153227,0.074
TGO,2020,63.9,85,75,85,863.4686658702757,52.75213242,4.386312,NA,62.0075237539343,22.6992561746885,0.079
TGO,2021,62,87,77,87,962.0751875158718,52.72237015,4.323871,56.962123807999,62.4040009740747,23.7836212231427,0.057
TGO,2022,60,86,79,82,951.2323786903866,55.79545593,4.253183,NA,62.7656132616006,24.8925910881783,0.08
TGO,2023,58.1,90,81,89,1055.0172787792565,59.60503769,4.192401,59.0849653049812,63.7824051013865,25.0297462105085,NA
TGO,2024,56.1,90,81,89,1119.3816050942892,NA,4.121673,NA,64.7862455498292,25.1681056691569,NA
TZA,2000,128,79,78,64,401.698150634766,12.33031845,5.67,NA,28.6115317838844,3.44646184127631,NA
TZA,2001,120.3,87,86,65,396.638732910156,15.1739912,5.617,NA,29.8677621346393,4.73290413603406,NA
TZA,2002,112.4,89,89,91,402.649047851563,17.0355854,5.57,NA,31.1241267343725,6.02169752992319,0.023
TZA,2003,105,95,97,97,422.18359375,20.39437675,5.578,NA,32.4757991553598,7.3420470245643,NA
TZA,2004,98.3,95,94,95,450.385284423828,23.4493866,5.597,NA,33.9471157006674,8.68990145112376,NA
TZA,2005,92.2,90,91,91,483.334869384766,27.71374512,5.579,NA,35.4283532789457,10.0407875300945,NA
TZA,2006,86.7,90,93,91,475.746734619141,35.59762955,5.511,NA,36.9195071413939,11.3955838103187,NA
TZA,2007,81.3,83,90,88,543.198303222656,36.23610306,5.403,NA,38.4195983532873,12.7548704063114,NA
TZA,2008,76.6,86,88,89,675.977233886719,36.26182556,5.324,NA,39.9290568171928,14.1197491698762,NA
TZA,2009,72,85,91,88,693.823547363281,33.9993782,5.26,NA,41.4454872812529,15.4903054261921,NA
TZA,2010,68.2,91,92,94,736.530151367188,37.18493271,5.225,28.6016407012939,42.9702242043012,16.8680409613497,NA
TZA,2011,64.6,90,93,88,775.392761230469,37.75179672,5.141,NA,44.5013525843349,18.2532282424589,NA
TZA,2012,61.7,92,97,90,861.969909667969,41.99654007,5.137,NA,46.0392257141693,19.6470733482155,0.031
TZA,2013,59,91,99,91,963.05712890625,43.46931839,5.156,31.0077818769829,47.5819698290827,21.049832968174,NA
TZA,2014,56.3,97,97,97,1022.74841308594,39.85456848,5.122,29.0062999725342,49.1277716374045,22.4616949820223,0.06
TZA,2015,54.3,96,95,93,939.127319335938,33.27184296,5.025,25.9106006622314,50.6761681803936,23.8834363913571,NA
TZA,2016,52,92,83,89,953.0107421875,36.65267563,5.006,25.6934364827346,52.2258564710625,25.3153858621226,NA
TZA,2017,49.8,90,90,89,986.674011230469,39.03767014,4.988,26.6423516825531,53.7768153446022,26.7585271322434,NA
TZA,2018,47.6,89,88,82,1023.10626220703,41.27171326,4.932,29.1602013185307,55.3281861083023,28.2133927251419,0.05
TZA,2019,45.6,91,89,87,1063.32250976563,39.97783661,4.866,31.1972029418227,56.8787467857379,29.6802357492442,NA
TZA,2020,43.8,91,87,61,1117.41528320313,31.7036171,4.801,32.1652787700855,58.4288709914851,31.1602899873696,NA
TZA,2021,41.7,86,80,64,1159.85656738281,37.53121185,4.734,29.2047595977783,59.9769893426504,32.6535108479798,NA
TZA,2022,40.1,87,84,82,1207.52062988281,35.93323135,4.671,NA,61.5231007781577,34.1608687863697,0.134
TZA,2023,38.5,83,84,80,1224.00219726563,36.25619888,4.606,NA,63.0660884066509,35.6824982712263,NA
TZA,2024,37,83,84,80,1186.71691894531,NA,4.541,NA,64.6059619473789,37.2193614570345,NA
UGA,2000,143.9,52,57,55,258.05033873108596,16.42602158,6.788,NA,26.2357051861037,14.7116633613524,NA
UGA,2001,137.2,55,59,56,236.02118885399335,15.99579906,6.757,NA,27.5298826781499,15.1044104366213,NA
UGA,2002,129.9,57,62,57,241.9846884083346,15.74441719,6.735,NA,28.8504493952135,15.4966529446954,0.047
UGA,2003,122.1,59,64,57,250.7154366468096,14.23364067,6.671,NA,30.1967437598834,15.8883472908915,NA
UGA,2004,114.2,62,66,58,292.38185796262013,18.60707474,6.612,16.8686599731445,31.5685635634506,16.2795981231902,0.081
UGA,2005,106.5,64,68,59,330.40540270702513,25.86819267,6.525,NA,32.9633010331223,16.6697698999299,0.12
UGA,2006,99.2,64,75,62,346.5182553106472,31.60310555,6.429,NA,34.3826242141433,17.0595600245412,NA
UGA,2007,92.5,73,75,70,401.3891308655809,36.10126495,6.326,21.5002498626709,35.824381726143,17.4484827686049,NA
UGA,2008,86.4,71,70,69,472.8426814958519,40.04308701,6.202,NA,37.2887308722368,17.8367866196346,NA
UGA,2009,81.2,79,77,78,798.9470899382466,44.3670578,6.124,NA,38.7739967915564,18.2241387733923,NA
UGA,2010,76,80,73,79,823.488144282,51.88574982,6.019,NA,40.2802562427772,18.6107811745522,NA
UGA,2011,70.9,82,75,79,835.620060555838,55.2076683,5.885,NA,41.8062522892618,18.9965285314938,NA
UGA,2012,66.5,83,80,79,795.222867553127,55.03918457,5.729,NA,43.3515394345294,19.3814718588075,0.098
UGA,2013,62.8,84,83,78,818.2854274167128,52.906353,5.563,NA,44.9140772703055,19.7651604775123,NA
UGA,2014,60.2,85,85,78,896.0547955463935,50.957798,5.408,NA,46.4945464801436,20.1480923027985,NA
UGA,2015,57.9,89,79,85,862.9346103558107,40.09843445,5.251,NA,48.0912598324733,20.5299518497404,0.097
UGA,2016,55.6,93,79,88,752.6965717256556,39.08125305,5.112,NA,49.7026063632453,20.9104342628765,NA
UGA,2017,54,94,83,90,765.2183322973606,31.43818092,4.987,NA,51.32772813986,21.2895047336164,0.172
UGA,2018,52.7,93,86,88,792.1657002281404,32.9515686,4.867,NA,52.9651082839112,21.6668720905552,NA
UGA,2019,51.6,93,87,92,822.1711500363574,33.36559677,4.744,NA,54.6148662999288,22.0428914452572,NA
UGA,2020,50.9,89,89,88,845.7664638901235,44.733818050000004,4.621,NA,56.2751724073816,22.4171466106688,0.158
UGA,2021,50.2,91,90,91,882.7917175425043,51.03484726,4.51,NA,57.9452003284678,22.789614286416,NA
UGA,2022,50,89,90,90,963.0673141171784,44.47286224,4.388,NA,59.6243670283511,23.1603896161507,0.191
UGA,2023,49.4,91,90,89,1002.3091391714248,45.21318436,4.283,NA,61.3115234168033,23.5293222340079,NA
UGA,2024,48.7,91,90,89,1077.912784528169,NA,4.165,NA,63.0058015721971,23.896386630237,NA
ZAF,2000,71.4,73,72,71,3217.8469344846712,236.08114624,2.413,78.8097229003906,85.9559975488844,60.4973716866815,NA
ZAF,2001,74.5,71,69,71,2847.1519194590805,202.81065369,2.373,78.0145492553711,86.4622424726781,61.2759508701069,NA
ZAF,2002,77,70,65,70,2688.2367603280636,179.5135498,2.324,77.7871627807617,86.9757383414211,62.0623724472109,NA
ZAF,2003,79.2,69,62,70,4062.217559937858,286.01998901,2.358,78.6594009399414,87.4856409014173,62.8465144848753,NA
ZAF,2004,80.7,74,63,73,5221.463337317212,362.28662109,2.436,81.676643371582,87.9864909045076,63.6233578866547,0.711
ZAF,2005,79.8,81,64,75,5836.876633251265,400.5355835,2.512,83.6589126586914,88.4775318362901,64.3920939153514,NA
ZAF,2006,76.9,84,69,79,6077.382933888757,417.91174316,2.548,86.9986190795898,88.9593651216847,65.1530628772458,NA
ZAF,2007,71.2,85,68,79,6591.85535960564,455.17498779,2.545,88.3999176025391,89.4320344752116,65.9061304060194,0.679
ZAF,2008,63.7,82,73,77,6184.754743283988,442.10626221,2.679,86.5697708129883,89.895824706748,66.6513463502515,0.679
ZAF,2009,56.9,81,77,75,6374.705600429925,487.62774658,2.501,88.9015884399414,90.3498541806487,67.3878839823923,0.69
ZAF,2010,50.3,77,72,72,7973.471957715169,621.41906738,2.445,89.7639740301445,90.7948993263466,68.1161861329021,0.705
ZAF,2011,45.6,75,77,71,8646.055710716348,686.87243652,2.436,92.0261077880859,91.2307992186561,68.8359875393952,0.709
ZAF,2012,43.1,71,79,69,8076.976784797406,646.49920654,2.447,95.4333724975586,91.6578231075925,69.5473276761195,0.715
ZAF,2013,41.4,81,78,79,7331.654673849192,593.80157471,2.428,NA,92.0754416048639,70.2497373907273,0.729
ZAF,2014,39.7,85,84,85,6856.731370925222,539.30780029,2.424,106.209579467773,92.4843371456174,70.9435261806792,0.74
ZAF,2015,38.2,85,86,85,6112.273824859742,491.90652466,2.359,104.541397395068,92.2766813341795,71.6284763129344,0.763
ZAF,2016,36.8,85,84,85,5651.205851657492,456.56936646,2.261,109.660301208496,92.0633898282653,72.3045193020221,0.753
ZAF,2017,35.7,84,81,84,6618.335082557006,527.52026367,2.283,110.607490539551,91.844654961916,72.9715054204693,0.775
ZAF,2018,34.9,82,81,82,6914.178031807599,558.80145264,2.27,105.538677930271,91.6208678269317,73.6294078282668,0.742
ZAF,2019,34.3,85,83,85,6533.711210328561,538.80438232,2.264,107.597072310067,91.3923995625225,74.2781920666219,0.779
ZAF,2020,33.9,84,84,84,5580.603830751887,503.46759033,2.257,108.468464029139,91.1598368082793,74.917857781457,NA
ZAF,2021,34,86,87,86,6828.756245900167,592.9465332,2.248,111.094585540701,90.9231026021655,75.5483071505453,0.781
ZAF,2022,34.3,85,86,85,6534.248677833969,570.48028564,2.227,108.68396751263,90.6825361107103,76.169562634684,0.794
ZAF,2023,34.8,79,80,79,6034.272089646732,536.58843994,2.216,107.464974022043,90.4386965804708,76.7816295496925,NA
ZAF,2024,35.1,74,76,74,6267.186814093005,NA,2.205,NA,90.1916801364739,77.384521067613,NA
ZMB,2000,151.8,85,85,85,359.4295009882214,14.80953312,5.921,NA,46.2307991562581,21.0415384052929,NA
ZMB,2001,143.2,85,84,86,396.5489529935036,18.94953918,5.848,NA,47.3291576082813,21.6786889419233,NA
ZMB,2002,132.9,84,84,85,393.86462551861615,23.19246864,5.774,NA,48.5669310132522,22.413804959209,NA
ZMB,2003,122.1,83,84,85,446.2901048390412,26.75762367,5.71,NA,49.794666240805,23.1443864562221,NA
ZMB,2004,111.7,83,85,84,548.6859745662773,29.99057961,5.698,NA,51.0123240914284,23.8700357388516,0.132
ZMB,2005,102.7,82,85,84,710.9820681716964,44.99598694,5.697,NA,52.2193583121082,24.5900224977226,0.055
ZMB,2006,94.8,81,85,83,1051.717148956864,58.68175507,5.679,NA,53.4162602894897,25.3042918374618,0.054
ZMB,2007,89.1,80,93,77,1118.7316262695265,51.02414322,5.613,NA,54.6025079939217,26.0121310175446,NA
ZMB,2008,84.2,87,87,90,1375.5021100699742,61.82287216,5.53,NA,55.7790386634547,26.7137426857946,0.061
ZMB,2009,78.4,94,90,93,1136.2416831684773,59.38909531,5.453,NA,56.943932113866,27.4075582632773,0.059
ZMB,2010,74.3,83,96,80,1451.1061601715494,59.98767853,5.359,NA,58.0990602531588,28.094335855896,0.06
ZMB,2011,71.8,81,83,83,1624.8681776344254,64.3181076,5.256,NA,59.2434638607951,28.7731031923329,NA
ZMB,2012,69.2,78,82,70,1710.0506134372813,69.17604828,5.136,NA,60.3793166829556,29.4446855204494,NA
ZMB,2013,66,79,80,74,1820.718548273905,83.29361725,5.014,NA,61.5068944546716,30.1087309769234,NA
ZMB,2014,62.6,86,85,78,1707.485731366938,65.39261627,4.89,NA,62.6251910477069,30.7641759274322,NA
ZMB,2015,60.2,90,90,90,1295.877886800678,57.38765335,4.775,NA,63.73489906676,31.4108659962422,NA
ZMB,2016,57.1,95,97,91,1239.0852787771328,55.39532089,4.669,NA,64.8350544845437,32.0477720583314,0.09
ZMB,2017,55.2,94,96,92,1483.4657732806522,70.93283844,4.567,NA,65.9259259812071,32.674491350081,NA
ZMB,2018,54.7,90,94,90,1463.8999785559306,69.82767487,4.492,NA,67.0073710429066,33.2903966380539,0.224
ZMB,2019,53.5,88,93,89,1258.9861984446204,85.02349854,4.418,NA,68.0788852086192,33.8947045843208,0.237
ZMB,2020,52.5,84,96,83,951.6443166559574,60.01779938,4.323,NA,69.1403580014109,34.4868129715486,0.253
ZMB,2021,50.4,91,90,87,1127.1607787285725,74.83802795,4.246,NA,70.2228298527718,35.2442051458646,0.295
ZMB,2022,49.5,92,88,94,1447.1231013803465,75.40128326,4.175,NA,71.2958879569683,35.9950584575439,0.324
ZMB,2023,49.1,90,83,91,1330.7278057670908,79.55635071,4.101,NA,72.3590047817849,36.7391328457853,NA
ZMB,2024,48.4,91,88,90,1187.1094335006403,NA,4.036,59.0707702636719,73.4120376414689,37.4763362189112,NA
ZWE,2000,99.4,78,75,78,562.8337574960761,NA,4.009,36.0074195861816,67.9217425252817,44.5170067494269,0.126
ZWE,2001,96.3,75,73,76,566.3887464488722,NA,3.983,38.1507797241211,68.0887310014955,44.632782507168,NA
ZWE,2002,93.8,71,70,73,524.936478570323,NA,3.925,37.539421081543,68.2658520764718,44.8209715461033,NA
ZWE,2003,91.9,68,68,70,468.4719329272126,NA,3.862,35.9403114318848,68.2300192515317,44.8625993105655,NA
ZWE,2004,91.2,65,66,67,469.7192989493038,NA,3.776,NA,68.1605611787825,44.881689855498,0.169
ZWE,2005,91.6,68,67,69,461.2713875479115,NA,3.693,NA,68.0898216410004,44.2555884952354,0.121
ZWE,2006,87.6,70,68,71,431.0349944149641,NA,3.635,NA,68.0173816965522,43.6313729086374,NA
ZWE,2007,90.6,73,69,73,413.52124459292514,NA,3.677,NA,67.943621136193,43.0093163519356,0.0544
ZWE,2008,91.1,75,70,75,340.9174475885724,NA,3.783,NA,67.8681221478377,42.3891736287953,0.0596
ZWE,2009,89.8,73,76,69,735.821693871697,NA,3.95,NA,67.7912667588109,41.771197354799,0.115
ZWE,2010,85.2,89,90,89,902.0107590673878,94.44809723,4.04,NA,67.7126398227238,41.1551654585239,0.121
ZWE,2011,77.2,93,92,93,1037.775651572176,83.82868195,4.126,NA,67.6326265386138,40.5413099103148,0.078
ZWE,2012,68,95,97,95,1239.2270974570858,85.69155121,4.134,73.0986641244537,67.550802949421,39.929425197268,0.077
ZWE,2013,62.6,95,93,95,1362.9949832336792,96.86148834,4.111,50.8856201171875,67.4675567678249,39.3197220289687,0.08
ZWE,2014,59.8,91,92,92,1372.9152617316138,111.61201477,4.011,NA,67.3943560141551,38.7170842481052,0.119
ZWE,2015,59.2,87,86,88,1387.1263259502578,103.31652832,3.911,NA,67.3315481450838,38.1206484665361,0.174
ZWE,2016,57.5,90,95,90,1408.1394525343117,102.15909576,3.828,NA,67.2786727528728,37.5291927779865,0.172
ZWE,2017,56.7,89,90,89,3445.449410201338,91.87199402,3.768,NA,67.2356795993569,36.9416715486173,0.179
ZWE,2018,56.3,89,88,89,2270.895318743022,114.76815033,3.744,NA,67.2029312965769,36.3571595127659,0.201
ZWE,2019,58.6,90,85,90,2184.329238554689,55.10725403,3.748,NA,67.1795926488522,35.7743353702206,0.123
ZWE,2020,61.7,86,85,86,2059.674453844988,51.14250565,3.754,NA,67.1664236498224,35.1923620543494,0.128
ZWE,2021,62.4,88,88,88,2613.6054208355185,60.89874268,3.765,NA,67.162605340134,34.6099501611517,0.136
ZWE,2022,64,90,90,90,2536.4005022307556,68.90727997,3.767,NA,67.1689083918982,34.6178594063559,0.127
ZWE,2023,64.2,90,90,90,2195.2249207924506,62.92946243,3.724,NA,67.1849190325683,34.6283464803415,0.136
ZWE,2024,64.7,91,90,91,2497.203322087631,NA,3.674,NA,67.2110209689938,34.6414985324477,NA
