iso3,year,u5mr,dtp3,mcv1,pol3,gdp_pc,health_exp_pc,fertility,basic_water,basic_sanitation,log_gdp_pc,log_health_exp_pc
AGO,2000,185,31,41,21,563.733795571487,13.15998554,6.639,37.8422368865436,33.8004076625916,6.334582146406409,2.577180827112373
AGO,2001,176.3,42,72,28,533.5862024124473,29.26095772,6.601,38.3388157469695,34.2558546036306,6.279620636719215,3.376254126430208
AGO,2002,166.4,47,74,22,999.065855913758,29.37077141,6.567,38.8353924997189,34.7112995930867,6.906820698311399,3.3800000101022394
AGO,2003,155.5,46,62,21,1133.663319606071,35.2206955,6.533,40.3965157225134,35.7566857674784,7.033209543914325,3.5616338501757534
AGO,2004,143.7,47,64,18,1451.471178724934,50.23310852,6.499,41.9772367862102,36.8026608112345,7.28033292706702,3.9166743415727727
AGO,2005,131.5,47,45,14,2145.8862109632746,54.66142273,6.461,43.5743439976406,37.8465318357126,7.671307898002575,4.0011582088841955
AGO,2006,119.8,44,48,8,2930.444286073203,70.28185272,6.419,45.0139996038983,38.7338819151989,7.982909323988003,4.2525136249520745
AGO,2007,109,43,58,43,3515.0567898653467,93.42698669,6.372,46.4686546771725,39.6205689404056,8.164810960548206,4.537180240224389
AGO,2008,99.2,45,58,44,4578.155264515174,136.34094238,6.32,47.9390179800655,40.5073529931406,8.429051415296765,4.915158677895495
AGO,2009,90.7,47,58,44,3645.1484656297575,120.5289917,6.26,49.4231763682417,41.3926874563562,8.20115237492458,4.791890319013116
AGO,2010,83.4,49,59,45,4101.637155667117,96.95197296,6.194,50.922281472487,42.2777189153195,8.319141479251144,4.574215731765248
AGO,2011,77.2,50,59,45,5184.152691499118,122.11888123,6.12,52.4357414255652,43.1620627220945,8.553361691977027,4.804995006589862
AGO,2012,72,52,59,47,5702.453062774339,121.84848022,6.039,53.962934811933,44.0453181222275,8.648651723133758,4.802778307445218
AGO,2013,67.9,54,59,46,5688.57916215215,142.78450012,5.953,55.5032279600653,44.9270819739207,8.6462157880563,4.961336501437281
AGO,2014,64.5,55,56,55,5649.687624691393,130.5861969,5.864,57.0569115656449,45.8077399649675,8.639355534946827,4.872033521363958
AGO,2015,61.8,57,52,57,3641.72893919944,107.52857208,5.774,58.6196312007677,46.6837650963553,8.200213831158477,4.677756599043364
AGO,2016,59.6,59,49,56,2051.81462126253,94.01481628,5.686,60.1920620185519,47.555908833618,7.626479861694373,4.543452389849277
AGO,2017,57.9,58,47,52,2790.718868697683,112.75364685,5.6,61.7735122104541,48.4237656848917,7.934054500658451,4.725205322427341
AGO,2018,56.5,67,56,64,2860.093648368199,83.87555695,5.519,63.3627907388021,49.2865229934191,7.958609647462504,4.42933423550825
AGO,2019,55.3,64,59,61,2493.678844401766,64.4466095,5.442,64.1599110373067,49.5470237290202,7.821514346657857,4.165837121329578
AGO,2020,54.2,59,54,59,1759.356199182642,56.01641846,5.371,64.9440305436538,49.8016376564917,7.472703225193597,4.025644834550016
AGO,2021,53.2,55,48,53,2303.908126627765,66.94487,5.304,65.716257719435,50.0511353702384,7.742362145425141,4.203869444854859
AGO,2022,51.9,54,50,54,3682.113151369797,103.94506073,5.209,66.47632731978,50.2951359158799,8.211242092274068,4.643862497350193
BDI,2000,152.4,80,72,72,134.53786175238898,5.67927122,6.872,49.9050035081871,45.8832028889367,4.90184565944596,1.7368229181630694
BDI,2001,147.5,81,73,73,132.15955454193212,7.50815582,6.849,50.6076370665848,45.9762261657477,4.884009939170227,2.0159898723714504
BDI,2002,142.3,81,75,74,120.95230857546832,6.46998882,6.819,51.3135864667635,46.0714530473161,4.795396323897183,1.867174380536046
BDI,2003,136.6,82,76,75,111.4066828043908,5.87316799,6.785,52.0224447392286,46.1690271798233,4.7131873149613215,1.7703941799113123
BDI,2004,130.4,83,78,76,125.19496518453332,8.88248062,6.746,52.7341459347256,46.0744530371063,4.829872243676342,2.1840808670924834
BDI,2005,123.7,87,87,82,147.23461929422513,11.13118172,6.708,53.4486364755219,45.9780778470214,4.992027364065745,2.409750333955045
BDI,2006,116.6,92,92,88,161.89275564031908,14.10514736,6.659,54.1661932522389,45.8797490696037,5.086934113791907,2.646539791758479
BDI,2007,109.5,99,88,93,166.16274490675522,15.26294613,6.588,54.8864129509112,45.7793823625363,5.1129676990917075,2.7254280694764517
BDI,2008,102.6,92,84,89,189.50207457076775,14.67025566,6.515,55.6098997229937,45.6767816936833,5.244399972065552,2.685822019405898
BDI,2009,96.1,94,91,96,198.43152404822504,18.31996346,6.409,56.3355825265759,45.5719158266356,5.290444073600978,2.9079913647025104
BDI,2010,90.2,96,92,94,216.72770530197636,24.45114708,6.26,57.0647160568921,45.4645083129414,5.378641751325205,3.196677130157814
BDI,2011,84.7,96,93,95,230.0697613811321,23.16802216,6.108,57.7968901680733,45.354450786345,5.438382573286658,3.1427729726945612
BDI,2012,79.6,96,93,96,231.09878781150672,20.01195908,5.991,58.5316929409599,45.2416177840798,5.442845271968036,2.996330048850732
BDI,2013,74.9,96,98,96,234.8447701508713,20.26322556,5.889,59.2700188901238,45.125751746761,5.45892474333372,3.0088076944404434
BDI,2014,70.6,95,94,95,250.54449215518548,18.06601143,5.794,60.0108002103421,45.0067757440714,5.523636518147482,2.8940323514076245
BDI,2015,66.9,94,93,94,254.4025852267877,17.67629051,5.695,60.754598685409,44.8844503584829,5.538917993469317,2.872224222412911
BDI,2016,63.7,94,93,94,232.9378121001527,18.59472847,5.587,61.5013152508053,44.7585847024572,5.450771517083614,2.922878124957969
BDI,2017,60.9,91,90,91,246.06072571418372,19.16676521,5.481,62.2508547109649,44.6289841238283,5.50557835796598,2.9531778005132825
BDI,2018,58.5,90,88,90,245.6616783320092,18.67819214,5.38,63.0031105309043,44.4954380894811,5.503955298017958,2.9273566476032418
BDI,2019,56.2,93,92,93,234.31061590724977,22.2435379,5.271,63.7579908768374,44.3577388229315,5.4566476535238175,3.1020515349681905
BDI,2020,54.3,93,90,93,255.8324539388995,26.21934319,5.177,64.4028716190814,44.4548070620661,5.544522753414955,3.266497428059937
BDI,2021,52.3,94,90,94,264.98037926965486,23.11420059,5.078,65.0493033882129,44.5545225988873,5.579655782753221,3.140447172805807
BDI,2022,50.3,91,89,91,302.99250526355235,25.52155113,4.98,65.6975597350143,44.6569603684061,5.713708070099663,3.2395232375856144
BDI,2023,48.7,89,86,89,250.62725309725457,28.14028931,4.878,65.8069881708757,44.6456125902738,5.523966787934658,3.3372023327279203
BEN,2000,135,78,70,78,487.4241413842425,14.42371464,5.937,61.053428974703,8.52812393636387,6.189134670912873,2.6688737020114726
BEN,2001,131.7,76,68,77,492.401499509072,16.26979828,5.848,61.4110451186381,8.93975126867492,6.199294439612469,2.789310522875046
BEN,2002,128.5,75,66,76,546.4638296581587,16.9179287,5.793,61.7826864714812,9.37391256843619,6.303468119988287,2.82837392942679
BEN,2003,125.4,73,65,75,676.0028780842815,21.06955719,5.763,62.177768242791,9.83877331929082,6.516197333555027,3.0478292114585686
BEN,2004,122.5,72,63,74,758.6958037863709,24.52665329,5.718,62.5694755970266,10.3155921363995,6.631600911534442,3.1997604156156
BEN,2005,119.7,70,61,73,779.4377777532677,25.12485313,5.692,62.9572986699117,10.8039533008181,6.65857286203182,3.2238575207900153
BEN,2006,117,74,66,76,809.1470725062209,26.60264206,5.673,63.3414202893598,11.3039620341641,6.695980695969846,3.281010536419106
BEN,2007,114.4,82,70,82,912.3382471883424,26.79680061,5.627,63.722003378885,11.8157291558234,6.8160108063884,3.2882825001665443
BEN,2008,112,75,66,77,1060.6025450209872,28.12486076,5.548,64.0987736405784,12.3390077692944,6.966592464305079,3.3366539097567736
BEN,2009,109.7,79,71,80,1024.1027785811184,29.69425583,5.491,64.471280030876,12.8733600744969,6.931572170270875,3.3909536207059183
BEN,2010,107.4,76,68,77,973.2442549315264,29.37720871,5.452,64.8398943690565,13.4190757934874,6.880635083500141,3.3802191597653466
BEN,2011,105.1,75,70,77,1059.413588525885,31.76816368,5.436,65.2045676976255,13.9760843860142,6.965470815652561,3.4584646461702477
BEN,2012,102.9,80,74,80,1071.5258366282956,32.95616913,5.429,65.5652472683148,14.5443123134086,6.9768389272018325,3.495178470434349
BEN,2013,100.6,77,68,73,1168.926992792259,33.53426743,5.41,65.9215151449037,15.1233051054282,7.063841506820585,3.512567824374972
BEN,2014,98.4,74,65,71,1204.39918670094,32.41182327,5.374,66.2745990254867,15.7143302277075,7.0937361213341354,3.4785232719734687
BEN,2015,96.1,74,67,72,1002.4188687961384,27.34733391,5.32,66.6240261475915,16.3169481534553,6.910171227024148,3.3086190436777065
BEN,2016,94,78,68,73,1010.533896199298,36.58565903,5.254,66.9697053582587,16.9310972411709,6.918234080268519,3.5996563338405525
BEN,2017,91.8,76,65,72,1054.9740806681434,38.75862122,5.155,67.3115299235489,17.5567124078682,6.961271477521299,3.657353214150436
BEN,2018,89.4,74,61,70,1151.7409703472013,39.54786301,5.031,67.6494113960798,18.1937303852969,7.049029963843641,3.677511660136908
BEN,2019,87,72,58,69,1130.8213533979497,33.9457283,4.9,67.9832516982572,18.8420840944928,7.0306995090846804,3.5247630228187794
BEN,2020,84.6,70,54,67,1200.1942655778937,36.62052536,4.795,68.3129505616936,19.501704357901,7.090238710655225,3.600608885402333
BEN,2021,82.2,70,53,68,1318.6515807519838,38.45053101,4.707,68.6381245479094,20.1721169387367,7.184364963729971,3.6493725062594113
BEN,2022,79.6,69,52,69,1266.4271103190442,37.76291275,4.634,68.9589815769274,20.853650768615,7.143954915727942,3.631327476808634
BEN,2023,77.2,69,52,69,1394.1778472183137,46.52822113,4.556,69.2752913846942,21.5460291941212,7.240060163683712,3.8400590345218375
BFA,2000,176,45,48,45,248.90852692175216,10.00902748,6.519,55.6390919539438,8.8416258208353,5.517085467210815,2.303487433762137
BFA,2001,171.9,62,63,62,259.48522338043597,10.27519512,6.431,55.8329037014079,9.13087025476494,5.558699758327369,2.3297327499830165
BFA,2002,167.3,69,64,69,285.65408763753277,11.93992615,6.339,55.6114304370044,10.0598427351821,5.654781595019188,2.479887922853201
BFA,2003,162.3,79,76,83,362.3738999969534,16.02656555,6.28,55.3903115715643,11.0080883489168,5.892676551699312,2.774247692262733
BFA,2004,156.8,79,78,83,403.8128374346103,21.12279129,6.216,55.1712862578843,11.9759949734472,6.000951496940038,3.050352613457527
BFA,2005,150.8,82,84,94,441.16414801601206,21.34285545,6.182,54.9540483069105,12.9610876994314,6.089417023914398,3.060717044326131
BFA,2006,144.4,86,88,94,455.5136556200242,23.55202866,6.17,54.7404102452083,13.9636797865369,6.121425695657938,3.1592119594275188
BFA,2007,138.1,89,94,93,514.6844511772381,29.72483063,6.11,54.4775122533974,14.9188541884319,6.243553996715776,3.3919827446632196
BFA,2008,132.1,93,94,92,619.4375332562643,30.76880074,6.05,54.1709291046909,15.8385590424802,6.42881186185477,3.426501213598781
BFA,2009,126.5,92,94,91,601.5695206718585,31.26260567,5.992,53.8607620569165,16.7713190117343,6.399542107575346,3.4424226762859895
BFA,2010,121.3,91,92,90,624.9572522247657,33.05819321,5.936,53.5481792484168,17.717348101652,6.4376832509568835,3.4982694390542814
BFA,2011,116.6,91,89,90,725.0247677254749,33.70409393,5.869,53.2337210751368,18.6760821491649,6.58620581665112,3.5176193115823975
BFA,2012,112.3,90,87,90,731.470138867833,33.66717529,5.793,52.9175711215547,19.6465931645733,6.595056397846815,3.5165233356827934
BFA,2013,108.2,88,82,89,759.7620651684981,42.26796341,5.697,52.6002657451869,20.6283173579476,6.633005312116349,3.7440294329117116
BFA,2014,104.3,91,88,91,764.8616751062254,38.24516678,5.595,52.2827255201391,21.6210077487698,6.6396950006225905,3.6440171935958023
BFA,2015,100.8,91,88,91,630.124750752312,32.3375206,5.478,51.9651331528119,22.623723352134,6.445917816849948,3.4762281845432548
BFA,2016,97.4,91,88,91,663.7423648428855,39.50990677,5.331,51.6480569278797,23.6358671659231,6.497894069428422,3.676551444764732
BFA,2017,94.1,91,88,91,709.0915358946953,43.37775803,5.17,51.3308302109352,24.6558918981723,6.5639846238329795,3.76994682195159
BFA,2018,91,91,88,91,777.465618514048,38.48573303,4.921,51.0143648746902,25.6835548762607,6.6560394225149215,3.6502876019661175
BFA,2019,88.1,91,88,91,764.8530777749462,41.06895828,4.681,50.6996167671279,26.7185691114763,6.639683760185426,3.715252563147148
BFA,2020,85.1,91,88,91,825.2370387824751,57.17589188,4.44,50.3862637931321,27.7597483878875,6.715670664802603,4.046132338912671
BFA,2021,82.4,91,88,91,895.5352884429909,63.59171295,4.361,50.0752719507407,28.8068022658045,6.797421627137521,4.152483162328053
BFA,2022,79.8,91,88,91,827.3308434866611,64.38339996,4.275,49.7662606215165,29.8585926182987,6.718204667607621,4.164855835287031
BFA,2023,77.4,91,88,91,873.4825896510025,71.73455048,4.186,49.4606606678806,30.9150753845811,6.772488197665115,4.272972507133563
BWA,2000,79.8,97,91,97,3450.811806229918,206.93144226,3.294,75.45956642678,53.7395555164228,8.146364788498854,5.332387541595998
BWA,2001,79.3,97,91,97,3206.071236898528,203.01203918,3.248,75.7549489796856,54.7451404334018,8.072801552791177,5.313265283588657
BWA,2002,77.9,97,92,97,3117.250871830112,206.11392212,3.175,75.9139062526894,55.6040876882088,8.044706761555897,5.328429035930374
BWA,2003,76.7,96,92,96,4230.123269099257,269.58544922,3.106,76.0519848505784,56.4322629301627,8.349986413246745,5.59688540584572
BWA,2004,75.7,96,93,96,4956.692877352137,297.2512207,3.063,76.1888838062927,57.2488048403831,8.508494038738244,5.694577642206697
BWA,2005,70.8,96,93,96,5391.070766196335,281.38796997,3.082,76.3234089658612,58.0524375220249,8.592499302094568,5.639734393126795
BWA,2006,66,96,94,96,5291.583791448487,258.01873779,3.114,77.3793746447191,58.8441205990319,8.573872873511586,5.553032209377421
BWA,2007,64.3,96,95,96,5529.125746325323,305.22042847,3.127,78.8176379061459,59.9949103231663,8.617784989129653,5.721034231868833
BWA,2008,63.7,96,95,96,5503.073953143129,324.54284668,3.131,80.2083565652811,61.1111581446206,8.613062115665286,5.782417566503254
BWA,2009,60.6,96,96,96,5082.933883324043,336.53146362,3.133,81.548204891568,62.1889472021203,8.533643909950156,5.818691647299127
BWA,2010,58.4,95,96,96,6215.732160779186,389.55178833,3.135,82.8396938380661,63.2298770256248,8.734838802441402,5.964996817524897
BWA,2011,58.8,95,97,96,7287.382953349189,427.70709229,3.103,84.0822411614888,64.2325786938522,8.893899769239773,6.0584385974895785
BWA,2012,53.9,95,97,96,6595.538450154237,418.82244873,3.07,85.1198176551296,65.037275052661,8.79414870702776,6.037447080066982
BWA,2013,50.3,95,97,96,6666.912195834866,433.29150391,3.045,86.1035328726968,65.7908304969597,8.804912092565063,6.071410720683791
BWA,2014,49,95,97,96,7122.364234215034,418.82452393,3.027,87.0620077919626,66.5214936855642,8.87099500465512,6.037452034898952
BWA,2015,46.7,95,97,96,6141.203947266163,374.79058838,3.008,87.9952713631677,67.2288878869323,8.722776084536143,5.926367439003088
BWA,2016,45.1,95,97,96,6749.05994339013,389.3107605,2.99,88.9036684785342,67.9129615984092,8.81715850652203,5.964377894871456
BWA,2017,42.1,95,97,96,7104.964010880272,471.05056763,2.969,89.7870788598082,68.5731443566445,8.868548975195399,6.154965450525264
BWA,2018,41.2,95,97,96,7407.95940141786,447.4473877,2.941,90.6438201661521,69.2069921595304,8.910310295940839,6.103558961417614
BWA,2019,40,95,97,96,7172.089564800282,438.28546143,2.906,91.4749479975469,69.8150599678289,8.877952322767555,6.0828704365118496
BWA,2020,38.9,95,87,96,6323.2974967658965,386.28860474,2.861,91.5461365187927,70.3974291175514,8.751996106891053,5.956584770764457
BWA,2021,37.1,95,97,96,7807.887945704713,492.14276123,2.827,91.6110310251098,70.9542350453954,8.962889776773851,6.198768839504183
BWA,2022,35.7,86,90,86,8328.7090572666,477.77633667,2.785,91.6703014636918,71.4864919930582,9.027463748032948,6.169142708068792
BWA,2023,34.6,95,97,96,7826.353764832983,489.59677124,2.732,91.7236550803662,71.9941392506475,8.965252005535175,6.193582136486829
CAF,2000,165.5,37,36,38,239.1541337260706,9.9123354,5.851,59.0104891106011,20.5939671158027,5.477108255053528,2.293779981526754
CAF,2001,162.5,40,35,40,237.9517025447346,9.20995235,5.807,57.8285760231061,20.5472812527442,5.472067722593989,2.220284676529619
CAF,2002,159,44,42,42,248.63929097840335,10.44132614,5.785,56.6533336515989,20.5005930190466,5.516003215576132,2.345771599291727
CAF,2003,155.6,47,49,44,278.403992150941,12.15000153,5.799,55.4843767503789,20.4536055406808,5.629073267980086,2.4973292957124755
CAF,2004,151.8,51,55,45,303.461321152782,12.96809387,5.784,54.321703276721,20.4063183359002,5.71525415971835,2.5624920229944683
CAF,2005,147.9,54,62,47,311.95002313868673,13.93517494,5.812,53.1725538897854,19.9721484876891,5.742842992731137,2.634416214855828
CAF,2006,143.5,51,61,47,333.94251990303104,15.15495491,5.84,52.0363869925111,19.5450443579564,5.810968882067758,2.7183275352496494
CAF,2007,139.3,48,59,46,380.8870488394754,18.24629021,5.867,50.9129861465533,19.1248924348841,5.9425028714349155,2.9039617832007174
CAF,2008,135.5,45,58,46,437.24827472489,18.02888489,5.902,49.801462843986,18.7110288344225,6.080501168150252,2.891975187826164
CAF,2009,489.3,42,56,45,456.47167389840394,21.37773895,5.936,48.7012778059616,18.3030854351949,6.1235266475038985,3.062350144625546
CAF,2010,150.7,45,53,46,476.8737869507277,17.01008034,5.963,47.6121825064348,17.9009516216973,6.16725185828865,2.833806129500673
CAF,2011,125.1,47,49,47,534.0572814716355,19.62990761,6.009,46.5333196670966,17.5040118095515,6.280503101880797,2.97705430170572
CAF,2012,121.9,47,48,47,544.3958491427853,21.33021736,6.047,45.4644259836138,17.1121597682915,6.299676646102368,3.060124722773579
CAF,2013,134.2,23,25,23,364.3669626083801,17.36794472,6.075,44.4049337595255,16.7250416550218,5.898161498839877,2.8546262497058863
CAF,2014,186.8,45,47,50,409.8504859646996,18.7120266,6.099,43.3540006911393,16.3420825760043,6.015792424811889,2.9291664508285375
CAF,2015,113.7,43,46,51,366.3228539381206,18.44194221,6.126,42.3113468572103,15.9631877672806,5.903515059151972,2.914627538503971
CAF,2016,126.8,42,45,52,387.17620344431776,21.07796097,6.126,41.2766435897443,15.5882414691861,5.958879895467099,3.0482279908163217
CAF,2017,155.2,42,41,48,432.3240256842626,28.81619644,6.127,40.2488145100733,15.2164870297134,6.069175366544409,3.3609376054564497
CAF,2018,120.2,40,39,45,455.2439628595339,51.3541069,6.108,39.2275482962991,14.8478356260426,6.120833457365551,3.938744911754835
CAF,2019,254.7,38,37,43,449.2284676024388,35.76099014,6.09,38.2122663974409,14.481982156805,6.107531594859889,3.5768576384007416
CAF,2020,124.2,37,36,40,462.87907129401145,42.63476563,6.059,37.2024024961025,14.1186349646869,6.137465834861336,3.75267001505213
CAF,2021,178.7,35,34,38,492.26314283050743,46.25038147,6.052,36.1973817854423,13.7575074575386,6.1990134166661255,3.83406971192442
CAF,2022,424.6,33,32,35,467.3598250262383,47.91523361,6.023,36.2950440146654,13.8462941483121,6.147099464251818,3.8694334832925534
CAF,2023,92.6,40,39,42,495.9788972887206,53.81136703,6.012,36.3972597405494,13.939220081887,6.20653338003096,3.9854847279361127
CIV,2000,140.4,65,68,66,936.6365413487983,30.33073425,5.773,68.7946138845833,20.0416175559052,6.842295310881396,3.412161530111717
CIV,2001,136.9,66,71,70,924.7272949620664,30.58369255,5.704,69.1799896467784,20.7171311612942,6.829498877788343,3.4204669437016793
CIV,2002,133.1,65,71,70,967.8158644159912,32.55319595,5.641,69.5630827839749,21.3928455958678,6.8750418464711895,3.482875549702557
CIV,2003,129.2,62,70,68,1111.171350878869,43.81231308,5.572,69.9435023946029,22.0684596804749,7.013170008961323,3.7799148984233684
CIV,2004,125.3,68,78,76,1199.8252452854629,47.04700851,5.527,70.3215551742465,22.7442737383766,7.0899311962423885,3.8511472829260724
CIV,2005,121.2,77,84,87,1197.746169794149,46.69436264,5.499,70.6961620276826,23.5549453716697,7.08819687792397,3.8436234430413934
CIV,2006,117.4,77,73,76,1230.4305683858356,47.08904266,5.448,71.0679891332651,24.3743169320385,7.1151194427095374,3.852040334042435
CIV,2007,113.5,76,67,75,1367.5381772232606,56.15083694,5.403,71.4370073419778,25.2023258965762,7.22076745143717,4.028041586505246
CIV,2008,109,74,63,58,1583.9706670137175,64.67678833,5.357,71.8031717766337,26.0389018909406,7.367690053903485,4.169402378714163
CIV,2009,105.2,81,67,77,1540.45393569596,71.06480408,5.332,72.1658002425728,26.8833706227341,7.339832415412403,4.263592194274489
CIV,2010,101.6,78,64,75,1553.5488704814325,70.04605103,5.292,72.5255308385242,27.736273942075,7.3482971866462705,4.249152897603673
CIV,2011,98.4,61,49,58,1596.6282656599792,67.97618103,5.244,72.8823142494903,28.5975387967836,7.3756493507127505,4.21915736484351
CIV,2012,95.3,82,74,83,1546.9460184731029,69.86203003,5.19,73.2358134121721,29.4667970282772,7.3440379556352875,4.246522297502158
CIV,2013,92,75,70,74,1786.1586203132365,67.13149261,5.135,73.5860051813631,30.3439798658214,7.4878225706580945,4.20665327232287
CIV,2014,88.6,73,59,71,1991.3653942340416,74.3581543,5.071,73.932866465233,31.2290182892459,7.5965758101963035,4.308893341404795
CIV,2015,85.5,79,67,77,1814.7185508801672,58.43181992,4.97,74.2789991723986,32.1245714539308,7.503685666289023,4.067860603094808
CIV,2016,83,87,73,81,1862.5959708128676,61.85705566,4.873,74.623678155198,33.0299664803717,7.5297264768794125,4.124826169292604
CIV,2017,80.5,83,70,82,1964.299303383425,63.77943039,4.757,74.9670485097416,33.945429522791,7.582890872101581,4.155430730685963
CIV,2018,77.9,83,74,83,2130.866193811438,65.87952423,4.596,75.3089683562102,34.8708875943719,7.664283839799412,4.187827683516514
CIV,2019,75.3,79,71,79,2141.7683617011467,68.30471039,4.523,75.6490184756229,35.8059580233634,7.669387104030771,4.22397873037731
CIV,2020,73,72,63,65,2179.7293483293465,78.97766876,4.461,75.9870680852305,36.7505613601134,7.6869559959331175,4.369165138583167
CIV,2021,70.8,73,65,71,2455.9812764114818,92.39588928,4.411,76.3229847618577,37.704616869195,7.806281665627013,4.526082489346316
CIV,2022,68.7,73,62,71,2333.3712830125887,84.89915466,4.349,76.6566348508061,38.6680398290793,7.755069403385333,4.441464136377272
CIV,2023,66.5,79,70,77,2591.965904811898,87.68105316,4.283,76.9878854497263,39.6407426651959,7.860171903377895,4.473705834532678
CMR,2000,143.9,62,49,57,708.5657316259653,30.438097,5.514,55.8213658801787,37.5661811000038,6.563242830587338,3.415695014613496
CMR,2001,141,63,51,61,715.4702964705854,29.82297325,5.441,56.6676381767761,37.7799954148968,6.572940083768003,3.3952790109389923
CMR,2002,137.6,66,53,66,789.6238110725543,31.79577446,5.435,57.4955566062435,37.9947075137207,6.671556643531556,3.4593334023406337
CMR,2003,134.3,73,61,72,988.2412767918462,38.56394196,5.432,58.3047768722943,38.3633336781567,6.895926875213321,3.652317693770403
CMR,2004,130.9,73,64,72,1133.3932674967289,42.25278473,5.436,59.0958722241739,38.736762781943,7.032971303623231,3.7436702624003946
CMR,2005,127.6,80,68,79,1142.624662521058,43.10830688,5.421,59.8676453814021,39.1141100533379,7.041083230619871,3.7637157135734944
CMR,2006,124.2,81,73,78,1191.4545899096834,44.52022934,5.369,60.6211512430006,39.4959944299355,7.0829301841127235,3.7959436777867084
CMR,2007,120.8,82,74,81,1325.672482159333,50.30911255,5.343,61.3565272358718,39.8824343932762,7.189675143373811,3.9181862247133794
CMR,2008,117.2,84,80,82,1492.142698014529,54.58909225,5.294,62.0739139861275,40.2734502147764,7.307968418291183,3.9998340871520224
CMR,2009,113.7,80,74,79,1461.3899923233655,51.14823914,5.236,62.7730584341751,40.6687438087427,7.287143311327214,3.9347280663896225
CMR,2010,109.5,84,79,83,1398.5870202504714,50.03335571,5.154,63.4545114882578,41.0686436848584,7.2432177346965085,3.9126898972063833
CMR,2011,105.2,81,76,80,1513.9605699487818,58.33031845,5.052,64.1180510058743,41.47285114669,7.322484390031293,4.066122000205469
CMR,2012,100.8,79,74,78,1449.0987436227924,56.96441269,4.982,64.7638368158669,41.8813685431632,7.278697086046321,4.042426734082009
CMR,2013,96.5,76,71,75,1575.9288211889684,57.22771454,4.905,65.3916897275554,42.2938755253473,7.362600105177693,4.047038300973942
CMR,2014,92.4,76,71,76,1649.443390594896,71.61038208,4.844,66.0018143956848,42.7103744161323,7.408193170949619,4.271240064572273
CMR,2015,88.5,76,71,75,1415.0000971056854,58.38298035,4.841,66.594406364624,43.1308620153925,7.254884878703262,4.067024414996504
CMR,2016,85.1,78,72,77,1441.7201725688024,57.99372482,4.842,67.1696687119462,43.555339313602,7.2735922439297225,4.06033481193454
CMR,2017,81.9,74,67,73,1496.089517712422,56.7457695,4.804,67.7271653530667,43.9831129823405,7.310609994787261,4.038581107327295
CMR,2018,78.9,68,61,68,1610.6964159101708,58.32909393,4.74,68.2677705308144,44.4148640176423,7.384421920918874,4.066101007128699
CMR,2019,76.6,67,61,68,1555.2266047647745,56.79493713,4.651,68.7910816912942,44.8498829146317,7.349376540533087,4.039447186719131
CMR,2020,74.4,68,63,68,1555.6037066074864,66.17185211,4.557,69.29764588045,45.2885112207418,7.349618985029773,4.192255177809068
CMR,2021,71.9,71,65,71,1672.3265734087215,72.59731293,4.468,69.787122797367,45.7300133468788,7.421971093596724,4.284927909162319
CMR,2022,69.4,71,68,62,1604.8772695489472,72.12950897,4.397,70.2600597493354,46.1747220268822,7.380802565069573,4.278463238922744
CMR,2023,67,75,71,74,1720.4751015450624,79.09996796,4.322,70.7167101481695,46.6226225275107,7.450355753493798,4.370712469716636
COD,2000,184.6,30,26,30,377.9254214813948,17.52071953,6.702,37.5495370732434,23.7477310886232,5.934696878485575,2.8633841537288616
COD,2001,178.4,30,34,29,142.67814260441207,5.4341011,6.663,37.5216314439844,23.2925757259411,4.960591342494632,1.6926941159102151
COD,2002,172.2,38,41,39,162.38052907429022,4.17578602,6.606,37.4846118447221,22.8409794207926,5.089942525676869,1.4293026088460465
COD,2003,165.9,42,48,45,161.4915535243958,6.03257608,6.549,37.4384405884601,22.3929738740922,5.0844528411364704,1.7971741301242201
COD,2004,159.4,54,57,51,180.6647649636327,7.83304834,6.53,37.3830762048941,21.9485957968142,5.196643186684584,2.0583517496924983
COD,2005,124.4,61,61,59,214.5397404735186,8.55065727,6.526,37.3204734649606,21.5079480867388,5.3684949914804685,2.1460081536782494
COD,2006,118.9,62,63,62,255.44522956875124,10.37645721,6.547,37.2515489023917,21.0891369417888,5.543008020984119,2.3395395102299292
COD,2007,113.8,65,64,64,294.1016151244193,11.5629034,6.559,37.1762282091892,20.6788073735842,5.6839253372974,2.4478019908785975
COD,2008,109.2,68,64,67,352.9003633719953,15.36659527,6.58,37.0934309203905,20.2769257473546,5.86618576035481,2.732196015119795
COD,2009,105,71,65,69,280.1789910357925,12.75762081,6.591,37.0040705646358,19.8835866395137,5.635428652632897,2.546128803634844
COD,2010,101.4,60,66,68,352.4003987546921,12.1423111,6.587,36.9070813122382,19.4987263873328,5.864768025601373,2.4966961381886077
COD,2011,98.3,70,66,65,372.5142738757892,11.89942932,6.582,36.8033581567191,19.1224518584775,5.9202753562150905,2.4764904426650225
COD,2012,95.9,71,69,69,409.93142478378354,13.20595551,6.559,36.691850585446,18.754668067258,6.015989889084486,2.580667902843488
COD,2013,94.1,71,68,71,460.37033493010705,15.37901688,6.527,36.5724802578576,18.3953621300218,6.132031241518356,2.7330040400578084
COD,2014,92.7,73,69,72,489.17595209731945,18.22281265,6.483,36.4456556153398,18.044594889942,6.192722244995011,2.9026742514874515
COD,2015,91.9,70,65,69,495.8266330148833,18.57252884,6.437,36.3108122967194,17.7022823048892,6.206226335413076,2.921683544876109
COD,2016,91.5,70,63,66,459.7650365903877,19.3114109,6.392,36.1678765737664,17.3684018777428,6.130715568964582,2.9606961595402814
COD,2017,91.5,71,65,71,431.05255912878806,18.14648819,6.349,36.016305001478,17.0428367247806,6.066230029603368,2.8984770538353417
COD,2018,91.7,71,64,72,518.1696268753709,17.29077148,6.302,35.8564891827066,16.7256345274003,6.250302653664887,2.8501729187113236
COD,2019,92.2,73,65,74,504.00419142285995,19.20812035,6.253,35.6878940308452,16.416662028181,6.222584584351987,2.9553331245178156
COD,2020,92.7,70,62,72,486.4255726822558,20.5593071,6.206,35.5104494105668,16.1158651582213,6.187083904685741,3.023313738657193
COD,2021,92.9,65,55,65,595.743074403567,21.58848572,6.156,35.3236207810538,16.1461710925268,6.389809490906777,3.0721601040400652
COD,2022,92.5,65,56,66,687.7385875546851,24.3800106,6.106,35.1273466119185,16.1744730669276,6.533408805780686,3.1937635588356397
COD,2023,91.3,60,52,61,660.2120523899703,23.43148804,6.051,35.4034461859588,16.2386817602994,6.492561074917365,3.154080760532904
COG,2000,112.5,33,34,31,1024.3015910918073,17.35089302,4.724,58.3988116212173,11.9201113215231,6.931766284786794,2.853643975961659
COG,2001,109.3,31,35,32,854.5983144080948,20.303905489999998,4.67,58.6923918261786,11.9684717452745,6.75063155083271,3.0108132562133654
COG,2002,104.6,41,37,41,905.5381355447043,16.99031258,4.697,59.1842225873936,12.2942562189499,6.80852939189186,2.8326433333957084
COG,2003,98.9,50,50,50,1016.8236341214334,21.51475716,4.696,59.6736944537537,12.623677389001,6.92443896323359,3.0687390792178006
COG,2004,92.3,67,65,67,1306.1013632459944,27.50056839,4.69,60.6181552928178,13.081524943127,7.174801920336085,3.314206673186203
COG,2005,85.7,63,54,62,1799.0515836615414,30.90304375,4.669,61.5609564350404,13.5511098859657,7.495014907058934,3.4308546822888206
COG,2006,79.5,74,61,73,2103.5821381210976,35.94208145,4.651,62.5017877997765,14.0325360521402,7.651396950578691,3.581908794258284
COG,2007,73.9,73,59,71,2206.4710186341385,41.96711731,4.649,63.4409103501595,14.526041670099,7.699149694081824,3.736886390450035
COG,2008,69.2,80,69,77,2832.0917777764325,63.41820908,4.726,64.3791200953514,15.0320398597223,7.948770861695434,4.14975102967016
COG,2009,65.3,80,63,76,2271.1521917596647,48.65313721,4.808,65.3159834381157,15.5506904084731,7.728042555166018,3.8847162918561122
COG,2010,62.4,76,75,72,2946.557980677078,54.56225586,4.851,66.2515975807208,16.0823108780158,7.988392981897727,3.999342359088092
COG,2011,60,83,83,72,3396.16505817952,59.51348114,4.826,67.1844431261946,16.6267539486772,8.130402149954334,4.086202860669134
COG,2012,57.9,85,80,68,3732.327373203891,71.2766571,4.785,68.1146295030684,17.1843319193312,8.22478727869983,4.266568883914653
COG,2013,56.2,85,80,69,3697.417058842495,71.85824585,4.731,69.0417229915666,17.7552084772419,8.215389762647762,4.2746953707278115
COG,2014,54.5,90,80,77,3601.236580871796,71.03118896,4.665,69.9648050667042,18.3393600656814,8.189032560150018,4.263119061712368
COG,2015,52.7,80,80,68,2439.351894036956,57.30290604,4.607,70.8834804766701,18.9369281667441,7.799487665806783,4.048351338665036
COG,2016,51,71,67,61,2093.107285588428,54.3000145,4.546,71.7973477617,19.5480521293593,7.646404980371864,3.9945244939748448
COG,2017,49.3,69,70,60,2211.633098747971,52.29982376,4.496,72.7060273572944,20.1728789551264,7.701486480325731,3.9569930012755243
COG,2018,47.6,75,75,68,2694.4341319142677,47.310215,4.442,72.9020532045187,20.2685707874205,7.898943491691298,3.856726234126495
COG,2019,52.2,79,73,73,2488.424667249158,58.42106628,4.38,73.0980812765278,20.3642632516174,7.819405125487231,4.067676548761534
COG,2020,44.5,73,68,69,1993.5866719310015,80.09735107,4.329,73.2936799973637,20.4597460251332,7.597690643142918,4.3832427832403384
COG,2021,43,77,68,74,2516.1625514543157,78.60149384,4.28,73.4884211673414,20.5548099594917,7.830490222829693,4.3643907048525215
COM,2000,79.9,70,70,70,633.3090327762441,47.59479904,5.227,87.3387610880315,24.4251137817351,6.450958506449634,3.862723491402097
COM,2001,76.8,70,70,70,681.1638576199628,45.34629059,5.195,87.5288111586306,26.1545650647282,6.523802890451961,3.8143283780668975
COM,2002,73.8,89,71,98,764.6134983254302,51.12159729,5.155,87.4264757809148,27.7107884685143,6.639370475207226,3.934207055473155
COM,2003,71,80,67,80,959.691049354812,63.91786194,5.115,87.322688934515,29.2480866735385,6.86661140907682,4.157598851899841
COM,2004,68.3,76,76,73,1072.2840902962091,70.61806488,5.065,87.2174998697346,30.7668527595674,6.977546316126578,4.257285988255643
COM,2005,65.8,68,67,67,1105.7879686678848,67.80059814,5.012,87.1113174713824,32.2696522597859,7.008313453638353,4.216571017031329
COM,2006,63.4,69,66,69,1138.4790840434505,65.72916412,4.934,87.0042522799134,33.75605986205,7.0374485138316984,4.1855427253225725
COM,2007,61.2,75,65,75,1289.7363105636107,69.87202454,4.859,86.8964208746241,35.2256531986229,7.162193066045256,4.2466653479567915
COM,2008,59.2,81,76,81,1455.0276859558574,73.75498962,4.805,86.7879033627296,36.6778613088967,7.282780207572915,4.300748648795781
COM,2009,57.3,83,79,84,1410.3051695947322,69.4848938,4.778,86.6788340551763,38.1124210259684,7.251561392290804,4.241109373549955
COM,2010,55.6,74,72,82,1386.574242845299,69.21523285,4.755,86.5693640440455,39.5290364231299,7.234591410571614,4.237220966289208
COM,2011,54,83,79,85,1531.4378937295123,81.19863892,4.722,86.4595303039768,40.9270162396415,7.3339623728743275,4.396898484958181
COM,2012,52.5,86,85,85,1490.315113512812,77.10220337,4.652,86.3494754574658,42.3060704892515,7.306742862158651,4.345131858241353
COM,2013,51.2,83,82,82,1603.327971073032,81.81765747,4.572,86.2393591823008,43.665877233981,7.37983672998101,4.404493081805405
COM,2014,50,80,80,79,1615.717236620122,84.63935852,4.489,86.1291911979684,45.005792347169,7.387534246431687,4.438399389158774
COM,2015,48.9,80,81,81,1329.3704823598596,61.16300201,4.42,86.0191792490847,46.3255872493184,7.192460787629863,4.11354246438863
COM,2016,47.9,75,77,75,1365.4840344449694,63.53099442,4.348,85.9094298430236,47.6248040673008,7.219264248750913,4.151527887918413
COM,2017,46.9,79,75,79,1423.9248027796975,75.01337433,4.278,85.8000023194019,48.9029223957365,7.261172283540851,4.317666422038404
COM,2018,45.8,77,74,77,1527.4052712528485,74.89152527,4.208,85.6910036830202,50.159514854681,7.33132567357629,4.316040736858522
COM,2019,44.8,78,76,71,1510.232181515922,78.23674774,4.138,85.582654605357,51.3942491790653,7.32001868058204,4.359739457122313
COM,2020,43.7,74,75,64,1519.3466555620607,89.67817688,4.071,85.4750115485724,52.6066035113726,7.32603568956906,4.496227449386881
COM,2021,42.6,72,68,72,1554.9728919015288,100.50016785,3.999,85.368182871054,53.7961210274577,7.349213391600627,4.6101593976469895
COM,2022,41.4,78,71,72,1465.479642861996,124.14363861,3.935,85.2623417962655,54.9623663372908,7.289937869138054,4.821439271092452
COM,2023,40.2,75,70,62,1560.2737847685466,102.23101807,3.878,85.1575256557465,56.104836588019,7.352616587901483,4.627235135342049
CPV,2000,36,90,86,90,1189.5147934589058,59.54011154,3.545,79.3677594529209,36.827954010232,7.081300766369255,4.086650228948321
CPV,2001,32.8,90,88,91,1223.3305533157543,63.55782318,3.366,79.6627777965322,39.1910554393962,7.10933237988399,4.151950092812678
CPV,2002,30.5,91,89,92,1328.5787427066589,69.12203979,3.192,79.9527732071617,41.5375071985025,7.191865035333957,4.235873634911058
CPV,2003,29,92,90,93,1717.9756536965494,84.6628952,3.033,80.2372000142623,43.8664094982459,7.448901931137937,4.438677432476385
CPV,2004,28.2,93,91,94,1929.490814687812,93.43228912,2.9,80.6602617486896,46.1784728572733,7.565011420503949,4.537236993414494
CPV,2005,28,95,93,95,2004.1468041756325,96.08917999,2.726,81.0817210123183,48.4726022548582,7.60297371509836,4.56527671848234
CPV,2006,28,96,94,97,2256.9966619107527,113.13097382,2.555,81.5021226151102,50.7498010778296,7.721790297822535,4.728546207874455
CPV,2007,28.1,98,96,98,3324.5767521249763,127.73626709,2.409,81.920929167246,53.0093493269466,8.109097652393572,4.8499677249884305
CPV,2008,27.9,99,97,99,3908.648858225763,127.79390717,2.298,82.3386902741848,55.2521980462488,8.270947032703534,4.850418866080824
CPV,2009,27.5,99,97,99,3659.720463616276,130.23704529,2.246,82.754314077093,57.4769284411617,8.205142047417485,4.869356215341479
CPV,2010,26.7,99,97,99,3579.46006137809,146.07247925,2.329,83.1663318440796,59.6818514080991,8.18296724717603,4.98410293174531
CPV,2011,25.6,90,96,90,4002.0138688878537,157.08999634,2.329,83.522244248535,61.8006547143134,8.294552980626893,5.056818866213102
CPV,2012,24.2,94,91,94,3736.8151701108713,174.66062927,2.153,83.8774934810221,63.9530735782999,8.225988968832535,5.162844829807449
CPV,2013,22.6,93,91,93,3960.975967913446,191.1048584,2.067,84.2318960930689,66.0992428842147,8.284245730426901,5.252822274261626
CPV,2014,20.9,95,93,95,3985.607065481337,193.39482117,2.031,84.5854646017969,68.2388818808702,8.290444917258586,5.264733804842668
CPV,2015,19.2,93,92,93,3415.0626673093116,150.28823853,1.968,84.9382015962204,70.3717073692285,8.13595112243954,5.012555040403567
CPV,2016,17.6,96,93,95,3608.9660523490647,157.39906311,1.966,85.581322426682,72.496932762021,8.191176598211479,5.058784383678422
CPV,2017,16.2,96,96,96,3893.095713825062,174.43547058,1.93,86.333068742186,74.6142580571751,8.266959933443609,5.16155487714789
CPV,2018,15.1,98,99,98,4294.965100357294,205.5345459,1.804,87.0755452684611,76.7237249815456,8.365198708740941,5.325614126377307
CPV,2019,14.1,96,98,97,4380.781173311284,211.24963379,1.698,87.808568861158,78.8249549430518,8.384982337539078,5.353040532697319
CPV,2020,13.3,93,95,94,3539.226612482986,249.71989441,1.591,88.5325658069206,80.9181460926349,8.17166351120954,5.520339867359881
CPV,2021,12.7,93,95,94,3971.4440920342254,262.42272949,1.554,89.2475125078835,83.0030877232497,8.28688505868195,5.569956674850518
CPV,2022,12.1,93,95,94,4323.313620327087,297.08233643,1.533,90.0089261333879,83.045304882988,8.371777428954363,5.694009327419423
CPV,2023,11.6,93,95,94,4794.901219172586,290.12619019,1.522,91.14605423466,83.0869470550891,8.47530838630713,5.670315966921387
DJI,2000,98.5,46,50,46,737.6121836440517,35.48954773,4.601,74.3096347205208,43.8005585471414,6.603418190061566,3.5692382229874613
DJI,2001,96.3,53,49,49,742.1337911070628,33.61427689,4.518,74.527572653683,43.8212949493816,6.609529538378267,3.514950884162032
DJI,2002,94,62,62,62,743.0132704203476,39.49966431,4.41,74.7450869974976,43.8420347636871,6.610713905150923,3.6762921733899514
DJI,2003,91.6,68,66,68,764.634465224597,46.27521896,4.296,74.96217201496,43.8627723780355,6.639397896396814,3.8346065901609543
DJI,2004,89.3,64,60,64,806.2616529449637,40.04951477,4.162,75.1788322527145,43.883509634259,6.692408321270606,3.6901165578354806
DJI,2005,86.9,71,65,71,844.4483573908004,45.12551498,4.035,75.3947621757465,45.4139101542283,6.738683582679731,3.809447828887094
DJI,2006,84.6,72,67,72,898.4646281367736,53.26344299,3.899,75.6105690415926,46.9402321181691,6.80068733776563,3.975250223245697
DJI,2007,82.3,88,74,88,969.573220191902,55.18254471,3.756,75.8259576941353,48.4620248883816,6.876855995494581,4.010646684253533
DJI,2008,79.9,89,73,89,1119.152333469688,55.90976715,3.621,76.0409140930528,49.9792625492526,7.020326832620933,4.023739090300853
DJI,2009,77.7,89,84,89,1150.937585748896,56.92132568,3.521,76.2551640290106,51.4914501079009,7.048332181142903,4.041670063182343
DJI,2010,75.5,88,85,88,1213.2335255342946,55.7044487,3.431,76.4718213203658,53.0040688366127,7.101044409404174,4.020060012684638
DJI,2011,73.4,87,84,87,1306.3455284497677,61.89852524,3.341,76.6907534448216,54.5173591170882,7.174988844866693,4.125496354527897
DJI,2012,71.3,81,83,81,1400.193578589536,64.8536911,3.255,76.9115444598486,56.031031232703,7.2443657764659735,4.172133826644641
DJI,2013,69.2,82,80,82,2075.944984247476,60.57233047,3.187,77.1343417786065,57.545815952446,7.638171743090442,4.103838195900698
DJI,2014,67.2,78,71,78,2214.620841424321,65.53726196,3.116,77.3584793969034,59.060863750812,7.702836490140127,4.182618865773039
DJI,2015,65.2,84,74,84,2376.1255471987265,79.54257965,3.041,77.5846153985274,60.5779617075524,7.77322651881667,4.376292471363265
DJI,2016,63.2,68,75,68,2510.430007624096,68.82745361,2.969,77.8118431649469,62.0957006266769,7.828209335231139,4.231602700375063
DJI,2017,61.2,76,81,76,2618.95521147369,64.94396973,2.916,78.0402986467674,63.6147917367826,7.870530742976865,4.1735248940025675
DJI,2018,59.4,84,86,84,2718.0833879920333,68.79101563,2.858,78.2698510281145,65.1354027813767,7.907682274149239,4.231073149638847
DJI,2019,57.5,85,83,85,2837.169023409324,68.4744873,2.798,78.500379190124,66.6577106028334,7.950562011253852,4.226461227716949
DJI,2020,55.7,70,62,70,2844.888106478533,66.53086853,2.745,78.7317549952208,66.7421157146302,7.953279015902468,4.197666028380744
DJI,2021,54,59,50,59,3025.9112641354923,86.88237762,2.699,78.9636292425205,66.8311205695029,8.014967569442287,4.464555222523871
DJI,2022,52.1,59,50,59,3133.2577977246297,79.13184357,2.653,79.1958862115465,66.9247194918968,8.049828572190243,4.371115367340356
DJI,2023,50.5,72,76,72,3381.297797107218,77.57087708,2.609,79.4286344922977,67.0234840121481,8.126014878423078,4.35119206138742
ERI,2000,85.3,81,76,83,314.3573967535008,14.03034782,5.397,46.8142152971943,8.28530072689983,5.750530544863993,2.64122268496887
ERI,2001,81.1,86,84,90,325.40916151359266,14.90675831,5.306,47.1204233529644,8.6404789305264,5.785083349009356,2.7018146879684233
ERI,2002,77.3,90,83,93,304.77575646509234,15.77544498,5.233,47.4409244567689,8.98629579771191,5.7195762814925635,2.758454615953371
ERI,2003,73.8,93,92,95,348.95032707774243,19.81480217,5.143,47.7752228126397,9.32208650503035,5.854929582782516,2.986429242741941
ERI,2004,70.5,98,96,99,426.8409478870323,23.15624809,5.036,48.1234182056445,9.64744722939411,6.056411456453968,3.142264640013226
ERI,2005,67.5,96,95,96,412.7530791994235,21.92651939,4.934,48.4844074537935,9.96153520031783,6.0228495429769495,3.087696835287027
ERI,2006,64.7,94,94,94,447.9974047272008,23.77408791,4.881,48.8594940483832,10.2644175982683,6.104787439378565,3.1685962442886195
ERI,2007,62,95,92,95,480.4476236545604,19.62666321,4.812,49.2469532106027,10.5550786241031,6.174718218628332,2.976889009631572
ERI,2008,59.6,95,91,95,490.0669560033334,21.55065727,4.737,49.6487034568778,10.8337740406528,6.19454202667437,3.0704063158526296
ERI,2009,57.3,95,93,95,642.9257228800705,24.35102463,4.656,49.8103238748975,11.0220414202395,6.466029201048853,3.1925739279040717
ERI,2010,55.2,95,95,95,539.6995120696864,26.00652122,4.571,49.9773816653656,11.2019452505005,6.291012525547269,3.258347322726215
ERI,2011,53.3,94,96,94,688.6816595768397,35.55129623,4.486,50.1505293513249,11.3735403344941,6.534779131699234,3.5709766177504845
ETH,2000,140.1,30,28,48,122.26920260606896,5.28970861,6.654,18.7590608817132,2.9657663244498,4.806225192552016,1.6657631611772707
ETH,2001,133.8,32,29,51,118.45720425526066,5.50955105,6.579,20.2861313623688,3.22631881592251,4.774551749821209,1.7064831407163619
ETH,2002,127.4,35,32,53,109.59381361298792,5.14964151,6.499,21.8105947283134,3.48709965924687,4.696780927783857,1.6389271025440388
ETH,2003,121,37,33,56,116.80049113277668,5.70984173,6.4,23.3303794917418,3.74769441878364,4.760467275289196,1.742191305245238
ETH,2004,114.6,39,35,58,133.16981253809556,5.7385993,6.301,24.8460769905675,4.03281392420472,4.891625099824361,1.747215156162435
ETH,2005,108.3,43,40,61,158.24345808246497,6.4820013,6.194,26.3576124690887,4.31725101635963,5.0641347210384575,1.8690293052747198
ETH,2006,102.4,46,44,61,189.34573752141827,8.42413712,6.047,27.8655119170134,4.60119614731006,5.243574642984936,2.1311010520021445
ETH,2007,96.9,50,49,63,237.14625599631884,11.63210678,5.887,29.3784617293428,4.88681883136837,5.468677064707164,2.4537691005977225
ETH,2008,91.8,54,54,65,316.41047511807477,13.03863621,5.695,30.9869711535733,5.196915075959,5.757040342545451,2.5679169659064023
ETH,2009,87.1,58,59,67,368.5747122674447,15.1445961,5.488,32.5882446657978,5.50779854946485,5.909643438073419,2.717643775255967
ETH,2010,82.7,61,64,68,330.6194127986438,16.17102051,5.282,34.1836897406234,5.82002469888892,5.800967903562082,2.7832207829148343
ETH,2011,78.6,65,68,70,343.0249423518872,14.62286568,5.08,35.7718966203647,6.13343630352376,5.837803162749174,2.68258644605791
ETH,2012,74.8,61,62,69,452.1010318857536,20.00217628,4.887,37.3536456061453,6.44846430368166,6.113905676726076,2.995841081634177
ETH,2013,71.2,59,55,68,484.039833104062,19.26698494,4.708,38.9189287309583,6.76236331987807,6.18216720313197,2.958393006250941
ETH,2014,67.7,61,54,68,549.9865770825876,21.6064415,4.605,40.4770660365689,7.07793835749952,6.309893872624316,3.0729914878246842
ETH,2015,64.4,62,56,75,597.9121132186633,23.21817207,4.529,42.0272706430081,7.39517563066231,6.393443775288031,3.1449352509487665
ETH,2016,61.3,64,57,67,641.6515232862331,24.34373283,4.473,43.569746379878,7.71437321783047,6.4640453577018855,3.192274437756267
ETH,2017,58.4,65,59,67,696.3484290762159,24.18239403,4.401,45.1032760984933,8.0353579200927,6.545850151556606,3.1856248489704737
ETH,2018,55.8,62,54,65,739.7020222720861,23.5205574,4.371,46.6289667749081,8.35875920842316,6.6062474324985425,3.1578748217292016
ETH,2019,53.6,61,56,64,793.4732472102638,25.93511963,4.347,48.1464763368745,8.68474048756754,6.6764198244772,3.2555980204782853
ETH,2020,51.5,62,57,64,829.790982547947,28.28001595,4.274,49.6550451612317,9.01330021395482,6.721173840821098,3.3421554050310416
ETH,2021,70.4,63,60,63,893.0098354490499,26.06931114,4.177,51.1547750099921,9.3447728615381,6.794597594756551,3.2607588041210454
ETH,2022,68.1,63,62,59,982.1031615069916,27.06845474,4.082,52.6449341831795,9.67915935964554,6.889696355287955,3.2983690181401966
ETH,2023,51.5,70,68,69,1055.8109159252658,34.79846954,3.989,54.125600929218,10.0168072289161,6.962064391344655,3.5495734070777036
GAB,2000,73.3,45,55,44,3982.906200927996,123.197258,4.469,80.0652503338317,26.818195491378,8.289767033049458,4.813786794358234
GAB,2001,71.5,45,55,44,3835.7571827972743,120.90242767,4.417,80.5692237305059,27.9500597734658,8.252122134416217,4.794983837402604
GAB,2002,69.6,45,55,44,3966.4800186466255,132.07215881,4.36,81.0600023349324,29.1019683421917,8.285634335201731,4.8833484308750235
GAB,2003,67.7,45,55,44,4710.74862768151,166.59495544,4.299,81.5373154553374,30.2734572599332,8.457602118686209,5.115565449802522
GAB,2004,65.6,45,55,44,5465.791935907084,183.92318726,4.252,82.0013798708484,31.4642634106599,8.606264300616624,5.214518209904596
GAB,2005,63.6,45,55,44,6547.876139551863,188.91426086,4.21,82.4519182271315,32.6738741656831,8.786896022544232,5.241293265887669
GAB,2006,61.8,45,55,44,6847.009856853938,211.9914093,4.17,82.8900757983957,33.9024749587278,8.831567318707283,5.356545751681156
GAB,2007,59.7,81,62,78,8003.542896960487,246.78276062,4.142,83.3155701870669,35.1495484187274,8.987639584747548,5.508508437970749
GAB,2008,57.6,82,67,81,9688.645196906333,275.89450073,4.118,83.7295160274396,36.4153101145998,9.178709880549095,5.620018548911509
GAB,2009,55.6,76,63,74,7290.575260931136,277.62945557,4.138,84.1307212542328,37.6987238584805,8.894337732853888,5.6262873309646935
GAB,2010,53.4,67,62,68,8356.746620133452,206.87702942,4.153,84.5207296199844,39.0002582968992,9.03082447006512,5.332124555968408
GAB,2011,51.3,75,72,75,10219.11393394536,261.37597656,4.151,84.899267815442,40.3193752929904,9.232015160776534,5.565959893982851
GAB,2012,49.4,82,71,80,9296.965879410882,225.07722473,4.086,85.2673947991113,41.6563306484328,9.137443376384681,5.416443564339781
GAB,2013,47.3,79,70,77,9197.701063239469,261.29452515,4.019,85.6239250935099,43.0100058976352,9.126708847380323,5.565648219953447
GAB,2014,45.8,70,61,68,9201.362766481054,233.05368042,3.953,85.9658863110068,44.3780097930999,9.12710687885886,5.451268815099114
GAB,2015,44.4,80,68,79,7047.126546343554,187.27270508,3.921,86.2930339752905,45.7595556064781,8.860375230643234,5.232565870480395
GAB,2016,42.7,75,64,74,6677.070039016437,207.50273132,3.921,86.606465035897,47.1547496987424,8.806434553396448,5.335144502572073
GAB,2017,41.4,75,63,74,6921.73373135624,192.47543335,3.913,86.9072462361888,48.5637395217699,8.842421556445338,5.259968526622807
GAB,2018,39.9,70,59,64,7624.277523377101,209.28697205,3.908,87.1959828592503,49.9863984455825,8.939092845953938,5.343706382173018
GAB,2019,38.5,70,62,70,7441.178647228097,205.99945068,3.884,87.472846570073,51.4223011158649,8.91478453560632,5.327873502184084
GAB,2020,36.8,63,53,62,6605.803460775652,227.2480011,3.831,87.7393004139279,52.8720170958258,8.79570385388472,5.426041936979299
GAB,2021,35.8,75,64,69,8181.40914134656,228.46922302,3.776,87.9954718713657,54.3351602742865,9.009619681428878,5.431401509884005
GAB,2022,34.7,60,52,59,8409.207414502802,243.09941101,3.712,88.2419436860256,55.8117052668054,9.0370825053038,5.493470458489032
GAB,2023,33.8,70,66,69,7802.824332761382,252.98246765,3.647,88.479261326667,57.3016336632799,8.962241041081258,5.533320188500228
GHA,2000,99.9,88,90,88,253.74693620334375,10.46035767,4.827,65.517218378745,5.7234427408028,5.536337456207613,2.3475926521248307
GHA,2001,95.8,79,78,81,263.5421564948529,12.15051079,4.768,66.2724810777251,5.81107386081924,5.574213341882644,2.4973712092321056
GHA,2002,91.9,78,78,80,297.4616446877405,14.30371571,4.687,67.2870236576029,6.75045552246998,5.695285291254728,2.6605193433734717
GHA,2003,88.2,80,80,80,358.39927142072963,18.96423721,4.597,68.3036435747065,7.7086235468762,5.881647648232441,2.942554953398681
GHA,2004,85,80,83,81,406.1321053295653,23.57214928,4.504,69.3225909029972,8.68540857696259,6.006678489261436,3.1600658998929974
GHA,2005,82,84,83,85,478.61190919102785,38.51657486,4.496,70.3428380680709,9.68014854216275,6.1708900585558855,3.6510886644925375
GHA,2006,79.1,84,85,84,906.4410275648868,49.34616852,4.399,71.3651562013802,10.6928566524772,6.8095259729931135,3.89886012395966
GHA,2007,76.2,94,95,94,1050.124615249259,57.34096527,4.288,72.3892820833539,11.7231535267872,6.956664117299284,4.049015294460723
GHA,2008,73.1,93,86,92,1182.6576125601646,63.45487595,4.217,73.4152138090769,12.7707576406742,7.0755193990613945,4.1503290383315274
GHA,2009,69.8,94,93,94,1047.704300935863,62.44382095,4.179,74.4422077321147,13.8350497335121,6.954356669472058,4.134267287721147
GHA,2010,66.5,94,93,94,1263.8925176053897,80.6833725,4.181,75.471267939183,14.9161840108112,7.141951537551207,4.390532513154369
GHA,2011,63.3,91,91,91,1507.435731987529,91.70959473,4.177,76.5016404793149,16.0135300837222,7.31816529551182,4.518627005522816
GHA,2012,60.3,92,89,91,1543.7752423576376,81.96895599,4.154,77.5330954898138,17.126673080362,7.341986151567391,4.40634059009487
GHA,2013,57.5,90,89,91,2294.795846937434,105.34784698,4.114,78.565152693679,18.2550635017005,7.738399162955045,4.6572677032117475
GHA,2014,54.9,98,92,94,1949.908329238455,78.46701813,4.029,79.5978353673804,19.3983890713711,7.575537639805812,4.362678385289922
GHA,2015,52.5,89,89,88,1722.7728283360616,78.21643066,3.982,80.631160872114,20.556338766229,7.451690381251575,4.359479736222783
GHA,2016,50.3,93,89,95,1912.479913399506,64.86400604,3.873,81.6651456164371,21.7286047018582,7.556156062847892,4.172292863387494
GHA,2017,48.2,99,95,94,2012.2866264126544,54.10602188,3.715,82.6995725023601,22.9147548943672,7.607026979528981,3.9909454898242775
GHA,2018,46.1,97,92,98,2195.3216601637732,53.37788773,3.65,83.7344677926836,24.1144852694417,7.694083856988852,3.9773965727550813
GHA,2019,44.1,97,92,97,2186.6582268261286,71.14958191,3.593,84.7696150287459,25.327363008810998,7.690129733579403,4.264784448341506
GHA,2020,42.2,94,88,92,2195.4548165998676,97.37677765,3.541,85.8052795210658,26.5532224510153,7.694144509785386,4.578587759736731
GHA,2021,40.3,98,94,98,2445.18662529344,94.40388489,3.492,86.841252750433,27.7916388048117,7.801876728359405,4.5475822258004355
GHA,2022,38.6,99,95,90,2229.89122647803,82.32108307,3.434,87.8775520835237,29.0423190138112,7.709708085900398,4.410627248266261
GHA,2023,37.2,95,90,91,2383.9041048341815,70.25730896,3.397,88.8910495956232,30.3048454596217,7.776494802893907,4.2521643449370785
GIN,2000,165.7,46,42,47,518.1570669240263,22.71741867,5.918,49.7532822926472,9.16230658478803,6.250278414298246,3.123131972521531
GIN,2001,159,50,44,52,483.0851202147411,21.76875114,5.834,50.503637310744,9.88629196850462,6.180192870454136,3.0804755075008208
GIN,2002,152.7,53,46,56,495.9160735592694,24.83917809,5.781,51.2523026990112,10.6114415301292,6.206406705874156,3.2124221683536014
GIN,2003,146.9,57,48,61,566.4854058806803,25.60194969,5.744,51.9996253196521,11.3379449716538,6.339451318230975,3.242668508351134
GIN,2004,141.6,60,50,65,584.8977405380814,26.41420937,5.733,52.7452281197482,12.2068746539465,6.371437029453113,3.273902099068581
GIN,2005,137,59,51,59,463.1776868509797,19.66388702,5.727,53.4890999882019,13.0950354311112,6.138110753360536,2.9787838072823565
GIN,2006,133.1,57,51,53,446.9805541350129,16.15967941,5.704,54.2315783654935,14.0026334670864,6.102515090613621,2.7825192144060646
GIN,2007,129.7,63,57,46,650.1485753047425,22.64143372,5.664,54.972295205421,14.9294878110963,6.477200914161762,3.1197815781850453
GIN,2008,126.9,60,55,59,703.5328257843689,22.97397041,5.596,55.7112370863101,15.8756067639013,6.556114536140167,3.134361853744669
GIN,2009,124.4,57,53,60,662.1859146655747,23.71565628,5.528,56.4483990709895,16.8410008400224,6.495546354372843,3.166135432570926
GIN,2010,122.2,64,58,62,659.2353262113152,22.59741783,5.435,57.184097462228,17.8258882415396,6.4910805666789875,3.117835644440871
GIN,2011,120.3,63,62,63,636.6949587476483,24.12806129,5.337,58.360314361898,18.8300745161128,6.456290669208767,3.183375532024574
GIN,2012,118.4,59,58,59,699.3533772121965,23.70012856,5.232,59.5458989237514,19.8535699723585,6.550156161286645,3.1654804725989467
GIN,2013,116.6,56,55,55,748.4550208247343,25.90467834,5.151,60.7407932771769,20.8963805102335,6.618011109635536,3.2544235832817283
GIN,2014,115.4,52,51,51,765.1469993892789,36.63517761,5.07,61.9449533966477,21.958517184142,6.640067971431341,3.601008915696258
GIN,2015,113.7,48,47,47,747.3569667594476,43.41540527,5.002,63.1625705426145,23.0429534538905,6.616542938138529,3.7708143382611623
GIN,2016,111.4,47,48,48,711.9965097823158,38.42609406,4.915,64.3935453016882,24.1498387012441,6.568073009408831,3.648736761628301
GIN,2017,109.5,49,48,49,833.598621691121,32.63646317,4.793,65.6377593870016,25.2793165342665,6.725752017556182,3.4854301654624167
GIN,2018,107.5,51,49,50,933.273615633705,34.88978195,4.669,66.8950995450723,26.4315341873572,6.8386984221985685,3.5521940055374226
GIN,2019,105.4,53,50,51,1031.341464807319,42.16910172,4.576,68.1651301407792,27.6063983510435,6.9386156268623775,3.7416877661324914
GIN,2020,102.9,54,50,52,1053.660976964146,41.1027565,4.489,69.4483664321703,28.8045342946628,6.960026023625443,3.7160751873797433
GIN,2021,100.3,56,51,53,1244.9655047791368,44.10476303,4.399,70.7443560609114,30.0258495167405,7.126863101510253,3.7865677818360766
GIN,2022,97.6,58,51,54,1416.5961201176417,53.2922287,4.303,72.0532813701912,31.2707423118105,7.256012174446395,3.975790517539632
GIN,2023,95,60,52,55,1555.4937580686064,59.33010101,4.217,73.3743676551949,32.538855541003,7.349548303516144,4.08311678278048
GMB,2000,112.8,80,89,83,538.0540723488539,74.83678436,5.716,71.751986616962,51.0627069646761,6.287959061336007,4.315309533620146
GMB,2001,108.1,87,89,84,459.8030683813988,55.65046692,5.67,72.4709852394757,49.9139746844975,6.130798285602593,4.019090467982852
GMB,2002,103.6,87,90,86,376.5310269625843,35.99459839,5.656,73.1874046745589,48.7879556235198,5.931000452775685,3.5833688824760523
GMB,2003,99.2,87,90,87,308.7191234375875,28.3001461,5.656,73.894195620681,47.7243148779708,5.732431877880902,3.3428669671800355
GMB,2004,94.9,87,92,88,593.2853463265806,32.15613174,5.683,74.5723410425054,46.6954252889106,6.385675474369629,3.470603155359922
GMB,2005,90.7,95,91,94,616.4836578653483,33.2039566,5.708,75.2482865822258,46.5783414763304,6.42403181432986,3.502669043520498
GMB,2006,86.8,95,89,94,614.5443079044642,33.41355896,5.736,75.9220098738399,46.4862604097152,6.420881030400968,3.5089617744906794
GMB,2007,83,95,88,94,724.7264072424318,35.91078568,5.685,76.5934928458813,46.4185276331036,6.585794214312171,3.5810376871409466
GMB,2008,79.4,96,92,96,859.1276714112262,40.0297699,5.625,77.2629006181607,46.3744960730948,6.755917538892749,3.689623424799103
GMB,2009,76,98,96,97,774.8880309080911,34.59326172,5.574,77.9295055109151,46.3534874804285,6.652718542668024,3.5436589151209503
GMB,2010,72.7,97,92,97,801.0333727145356,32.99832535,5.558,78.5938369652341,46.3547731022519,6.68590261001385,3.4964568132091123
GMB,2011,69.7,96,91,95,710.6084114681515,31.05148888,5.542,79.2555392487377,46.3775424677641,6.5661215206518975,3.435646758276572
GMB,2012,66.8,98,95,98,692.579361628102,29.56409264,5.519,79.9149385065975,46.4212058311807,6.540422833124257,3.386560538458524
GMB,2013,64,97,96,96,653.8627132727431,25.59075928,5.392,80.571196875671,46.4844347761008,6.482897410878011,3.2422313206967437
GMB,2014,61.4,96,96,97,568.0045355886399,17.33743477,5.197,81.2241792597438,46.5660263360159,6.342129403880537,2.8528680232690564
GMB,2015,58.9,97,97,96,619.5363642964605,19.67725563,5.003,81.8737511504613,46.6646737011035,6.428971398775768,2.9794634322049727
GMB,2016,56.6,95,97,95,650.0565013236113,20.77086067,4.809,82.5196405722502,46.7787647028692,6.477059284225162,3.0335510751614065
GMB,2017,54.3,92,90,92,642.5226412963307,21.55331612,4.614,83.1620559265773,46.9072182092037,6.465402055520204,3.0705296849898236
GMB,2018,52.3,93,91,93,696.2198069606148,22.17474365,4.42,83.8008881364874,47.0485303132535,6.545665425074071,3.0989539678131512
GMB,2019,50.4,88,85,88,738.1867519874828,23.21861267,4.33,84.4361946965619,47.2014093425827,6.604196844061903,3.144954227284121
GMB,2020,48.6,85,82,89,720.3351433521331,28.9169693,4.248,85.0680326919843,47.3645750957407,6.579716580587308,3.364428595810146
GMB,2021,47,82,79,89,781.8909251695309,29.77283478,4.165,85.696311673001,47.5364188505618,6.661715248936414,3.3935963932017144
GMB,2022,45.3,79,74,69,836.2448758684757,29.57811737,4.078,86.3212416883552,47.71599120114061,6.728921483912126,3.3870348098887093
GMB,2023,43.8,84,80,86,883.0241117198087,25.74407768,4.006,86.7155739795785,47.9457928819298,6.783352506822092,3.248204607647588
GNB,2000,174.8,49,71,52,316.94549503763886,13.2785511,5.786,55.17972626039981,4.53445720097512,5.758729819149557,2.58615003418036
GNB,2001,169.3,53,72,56,327.1384319723973,13.50725842,5.688,55.6355112802185,5.01574870772438,5.7903834206795555,2.6032272016973765
GNB,2002,163.6,57,73,60,362.0345745703541,14.02086544,5.634,56.0766781223188,5.72910394514667,5.891739717127851,2.6405466086599207
GNB,2003,157.7,60,74,65,419.7848661180698,14.70093441,5.577,56.5025111199122,6.75416506576179,6.039742356517722,2.687911057070625
GNB,2004,151.6,64,75,69,431.3765576696339,18.42279816,5.5,56.9133054099117,7.78216486739306,6.066981392352555,2.9135889280849763
GNB,2005,145.3,68,76,73,463.0739626504516,20.99864388,5.46,57.3083913147458,8.8783527585904,6.137886787873366,3.0444578584953725
GNB,2006,139.1,71,74,74,448.5130754697008,22.77665329,5.406,57.6886837795946,9.9897316228944,6.105937834852485,3.1257360328274633
GNB,2007,132.8,74,73,76,519.0697897947414,25.56799126,5.365,58.0535126816811,11.1161885061566,6.2520383438650295,3.241341227750264
GNB,2008,126.5,77,71,77,640.2103311017534,34.26661301,5.266,58.4031554952598,12.2580921089513,6.46179676470914,3.534171498495698
GNB,2009,120.2,80,69,78,583.1900201390936,26.88874054,5.176,58.7369930495235,13.4152955008386,6.368513068303679,3.2917076316978098
GNB,2010,114.3,83,76,82,600.1942985407677,29.23748016,5.111,59.0561288356576,14.5887141664203,6.397253433695517,3.375451453329477
GNB,2011,108.6,86,83,85,719.5395734989372,44.72909927,5.067,59.3599409743787,15.7782187068147,6.578611526203279,3.8006242801975145
GNB,2012,103.6,87,81,87,635.4616533038806,37.75499725,5.003,59.6486446194462,16.9842205721111,6.454351747823679,3.6311178444173517
GNB,2013,99.1,87,81,86,654.304534409417,46.05934143,4.93,59.9219185208316,18.2067554736928,6.483572892020436,3.829930596200872
GNB,2014,95.2,86,81,84,652.0225010294494,64.99989319,4.79,60.179969051587,19.4462525723006,6.480079072112534,4.1743856266635175
GNB,2015,91.6,86,80,83,645.0668372070388,52.45866776,4.661,60.4227287706109,20.7029543822311,6.469353935004025,3.9600255787674232
GNB,2016,88.2,85,80,81,679.6653866268176,56.60805511,4.519,60.6498938301808,21.9768833616634,6.521600598569826,4.03615129151421
GNB,2017,85.1,79,66,79,783.123186602022,54.8225174,4.347,60.8614249962045,23.2682682564985,6.66329001005566,4.004101011016937
GNB,2018,82.2,82,79,82,808.531613218504,58.87445068,4.241,61.0574978262041,24.5775735612132,6.695219779326951,4.075407222017046
GNB,2019,79.5,78,79,60,811.2164258851286,53.98390961,4.153,61.2378280860905,25.9048078160921,6.698534881504113,3.988686031977153
GNB,2020,76.7,74,72,63,846.9158557159709,67.88795471,4.075,61.4023709076856,27.2502045881432,6.741601345816261,4.217858621331535
GNB,2021,74.3,67,63,23,926.7809210812331,70.21189117,3.998,61.5510835646003,28.6139998460415,6.831717206547057,4.251517686572958
GNB,2022,72,74,75,51,883.1991314578312,68.01049042,3.911,61.6363537721631,28.7228575496477,6.783550692118624,4.219661964159931
GNB,2023,69.7,74,72,75,988.087886357022,82.13543701,3.836,61.7218282479049,28.8319728978299,6.8957716475943664,4.408369555609678
GNQ,2000,154.5,35,50,41,1487.3165506700975,20.14153671,5.834,51.0981400291321,54.790530594174,7.304728802533743,3.0027841857698814
GNQ,2001,150.2,37,50,43,1948.6114590784368,29.59247589,5.785,51.7904438770813,55.776966411997,7.574872325646451,3.387520136112117
GNQ,2002,145.9,39,49,45,2264.210655803648,74.93979645,5.731,52.54199672143,56.7470042992933,7.724981480844245,4.3166850771889145
GNQ,2003,141.5,41,48,47,2930.6018374373293,86.82926178,5.675,53.3504174439606,57.6992350383254,7.982963086187052,4.463943682136147
GNQ,2004,137,43,48,49,4901.301274081193,104.54925537,5.618,54.2150297528476,58.6335894811516,8.497256014981291,4.649658303611115
GNQ,2005,132.3,44,47,51,8673.902608653496,122.75533295,5.559,55.1317186570274,59.5483734842498,9.068074096369802,4.810193211352077
GNQ,2006,127.4,46,47,53,10184.884124854148,143.95661926,5.498,56.1005801258044,60.4443395996533,9.22865995155683,4.969511999050667
GNQ,2007,122.6,48,46,55,12616.95329420112,179.49963379,5.433,57.1185705825994,61.3207811186255,9.442796688105966,5.190173167759122
GNQ,2008,118,50,45,57,18210.55529705989,225.50572205,5.363,58.1837958068374,62.1777142751886,9.8097566663292,5.418345533565362
GNQ,2009,113.5,52,45,59,13232.501937810184,248.9617157,5.288,59.2917944417375,63.0143173257129,9.490431350175372,5.51729913243479
GNQ,2010,109.4,54,44,61,13720.165872322244,237.85783386,5.209,60.441364332898,63.831192420274,9.5266219910262,5.471673158472128
GNQ,2011,105.6,54,46,60,17198.213666827498,265.38485718,5.126,61.629611207728,64.6283695926991,9.75256080082828,5.581181063676497
GNQ,2012,102,54,49,58,17308.57239245747,280.90136719,5.04,62.8538908142975,65.4060732402599,9.758957171774224,5.638003601275284
GNQ,2013,98.6,53,51,57,16304.071319641816,286.33657837,4.952,63.6715161073668,66.0469451872043,9.699170129817624,5.657167966325268
GNQ,2014,95.3,53,53,55,15548.662465661924,290.53604126,4.863,63.9264757487076,66.1151129596268,9.6517298988379,5.671727634895863
GNQ,2015,92.1,40,50,37,9068.910032386446,222.81713867,4.774,64.1785994681849,66.1825230692518,9.112607363052836,5.406351429107196
GNQ,2016,89,53,53,55,7453.197979485167,221.49227905,4.686,64.4255163889263,66.2485390317556,8.91639847825962,5.400387731315575
GNQ,2017,86.1,56,52,58,7809.104656554882,223.4354248,4.599,64.6658128879178,66.3127866671561,8.963045595616009,5.409122445236805
KEN,2000,95.2,82,78,79,414.6263651308463,21.53400993,5.136,45.3600224507061,23.6473801064419,6.027377789708818,3.0696335425246533
KEN,2001,90.5,80,77,77,410.7004524748136,22.11487579,5.094,46.2300505152725,24.3164597238105,6.017864122678033,3.0962504947546643
KEN,2002,85.6,84,78,83,402.9363856053818,22.28772163,5.027,47.0979850578154,25.0346081207823,5.998778697390903,3.1040359272789075
KEN,2003,80.8,73,72,75,442.8984572534054,25.64012337,4.937,47.96372108533,25.7535178867465,6.093340527638835,3.2441584436633586
KEN,2004,76.1,73,73,73,463.66278130012114,27.65002823,4.861,48.8271492189302,26.4731149422539,6.139157523565561,3.3196267489443145
KEN,2005,71.2,76,69,70,523.4563124338626,30.9943428,4.801,49.6872335728162,27.1932269454509,6.260453573979809,3.4338046975091805
KEN,2006,66.8,80,77,77,699.8023706338097,40.3040123,4.754,50.5448296064454,27.9138955031129,6.55079796751546,3.696451024790835
KEN,2007,62.9,81,80,76,840.2014394767648,49.44605255,4.718,51.3998249048434,28.6350439627237,6.733641671988711,3.90088222778429
KEN,2008,58,88,90,87,915.5443547360396,54.35681915,4.66,52.2521176288935,29.3565994040011,6.819518811587652,3.9955700730381563
KEN,2009,55.2,88,88,89,1047.967832448497,55.455616,4.567,53.100725539255,30.0784132028819,6.954608170181377,4.015582989100682
KEN,2010,53.1,90,86,89,1091.518731011939,58.8164711,4.446,53.9464421270489,30.8004947681643,6.995325336641598,4.074421936426389
KEN,2011,51.7,96,87,97,1096.1449980767547,57.02286911,4.284,54.7912792060119,31.5229174481557,6.999554756272704,4.043452399826495
KEN,2012,50.7,94,93,93,1285.005361715117,64.48231506,4.116,55.6346101711392,32.2455260120869,7.158518169861562,4.166391001089837
KEN,2013,49.4,87,94,92,1370.8788521465926,67.59809875,3.955,56.4770636530803,32.9682462912978,7.223207311067557,4.213579857653404
KEN,2014,48.3,92,95,90,1482.8156625349743,72.84589386,3.843,57.3176013376785,33.6908976254492,7.301698034030998,4.28834616674246
KEN,2015,46.8,89,96,79,1489.1195977728398,70.94755554,3.766,58.1564256572864,34.4133695043635,7.305940350326721,4.2619409497355685
KEN,2016,45.5,88,93,83,1554.1261031442327,73.88768005,3.689,58.9933330324144,35.1355349703251,7.348668675089777,4.302546102960241
KEN,2017,44.7,81,84,75,1667.4844723083545,66.46552277,3.609,59.82810250315,35.857250498731,7.419071465787415,4.196683358631293
KEN,2018,43.7,91,92,89,1836.4527552899297,75.27681732,3.536,60.6609028100369,36.5783889502292,7.515591139521756,4.3211722164875335
KEN,2019,42.7,93,92,88,1960.408088548926,85.64528656,3.433,61.4907638599362,37.298797647533,7.580907938995523,4.450214191848957
KEN,2020,42.1,93,89,92,1927.6645902784887,86.5921936,3.364,62.318211896262,38.018340896347,7.564064492338477,4.4612096683181814
KEN,2021,41.3,95,90,95,2061.3562208959406,94.20249176,3.312,63.1426684243247,38.7368777065186,7.631119404818203,4.5454466330371455
KEN,2022,40.5,94,89,91,2109.562885131375,91.18416595,3.262,63.96426197234,39.454252565811,7.654236041563956,4.512881263037469
KEN,2023,39.6,93,91,92,1942.5880275619108,84.958992,3.208,64.7820788557808,40.1703366344741,7.571776397849224,4.442168693016466
LBR,2000,194.9,48,63,56,298.48534057894545,7.93455124,5.875,61.0278430215118,12.1734894943623,5.6987208213384175,2.07122679787375
LBR,2001,181.7,44,58,54,300.46382859898296,6.46313238,5.774,61.9197046364816,12.4677838881013,5.705327376011267,1.8661140888189396
LBR,2002,168.6,39,52,51,299.5364455396212,6.59576607,5.653,62.8078227070838,12.7650839146354,5.70223609809744,1.886427938634843
LBR,2003,156.2,35,47,49,239.7795566770913,5.76429653,5.547,63.6915834211062,13.0649848713731,5.479719987404211,1.7516831219909783
LBR,2004,144.8,31,41,47,284.1402239924584,16.7787571,5.506,64.5712728784184,13.3677053295354,5.6494678627608526,2.8201136279739067
LBR,2005,134.9,60,62,66,287.4873334413809,19.14579582,5.519,65.4465992759902,13.6730363587121,5.661178801671644,2.9520831520987603
LBR,2006,126.5,60,63,66,320.55808618514965,18.34446335,5.53,66.2032069100531,14.1158011729766,5.770063496086551,2.9093278041768547
LBR,2007,119.6,65,71,67,374.2113081042777,15.8568964,5.462,66.9527157246347,14.564331528772,5.924820632796213,2.763604509793895
LBR,2008,114,75,76,79,451.7138562832848,26.30083656,5.328,67.6948813001936,15.018343502263,6.113048918044138,3.2696007470428627
LBR,2009,109.5,81,83,84,448.3863670255448,40.21982574,5.174,68.4324549886399,15.4802745365152,6.105655287135326,3.6943600516648067
LBR,2010,105.7,70,65,71,492.2528080337235,40.8739624,5.058,69.1652648922475,15.9501173630923,6.19899242198996,3.71049324418574
LBR,2011,102.4,77,71,77,568.0878655200041,47.58517075,4.97,69.8933749749855,16.4280907750626,6.34227609957436,3.8625211738335143
LBR,2012,99.5,80,80,80,638.3687514620826,46.67208862,4.881,70.6161490742492,16.9137232016405,6.458916096726573,3.843146311906559
LBR,2013,97,80,74,80,710.7445709278632,48.72935104,4.749,71.3338862504404,17.4074580077978,6.566313111990311,3.8862815393031616
LBR,2014,97,63,58,62,706.7144900645072,54.82420349,4.622,72.0459731773456,17.9088071106971,6.56062675132771,4.004131765972242
LBR,2015,93.2,65,64,65,692.590082351257,68.89793396,4.523,72.7524847164664,18.4179781203981,6.540438312419157,4.232626191503258
LBR,2016,91.5,73,70,73,714.6130631456588,67.68016052,4.461,73.4532574499597,18.9349390175014,6.571741225782789,4.214793087044565
LBR,2017,90.3,80,75,79,699.2690957274035,67.8789978,4.396,74.1477432355412,19.4591800299081,6.550035640579269,4.217726675967109
LBR,2018,89.4,81,74,79,692.2031271297944,68.88298798,4.336,74.8362128370245,19.9911366216728,6.539879448859046,4.2324092386791925
LBR,2019,88.7,71,68,69,658.1641807705065,51.1932373,4.257,75.5183258975949,20.5305258325317,6.489454415050458,3.9356074393372293
LBR,2020,88.3,66,61,67,616.787867006715,76.11009979,4.174,76.193954779971,21.0772995001903,6.424525151184561,4.332180973407071
LBR,2021,88,67,58,64,667.9661051431905,88.54867554,4.089,76.8629734925215,21.631407651363,6.504237431445681,4.48355240691766
LBR,2022,87.8,79,79,52,744.617175237387,100.49607086,4.016,77.5249138658914,22.1923063601074,6.612870227567148,4.610118630814467
LBR,2023,87.3,83,82,72,799.1944702296419,103.94123077,3.95,78.180013925929,22.7604195167576,6.683604308178326,4.643825650668551
LSO,2000,108.3,84,74,82,442.77954577908105,23.71122551,3.605,64.405856278949,13.9109680595621,6.093072006856719,3.1659485862152024
LSO,2001,110.3,79,70,78,412.6774736768215,28.22144127,3.63,64.9608173437241,15.4957394207867,6.022666352464919,3.3400820177640203
LSO,2002,112.1,85,78,84,388.9233498513496,23.20003891,3.682,65.5201920460199,17.0718164332742,5.963382280118776,3.14415395582603
LSO,2003,113.2,90,85,90,583.2700362002877,32.02215576,3.619,66.083827020152,18.6189165343031,6.368650262990947,3.4664280307239257
LSO,2004,113.9,90,84,89,766.6858209282425,41.18851089,3.508,66.6522079155788,20.1519465673748,6.642077096756488,3.718159355573069
LSO,2005,114.6,89,83,88,861.3814964149951,41.66717911,3.428,67.224549621847,21.6703679710685,6.758537491561566,3.7297137471985637
LSO,2006,114.7,89,82,88,925.4674855028424,49.67809296,3.414,67.8015454898826,23.1744368605151,6.830298999578849,3.905564050415014
LSO,2007,111.9,88,81,87,861.1884208995633,65.80387878,3.442,68.3621774697103,24.6557826139107,6.758313320090441,4.186678784618222
LSO,2008,111.6,88,80,86,898.482517882593,69.06710052,3.392,68.9266715175082,26.1239917400803,6.800707249031088,4.2350785033577205
LSO,2009,99.1,91,84,89,878.8479505377716,80.82315063,3.309,69.4944225013917,27.5788226829742,6.778611902674362,4.392263442186713
LSO,2010,90.9,93,88,92,1119.4755779304196,85.87903595,3.25,70.0661261191784,29.020495938413,7.020615620642677,4.452939747400298
LSO,2011,85.2,96,92,95,1280.733909315806,117.67031097,3.343,70.6416125144182,30.4489318304881,7.155188559254781,4.767886739202013
LSO,2012,81.4,95,91,93,1217.9307122894418,125.37831116,3.296,71.1931354913507,31.8586043360402,7.104908560189876,4.831335655983211
LSO,2013,79.3,93,90,90,1151.0373583722674,131.35578918,3.283,71.7472805619843,33.2568347766841,7.048418865512503,4.877909589617855
LSO,2014,77.6,88,92,88,1173.5377928819005,121.21549988,3.239,72.3042900166606,34.6437079655808,7.067778220040417,4.797569952257074
LSO,2015,75.1,83,93,85,1121.1985134251822,104.59999847,3.217,72.8644331310882,36.0192915871812,7.022153493411394,4.650143537003672
LSO,2016,71.4,87,90,87,992.4918406784652,91.0127182,3.18,73.4272764061932,37.3835722556357,6.900218791548677,4.51099925719083
LSO,2017,70.1,89,89,88,1069.366732475424,115.43321228,3.105,73.9930898817459,38.7366301247734,6.974821913442217,4.748692114053607
LSO,2018,68.8,90,89,90,1170.6556970281936,130.93614197,3.016,74.5632870642167,40.0785080651777,7.065319295622887,4.874709738473173
LSO,2019,68.1,92,90,94,1082.0570677751584,235.94372559,2.924,75.1376932253322,41.4091356196007,6.986619200876161,5.463593325701846
LSO,2020,66.3,93,90,96,918.5825747044472,96.84536743,2.846,75.7168396878056,42.7284382834052,6.822831802306641,4.573115556287728
LSO,2021,64,95,90,98,1066.5864514382265,115.81448364,2.769,76.300316439538,44.0363729437393,6.97221859551525,4.751989631929117
LSO,2022,62,92,84,65,1030.1258294775712,133.32562256,2.716,76.8886585638557,45.3328485039477,6.937436238303532,4.892794425967607
LSO,2023,61.3,90,76,87,916.2829769838036,122.63982391,2.694,77.481451488906,46.6178621737328,6.820325243804273,4.809251798734087
MDG,2000,104.4,57,57,58,280.28290555964884,11.1882658,5.665,36.4427561061797,3.82452281975997,5.6357994700807135,2.414865532654932
MDG,2001,99.8,60,59,60,319.28327823565746,13.13894939,5.528,37.1365510037545,4.27623527366861,5.766078728276271,2.5755810547609506
MDG,2002,95.6,62,61,61,304.9417773984449,15.02957344,5.412,37.8285452576804,4.72902485932566,5.720120864609285,2.710019822789958
MDG,2003,91.6,66,65,65,352.62009584992484,17.64075851,5.329,38.518227444298,5.18344484506749,5.865391261674723,2.8702120490873027
MDG,2004,87.8,78,79,74,272.2007485885601,14.29298973,5.264,39.2060328929428,5.63879503752012,5.606539840355245,2.659769188393172
MDG,2005,84.1,85,74,80,305.81207492438796,15.9498682,5.195,40.0429127960642,6.12117413127887,5.722970779060681,2.769450565873828
MDG,2006,80.8,85,71,83,324.14687488260375,16.44085503,5.133,40.878116387823,6.60626042533301,5.781196730613876,2.799769397399694
MDG,2007,77.6,84,81,83,419.54800143186503,19.33553123,5.083,41.7110487315334,7.09404608313975,6.039177944705316,2.961944399727083
MDG,2008,74.8,77,70,77,512.579800058444,20.91898537,5.043,42.5424880385146,7.58477414006482,6.23945640632253,3.0406571375425244
MDG,2009,72.4,77,63,76,446.31523837059217,19.56957817,5.003,43.3700536128356,8.07809172690129,6.101025514835874,2.973976226244657
MDG,2010,70.3,70,66,70,450.00939164572554,21.13975906,4.896,44.1945358943364,8.57423264106828,6.109268452870418,3.051155583026148
MDG,2011,68.6,73,62,73,506.16369155930926,22.88667488,4.737,45.0153822584225,9.07317377918647,6.22686011807762,3.1305548582311653
MDG,2012,67.3,68,63,71,493.5111629042107,19.30151749,4.613,45.8324865165496,9.57497737668474,6.201545478484399,2.960183719244815
MDG,2013,66.4,70,64,72,515.3015893618319,19.33186913,4.527,46.645311071975,10.0796108433394,6.244752339672197,2.9617549843551236
MDG,2014,65.7,68,66,71,505.6849225034353,22.56570244,4.421,47.4541920353579,10.5872297277492,6.22591379254048,3.116431162419974
MDG,2015,65.3,62,60,68,445.3200694805675,22.29386139,4.335,48.258173464398,11.0976984755033,6.098793280884404,3.1043113665802022
MDG,2016,64.9,68,62,72,453.97071452246337,24.20793915,4.285,49.0575914521926,11.6111708038341,6.118032690503652,3.1866806434109836
MDG,2017,64.9,65,55,69,491.8668487189288,23.62072182,4.259,49.8519386234101,12.1276026442495,6.198208047179571,3.1621243699974517
MDG,2018,64.9,74,68,71,500.4571855291595,21.12731934,4.246,50.6411241447461,12.647045200372,6.215522051697947,3.050566958459224
MDG,2019,65,69,60,69,499.8188376225341,15.50084877,4.221,51.4242559942128,13.1693375483997,6.214245708011786,2.740894781780801
MDG,2020,65.1,67,55,66,450.77161520150946,16.78295326,4.17,52.2020747813196,13.6947390405503,6.110960814791713,2.8203636843611917
MDG,2021,65,55,43,55,483.46946335119475,17.17938805,4.104,52.9732968597974,14.2229663442332,6.180988155403887,2.843710296014837
MDG,2022,64.5,57,44,55,503.5145334729596,15.85809231,4.036,53.7386722482621,14.7542849047499,6.221612576633712,2.763679925869966
MDG,2023,63.6,65,51,63,508.7184277055908,17.44003487,3.972,54.4969430342798,15.2883891812498,6.231894676267143,2.8587684179054405
MLI,2000,189.9,43,49,53,304.6528701942707,14.00473022,6.886,49.4074258741145,17.3336177697569,5.719172997934452,2.6393951454062217
MLI,2001,183.9,49,54,56,346.2245542510219,13.15901566,6.852,51.0043528727808,18.5366288294077,5.847087565273326,2.5771071252273305
MLI,2002,177.7,61,56,65,378.1916786282853,15.89499378,6.819,52.6652852945174,19.7478525761063,5.9354011534129825,2.7660042030446648
MLI,2003,171.7,63,57,67,441.91035847509494,18.76944542,6.783,54.3201164982467,20.9666083854735,6.0911070526293205,2.9322303040777467
MLI,2004,165.8,69,63,70,495.00629468064545,21.72010231,6.741,55.9690552417302,22.193273656424,6.204570479014392,3.0782382054597974
MLI,2005,160.1,77,73,78,548.7303828427251,23.97353554,6.708,57.6096707559848,23.4264099806876,6.30760721494441,3.1769505361092945
MLI,2006,154.6,78,68,79,586.9854155152636,26.93190002,6.677,59.2432791544715,24.6671660825145,6.374999973719202,3.293311458363653
MLI,2007,149.2,74,66,76,670.8533949734791,29.63545799,6.647,60.8678932754337,25.9143828499992,6.508550625727975,3.388971549481781
MLI,2008,144,74,71,74,767.1948389500897,33.21391678,6.624,62.4840069987377,27.1686715784898,6.6427407964221095,3.502968968211482
MLI,2009,138.9,73,73,77,787.4825642873977,34.64731598,6.592,64.0894295059223,28.4286615146563,6.66884122986725,3.5452202617410014
MLI,2010,133.8,73,78,77,797.151541135109,31.36436844,6.579,65.6825064344256,29.6932856424804,6.681044800157795,3.4456724855257965
MLI,2011,128.8,66,72,72,938.292902583696,31.67968369,6.545,67.2626511406481,30.9622372812507,6.844062163144723,3.455675582363551
MLI,2012,123.9,65,67,65,872.506092465564,27.53120613,6.523,68.8293224749943,32.2352227048023,6.771369636820758,3.3153201296732084
MLI,2013,119.1,64,62,57,901.9209576448312,30.06661987,6.491,70.3820228884165,33.5119596461235,6.804526886117373,3.4034155819691017
MLI,2014,114.4,66,65,62,947.9150332883246,35.7261734,6.441,71.9205681917845,34.7924079704944,6.854264870905261,3.5758835686229307
MLI,2015,109.7,70,67,67,838.1198694010295,28.97842216,6.385,73.4442818917146,36.0760821566718,6.731161132497182,3.366551489585602
MLI,2016,105.1,76,70,72,872.4685871716532,27.58086205,6.319,74.9530465324724,37.3629585814102,6.771326650186792,3.317122128221864
MLI,2017,100.6,77,70,72,924.0575316922836,28.49467659,6.251,76.4467561333581,38.6530201870083,6.828774333439616,3.3497172835120788
MLI,2018,96.2,76,71,71,996.3792921369012,31.16962242,6.118,77.9248726503067,39.9458152875809,6.904128000491313,3.4394439801351346
MLI,2019,91.9,77,71,71,971.9493186380917,31.4089489,5.892,79.3875776496975,41.2415636688459,6.879303661782197,3.4470928491256165
MLI,2020,87.6,70,62,65,953.2429432909744,28.20211601,5.85,80.8342374526546,42.5396302417606,6.859869795920841,3.3393970109446247
MLI,2021,83.6,77,72,69,1027.2734536535686,30.55883217,5.779,82.2652506105548,43.8404477380485,6.934663438998205,3.419653749235673
MLI,2022,79.7,75,69,75,976.914116406452,31.0949192,5.692,83.6801195841677,45.1434215383033,6.884398742760709,3.4370444360639736
MLI,2023,76.2,75,68,72,1043.9533853528012,33.9802475,5.614,85.0789328815907,46.4485840749361,6.950770117400531,3.525779399913552
MOZ,2000,164.6,70,71,69,327.1262397915697,7.00877714,5.83,23.4410418674047,10.7368086528161,5.7903461508058935,1.9471632407507269
MOZ,2001,155.7,73,74,72,304.7921386219133,8.53719139,5.755,24.4482966648571,11.6891382934177,5.719630031557017,2.1444320766593816
MOZ,2002,147.5,76,77,76,313.88666172119804,10.00207806,5.667,25.8920562991607,12.6706023887281,5.749031970817656,2.30279287740537
MOZ,2003,139.8,85,80,67,339.4887378006477,11.036607740000001,5.6,27.3637062660651,13.6597206754492,5.8274407735491005,2.4012177237043364
MOZ,2004,132.5,83,79,69,400.0569731615448,14.12452602,5.551,28.8635945459384,14.656791437849,5.991606969869241,2.647912720363291
MOZ,2005,125.7,80,78,71,436.77385616738417,18.40718079,5.5,30.391019323665,15.661495607588,6.079415569542779,2.9127408488092725
MOZ,2006,118.8,78,76,73,457.4876478331826,18.05057144,5.452,31.9468315696643,16.6744657730016,6.125749885079357,2.893177343003525
MOZ,2007,110.7,75,75,75,507.8749239143042,19.29700851,5.466,33.5293144441132,17.6947339130943,6.230235204496025,2.9599500844153135
MOZ,2008,104.4,75,77,74,592.1591111841216,24.48562622,5.598,35.2815210331491,18.8175728896395,6.383775367664215,3.1980862604857956
MOZ,2009,98.3,74,80,74,547.6971441936511,27.68954468,5.681,37.0713316939985,19.9603052560203,6.30572247759615,3.3210548935662736
MOZ,2010,95.6,74,82,73,496.18583939265926,26.26061249,5.66,38.8870842432342,21.1157832994067,6.206950532746207,3.2680701926696702
MOZ,2011,91.1,77,82,76,618.1764928678903,30.42516136,5.599,40.7272349107275,22.2833615319123,6.42677400385031,3.415269942392806
MOZ,2012,86.5,80,83,79,685.6857481995128,35.24672699,5.518,42.5912317568362,23.4630594441157,6.530419429765605,3.5623726735998065
MOZ,2013,82.9,82,83,81,686.505672517351,41.5031395,5.43,44.4785109091444,24.6548929254595,6.531614488127057,3.7257690749776997
MOZ,2014,79.7,85,83,84,697.1426804441226,43.50259018,5.304,46.3885053370703,25.8588794084376,6.546990096330548,3.772820480689759
MOZ,2015,75.8,85,83,84,610.5637747065892,40.35658646,5.245,48.3206421640835,27.0750381576231,6.414382751168729,3.6977546146042846
MOZ,2016,73.3,85,83,84,441.4897348190715,31.85357285,5.188,50.2743318960673,28.3033808340067,6.090154769080783,3.4611495531207934
MOZ,2017,72,85,83,84,470.9385630519602,36.75825882,5.128,52.2485430306556,29.5435460585168,6.154727646128335,3.604362930206806
MOZ,2018,70.2,85,83,84,517.5072602581007,41.29206467,5.07,54.2431367591977,30.7959176592195,6.2490235545253645,3.7206703427650543
MOZ,2019,68.6,85,83,84,519.0925509136196,41.01906586,5.016,56.2587719909351,32.0616645064997,6.252082192727562,3.7140369795911714
MOZ,2020,67.6,71,73,75,462.4338764799215,34.92252731,4.959,58.2943448564578,33.3404532645595,6.136503576958185,3.5531321026365874
MOZ,2021,65.5,56,62,64,509.90782947555147,44.09894943,4.905,60.34998629028,34.6331153020155,6.2342299828668395,3.7864359597200616
MOZ,2022,63.9,55,63,74,578.251663751351,47.69813538,4.84,62.4237541540672,35.9385123672753,6.360009178325483,3.864892306564202
MOZ,2023,61.7,70,65,78,622.0002976828226,52.96166611,4.763,64.5157588929919,37.257486002339,6.432940571328812,3.969568370914871
MRT,2000,98,51,46,58,680.9110618797781,23.00290108,5.456,41.4134230835058,18.1529733941699,6.523431698325202,3.13562034188798
MRT,2001,93.4,75,58,75,651.8178401997768,23.28163338,5.407,42.3280271481034,19.3093273656577,6.479765136694398,3.147664782773107
MRT,2002,88.2,89,87,91,648.8796439348624,25.96999741,5.373,43.8234469336447,20.5759918023257,6.475247251023902,3.256941925944194
MRT,2003,82.8,76,84,75,732.0178208126755,29.51877594,5.364,45.328257924083,21.8519258918573,6.595804859037475,3.385026533425402
MRT,2004,77.5,70,73,68,823.554457141893,31.47280884,5.374,46.8421748540114,23.1372199810227,6.713629676322464,3.4491239616214893
MRT,2005,72.5,71,65,71,998.96583416747,34.00539017,5.376,48.3637496328725,24.4309798679279,6.906720578031156,3.526519046462674
MRT,2006,68.1,68,62,68,1300.6036798865928,35.14922333,5.404,49.8930914741819,25.9997164897389,7.170583804807177,3.5596025221377343
MRT,2007,64.3,75,67,75,1405.1501620336849,40.41820145,5.426,51.4299037180572,27.6037678904985,7.247899452949221,3.6992802144491064
MRT,2008,61.3,74,65,73,1635.5630623124007,49.2858696,5.436,52.9742769831922,29.2444593327866,7.399742404665164,3.897637419275429
MRT,2009,58.8,64,59,63,1435.430108118934,44.64679718,5.406,54.5236725907371,30.9205985186658,7.269219810196733,3.798782573058738
MRT,2010,56.8,64,67,52,1659.9636970545478,43.759655,5.384,56.0793137596393,32.634513910578,7.414551011867205,3.778712274170399
MRT,2011,55.1,75,67,73,1931.199755254651,47.77469254,5.38,57.6405391140785,34.3867695026877,7.565896723610995,3.8664960545221643
MRT,2012,53.5,80,75,80,1859.1173324764088,49.2515831,5.352,59.206705237902,36.1778963960657,7.527857101639568,3.896941511263922
MRT,2013,52.1,80,80,80,1934.2410306471409,55.47412872,5.317,60.7764532840581,38.0075543396616,7.567470296297003,4.015916762881891
MRT,2014,50.6,81,75,81,1713.008652642339,59.39431381,5.261,62.3466709330309,39.8731407401327,7.446006549474433,4.084198494682091
MRT,2015,49.1,73,70,67,1554.9489787178247,57.1233139,5.211,63.916470728636,41.7742652183786,7.349198012961099,4.045212332805022
MRT,2016,47.7,74,73,69,1565.7657572269577,49.90084076,5.157,65.4850065623498,43.7104270690001,7.356130285047656,3.9100378515133274
MRT,2017,46.2,76,75,70,1615.0040132732322,55.22446442,5.106,67.0528469845158,45.6828446170813,7.387092720652575,4.0114060511151965
MRT,2018,44.7,77,78,72,1722.9352885407272,49.68307495,5.044,68.6188207153195,47.6904380054199,7.451784678388346,3.9056643308386234
MRT,2019,43.4,80,75,75,1767.0727106209977,54.63365555,4.984,70.1831740304399,49.7339098436372,7.477079620664375,4.000650094867821
MRT,2020,42,81,82,81,1795.7645956671436,53.89974594,4.912,71.7451315704303,51.8124755125379,7.493186168816711,3.9871257643602434
MRT,2021,40.7,77,75,76,1947.789183833133,73.6309433,4.848,73.3049522964887,53.9267671870648,7.574450256494499,4.2990653626526285
MRT,2022,39.4,85,84,81,1960.352400774235,91.54125977,4.77,74.8619034584031,56.0758490078081,7.580879532376528,4.516789797092785
MRT,2023,38.1,90,92,90,2135.78187606359,92.11444092,4.697,76.416594605687,58.2608340232933,7.666588076917935,4.523031727061245
MUS,2000,18.8,88,84,88,3981.983432495823,115.89820862,1.99,99.3576713358025,90.5194424395301,8.289535324016748,4.752712293970864
MUS,2001,17.5,92,90,93,3908.556949274354,116.36106873,1.91,99.3807165047382,90.8010935078889,8.270923518175792,4.7566980182702805
MUS,2002,16.6,88,84,88,4073.060530559032,132.38633728,1.94,99.403804146101,91.0831578826494,8.312149968956847,4.885724445428925
MUS,2003,16,99,91,99,4858.265755497474,157.68417358,1.87,99.4269447839906,91.3656724156252,8.488436812779224,5.060594131164901
MUS,2004,15.7,98,98,98,5460.6080018419825,184.74328613,1.92,99.4501410084641,91.6486409323772,8.605315418188086,5.218967218870287
MUS,2005,15.6,97,98,97,5354.029742606423,192.13858032,1.88,99.473396831772,91.9320916263266,8.585604779277125,5.25821688417528
MUS,2006,15.4,97,99,98,5784.224918830265,203.24180603,1.77,99.4967060410466,92.2159724037212,8.662889649463988,5.314396432879712
MUS,2007,15.2,97,98,96,6677.3496244860835,229.2313385,1.74,99.5200720163926,92.5003340946351,8.80647642499802,5.434731705424092
MUS,2008,15,99,98,99,8140.508085958952,312.88540649,1.67,99.5434873367577,92.7851254425672,9.004607875471113,5.7458370100537826
MUS,2009,14.9,99,99,99,7426.886456175929,301.67260742,1.59,99.5669598698171,93.0703993955795,8.91286199957289,5.709342347942882
MUS,2010,14.8,99,99,99,8113.176707402124,357.17382813,1.57,99.5904884029877,93.356133421421,9.00124477292973,5.878222576805125
MUS,2011,14.9,98,99,98,9324.24232310496,385.76248169,1.55,99.6140745200193,93.6423302206656,9.140372988996932,5.95522184766082
MUS,2012,15,98,99,98,9421.525140982249,387.1026001,1.56,99.6377035692288,93.928957338752,9.15075225902815,5.958689774430071
MUS,2013,14.9,98,99,98,9877.138659588343,440.00280762,1.45,99.6614006304561,94.2160990172905,9.19797813944362,6.086781107846494
MUS,2014,14.7,97,98,98,10490.331556385292,544.44122314,1.44,99.6851453153078,94.5036776997777,9.258209307791265,6.299759990063363
MUS,2015,14.5,97,99,98,9630.543783750698,515.72247314,1.37,99.7089459082034,94.7917221671352,9.172694970877131,6.2455687780403295
MUS,2016,14.6,96,92,96,10095.122557415598,540.39239502,1.41,99.7328674353139,95.0806649213747,9.21980767108093,6.292295533115073
MUS,2017,15,94,89,95,10986.70340930054,594.86120605,1.46,99.7568929289724,95.3704562123422,9.304441039642837,6.388328111191761
MUS,2018,15.4,97,99,98,11818.748061927196,640.62182617,1.42,99.7810033691491,95.6610436549434,9.377442368423862,6.462439308043281
MUS,2019,15.7,96,99,97,11568.253339982366,639.18286133,1.41,99.8052010577748,95.9523952887646,9.356019844226374,6.460190581404864
MUS,2020,15.8,95,98,96,9135.84773751062,541.95184326,1.46,99.8294531889086,96.2430585209024,9.119961265547476,6.2951771474184435
MUS,2021,15.7,95,97,95,9177.711959730132,593.77947998,1.42,99.8537467482534,96.5249988240641,9.12453321068916,6.386508004608937
MUS,2022,15.5,95,98,95,10246.501745555295,590.91522217,1.33,99.8780672728138,96.8074578506506,9.234691633196247,6.381672559011528
MUS,2023,15.4,96,96,97,11269.96844621386,616.20739746,1.4,99.9024122575049,97.0904086099851,9.32989680722634,6.4235835910564285
MWI,2000,171,75,73,73,224.2241591842804,8.84964848,6.002,54.1308258661442,9.3511917456521,5.412646262122046,2.180377738456976
MWI,2001,239,90,81,86,215.4745248983569,7.42542601,5.943,54.9347725459043,9.35302758911489,5.372842688627247,2.0049100581270514
MWI,2002,143.2,64,69,79,428.2104398383979,11.17413807,5.903,55.7358012245672,9.35480608724583,6.059614756611291,2.413602007323603
MWI,2003,130,84,77,85,383.3485968526416,12.3155899,5.875,56.5342633361224,9.35670106577719,5.948944749772932,2.510865931359109
MWI,2004,118.7,89,80,94,404.6742484454283,15.94395351,5.864,57.3298008251815,9.35853844568126,6.003082418637669,2.769079667075836
MWI,2005,109.7,93,82,94,414.36112198447466,17.24028015,5.848,58.1227398593288,11.6430173155279,6.026737868939095,2.847248515103517
MWI,2006,102.7,99,85,99,440.82214902387295,20.95070648,5.802,58.9127413872202,13.9195182666637,6.088641503908185,3.0421723679952706
MWI,2007,96.9,87,83,88,475.1802616593313,25.0216465,5.724,59.7001195551836,16.1881872542677,6.163694230273572,3.219741310227673
MWI,2008,91,91,88,92,554.0488203961194,32.73482132,5.609,60.4845500797973,18.4488656297589,6.3172528063233395,3.4884393835002747
MWI,2009,85.3,93,92,93,625.8697298696254,35.56456757,5.453,61.2695217967754,20.7030011916433,6.439142250194646,3.571349849247507
MWI,2010,80.1,93,93,86,683.1246947167995,33.99194336,5.263,62.054717323412,22.950220782325,6.526677412038552,3.5261235365367045
MWI,2011,74,97,96,97,763.0610003945718,39.29234314,5.083,62.8400904977238,25.1902507973083,6.637337976181271,3.671029668849925
MWI,2012,67.9,96,90,95,558.46208832772,32.53762817,4.902,63.6250410332197,27.4226021008412,6.325186734965685,3.4823972094600633
MWI,2013,62.9,89,88,89,496.94736826731287,39.54008484,4.759,64.4097635787401,29.6470619671529,6.208484121630423,3.6773149634154345
MWI,2014,60,91,85,87,529.5133440205997,35.33760452,4.569,65.1933925643295,31.8630595478382,6.271958365895966,3.564947680779749
MWI,2015,57.4,88,87,88,539.605363240686,34.97310638,4.384,65.9763340121013,34.0704035850355,6.2908380635738395,3.5545793769843073
MWI,2016,55.8,84,81,83,450.5061055107186,34.0307579,4.216,66.7575071708792,36.2684898070789,6.110371629699548,3.5272647597899325
MWI,2017,53.8,88,83,87,495.76968336716527,37.60110092,4.113,67.5372652238348,38.4570661478088,6.206111470831916,3.6270333297544384
MWI,2018,52,92,87,91,533.2025671893307,36.70302963,4.021,68.3152167592517,40.6356741988533,6.278901402976629,3.602859302879518
MWI,2019,51.3,95,92,94,580.8891397624755,36.91519165,3.952,69.0907681697374,42.8038384563156,6.3645599292865835,3.60862316415416
MWI,2020,50.4,94,90,93,602.5074781761056,42.37881851,3.877,69.8639475231257,44.9611479828173,6.401100077198332,3.7466486739711256
MWI,2021,50,93,90,89,617.4469944510071,46.41017532,3.791,70.6341661895421,47.1071277327455,6.425593225872022,3.8375187308800798
MWI,2022,50.1,86,82,87,604.2697403603173,40.03453827,3.72,71.4013801873198,49.2412879464451,6.404020688243706,3.6897425382996034
MWI,2023,49.6,91,87,91,633.214767978695,41.26664734,3.648,72.2285522528925,49.23687867184,6.45080965050604,3.7200546032462505
NAM,2000,78.2,79,69,80,2156.675905127136,217.55029297,3.991,76.2362461884581,27.1488440827973,7.676323382493305,5.382430055844707
NAM,2001,77.6,78,58,79,1915.589265948749,201.46917725,3.827,76.6073397311336,27.5998396163148,7.557780564959724,5.305636403184929
NAM,2002,76.6,77,68,78,1772.0756553749345,187.86433411,3.693,77.0810806268773,28.1968311809375,7.479906825160473,5.235720075257334
NAM,2003,75.6,79,70,82,2569.2473931788263,278.70162964,3.58,77.5698694830307,28.8122875122617,7.851368291881267,5.630141781761801
NAM,2004,74.4,81,70,81,3403.1549619295456,373.46408081,3.545,78.0541039412165,29.4178256763319,8.132458210322655,5.922821830764919
NAM,2005,71,86,73,86,3685.772999915872,402.20068359,3.571,78.5320876453257,30.0109518702615,8.212235551937244,5.996951176964158
NAM,2006,66,86,63,74,4017.1834716928024,437.56240845,3.601,79.0046008864518,30.5926680157068,8.298336307125776,6.081219343510141
NAM,2007,62,86,69,81,4379.043136827322,493.60388184,3.608,79.4708868241615,31.1618359120794,8.384585517592642,6.201733336903852
NAM,2008,57.5,83,73,83,4204.785554227491,443.17068481,3.616,79.9311134554851,31.7185868742759,8.343978573301026,6.093954988863669
NAM,2009,53.2,83,76,83,4302.913741483761,420.74865723,3.633,80.3834346901376,32.2603036353343,8.367047686503293,6.042035641693274
NAM,2010,50.3,83,75,83,5418.216333658139,567.35003662,3.657,80.8294504898485,32.7891161090276,8.597521950540813,6.340976461782692
NAM,2011,50,82,74,85,5834.791767579403,624.59814453,3.658,81.267654864296,33.3028894118118,8.671593857293706,6.437108474191348
NAM,2012,52.6,84,76,84,5942.646809786729,606.36633301,3.676,81.7057329100665,33.8118744896686,8.689909903983745,6.4074843133442885
NAM,2013,50.8,89,82,89,5346.621311499674,539.41345215,3.653,82.1358474215349,34.3053246503093,8.584220109829822,6.290482349493654
NAM,2014,50,88,83,88,5378.323262412051,452.2585144,3.635,82.5578966769433,34.7830478360411,8.590131943317665,6.114253950853297
NAM,2015,51.8,92,85,92,4774.106508657753,476.50784302,3.604,82.9710417542827,35.243867972916,8.470962116800253,6.16648418260203
NAM,2016,51.4,85,75,84,4395.687761623764,409.78051758,3.574,83.3709791418252,35.68218646148,8.388379285162827,6.015621693386243
NAM,2017,49.8,88,80,83,5143.960723230756,447.95223999,3.511,83.756921632109,36.0971096744774,8.545578630435497,6.104686619566859
NAM,2018,48.5,89,82,84,5308.608134087051,457.6807251,3.462,84.1291083222967,36.4891060185928,8.577084958235247,6.126171834253722
NAM,2019,46.6,87,80,84,4731.921031883102,419.14828491,3.404,84.5549009012644,36.9123066913261,8.462086536853176,6.038224759246794
NAM,2020,44.8,93,90,92,3878.589829939662,370.81643677,3.349,84.9689182481296,37.3147816708838,8.263226920663014,5.9157071605679334
NAM,2021,43.2,94,91,73,4412.835569305204,449.95172119,3.303,85.3713640915778,37.6969593429633,8.392272748050816,6.109140290764341
NAM,2022,41.6,84,89,86,4349.799084933142,418.53683472,3.248,85.7619951593707,38.0587226800855,8.377884935644369,6.036764902113692
NAM,2023,41.1,83,86,77,4187.605003965253,397.09063721,3.212,86.1410432483345,38.4005446833098,8.339884251392727,5.984164559944359
NER,2000,227.9,34,37,41,194.77195989893465,9.04467964,7.829,36.5479060182649,6.49095998473198,5.271829437823694,2.2021766997567704
NER,2001,217.4,36,39,42,205.4179361209311,9.68088055,7.81,37.358813438708,6.90942898388813,5.325046616568751,2.2701528630604293
NER,2002,205.9,39,41,43,225.2943911474382,10.84433079,7.797,38.1115370315666,7.30986882133162,5.417407952088091,2.3836424355975794
NER,2003,194.1,41,43,44,265.2253634524692,12.55038452,7.789,38.8582098965165,7.71048737435581,5.580579892699639,2.5297513041522515
NER,2004,182.4,43,45,45,283.4682817982956,14.06374931,7.777,39.5981949224788,8.11105189403746,5.64710023612666,2.6436005158408378
NER,2005,171.4,45,47,46,318.64312191827327,18.67140198,7.769,40.3308901559153,8.51225299855436,5.764071736459943,2.926993047396343
NER,2006,161.6,52,53,52,333.3450784194467,19.9213028,7.744,41.0575024887785,8.91225988238255,5.80917822495162,2.991789651624286
NER,2007,153.1,58,60,57,387.1680658833007,20.96952438,7.726,41.7774242131502,9.3108172797856,5.958858877526269,3.043070163683793
NER,2008,146,67,66,68,475.0449553981623,24.86141586,7.702,42.4900876989759,9.70763488348427,6.16340944249978,3.213317037799482
NER,2009,140.3,71,69,71,461.1315339614871,24.54927635,7.679,43.1966321655043,10.1032794598234,6.133683325426616,3.2006823772276753
NER,2010,136,70,67,75,474.4256923408307,23.47736168,7.64,43.8964824399921,10.4974697713474,6.162105003765174,3.1560366240809374
NER,2011,132.7,75,69,40,510.7595617626796,24.84123039,7.592,44.5891012347432,10.8898889805879,6.235898954545852,3.2125047884472746
NER,2012,130.3,73,75,71,528.5101044696552,22.71487427,7.527,45.2755729615711,11.2811585980416,6.270061924275405,3.123019964087089
NER,2013,128.3,75,80,62,552.1033343631171,24.61338997,7.445,45.9553436655962,11.6709689397012,6.3137352286905575,3.2032906025801777
NER,2014,126.8,82,80,79,565.3098973117496,25.09494019,7.342,46.6360032875155,12.0644714438851,6.337374071597589,3.2226662397607613
NER,2015,125.4,84,85,83,485.6625741752788,25.96905327,7.215,47.3180912197977,12.4627973884211,6.185514090947897,3.256905570254679
NER,2016,124.3,80,76,82,502.7064754064456,22.68474007,7.043,48.0001316756614,12.8657160959019,6.220006451869686,3.121692454817969
NER,2017,123.1,85,82,85,521.8041300234345,29.09627533,6.874,48.6826437620777,13.2744201872419,6.257292287626143,3.3706101704526734
NER,2018,121.9,79,77,79,578.5680356808915,30.61364555,6.706,49.364204791619,13.6886629942744,6.3605561467728275,3.421445842566297
NER,2019,120.8,81,79,81,561.6913043496979,31.89424324,6.537,50.045306277114,14.10969749241,6.330952418467333,3.4624255308095226
NER,2020,119.5,81,79,81,579.5124957582361,35.75537109,6.369,50.7254664539795,14.5380631441061,6.362187225546873,3.5767004981347963
NER,2021,118,82,80,82,608.722439593808,35.39406204,6.2,51.4037852396431,14.973899415173,6.41136239960404,3.5665440670869213
NER,2022,116,84,65,84,609.7451475748783,26.50681686,6.135,52.0806785975452,15.4185833482363,6.413041079007584,3.2774019399116407
NER,2023,113.5,85,80,85,638.336080897887,26.01301575,6.061,52.7552521305404,15.8722896113192,6.458864917216047,3.2585970185294473
NGA,2000,177.3,29,33,31,547.3182989033786,17.15887642,6.124,44.4803085080205,27.9946368630353,6.305030532459163,2.8425156152261475
NGA,2001,170.5,27,32,36,566.4282318129331,17.96053314,6.128,45.7654579242041,28.0339074690086,6.339350385439819,2.8881767472887008
NGA,2002,163.9,25,30,40,712.1648520776855,17.53752899,6.116,47.3236744097303,28.6863485385753,6.568309418429132,2.864343098456436
NGA,2003,157.4,29,34,42,763.3887453672226,37.91439438,6.1,48.8898791765237,29.3592592810807,6.6377673974296245,3.635330838927609
NGA,2004,151.4,33,37,43,962.48104194733,42.81798172,6.09,50.463557619145,30.053264298702,6.869514369289859,3.756958148001183
NGA,2005,145.8,36,41,45,1211.3770350438622,52.24337006,6.063,52.0438578033599,30.7689136757313,7.099513036998705,3.9559129939900273
NGA,2006,140.9,40,44,46,1599.5389155636483,63.63072205,6.053,53.6309977200112,31.5068491941473,7.377470688923959,4.153096404815081
NGA,2007,136.5,42,41,54,1815.5269754582685,66.90659332,6.027,55.2248334433962,32.2676921129548,7.50413104916222,4.203297517135969
NGA,2008,132.5,53,53,60,2154.1054354536427,77.45053101,6.024,56.8252264251632,33.0520750926105,7.675130805196957,4.349639423004643
NGA,2009,129.2,63,64,66,1820.4863385478188,65.71811676,5.993,58.4306651834765,33.8602860424374,7.5068589633565255,4.185374637250273
NGA,2010,126.3,56,56,54,2202.25672957344,73.008255,5.948,60.04206159591,34.6931346813428,7.697237899757034,4.290572516946863
NGA,2011,123.8,53,53,48,2418.4131697587463,80.2377243,5.893,61.6552661645974,35.5499413895312,7.790866889099919,4.384993782084994
NGA,2012,121.6,36,41,42,2633.197346713614,87.89523315,5.797,63.2702627408651,36.4309338253294,7.875954107965086,4.476145572845184
NGA,2013,119.9,39,42,41,2872.790833793982,97.29588318,5.694,64.8863828876252,37.3360751927047,7.963039252219642,4.577756677711024
NGA,2014,118.7,43,42,42,3088.7213131616927,102.39888763,5.622,66.5036264382039,38.2655103767243,8.03551246973616,4.628875849558123
NGA,2015,117.8,42,42,42,2585.733606717974,92.91207123,5.503,68.1220021164846,39.2193808312227,7.857764540382058,4.531653575268801
NGA,2016,117.4,53,48,53,2070.412733959496,75.52328491,5.343,69.7405688273521,40.1973286058844,7.6355032547704225,4.324441018110548
NGA,2017,117.2,55,54,55,1876.3402711177296,70.31814575,5.182,71.3599849035344,41.1997192224782,7.53707849431141,4.25302988428637
NGA,2018,117.2,61,56,61,2057.8794455401057,63.60244751,5.021,72.9796602996736,42.2262627362671,7.629431336223451,4.152651952467266
NGA,2019,117.4,66,58,66,3189.8128649851574,67.6254425,4.861,74.5993213952744,43.2767522763627,8.06771753104409,4.213984280583315
NGA,2020,117.4,62,60,62,2797.184580686855,67.91384888,4.7,76.2190366017765,44.3511472247714,7.936368683404557,4.218239973708739
NGA,2021,117.6,61,56,59,2787.4877922442797,81.87322235,4.636,77.8385518833185,45.4491559568794,7.932896036294848,4.405171981963988
NGA,2022,117.5,59,51,55,2899.160474703243,89.62958527,4.552,79.457946920672,46.5706755484283,7.972176482582177,4.495685458224793
NGA,2023,116.8,67,54,70,2138.7638371998255,66.82009125,4.482,81.0772897042816,47.7155813553496,7.667983294945767,4.202003802536777
RWA,2000,184.2,90,74,90,251.8692638609096,9.00399399,5.967,47.5705840769265,43.8876413678193,5.528910158688409,2.1976682555631437
RWA,2001,166.5,77,69,76,237.30884620090103,7.86746025,5.893,48.3703423230961,45.6902028796929,5.469362441301045,2.062735297512775
RWA,2002,149.1,88,69,85,234.0430167557329,7.32393837,5.816,49.1857227790083,47.4611936352188,5.455504930752073,1.9911482119762043
RWA,2003,132.7,96,90,96,249.0122749822519,17.25927353,5.737,49.7561626350801,49.0827278042719,5.517502192367123,2.848349594966469
RWA,2004,117.5,89,84,89,269.54044633340214,20.23413277,5.64,50.2902032669002,50.6829486597842,5.596718458247493,3.0073709194899556
RWA,2005,104.5,95,89,95,324.0168638471888,25.02086639,5.5,50.8247607465071,52.2806585813749,5.780795563348908,3.2197101323369153
RWA,2006,93.4,99,95,99,356.99502290115373,27.1564312,5.335,51.3601414899442,53.8759294452882,5.877721840229105,3.3016138949405276
RWA,2007,84.1,97,94,98,426.2341834876285,33.50738907,5.141,51.89573756501,55.4685962150806,6.054988921721893,3.5117659837629307
RWA,2008,76,97,92,97,528.3263917555024,39.94568634,4.922,52.431851071574,57.0587484402126,6.26971425892384,3.6875206899118167
RWA,2009,69.1,97,95,93,564.039095842449,43.99641418,4.707,52.9687937725955,58.6463993130751,6.335123567965208,3.784108134688198
RWA,2010,63.3,97,95,93,593.6249277443457,47.96871567,4.522,53.5059466163751,60.2315011971765,6.38624768514992,3.870549041547048
RWA,2011,58.1,97,95,93,651.1336779646617,51.64939499,4.332,54.0436163513461,61.8140834716847,6.478714963624324,3.9444784818474776
RWA,2012,54.2,98,97,98,706.8172691685614,57.26393127,4.201,54.5821211607428,63.3941024387453,6.560772173039765,4.047670953792438
RWA,2013,51.4,98,95,98,704.9242185112298,47.75388718,4.136,55.1208311821785,64.9716279211285,6.558090305561214,3.866060470524371
RWA,2014,49.2,98,97,98,724.9575265209055,50.63835144,4.117,55.6650639617623,66.5451269597636,6.586113069029463,3.9247092228036418
RWA,2015,47.3,98,96,99,733.9986298824938,48.81296921,4.108,56.2151798036552,68.1134578237063,6.598507161967669,3.887996040050504
RWA,2016,45.8,98,95,99,729.5191338129448,43.54212189,4.106,56.7706115569257,69.6758086260828,6.5923855962863795,3.773728788886266
RWA,2017,44.7,98,97,98,758.3009665096474,40.76682663,4.084,57.3320450944617,71.2308954690674,6.631080360280319,3.707868677893034
RWA,2018,43.7,97,99,97,771.7735112073091,42.11674881,4.047,57.8995436163309,72.7776126104957,6.648691127715517,3.7404454955401314
RWA,2019,42.7,98,96,98,810.051412137354,39.81322098,3.985,58.4728536131809,74.315049479233707,6.697097717426748,3.6841990425561644
RWA,2020,41.6,91,94,91,778.7014989250262,45.15266418,3.913,59.0523587439994,75.8419280137536,6.657627787488018,3.8100492854311017
RWA,2021,40.6,88,87,88,829.5448452636966,51.64677429,3.841,59.6381227763257,77.3571126484404,6.720877171175412,3.944427740372381
RWA,2022,39.7,98,99,97,975.4693237353686,57.83102036,3.778,60.2302194003015,78.8594683891809,6.882918712859706,4.057525316143816
RWA,2023,38.8,94,96,94,1027.0344682656455,52.65630722,3.698,60.8290423575481,80.3475631851087,6.9344307714546,3.963786026656768
SDN,2000,102,62,58,62,362.116882324219,13.99440289,5.596,45.7431194646581,17.3575354903131,5.891967039060122,2.6386574561050735
SDN,2001,98.6,66,58,66,451.293304443359,15.18372345,5.562,45.7567441742092,17.374607093096,6.112117470568143,2.7202240284509185
SDN,2002,95.2,60,58,60,506.262634277344,16.70709991,5.531,45.77036959065181,17.3916786977486,6.227055574706561,2.8158337733858505
SDN,2003,91.9,69,65,69,580.320251464844,22.58504868,5.489,45.7839943368364,17.4087500196024,6.3635801088555,3.1172881245171293
SDN,2004,101.1,74,67,74,705.113342285156,29.30404472,5.455,45.797621974813,17.4258224608883,6.558358559089089,3.3777255515468747
SDN,2005,98.8,78,69,78,905.543640136719,37.07490158,5.397,46.740256350294,19.1365769047278,6.80853547068089,3.612940233401457
SDN,2006,83,78,73,77,1132.474609375,55.32660294,5.332,47.6822962076852,20.8471551509776,7.032160437127932,4.013253858676007
SDN,2007,80.4,84,79,84,1444.37219238281,81.79016876,5.27,48.6237396738538,22.8360801058185,7.275430037198325,4.404157050077679
SDN,2008,77.9,86,79,85,1527.58239746094,82.84276581,5.212,49.5645926938442,24.8798414748603,7.331441632282182,4.4169444233432875
SDN,2009,75.5,81,82,81,1178.22180175781,80.00441742,5.173,50.5096584321663,26.985005939161,7.071761633209213,4.3820818508994375
SDN,2010,73.4,90,90,90,1305.63598632813,73.60398865,5.141,51.4588123551418,29.1517069072564,7.174445546887686,4.29869921788054
SDN,2011,71.3,93,87,93,1332.6572265625,80.37197876,5.087,52.4116810019842,31.3797006029968,7.194930142747212,4.386665592551132
SDN,2012,69.3,92,85,92,1019.22210693359,75.40776825,5.031,53.3676832487134,33.6683780592082,6.9267949750591065,4.322910296895303
SDN,2013,67.3,93,85,93,1138.62780761719,97.4931488,4.965,54.3266708008702,36.0176959149453,7.037579138858127,4.579782106816891
SDN,2014,65.4,94,86,94,1275.43835449219,88.78498077,4.912,55.2880772698351,38.4269401247106,7.151045205949145,4.4862175002201345
SDN,2015,63.5,93,87,93,1292.37963867188,93.69657135,4.898,56.2519336312621,40.8962454458167,7.164240479161954,4.540061596792597
SDN,2016,61.6,93,87,93,1033.21594238281,89.39633942,4.829,57.2176665079602,43.424779800547,6.94043149120602,4.493079735256144
SDN,2017,59.7,95,90,95,966.505676269531,67.75476837,4.761,58.1849054905312,46.0119565679027,6.873687171646692,4.215894839128143
SDN,2018,57.8,93,88,93,731.027465820313,33.88366699,4.681,59.1534610514816,48.6574194730533,6.594451031985538,3.5229330985786182
SDN,2019,56.1,93,90,93,709.975280761719,31.79406929,4.617,60.1227730186922,51.3601722607621,6.565230153600711,3.4592797720783195
SDN,2020,54.3,90,86,90,577.795227050781,22.91861534,4.542,61.0926356052486,54.1197261681039,6.3592195274420815,3.1319494772816507
SDN,2021,52.7,84,81,85,712.122009277344,21.69141006,4.457,62.0626646208018,56.9352476681987,6.568249258075882,3.076916332407626
SDN,2022,51,84,80,85,1046.24084472656,25.75139618,4.384,63.032473791163,59.8058415120202,6.95295887120536,3.248488846222387
SDN,2023,63.1,51,51,53,797.283447265625,21.0830822,4.323,64.0016697422779,62.7305457858252,6.68121025830664,3.0484709274061275
SEN,2000,128.9,52,48,49,603.2331624551578,21.41570663,5.498,59.7997359655038,36.6397850159843,6.402303792727559,3.064124607487691
SEN,2001,121.7,52,48,49,637.2135305637236,23.45893669,5.397,60.9066465806354,37.6230679917559,6.457104812216793,3.155251517816222
SEN,2002,113.2,60,54,60,669.4304473192087,26.46221161,5.301,62.0161291286122,38.6343782520626,6.506427272235232,3.2757177383383023
SEN,2003,104.2,73,60,73,817.8880342214424,35.14493942,5.246,63.1942453922298,39.7038070707232,6.706725449754271,3.5594806369103495
SEN,2004,95.5,87,57,87,918.1020795221552,41.94406128,5.192,64.4218461577163,40.8160197921212,6.822308582175033,3.7363368562647774
SEN,2005,87.6,84,74,84,979.846101520171,36.00606155,5.133,65.6454033379623,41.9259089969181,6.887395520067529,3.5836873006712855
SEN,2006,80.8,89,80,89,1017.2019674798736,38.28113556,5.064,66.865607080287,43.0340621400577,6.924810967757531,3.6449572307215714
SEN,2007,75,94,84,93,1188.9387780817513,40.60185623,5.018,68.0818461765574,44.1399592498468,7.080816405105862,3.703813785513301
SEN,2008,70.1,88,77,87,1398.7921801002094,49.05390167,5.024,69.2939508159691,45.2434542159987,7.243364414739085,3.892919727598111
SEN,2009,66.1,86,79,83,1308.6940433620512,50.27443314,5.025,70.5013902121975,46.3440817777614,7.176785005482383,3.917496660408676
SEN,2010,62.8,89,81,76,1275.883574923571,51.38805008,5.055,71.7047289784237,47.4423428976999,7.1513942175190035,3.939405656715475
SEN,2011,60,92,84,89,1374.6759187384446,57.93114853,5.099,72.9034178534763,48.5377592186689,7.225973286857181,4.059255211081512
SEN,2012,57.6,91,83,83,1326.837988483788,56.61458969,5.129,74.0969620089046,49.6298898995035,7.190553938320984,4.036266720367136
SEN,2013,55.5,92,84,89,1379.831965539237,60.51578903,5.049,75.2855370773077,50.7188973203129,7.229717006635398,4.10290430669104
SEN,2014,53.7,89,80,85,1398.891376013819,61.40605545,4.884,76.46896680992,51.8046299171747,7.243435327629455,4.117508453254342
SEN,2015,52.2,89,80,85,1218.0061355543774,53.32304382,4.751,77.649320243194,52.8890432398602,7.1049704856581215,3.9763685795776444
SEN,2016,50.8,93,93,92,1266.439571515872,53.90053558,4.648,78.8258139339832,53.9714940731355,7.143964755327411,3.9871404144147493
SEN,2017,49.4,93,90,91,1356.8051844903102,56.49185944,4.489,79.9984726874606,55.0521038030032,7.212888086146427,4.034096547063808
SEN,2018,47.9,92,86,92,1452.556125624453,64.37467957,4.294,81.1662422601817,56.1299701818744,7.281080128684836,4.164720381418114
SEN,2019,46.2,91,86,97,1431.1812893215913,64.33670807,4.1,82.3288600505419,57.204943845452,7.266255458689258,4.164130355907585
SEN,2020,44.2,83,82,94,1461.087203505526,75.16521454,4.003,83.4855735664121,58.276399086684,7.28693609751603,4.3196885513296985
SEN,2021,42.2,85,88,89,1598.1067695227428,71.12162781,3.936,84.636074800772,59.3441523766207,7.376574938564034,4.264391479160816
SEN,2022,40.1,93,87,92,1574.0281059305996,63.44842529,3.864,85.7796288430834,60.407587055533,7.361393285190606,4.150227375727915
SEN,2023,38.2,92,87,92,1698.0338730084263,73.22670746,3.818,86.915566820325,61.4661335345473,7.437226315440532,4.293560210434426
SLE,2000,222.8,44,37,46,143.74374323964406,17.66835022,6.355,40.8831188702794,7.69468734199492,4.968032153440774,2.871774915815385
SLE,2001,217.3,38,50,38,358.3157160515458,19.32042122,6.305,41.2237067367546,7.92617092793216,5.881414486177725,2.9611626308241386
SLE,2002,211.6,53,62,54,388.99511121683577,22.29375267,6.23,42.3564018737387,8.15825825383365,5.963566775973499,3.1043064898895656
SLE,2003,205.7,73,73,66,413.8176073469269,21.7804718,6.087,43.4895263720977,8.39095201927437,6.025425314785434,3.0810137793454935
SLE,2004,199.6,65,76,69,417.7499833292271,23.03477859,5.919,44.6230449596338,8.94954704248469,6.034883127569403,3.137005186446743
SLE,2005,193.2,65,71,67,462.6333244279451,26.04933357,5.807,45.7867241537435,9.53865069026283,6.13693478444434,3.2599921851466047
SLE,2006,186.5,64,65,65,580.26796974773,29.63347244,5.737,46.9721511803673,10.156650697941,6.363490013649994,3.388904548103948
SLE,2007,179.6,64,60,63,631.8899262649983,31.90766907,5.643,48.1563137689467,10.7956031143398,6.448715211675753,3.4628463906148816
SLE,2008,172.4,77,73,75,705.3590140800051,37.23431396,5.563,49.3391346809252,11.4555098785818,6.558706913023464,3.6172307543923634
SLE,2009,165.2,84,80,81,652.8458067679428,39.29960632,5.448,50.520195051474,12.1362206469185,6.481340970869406,3.6712145015222433
SLE,2010,157.9,86,82,84,685.0396734909484,37.84529114,5.327,51.6994418329327,12.837725625722,6.529476754090106,3.6335065636896586
SLE,2011,150.8,89,84,88,761.146365577281,49.6336174,5.209,52.8771685676355,13.5601796070667,6.634825672583899,3.9046683743097064
SLE,2012,144.1,91,86,91,937.504428180231,51.99141312,5.064,54.0533047771617,14.3035861709667,6.843221481225657,3.9510785726378943
SLE,2013,137.9,92,85,92,1117.471830751147,84.93772125,4.873,55.2271223321324,15.0676033654272,7.018824118788489,4.441918296764482
SLE,2014,135.9,83,80,83,1117.758646572104,143.60603333,4.703,56.3992358539249,15.8525627081666,7.019080750778291,4.967073670564394
SLE,2015,136.8,86,78,86,964.5759808889884,118.66024017,4.548,57.5692588907449,16.6582857856538,6.87168860673288,4.776264284846652
SLE,2016,121.8,84,85,84,844.4164111754764,84.22316742,4.466,58.7374466065884,17.4849469878374,6.738645751094961,4.4334700309080866
SLE,2017,117,90,80,90,779.1860078417283,47.37737274,4.389,59.9058113970129,18.3338579581936,6.6582497950851245,3.8581447463700536
SLE,2018,112.4,93,87,93,845.9145404609322,44.82733536,4.294,61.0747116605736,19.205484723374,6.740418338500137,3.8028181176321127
SLE,2019,108.3,95,93,95,843.7125178099767,48.13619995,4.192,62.2435949536526,20.0997388519849,6.73781181786367,3.8740344917651655
SLE,2020,104.4,91,87,90,845.2775579205489,47.886161800000004,4.08,63.4122118828476,21.0167123808123,6.7396650443343065,3.86882656497434
SLE,2021,100.6,92,87,90,885.3964018853954,44.90049362,3.978,64.5803175608776,21.9564987659226,6.786035456460323,3.8044487884516975
SLE,2022,97.1,91,90,91,860.3710679160964,41.31875229,3.876,65.7476533121916,22.9191878036943,6.7573637705103184,3.72131644752253
SLE,2023,93.8,91,90,91,758.3291373782481,35.76205063,3.791,66.9139758718619,23.9048711595784,6.631117509574048,3.576887292900569
SOM,2013,143.2,44,47,48,393.3987039529792,12.88169384,7.14,49.7134555846093,33.058251557305,5.974823611473119,2.555807221346386
SOM,2014,138.6,46,48,49,429.43165672510173,13.15052128,7.061,51.8635744481295,34.0748734228162,6.062462605887722,2.576461398902726
SOM,2015,134.3,48,50,50,445.583080073396,14.11613941,6.975,54.0545936900229,35.0972405875154,6.099383716782181,2.6473187817914594
SOM,2016,130.2,49,51,51,460.928490585175,11.76618958,6.878,56.284978016248,36.1250378584049,6.133242912928105,2.465230128840081
SOM,2017,156.4,51,52,52,510.93995231772567,13.51753426,6.766,58.5524158667796,37.1573619625344,6.236252073157409,2.603987676763136
SOM,2018,136.4,53,53,53,509.49727380453385,12.7819252,6.662,60.8552872098573,38.1938671112932,6.2334245019213474,2.5480320792316213
SOM,2019,118.4,57,52,57,539.9548162116943,12.99074364,6.56,63.1909737588395,39.2334053088705,6.291485462375435,2.5642370761571187
SOM,2020,114.7,55,52,55,518.1611333387503,12.79912567,6.453,65.5578267078208,40.2756265135548,6.250286262109321,2.54937686156129
SOM,2021,111,62,58,63,549.0569947562539,15.01879692,6.353,67.9535994970856,41.3196817201459,6.308202251706228,2.7093025445926435
SOM,2022,143.1,71,69,72,573.1411657982293,16.31684875,6.255,70.3763317867306,42.3649691614571,6.35113204902206,2.792198239592416
SOM,2023,104.3,69,63,71,596.885985135589,22.37065506,6.132,72.8240641770805,43.4108945004739,6.391726115481282,3.1077500580415616
STP,2000,82.2,82,69,87,529.0893834122617,49.63587952,5.157,69.1887073923262,20.7903937086521,6.271157384337883,3.904713949638898
STP,2001,76.7,92,75,90,518.88050130005,47.14751816,5.097,69.6465271453616,21.9474707249804,6.251673608677971,3.8532813705784963
STP,2002,71.1,92,85,92,568.1025725227101,50.61143494,5.062,70.122877439146,23.1391737283234,6.3423019878448725,3.924177537718736
STP,2003,65.7,94,87,94,663.6962118104944,71.20994568,5.013,70.5928591242701,24.3386290849609,6.497824532452141,4.265632495179531
STP,2004,60.5,96,91,99,726.5608821304438,71.05591583,4.962,71.0518333467706,25.5404255353565,6.588322281468101,4.263467113990387
STP,2005,55.7,97,88,97,844.1691818842738,80.13071442,4.939,71.4990303925917,26.8577839135173,6.738352926977564,4.383659231512121
STP,2006,51.1,97,85,97,861.9707076976637,57.2040329,4.933,71.9349975867541,28.1835957707981,6.759221288297046,4.046624401145129
STP,2007,46.9,97,86,98,878.8857919187451,59.71631241,4.957,72.3598122085936,29.5170578703442,6.778654959685859,4.089605222773881
STP,2008,43.1,99,93,99,1081.868458472896,64.58831787,4.906,72.7735646723353,30.857384929578,6.9864448794400005,4.168033556509711
STP,2009,39.5,98,90,99,1128.2804621330542,64.90551758,4.838,73.1759256432541,32.2032374350904,7.028450037795816,4.172932636737321
STP,2010,36.2,98,92,98,1045.2095823452787,60.94829941,4.769,73.5674385311181,33.5544418305556,6.9519727015582005,4.110025954143444
STP,2011,33.2,96,91,96,1219.801890896708,69.45979309,4.718,73.9480124273014,34.9099928554753,7.106443740030615,4.240748068474751
STP,2012,30.4,96,92,96,1192.0202911189003,86.29039001,4.664,74.3179711797514,36.2694678517073,7.083404870231165,4.4577182362689545
STP,2013,27.9,97,91,97,1382.5757842916,124.59179688,4.584,74.6744974780629,37.6279828671376,7.231703548741551,4.825042768552064
STP,2014,25.5,95,92,95,1489.67633417608,118.70980835,4.485,75.018493599873,38.9858756147002,7.306314149957473,4.776681929625592
STP,2015,23.3,96,93,96,1298.1094659639627,85.37828827,4.354,75.3502679497471,40.3427054934035,7.168664228040886,4.44709183275686
STP,2016,21.3,96,93,96,1434.8701805052076,109.73142242,4.203,75.6703085298352,41.6983508891345,7.268829657554483,4.698035765827648
STP,2017,19.6,95,90,95,1555.794778128885,117.07767487,4.069,75.9790930081593,43.0527347494608,7.349741805377328,4.7628376022995305
STP,2018,18.2,95,95,95,1825.5997175396567,108.87628937,3.977,76.2770612146702,44.4058041526004,7.509663824385876,4.690212277766148
STP,2019,17.1,95,95,95,1935.2931816595997,106.86884308,3.9,76.5646613120149,45.7575570286583,7.568014109056194,4.671602316989298
STP,2020,16.1,96,86,94,2167.220017969252,159.84396362,3.827,76.8423036078909,47.1080132831109,7.681200527517287,5.074198112015215
STP,2021,15.3,97,77,93,2362.5882724810217,187.06524658,3.759,77.1104795429933,48.4573502739393,7.767513022683011,5.231457468191396
STP,2022,14.7,92,82,89,2389.7372978473672,139.02836609,3.695,77.5574116741511,48.5350542796998,7.778938721665542,4.934677984900642
STP,2023,14.1,87,87,85,2990.6606143534955,171.05166626,3.644,77.7627440176423,48.6086612768342,8.003249583236157,5.1419656527383415
SWZ,2000,112.5,84,92,87,1629.6703884281549,76.93126678,4.03,52.3827344327009,50.2519164138463,7.39613305766421,4.34291238399327
SWZ,2001,115.7,84,93,87,1429.8563035944703,75.41345978,3.944,53.4258407035318,50.7480641733809,7.2653292312079225,4.322985770753686
SWZ,2002,117,85,93,87,1315.7363464799394,74.66481781,3.854,54.4752825791537,51.2776269086054,7.182151747193491,4.313009001407146
SWZ,2003,117.9,85,93,87,2015.2174306525103,131.40959167,3.796,55.5310495688809,51.8180236273176,7.608482374590369,4.878319099352948
SWZ,2004,118,86,93,88,2525.5640452625016,175.89544678,3.76,56.5922875058508,52.3689358798259,7.834219701025288,5.169889766132758
SWZ,2005,117,86,93,88,2871.0687743744857,217.26066589,3.704,57.6602730930279,52.9308437622057,7.962439634684198,5.381097857946135
SWZ,2006,106.4,87,93,88,2964.9586520068237,237.50752258,3.632,58.7341694131305,53.5034552326693,7.994618365974326,5.470199296994138
SWZ,2007,100.3,87,94,88,3109.1109760886393,252.24301147,3.58,59.8325678287226,54.091290182986,8.042092104529013,5.530392954072927
SWZ,2008,97.9,88,94,89,2946.860661374604,265.72091675,3.567,61.0508081483967,54.7111665894608,7.988495700104655,5.582446572851302
SWZ,2009,92.4,88,94,89,3189.796799566374,279.68212891,3.504,62.2691676110764,55.3293473329565,8.067712494554517,5.63365370438757
SWZ,2010,82.1,89,94,89,3922.740393907329,343.04284668,3.375,63.4875943995962,55.9457205621273,8.274545768620253,5.837855356798809
SWZ,2011,67.6,91,87,85,4225.060494119111,365.25265503,3.317,64.7063885949655,56.5601896645653,8.348788857823472,5.900589319680365
SWZ,2012,62.7,95,88,92,4224.547891744865,340.03012085,3.266,65.8999215766669,57.1723082291424,8.348667526194486,5.829034204421574
SWZ,2013,59.7,98,97,98,3949.94310039907,303.40438843,3.237,67.0946646886489,57.7849166217817,8.281456452829154,5.715066530982536
SWZ,2014,60,98,97,98,3771.072283819378,282.43395996,3.181,68.290236770265,58.3979502299524,8.235114665417097,5.64344475320492
SWZ,2015,57.5,90,89,84,3419.822765595284,250.71520996,3.122,69.4869405286673,59.0113147479488,8.13734400578844,5.524317673288
SWZ,2016,54.4,90,89,90,3238.176119613639,226.41770935,3.068,70.6869219395068,59.6244143156364,8.08276552423885,5.422381564780486
SWZ,2017,53.6,90,89,90,3853.099565696787,265.50152588,3.018,71.889631274468,60.236840423133,8.256633185376318,5.581620587859452
SWZ,2018,50.4,90,85,90,3972.6545062035666,292.33929443,2.971,73.0951527386502,60.8480464368627,8.287189791601296,5.677915094932887
SWZ,2019,51.5,90,81,89,3913.1457754733624,320.05084229,2.925,74.3032304184965,61.4575194811054,8.27209687566251,5.7684798653295895
SWZ,2020,50.5,83,76,82,3466.5693627814517,236.99609375,2.888,75.5136191882992,62.0647533053702,8.150920727639,5.46804365893179
SWZ,2021,47.9,77,80,61,3984.002291743063,297.72213745,2.841,76.7260694607932,62.6692355268683,8.290042193941035,5.696160626862687
SWZ,2022,47.3,97,83,97,3894.162008986901,284.75802612,2.801,77.9405822265556,63.2702587161203,8.267233789839906,5.651639788479663
SWZ,2023,46.2,85,85,76,3755.5211123246368,296.04562378,2.753,79.1563791861863,63.8676533294277,8.23098233281833,5.690513576838468
SYC,2000,13.8,98,97,98,8063.655005751688,340.23703003,2.08,93.566407764684,95.4940997507991,8.995122207371132,5.829642521863076
SYC,2001,13.8,96,95,96,8153.298636987904,334.48275757,1.98,93.7397794837197,95.6912191218088,9.006177865084183,5.812585331363763
SYC,2002,13.7,99,98,99,8864.169194954675,340.82293701,2.04,93.9131512027555,95.8883384928185,9.089772496683354,5.831363096123485
SYC,2003,13.8,99,99,99,9070.284607570127,394.09664917,2.06,94.0865229217912,96.0854578638281,9.112758921621296,5.976596181678133
SYC,2004,13.8,99,99,99,10827.671636032956,444.24789429,2.01,94.259894640827,96.2825772348378,9.289860324824879,6.096382727102312
SYC,2005,13.8,99,99,99,11802.111827683288,457.77093506,2.2,94.4332663598628,96.4796966058475,9.37603376288855,6.126368917211169
SYC,2006,13.8,99,99,99,12782.993892647544,487.17950439,2.11,94.6066380788986,96.6768159768572,9.455870964396457,6.188632647345773
SYC,2007,13.9,99,99,99,12669.30266872219,428.61749268,2.24,94.7800097979343,96.8739353478668,9.44693723381492,6.060564895739058
SYC,2008,13.9,99,99,99,11265.437627000474,367.36502075,2.33,94.9533815169701,97.0710547188765,9.329494700491747,5.906355960709034
SYC,2009,14,99,97,99,9747.09180546291,310.96310425,2.38,95.1267532360059,97.2681740898861,9.184724243135872,5.739674269289355
SYC,2010,14.1,99,99,99,10934.79494629001,449.52416992,2.13,95.3001249550416,97.4652934608958,9.299705180881093,6.108189623144615
SYC,2011,14.2,99,99,99,12110.09374619728,457.16436768,2.3,95.4734966740774,97.6624128319055,9.40179457773908,6.1250429929254855
SYC,2012,14.3,98,98,98,12337.155466938775,562.99871826,2.32,95.6468683931132,97.8595322029151,9.420370757673087,6.333277351511877
SYC,2013,14.4,98,97,98,14821.292147607652,545.24871826,2.21,95.820240112149,98.0566515739248,9.603820084496508,6.301242054340782
SYC,2014,14.5,99,99,99,15188.190217511252,588.18261719,2.19,95.9936118311847,98.2537709449345,9.628273445470741,6.377037473133057
SYC,2015,14.6,97,98,97,15333.105172710511,566.96704102,2.26,96.1669835502205,98.4508903159442,9.637769506651795,6.340301173325691
SYC,2016,14.7,96,97,96,16566.994604229385,673.19622803,2.33,96.2317404863787,98.6480096869539,9.715167718244597,6.5120368592557965
SYC,2017,14.7,97,99,97,17480.365191137193,667.09515381,2.34,96.2382549357375,98.8451290579635,9.76883354093278,6.502932695126049
SYC,2018,14.8,99,96,99,18440.234046093155,685.10827637,2.34,96.2447469000147,98.8746286644801,9.822290189334439,6.529576893464275
SYC,2019,14.8,99,99,99,19141.5118743615,675.47839355,2.31,96.8604704263635,98.885830584073,9.8596146521883945,6.515421171026371
SYC,2020,14.8,97,97,97,14041.47540745751,670.88684082,2.2,97.0338421453993,98.8969906145227,9.549770758059902,6.508600480156776
SYC,2021,14.7,94,94,94,14982.911148776711,629.85974121,2.38,97.2072138644351,98.8985665517452,9.614665573889855,6.445497161599173
SYC,2022,14.5,97,98,97,16836.672189538738,707.34448242,2.2,97.3805855834709,99.7,9.73131465482039,6.561517792521088
SYC,2023,14.3,97,93,97,18262.711584928707,766.28778076,2.18,97.5539573025066,99.7,9.812616641751113,6.641557792083858
TCD,2000,182.4,38,28,30,163.12166368336872,10.07452297,7.249,38.6325926482475,9.69267435850219,5.094496325352055,2.310009758820981
TCD,2001,179,26,26,26,194.32295331156047,11.64042854,7.231,39.2138920881582,9.7751135418566,5.269521482764719,2.4544842577767967
TCD,2002,175.6,25,25,31,219.06139195134935,18.01737785,7.201,39.797511560643,9.85770983495689,5.38935201907677,2.8913367282735667
TCD,2003,172.3,23,23,36,289.08762112216766,18.0202446,7.179,40.3843409836693,9.94081082830359,5.666729829434395,2.8914958258949497
TCD,2004,168.8,22,16,31,445.8507671570869,27.74994278,7.16,40.9739132233023,10.0242446229249,6.099984293241261,3.3232337782083357
TCD,2005,165.4,26,27,37,838.0921077125565,31.27608871,7.134,41.5662153725752,10.1080110721991,6.731128008180145,3.4428538666183934
TCD,2006,161.8,41,39,49,906.8972605727467,33.8651123,7.118,42.1612381034332,10.1921113947544,6.810029169799216,3.5223853487694448
TCD,2007,158.1,29,31,38,980.4835314851032,34.0423584,7.092,42.759391223653,10.2767459840374,6.888045849457716,3.527605584501443
TCD,2008,154.3,19,27,30,1166.3688345384062,36.89921951,7.063,43.3598104531509,10.3615175647599,7.061650641537348,3.608190399332271
TCD,2009,150.5,26,36,32,1035.637196942538,34.82435226,7.021,43.9629137566651,10.4835847980319,6.942772165485078,3.550316919636465
TCD,2010,146.7,40,46,43,1141.800692684123,35.26005936,6.99,44.5760310573362,10.6144013332631,7.0403618501897425,3.5627508604623515
TCD,2011,142.9,33,54,40,1308.1421872538,37.35868073,6.948,45.1988546215139,10.7545443393763,7.17636323196062,3.620565300370979
TCD,2012,139.3,40,63,51,1354.3434470193736,36.20247269,6.905,45.8314573063676,10.9048548883194,7.211072074940792,3.5891274228525436
TCD,2013,135.8,39,57,46,1304.8874297147463,38.59413528,6.839,46.473095846077,11.0657152698931,7.173872055281137,3.6531003291760844
TCD,2014,132.3,36,45,44,1278.7898142249378,42.16276169,6.781,47.123415071397,11.2377495765285,7.153669452049912,3.741537407068774
TCD,2015,128.7,42,46,52,993.99073061086915,33.82092285,6.706,47.7824336610333,11.421878644262,6.901727881271915,3.521079630206368
TCD,2016,125,41,37,44,861.8317676307461,31.96038055,6.623,48.4497536859394,11.6187911677525,6.759060086454947,3.4644970278985245
TCD,2017,121.4,41,37,44,854.4612004009803,29.9935894,6.537,49.124967257941,11.8291930674672,6.750471095323443,3.40098367216124
TCD,2018,117.6,47,41,45,948.6566298712312,31.2043705,6.464,49.8080053480297,12.0541194503815,6.855046910028916,3.4405581651333366
TCD,2019,114,53,40,46,893.3364416433249,30.23690224,6.412,50.4980631195055,12.2940184363217,6.794963264282223,3.4090631069106445
TCD,2020,110.6,55,45,51,866.9478148904094,37.73088074,6.346,51.195378612918,12.5503209104072,6.764978784531204,3.6304788769319707
TCD,2021,107.3,62,53,57,946.3585002083736,37.59156799,6.255,51.8991024750567,12.823518442494,6.852621461542517,3.626779769661699
TCD,2022,103.9,66,54,58,966.0364682785676,40.17007446,6.215,51.9951528405103,12.9220668166821,6.873201585341103,3.693122301991579
TCD,2023,100.6,67,63,67,949.3334536745924,47.43893051,6.12,52.0983569633172,13.0279538007946,6.855760110627715,3.8594432103796996
TGO,2000,119.2,64,58,63,409.88980279276814,13.0541811,5.1652,45.8401052749538,8.03359662210635,6.01588834989606,2.5691084732591265
TGO,2001,115.7,50,40,51,396.6926545201353,13.04282379,5.12801,47.2066551581281,8.26404186167869,5.983161810888392,2.5682380813681887
TGO,2002,112.2,59,48,58,445.23869148892504,14.65135479,5.09187,48.548643782428,8.49612982372265,6.0986105237313994,2.6845328083204354
TGO,2003,108.8,72,68,72,538.1653777692896,17.7094574,5.047961,49.8657131320708,8.7296739646634,6.288165906549259,2.8740988132677927
TGO,2004,105.5,71,70,71,560.2663085333824,18.62999153,4.994707,51.0022965045224,8.96468393915561,6.328412221643145,2.924772729970345
TGO,2005,102.4,82,70,80,551.2598500170766,20.9699707,5.037823,51.9453319211915,9.61445795262473,6.3122062951131195,3.0430914476787083
TGO,2006,99.3,84,78,85,552.5022712525598,22.74487495,5.076201,52.8533718752421,10.2925202802465,6.31445754424782,3.1243398430952247
TGO,2007,96.5,82,71,72,607.5878867213521,22.34309769,5.102,53.7264798079458,10.9986369472506,6.409496834251248,3.106517445174413
TGO,2008,93.7,81,63,80,718.9483867174725,26.89384079,5.100197,54.5651625096366,11.7327806563873,6.577789570328639,3.2918972934763695
TGO,2009,90.9,78,66,78,720.6937681514155,28.3035717,5.104276,55.3677359070846,12.493855912589,6.5802143149545,3.342988005166137
TGO,2010,88.3,83,68,83,704.986772286079,30.54597664,5.087324,56.1360720615008,13.2824677060048,6.558179039921465,3.419232979399713
TGO,2011,85.6,85,72,85,783.9889446716725,34.41139603,4.984234,56.877895720393,14.1028173218821,6.664394919066894,3.538387789460129
TGO,2012,82.9,84,72,84,762.3916237906903,35.40290833,4.853789,57.5887896171643,14.9528006713975,6.636460365646232,3.5667939729797813
TGO,2013,80.2,84,72,84,826.5427999872268,39.56414795,4.753612,58.2632949727303,15.8290583040509,6.717251700538846,3.6779233533812685
TGO,2014,77.7,84,77,82,855.5848092465744,41.96416092,4.701602,58.9022839214157,16.7317561082878,6.751785222546868,3.736815942577357
TGO,2015,75.2,82,75,82,751.0519875872484,46.92110825,4.661566,59.5058666846818,17.6606158910418,6.621474873851917,3.848467643497802
TGO,2016,72.8,82,73,81,772.581357620609,50.878349300000004,4.633942,60.0753126449292,18.6162879264339,6.649737320534654,3.9294374755024366
TGO,2017,70.4,84,78,77,792.765700965864,51.5464592,4.576231,60.6102462342239,19.5982705218929,6.67552771891878,3.9424835213919986
TGO,2018,68.1,82,73,60,851.1205612335951,52.43610382,4.513072,61.1106166110229,20.6062840876452,6.746553788613847,3.9595953582710504
TGO,2019,66,86,78,81,826.2552090197977,48.85387421,4.450408,61.5763879815796,21.6400439153227,6.716903695557276,3.8888336836347412
TGO,2020,63.9,85,75,85,863.4686658702757,52.75213242,4.386312,62.0075237539343,22.6992561746885,6.760957609574858,3.9656041965628033
TGO,2021,62,87,77,87,962.0751875158718,52.72237015,4.323871,62.4040009740747,23.7836212231427,6.869092605112474,3.9650398465054013
TGO,2022,60,86,79,82,951.2323786903866,55.79545593,4.253183,62.7656132616006,24.8925910881783,6.857758384631531,4.0216924311250235
TGO,2023,58.1,90,81,89,1055.0172787792565,59.60503769,4.192401,63.7824051013865,25.0297462105085,6.9613124237658655,4.087740095499267
TZA,2000,128,79,78,64,401.698150634766,12.33031845,5.67,28.6115317838844,3.44646184127631,5.995700937507903,2.5120611440933436
TZA,2001,120.3,87,86,65,396.638732910156,15.1739912,5.617,29.8677621346393,4.73290413603406,5.983025873722873,2.719582856976345
TZA,2002,112.4,89,89,91,402.649047851563,17.0355854,5.57,31.1241267343725,6.02169752992319,5.998065333533836,2.8353044150660693
TZA,2003,105,95,97,97,422.18359375,20.39437675,5.578,32.4757991553598,7.3420470245643,6.045440275706088,3.0152592133420577
TZA,2004,98.3,95,94,95,450.385284423828,23.4493866,5.597,33.9471157006674,8.68990145112376,6.110103404053339,3.1548443367676517
TZA,2005,92.2,90,91,91,483.334869384766,27.71374512,5.579,35.4283532789457,10.0407875300945,6.180709724778907,3.3219285038383894
TZA,2006,86.7,90,93,91,475.746734619141,35.59762955,5.511,36.9195071413939,11.3955838103187,6.164885642504025,3.572279049966903
TZA,2007,81.3,83,90,88,543.198303222656,36.23610306,5.403,38.4195983532873,12.7548704063114,6.2974744525699755,3.590055943935903
TZA,2008,76.6,86,88,89,675.977233886719,36.26182556,5.324,39.9290568171928,14.1197491698762,6.51615939779349,3.5907655504465716
TZA,2009,72,85,91,88,693.823547363281,33.9993782,5.26,41.4454872812529,15.4903054261921,6.542217673658876,3.5263422362136354
TZA,2010,68.2,91,92,94,736.530151367188,37.18493271,5.225,42.9702242043012,16.8680409613497,6.601950173784593,3.6159036445529806
TZA,2011,64.6,90,93,88,775.392761230469,37.75179672,5.141,44.5013525843349,18.2532282424589,6.653369689663808,3.6310330697942046
TZA,2012,61.7,92,97,90,861.969909667969,41.99654007,5.137,46.0392257141693,19.6470733482155,6.759220362476647,3.7375872356042943
TZA,2013,59,91,99,91,963.05712890625,43.46931839,5.156,47.5819698290827,21.049832968174,6.87011273392872,3.7720553648685664
TZA,2014,56.3,97,97,97,1022.74841308594,39.85456848,5.122,49.1277716374045,22.4616949820223,6.930248805193481,3.6852370405724946
TZA,2015,54.3,96,95,93,939.127319335938,33.27184296,5.025,50.6761681803936,23.8834363913571,6.844951060363835,3.5047114825448844
TZA,2016,52,92,83,89,953.0107421875,36.65267563,5.006,52.2258564710625,25.3153858621226,6.859626175560768,3.601486430579255
TZA,2017,49.8,90,90,89,986.674011230469,39.03767014,4.988,53.7768153446022,26.7585271322434,6.894339702436956,3.664527080973058
TZA,2018,47.6,89,88,82,1023.10626220703,41.27171326,4.932,55.3281861083023,28.2133927251419,6.930598633682338,3.7201773563508564
TZA,2019,45.6,91,89,87,1063.32250976563,39.97783661,4.866,56.8787467857379,29.6802357492442,6.969153728155179,3.6883252158022546
TZA,2020,43.8,91,87,61,1117.41528320313,31.7036171,4.801,58.4288709914851,31.1602899873696,7.018773514399859,3.4564307784748034
TZA,2021,41.7,86,80,64,1159.85656738281,37.53121185,4.734,59.9769893426504,32.6535108479798,7.056051627647344,3.6251729027934787
TZA,2022,40.1,87,84,82,1207.52062988281,35.93323135,4.671,61.5231007781577,34.1608687863697,7.096324470169861,3.5816625316766
TZA,2023,38.5,83,84,80,1224.00219726563,36.25619888,4.606,63.0660884066509,35.6824982712263,7.109881258222319,3.590610370267444
UGA,2000,143.9,52,57,55,258.05033873108596,16.42602158,6.788,26.2357051861037,14.7116633613524,5.55315467725067,2.7988667590879888
UGA,2001,137.2,55,59,56,236.02118885399335,15.99579906,6.757,27.5298826781499,15.1044104366213,5.463921584274965,2.772326129015198
UGA,2002,129.9,57,62,57,241.9846884083346,15.74441719,6.735,28.8504493952135,15.4966529446954,5.48887445311505,2.7564858383074
UGA,2003,122.1,59,64,57,250.7154366468096,14.23364067,6.671,30.1967437598834,15.8883472908915,5.524318577448171,2.6556082240733963
UGA,2004,114.2,62,66,58,292.38185796262013,18.60707474,6.612,31.5685635634506,16.2795981231902,5.678060680679259,2.9235418707653205
UGA,2005,106.5,64,68,59,330.40540270702513,25.86819267,6.525,32.9633010331223,16.6697698999299,5.800320393531972,3.253014131755155
UGA,2006,99.2,64,75,62,346.5182553106472,31.60310555,6.429,34.3826242141433,17.0595600245412,5.847935502121371,3.4532553926627427
UGA,2007,92.5,73,75,70,401.3891308655809,36.10126495,6.326,35.824381726143,17.4484827686049,5.994931357932793,3.586327904891148
UGA,2008,86.4,71,70,69,472.8426814958519,40.04308701,6.202,37.2887308722368,17.8367866196346,6.158762735908842,3.689956049626958
UGA,2009,81.2,79,77,78,798.9470899382466,44.3670578,6.124,38.7739967915564,18.2241387733923,6.683294723220977,3.79249725262197
UGA,2010,76,80,73,79,823.488144282,51.88574982,6.019,40.2802562427772,18.6107811745522,6.7135491527708915,3.949044182528419
UGA,2011,70.9,82,75,79,835.620060555838,55.2076683,5.885,41.8062522892618,18.9965285314938,6.728174036761206,4.0111018621130325
UGA,2012,66.5,83,80,79,795.222867553127,55.03918457,5.729,43.3515394345294,19.3814718588075,6.678622411912198,4.008045378290051
UGA,2013,62.8,84,83,78,818.2854274167128,52.906353,5.563,44.9140772703055,19.7651604775123,6.707211209011955,3.968523426171443
UGA,2014,60.2,85,85,78,896.0547955463935,50.957798,5.408,46.4945464801436,20.1480923027985,6.798001566848737,3.9309977999692456
UGA,2015,57.9,89,79,85,862.9346103558107,40.09843445,5.251,48.0912598324733,20.5299518497404,6.760338918057233,3.691337292403266
UGA,2016,55.6,93,79,88,752.6965717256556,39.08125305,5.112,49.7026063632453,20.9104342628765,6.623662187394344,3.6656428903760077
UGA,2017,54,94,83,90,765.2183322973606,31.43818092,4.987,51.32772813986,21.2895047336164,6.640161194803115,3.4480231071084964
UGA,2018,52.7,93,86,88,792.1657002281404,32.9515686,4.867,52.9651082839112,21.6668720905552,6.674770587391278,3.4950388652782345
UGA,2019,51.6,93,87,92,822.1711500363574,33.36559677,4.744,54.6148662999288,22.0428914452572,6.71194858510619,3.5075253323038127
UGA,2020,50.9,89,89,88,845.7664638901235,44.733818050000004,4.621,56.2751724073816,22.4171466106688,6.740243274086922,3.800729771503762
UGA,2021,50.2,91,90,91,882.7917175425043,51.03484726,4.51,57.9452003284678,22.789614286416,6.783089292306971,3.9325086790029378
UGA,2022,50,89,90,90,963.0673141171784,44.47286224,4.388,59.6243670283511,23.1603896161507,6.870123309788411,3.794879165842421
UGA,2023,49.4,91,90,89,1002.3091391714248,45.21318436,4.283,61.3115234168033,23.5293222340079,6.910061756188816,3.81138873368564
ZAF,2000,71.4,73,72,71,3217.8469344846712,236.08114624,2.413,85.9559975488844,60.4973716866815,8.076467761002995,5.464175585926184
ZAF,2001,74.5,71,69,71,2847.1519194590805,202.81065369,2.373,86.4622424726781,61.2759508701069,7.954074447097468,5.312272803325385
ZAF,2002,77,70,65,70,2688.2367603280636,179.5135498,2.324,86.9757383414211,62.0623724472109,7.8966407782433725,5.190250691430357
ZAF,2003,79.2,69,62,70,4062.217559937858,286.01998901,2.358,87.4856409014173,62.8465144848753,8.309484300513503,5.656061700020902
ZAF,2004,80.7,74,63,73,5221.463337317212,362.28662109,2.436,87.9864909045076,63.6233578866547,8.56053297441017,5.892435669507345
ZAF,2005,79.8,81,64,75,5836.876633251265,400.5355835,2.512,88.4775318362901,64.3920939153514,8.671951109679986,5.992802610252078
ZAF,2006,76.9,84,69,79,6077.382933888757,417.91174316,2.548,88.9593651216847,65.1530628772458,8.712329443789828,6.035270269465856
ZAF,2007,71.2,85,68,79,6591.85535960564,455.17498779,2.545,89.4320344752116,65.9061304060194,8.793590129541185,6.120681933565181
ZAF,2008,63.7,82,73,77,6184.754743283988,442.10626221,2.679,89.895824706748,66.6513463502515,8.729842630569712,6.091550265423126
ZAF,2009,56.9,81,77,75,6374.705600429925,487.62774658,2.501,90.3498541806487,67.3878839823923,8.760093188635565,6.189552300376967
ZAF,2010,50.3,77,72,72,7973.471957715169,621.41906738,2.445,90.7948993263466,68.1161861329021,8.98387530524639,6.4320056810391995
ZAF,2011,45.6,75,77,71,8646.055710716348,686.87243652,2.436,91.2307992186561,68.8359875393952,9.064858508731724,6.5321485930599295
ZAF,2012,43.1,71,79,69,8076.976784797406,646.49920654,2.447,91.6578231075925,69.5473276761195,8.99677292120236,6.47157197089484
ZAF,2013,41.4,81,78,79,7331.654673849192,593.80157471,2.428,92.0754416048639,70.2497373907273,8.89995650935741,6.386545214245982
ZAF,2014,39.7,85,84,85,6856.731370925222,539.30780029,2.424,92.4843371456174,70.9435261806792,8.8329861306274,6.290286465969345
ZAF,2015,38.2,85,86,85,6112.273824859742,491.90652466,2.359,92.2766813341795,71.6284763129344,8.718054131030598,6.198288707913366
ZAF,2016,36.8,85,84,85,5651.205851657492,456.56936646,2.261,92.0633898282653,72.3045193020221,8.639624226440718,6.123740641306259
ZAF,2017,35.7,84,81,84,6618.335082557006,527.52026367,2.283,91.844654961916,72.9715054204693,8.797599119196931,6.268187279152686
ZAF,2018,34.9,82,81,82,6914.178031807599,558.80145264,2.27,91.6208678269317,73.6294078282668,8.84132936961601,6.325794226949936
ZAF,2019,34.3,85,83,85,6533.711210328561,538.80438232,2.264,91.3923995625225,74.2781920666219,8.784730393193524,6.2893525779849435
ZAF,2020,33.9,84,84,84,5580.603830751887,503.46759033,2.257,91.1598368082793,74.917857781457,8.627052262917104,6.22151934132817
ZAF,2021,34,86,87,86,6828.756245900167,592.9465332,2.248,90.9231026021655,75.5483071505453,8.828897834357162,6.385104231695002
ZAF,2022,34.3,85,86,85,6534.248677833969,570.48028564,2.227,90.6825361107103,76.169562634684,8.784812650486982,6.346478612421087
ZAF,2023,34.8,79,80,79,6034.272089646732,536.58843994,2.216,90.4386965804708,76.7816295496925,8.705210511451238,6.285231394598825
ZMB,2000,151.8,85,85,85,359.4295009882214,14.80953312,5.921,46.2307991562581,21.0415384052929,5.884518054976916,2.6952711031372854
ZMB,2001,143.2,85,84,86,396.5489529935036,18.94953918,5.848,47.3291576082813,21.6786889419233,5.982799496237112,2.9417796135546554
ZMB,2002,132.9,84,84,85,393.86462551861615,23.19246864,5.774,48.5669310132522,22.413804959209,5.976007260203073,3.1438275983831163
ZMB,2003,122.1,83,84,85,446.2901048390412,26.75762367,5.71,49.794666240805,23.1443864562221,6.100969199843479,3.2868194297474282
ZMB,2004,111.7,83,85,84,548.6859745662773,29.99057961,5.698,51.0123240914284,23.8700357388516,6.307526282532254,3.40088331934975
ZMB,2005,102.7,82,85,84,710.9820681716964,44.99598694,5.697,52.2193583121082,24.5900224977226,6.56664720891093,3.806573306682515
ZMB,2006,94.8,81,85,83,1051.717148956864,58.68175507,5.679,53.4162602894897,25.3042918374618,6.95817948733282,4.072128861995882
ZMB,2007,89.1,80,93,77,1118.7316262695265,51.02414322,5.613,54.6025079939217,26.0121310175446,7.019950846007966,3.9322989171781555
ZMB,2008,84.2,87,87,90,1375.5021100699742,61.82287216,5.53,55.7790386634547,26.7137426857946,7.2265741144019655,4.124273395670029
ZMB,2009,78.4,94,90,93,1136.2416831684773,59.38909531,5.453,56.943932113866,27.4075582632773,7.035481325921206,4.08411062887588
ZMB,2010,74.3,83,96,80,1451.1061601715494,59.98767853,5.359,58.0990602531588,28.094335855896,7.280081413661732,4.09413918329996
ZMB,2011,71.8,81,83,83,1624.8681776344254,64.3181076,5.256,59.2434638607951,28.7731031923329,7.393181970017577,4.163841202796095
ZMB,2012,69.2,78,82,70,1710.0506134372813,69.17604828,5.136,60.3793166829556,29.4446855204494,7.444278247560012,4.2366546795878035
ZMB,2013,66,79,80,74,1820.718548273905,83.29361725,5.014,61.5068944546716,30.1087309769234,7.506986508899069,4.422371922587596
ZMB,2014,62.6,86,85,78,1707.485731366938,65.39261627,4.89,62.6251910477069,30.7641759274322,7.442777234963141,4.180409351019011
ZMB,2015,60.2,90,90,90,1295.877886800678,57.38765335,4.775,63.73489906676,31.4108659962422,7.166943649325315,4.049829181756479
ZMB,2016,57.1,95,97,91,1239.0852787771328,55.39532089,4.669,64.8350544845437,32.0477720583314,7.122128707974948,4.014495129716938
ZMB,2017,55.2,94,96,92,1483.4657732806522,70.93283844,4.567,65.9259259812071,32.674491350081,7.302136367864219,4.261733491895342
ZMB,2018,54.7,90,94,90,1463.8999785559306,69.82767487,4.492,67.0073710429066,33.2903966380539,7.288859371528777,4.246030419296569
ZMB,2019,53.5,88,93,89,1258.9861984446204,85.02349854,4.418,68.0788852086192,33.8947045843208,7.13806207166863,4.4429276716958785
ZMB,2020,52.5,84,96,83,951.6443166559574,60.01779938,4.323,69.1403580014109,34.4868129715486,6.8581913480211325,4.0946411745616444
ZMB,2021,50.4,91,90,87,1127.1607787285725,74.83802795,4.246,70.2228298527718,35.2442051458646,7.027457164670878,4.3153261508449265
ZMB,2022,49.5,92,88,94,1447.1231013803465,75.40128326,4.175,71.2958879569683,35.9950584575439,7.2773327965308,4.322824294232478
ZMB,2023,49.1,90,83,91,1330.7278057670908,79.55635071,4.101,72.3590047817849,36.7391328457853,7.193481293925504,4.3764655845325775
ZWE,2010,85.2,89,90,89,902.0107590673878,94.44809723,4.04,67.7126398227238,41.1551654585239,6.80462644800411,4.548050447953165
ZWE,2011,77.2,93,92,93,1037.775651572176,83.82868195,4.126,67.6326265386138,40.5413099103148,6.944834905078316,4.428775215634594
ZWE,2012,68,95,97,95,1239.2270974570858,85.69155121,4.134,67.550802949421,39.929425197268,7.122243155759229,4.450754235096242
ZWE,2013,62.6,95,93,95,1362.9949832336792,96.86148834,4.111,67.4675567678249,39.3197220289687,7.21743975101014,4.573282002745941
ZWE,2014,59.8,91,92,92,1372.9152617316138,111.61201477,4.011,67.3943560141551,38.7170842481052,7.2246916862607495,4.715028703381762
ZWE,2015,59.2,87,86,88,1387.1263259502578,103.31652832,3.911,67.3315481450838,38.1206484665361,7.234989494718447,4.637797366424236
ZWE,2016,57.5,90,95,90,1408.1394525343117,102.15909576,3.828,67.2786727528728,37.5291927779865,7.250024574806673,4.626531360471329
ZWE,2017,56.7,89,90,89,3445.449410201338,91.87199402,3.768,67.2356795993569,36.9416715486173,8.144809627828153,4.5203962388480905
ZWE,2018,56.3,89,88,89,2270.895318743022,114.76815033,3.744,67.2029312965769,36.3571595127659,7.727929446258054,4.742914009243112
ZWE,2019,58.6,90,85,90,2184.329238554689,55.10725403,3.748,67.1795926488522,35.7743353702206,7.689064075757097,4.009281359580608
ZWE,2020,61.7,86,85,86,2059.674453844988,51.14250565,3.754,67.1664236498224,35.1923620543494,7.630303217181153,3.9346159645564063
ZWE,2021,62.4,88,88,88,2613.6054208355185,60.89874268,3.765,67.162605340134,34.6099501611517,7.868485934372374,4.109212528854123
ZWE,2022,64,90,90,90,2536.4005022307556,68.90727997,3.767,67.1689083918982,34.6178594063559,7.838501229835144,4.232761832379939
ZWE,2023,64.2,90,90,90,2195.2249207924506,62.92946243,3.724,67.1849190325683,34.6283464803415,7.6940397898689366,4.142014455153715
