iso3,year,basic_sanitation
ABW,2000,97.9731037869072
ABW,2001,98.0125082381901
ABW,2002,98.051912689473
ABW,2003,98.0913171407559
ABW,2004,98.1307215920388
ABW,2005,98.1701260433217
ABW,2006,98.2095304946046
ABW,2007,98.2489349458875
ABW,2008,98.2883393971704
ABW,2009,98.3277438484533
ABW,2010,98.3671482997362
ABW,2011,98.4065527510191
ABW,2012,98.445957202302
ABW,2013,98.4853616535849
ABW,2014,98.5247661048679
ABW,2015,98.5641705561508
ABW,2016,98.6035750074337
ABW,2017,98.6429794587166
ABW,2018,98.6823839099995
ABW,2019,98.7217883612824
ABW,2020,98.7611928125653
ABW,2021,98.8005972638482
ABW,2022,98.8400017151311
ABW,2023,98.8400017151311
ABW,2024,98.8400017151311
AFE,2000,21.96219090808459
AFE,2001,22.28366785083865
AFE,2002,22.624437073019582
AFE,2003,22.99664987289474
AFE,2004,23.376233922093167
AFE,2005,23.923052850615075
AFE,2006,24.468060928214037
AFE,2007,25.006677364971978
AFE,2008,25.60242269147635
AFE,2009,26.21177024053323
AFE,2010,26.823786768524702
AFE,2011,27.045864238517687
AFE,2012,27.65105049337135
AFE,2013,28.27323798568676
AFE,2014,28.915075645166198
AFE,2015,29.58062997924282
AFE,2016,30.20729871132315
AFE,2017,30.933487688586855
AFE,2018,31.60821933508394
AFE,2019,32.2445544986626
AFE,2020,32.879994032804866
AFE,2021,33.57106633781098
AFE,2022,34.27916961205134
AFE,2023,34.07951394853839
AFE,2024,34.66345163295131
AFG,2000,22.298273284655
AFG,2001,22.3095245309963
AFG,2002,23.7347094449173
AFG,2003,25.160116505547
AFG,2004,26.592743290922
AFG,2005,28.0329173729232
AFG,2006,29.4737113537171
AFG,2007,30.8753174900848
AFG,2008,32.2737202067488
AFG,2009,33.6691080892303
AFG,2010,35.0616668763216
AFG,2011,36.4517450288191
AFG,2012,37.8393855148321
AFG,2013,39.2247837532389
AFG,2014,40.6081362553092
AFG,2015,41.9898186307368
AFG,2016,43.3698641937307
AFG,2017,44.7508111861658
AFG,2018,46.1335435081079
AFG,2019,47.5183902057843
AFG,2020,48.9056813120247
AFG,2021,50.2966403259731
AFG,2022,51.6914397704169
AFG,2023,53.0909369400519
AFG,2024,54.4957993646086
AFW,2000,21.735887181669174
AFW,2001,21.984290335405827
AFW,2002,22.60989477493461
AFW,2003,23.26143475069203
AFW,2004,23.93751395636293
AFW,2005,24.64184067397058
AFW,2006,25.36540150835215
AFW,2007,26.10391838786276
AFW,2008,26.857264590998103
AFW,2009,27.630638167292602
AFW,2010,28.422640747127474
AFW,2011,29.22801899571183
AFW,2012,30.050548404062923
AFW,2013,30.89176802055089
AFW,2014,31.750837713596127
AFW,2015,32.625068339627354
AFW,2016,33.509351412567625
AFW,2017,34.40790093596933
AFW,2018,35.20161156837149
AFW,2019,36.124107547896394
AFW,2020,37.059905438737566
AFW,2021,38.00753784665276
AFW,2022,39.190617746411505
AFW,2023,40.138712585968584
AFW,2024,40.56290861448481
AGO,2000,33.8004076625916
AGO,2001,34.2558546036306
AGO,2002,34.7112995930867
AGO,2003,35.7566857674784
AGO,2004,36.8026608112345
AGO,2005,37.8465318357126
AGO,2006,38.7338819151989
AGO,2007,39.6205689404056
AGO,2008,40.5073529931406
AGO,2009,41.3926874563562
AGO,2010,42.2777189153195
AGO,2011,43.1620627220945
AGO,2012,44.0453181222275
AGO,2013,44.9270819739207
AGO,2014,45.8077399649675
AGO,2015,46.6837650963553
AGO,2016,47.555908833618
AGO,2017,48.4237656848917
AGO,2018,49.2865229934191
AGO,2019,49.5470237290202
AGO,2020,49.8016376564917
AGO,2021,50.0511353702384
AGO,2022,50.2951359158799
AGO,2023,NA
AGO,2024,NA
ALB,2000,89.4886699063414
ALB,2001,90.0309557632919
ALB,2002,90.6055152426868
ALB,2003,91.1654528669664
ALB,2004,91.710652089826
ALB,2005,92.32297892735
ALB,2006,92.9214090363528
ALB,2007,93.5057448871061
ALB,2008,94.075815843771
ALB,2009,94.6311562732715
ALB,2010,95.1721611108923
ALB,2011,95.6984906230124
ALB,2012,96.210272006809
ALB,2013,96.7065607873958
ALB,2014,97.188017102045393
ALB,2015,97.6549680441734
ALB,2016,98.1079014758832
ALB,2017,98.5472964296809
ALB,2018,98.9736466158724
ALB,2019,99.1830672601737
ALB,2020,99.298792439378
ALB,2021,99.2990351357274
ALB,2022,99.2992678183537
ALB,2023,99.2994944120586
ALB,2024,99.2997151439025
AND,2000,99.9999977350507
AND,2001,99.9999981868428
AND,2002,100
AND,2003,100
AND,2004,99.999995252479
AND,2005,100
AND,2006,100
AND,2007,100
AND,2008,100
AND,2009,99.9999971715362
AND,2010,99.9999980431632
AND,2011,100
AND,2012,99.9999982821599
AND,2013,100
AND,2014,100
AND,2015,100
AND,2016,100
AND,2017,100
AND,2018,100
AND,2019,100
AND,2020,99.9999952180714
AND,2021,100
AND,2022,99.9999963147646
AND,2023,100
AND,2024,100
ARB,2000,71.44591894582186
ARB,2001,71.69752670521602
ARB,2002,72.01585564516394
ARB,2003,72.41141992681693
ARB,2004,72.78542697722644
ARB,2005,73.46250531590843
ARB,2006,74.19626694659681
ARB,2007,74.94145588969411
ARB,2008,75.69771667676414
ARB,2009,76.42023581249842
ARB,2010,77.14801304201566
ARB,2011,77.94222428618835
ARB,2012,78.70320166092384
ARB,2013,80.71289814112092
ARB,2014,81.38041499703324
ARB,2015,82.06471656273362
ARB,2016,82.71818987088537
ARB,2017,83.30654294856681
ARB,2018,83.85432476465618
ARB,2019,84.38625120823639
ARB,2020,84.9310720181759
ARB,2021,85.29708136422956
ARB,2022,85.80413417562619
ARB,2023,86.35323165027395
ARB,2024,86.92412737527158
ARE,2000,99.160856612895
ARE,2001,99.1568733967511
ARE,2002,99.1529487950729
ARE,2003,99.1490944909121
ARE,2004,99.1452977289426
ARE,2005,99.1415716401996
ARE,2006,99.1379008454285
ARE,2007,99.1343292735579
ARE,2008,99.1308669416224
ARE,2009,99.1274862085327
ARE,2010,99.1241974644732
ARE,2011,99.120999868482
ARE,2012,99.1178959002456
ARE,2013,99.1148814743619
ARE,2014,99.1119382516612
ARE,2015,99.1090951528049
ARE,2016,99.1063234658359
ARE,2017,99.1036305730769
ARE,2018,99.1010218730891
ARE,2019,99.0984768671773
ARE,2020,99.0960113749665
ARE,2021,99.0936250142386
ARE,2022,99.0913042673601
ARE,2023,99.0890518596042
ARE,2024,99.0868783474854
ARG,2000,87.6669268418186
ARG,2001,88.1359380067969
ARG,2002,88.6033982942423
ARG,2003,89.0695612672158
ARG,2004,89.5350610098707
ARG,2005,89.9997295570375
ARG,2006,90.4637841739601
ARG,2007,90.9270368517711
ARG,2008,91.3897117135692
ARG,2009,91.8516400553942
ARG,2010,92.3128332477506
ARG,2011,92.7707485221134
ARG,2012,93.2268060456617
ARG,2013,93.623132025003
ARG,2014,94.0211240402659
ARG,2015,94.4204076284931
ARG,2016,94.8209557204549
ARG,2017,NA
ARG,2018,NA
ARG,2019,NA
ARG,2020,NA
ARG,2021,NA
ARG,2022,NA
ARG,2023,NA
ARG,2024,NA
ARM,2000,88.0309026952269
ARM,2001,88.2341286586243
ARM,2002,88.4571722319779
ARM,2003,88.6878398317561
ARM,2004,88.9185327648482
ARM,2005,89.1491045548132
ARM,2006,89.3798500479523
ARM,2007,89.6104696374139
ARM,2008,89.8412620835162
ARM,2009,90.0719230280142
ARM,2010,90.3025970300034
ARM,2011,90.5332906665256
ARM,2012,90.7640014188273
ARM,2013,90.9987016315075
ARM,2014,91.2374729178599
ARM,2015,91.480572190435
ARM,2016,91.7279143880493
ARM,2017,91.9795911262643
ARM,2018,92.2358515104765
ARM,2019,92.4966218956113
ARM,2020,92.7619845664061
ARM,2021,93.0320229848765
ARM,2022,93.3068358390677
ARM,2023,93.5674537130871
ARM,2024,93.6649426520095
ASM,2000,62.2935163766246
ASM,2001,62.2856155405329
ASM,2002,62.2777147044412
ASM,2003,62.2698138683495
ASM,2004,62.2619130322578
ASM,2005,62.254012196166
ASM,2006,62.2461113600743
ASM,2007,62.2382105239826
ASM,2008,62.2303096878909
ASM,2009,62.2224088517992
ASM,2010,62.2145080157075
ASM,2011,62.2066071796158
ASM,2012,62.1987063435241
ASM,2013,62.1908055074324
ASM,2014,62.1829046713407
ASM,2015,62.1750038352489
ASM,2016,62.1671029991572
ASM,2017,62.1592021630655
ASM,2018,62.1513013269738
ASM,2019,62.1434004908821
ASM,2020,62.1354996547904
ASM,2021,62.1275988186987
ASM,2022,62.119697982607
ASM,2023,62.119697982607
ASM,2024,62.119697982607
ATG,2000,84.7653410086149
ATG,2001,85.5344312360032
ATG,2002,86.312524859028
ATG,2003,87.0891468581108
ATG,2004,87.8643554393161
ATG,2005,88.6381274061459
ATG,2006,89.410528383537
ATG,2007,90.181534098799
ATG,2008,90.9512112125374
ATG,2009,91.7194750028069
ATG,2010,92.4864478668601
ATG,2011,93.2510130109521
ATG,2012,94.0042537403254
ATG,2013,94.7571352497532
ATG,2014,95.5096665851238
ATG,2015,96.2618760462753
ATG,2016,97.0132411183707
ATG,2017,97.7638078582703
ATG,2018,98.5136876135771
ATG,2019,99.0899721182438
ATG,2020,99.6041813873018
ATG,2021,99.6050402706189
ATG,2022,99.605594345624
ATG,2023,99.6058209466968
ATG,2024,99.6057190215246
AUS,2000,99.9911608638651
AUS,2001,99.9916171040366
AUS,2002,99.9920733442082
AUS,2003,99.9925295843797
AUS,2004,99.9929858245512
AUS,2005,99.9934420647228
AUS,2006,99.9938983048943
AUS,2007,99.9943545450659
AUS,2008,99.9948107852374
AUS,2009,99.995267025408907
AUS,2010,99.9957232655805
AUS,2011,99.996179505752
AUS,2012,99.9966357459236
AUS,2013,99.9970919860951
AUS,2014,99.9975482262667
AUS,2015,99.9980044664382
AUS,2016,99.9984607066097
AUS,2017,99.9989169467813
AUS,2018,99.9993731869528
AUS,2019,99.9998294271244
AUS,2020,100
AUS,2021,100
AUS,2022,100
AUS,2023,100
AUS,2024,100
AUT,2000,99.9999792345879
AUT,2001,99.9999909725854
AUT,2002,100
AUT,2003,99.9983790003902
AUT,2004,99.996535576376
AUT,2005,99.9947064734973
AUT,2006,99.9928944921009
AUT,2007,99.9911017476995
AUT,2008,99.9893276003394
AUT,2009,99.9875707536701
AUT,2010,99.9858335152594
AUT,2011,99.9841152637766
AUT,2012,99.982312100595
AUT,2013,99.9804519832307
AUT,2014,99.9785877606259
AUT,2015,99.9767095192409
AUT,2016,99.9748167576783
AUT,2017,99.9729077052186
AUT,2018,99.9728166060806
AUT,2019,99.9727130295408
AUT,2020,99.9726022326155
AUT,2021,99.9724908948366
AUT,2022,99.9723650796655
AUT,2023,99.9722421586423
AUT,2024,99.9721024074429
AZE,2000,68.3537161993918
AZE,2001,69.4110838151646
AZE,2002,70.4645166968746
AZE,2003,71.514349403103
AZE,2004,72.5604073968308
AZE,2005,73.9007809135916
AZE,2006,75.2446071207106
AZE,2007,76.5920244999871
AZE,2008,77.9427910031062
AZE,2009,79.2970479678594
AZE,2010,80.6565618814243
AZE,2011,82.0209823776921
AZE,2012,83.3900771954371
AZE,2013,84.7637227824749
AZE,2014,86.1415854877427
AZE,2015,87.5234598194959
AZE,2016,88.9091129023182
AZE,2017,90.2983404004094
AZE,2018,91.6909287439115
AZE,2019,93.0865984611418
AZE,2020,94.4852164889199
AZE,2021,95.8663117734363
AZE,2022,96.9106527966691
AZE,2023,97.9482163589564
AZE,2024,98.9785069136854
BDI,2000,45.8832028889367
BDI,2001,45.9762261657477
BDI,2002,46.0714530473161
BDI,2003,46.1690271798233
BDI,2004,46.0744530371063
BDI,2005,45.9780778470214
BDI,2006,45.8797490696037
BDI,2007,45.7793823625363
BDI,2008,45.6767816936833
BDI,2009,45.5719158266356
BDI,2010,45.4645083129414
BDI,2011,45.354450786345
BDI,2012,45.2416177840798
BDI,2013,45.125751746761
BDI,2014,45.0067757440714
BDI,2015,44.8844503584829
BDI,2016,44.7585847024572
BDI,2017,44.6289841238283
BDI,2018,44.4954380894811
BDI,2019,44.3577388229315
BDI,2020,44.4548070620661
BDI,2021,44.5545225988873
BDI,2022,44.6569603684061
BDI,2023,44.6456125902738
BDI,2024,44.6339890793582
BEL,2000,99.484629951934
BEL,2001,99.4847964563623
BEL,2002,99.4849653278491
BEL,2003,99.4851241629527
BEL,2004,99.4852911508851
BEL,2005,99.4854588007365
BEL,2006,99.4856201119658
BEL,2007,99.4857808585944
BEL,2008,99.4859416700664
BEL,2009,99.4861064041689
BEL,2010,99.4861236387516
BEL,2011,99.4861332173528
BEL,2012,99.4861435479371
BEL,2013,99.4861501236866
BEL,2014,99.4861618443076
BEL,2015,99.4861641764678
BEL,2016,99.4861721928964
BEL,2017,99.4861854185217
BEL,2018,99.4861848733706
BEL,2019,99.4861954289203
BEL,2020,99.4862025266725
BEL,2021,99.486206436114
BEL,2022,99.4862152277247
BEL,2023,99.4862165648512
BEL,2024,99.486220664134
BEN,2000,8.52812393636387
BEN,2001,8.93975126867492
BEN,2002,9.37391256843619
BEN,2003,9.83877331929082
BEN,2004,10.3155921363995
BEN,2005,10.8039533008181
BEN,2006,11.3039620341641
BEN,2007,11.8157291558234
BEN,2008,12.3390077692944
BEN,2009,12.8733600744969
BEN,2010,13.4190757934874
BEN,2011,13.9760843860142
BEN,2012,14.5443123134086
BEN,2013,15.1233051054282
BEN,2014,15.7143302277075
BEN,2015,16.3169481534553
BEN,2016,16.9310972411709
BEN,2017,17.5567124078682
BEN,2018,18.1937303852969
BEN,2019,18.8420840944928
BEN,2020,19.501704357901
BEN,2021,20.1721169387367
BEN,2022,20.853650768615
BEN,2023,21.5460291941212
BEN,2024,22.248968702791
BFA,2000,8.8416258208353
BFA,2001,9.13087025476494
BFA,2002,10.0598427351821
BFA,2003,11.0080883489168
BFA,2004,11.9759949734472
BFA,2005,12.9610876994314
BFA,2006,13.9636797865369
BFA,2007,14.9188541884319
BFA,2008,15.8385590424802
BFA,2009,16.7713190117343
BFA,2010,17.717348101652
BFA,2011,18.6760821491649
BFA,2012,19.6465931645733
BFA,2013,20.6283173579476
BFA,2014,21.6210077487698
BFA,2015,22.623723352134
BFA,2016,23.6358671659231
BFA,2017,24.6558918981723
BFA,2018,25.6835548762607
BFA,2019,26.7185691114763
BFA,2020,27.7597483878875
BFA,2021,28.8068022658045
BFA,2022,29.8585926182987
BFA,2023,30.9150753845811
BFA,2024,31.7963485938203
BGD,2000,23.694677075884
BGD,2001,25.1767692981385
BGD,2002,26.6816894127761
BGD,2003,28.1772949701868
BGD,2004,29.6630423579707
BGD,2005,31.4358349503108
BGD,2006,33.2264398318266
BGD,2007,35.0339772895148
BGD,2008,36.8575848438424
BGD,2009,38.6964226448975
BGD,2010,40.550092213975
BGD,2011,42.417588032588
BGD,2012,44.297586934068804
BGD,2013,46.1890615570129
BGD,2014,48.091854377096
BGD,2015,50.0050245547683
BGD,2016,51.9283001377065
BGD,2017,53.861024982081
BGD,2018,55.8026895798661
BGD,2019,57.7528738554199
BGD,2020,59.7111659386902
BGD,2021,61.6770898454809
BGD,2022,63.6502711298232
BGD,2023,65.6304136319171
BGD,2024,67.6171751221237
BGR,2000,85.8270758424306
BGR,2001,85.8352608493331
BGR,2002,85.8462388142112
BGR,2003,85.8571204076455
BGR,2004,85.8679758462279
BGR,2005,85.8787353292987
BGR,2006,85.8894058121124
BGR,2007,85.9000132510858
BGR,2008,85.9105606214377
BGR,2009,85.921008483856
BGR,2010,85.9314028069197
BGR,2011,85.9417067262651
BGR,2012,85.9520368037234
BGR,2013,85.9623980621807
BGR,2014,85.9727585294745
BGR,2015,85.983155486804307
BGR,2016,85.9935449985972
BGR,2017,86.0039712709355
BGR,2018,86.0143608416048
BGR,2019,86.0247532488828
BGR,2020,86.0351484540034
BGR,2021,86.0455390086067
BGR,2022,86.0559026317979
BGR,2023,86.0662621462475
BGR,2024,86.0765607063355
BHR,2000,99.9393894019496
BHR,2001,99.9434088778498
BHR,2002,99.9474283537501
BHR,2003,99.9514478296503
BHR,2004,99.9554673055506
BHR,2005,99.9594867814508
BHR,2006,99.9635062573511
BHR,2007,99.9675257332513
BHR,2008,99.9715452091516
BHR,2009,99.9755646850518
BHR,2010,99.9795841609521
BHR,2011,99.9836036368523
BHR,2012,99.9876231127526
BHR,2013,99.9916425886528
BHR,2014,99.9956620645531
BHR,2015,99.9996815404533
BHR,2016,100
BHR,2017,100
BHR,2018,100
BHR,2019,100
BHR,2020,100
BHR,2021,100
BHR,2022,100
BHR,2023,100
BHR,2024,100
BHS,2000,92.9767147467029
BHS,2001,92.9788412178291
BHS,2002,92.9792508409001
BHS,2003,92.9779436159161
BHS,2004,92.974919542877
BHS,2005,92.9701786217826
BHS,2006,92.9637208526333
BHS,2007,92.9555462354289
BHS,2008,92.9456547701693
BHS,2009,92.9340464568545
BHS,2010,92.9207212954847
BHS,2011,92.9056792860598
BHS,2012,92.8889204285797
BHS,2013,93.1626284658143
BHS,2014,93.436336503049
BHS,2015,93.7100445402837
BHS,2016,93.7100445402837
BHS,2017,93.7100445402837
BHS,2018,93.7100445402837
BHS,2019,93.7100445402837
BHS,2020,NA
BHS,2021,NA
BHS,2022,NA
BHS,2023,NA
BHS,2024,NA
BIH,2000,95.0784435393171
BIH,2001,95.0879638199528
BIH,2002,95.0981431878974
BIH,2003,95.1088597606974
BIH,2004,95.1202453648273
BIH,2005,95.1357940491604
BIH,2006,95.1516329661408
BIH,2007,95.1678945136016
BIH,2008,95.1844586275953
BIH,2009,95.20132167847
BIH,2010,95.2184837600235
BIH,2011,95.2360155321308
BIH,2012,95.2539082676635
BIH,2013,95.2720361490621
BIH,2014,95.2905317745254
BIH,2015,95.3129339341419
BIH,2016,95.3361467691692
BIH,2017,95.360235583008
BIH,2018,95.3850620124746
BIH,2019,NA
BIH,2020,NA
BIH,2021,NA
BIH,2022,NA
BIH,2023,NA
BIH,2024,NA
BLR,2000,91.9136871793446
BLR,2001,91.8950406947121
BLR,2002,91.8772136566358
BLR,2003,91.8592816297479
BLR,2004,92.3080167229921
BLR,2005,92.7606037607482
BLR,2006,93.2164038239813
BLR,2007,93.6735706995362
BLR,2008,94.1325479318341
BLR,2009,94.5970585071849
BLR,2010,95.0666547452999
BLR,2011,95.5392069475239
BLR,2012,96.0160380409651
BLR,2013,96.4967422557482
BLR,2014,96.9807658359305
BLR,2015,97.4677528685491
BLR,2016,97.9567271053164
BLR,2017,98.4471393205969
BLR,2018,98.9391988814901
BLR,2019,99.4338632205589
BLR,2020,99.5940049296976
BLR,2021,99.6591219571066
BLR,2022,99.6897638568081
BLR,2023,99.7199437262096
BLR,2024,99.7473526999237
BLZ,2000,83.9950793415802
BLZ,2001,83.9981236500007
BLZ,2002,84.0010582579802
BLZ,2003,84.0038792244829
BLZ,2004,84.0065922016108
BLZ,2005,83.9996958672325
BLZ,2006,83.9933189485274
BLZ,2007,83.9874657603305
BLZ,2008,83.9821223616587
BLZ,2009,83.977302195762
BLZ,2010,83.972997548098
BLZ,2011,83.9708984759609
BLZ,2012,83.9714754365874
BLZ,2013,83.9751251055118
BLZ,2014,83.9821211094783
BLZ,2015,83.9929567244339
BLZ,2016,84.0080355199731
BLZ,2017,84.027602259463
BLZ,2018,84.0520275827063
BLZ,2019,84.0839153038299
BLZ,2020,84.1193982319828
BLZ,2021,84.1586414948366
BLZ,2022,84.2021316466722
BLZ,2023,84.2497280854857
BLZ,2024,84.3017658171591
BMU,2000,99.9791403999453
BMU,2001,99.9770577444815
BMU,2002,99.9749750890177
BMU,2003,99.972892433554
BMU,2004,99.9708097780902
BMU,2005,99.9687271226264
BMU,2006,99.9666444671626
BMU,2007,99.9645618116988
BMU,2008,99.962479156235
BMU,2009,99.9603965007712
BMU,2010,99.9583138453074
BMU,2011,99.9562311898436
BMU,2012,99.9541485343798
BMU,2013,99.952065878916
BMU,2014,99.9499832234522
BMU,2015,99.9479005679884
BMU,2016,99.9458179125246
BMU,2017,99.9437352570609
BMU,2018,99.9416526015971
BMU,2019,99.9416526015971
BMU,2020,99.9416526015971
BMU,2021,99.9416526015971
BMU,2022,99.9416526015971
BMU,2023,99.9416526015971
BMU,2024,99.9416526015971
BOL,2000,34.9158555656195
BOL,2001,36.1069276710251
BOL,2002,37.2788771085079
BOL,2003,38.442320447364
BOL,2004,39.6007187610011
BOL,2005,40.7534588124944
BOL,2006,41.9015542609366
BOL,2007,43.4810447232478
BOL,2008,45.0792272443347
BOL,2009,46.6950103282874
BOL,2010,48.3285858519966
BOL,2011,49.9801309822713
BOL,2012,51.6491998600636
BOL,2013,53.3191514172046
BOL,2014,54.9966309177459
BOL,2015,56.6920160774471
BOL,2016,58.4055072099322
BOL,2017,60.1364043539165
BOL,2018,61.8863758501478
BOL,2019,63.6552770936558
BOL,2020,65.4426819747995
BOL,2021,67.2484529429256
BOL,2022,69.0727323107113
BOL,2023,70.4335419312464
BOL,2024,71.5839204142996
BRA,2000,73.3661541884085
BRA,2001,74.2359273551558
BRA,2002,75.086752161079
BRA,2003,75.9322033943991
BRA,2004,76.7719281688316
BRA,2005,77.6060442876745
BRA,2006,78.4350490232115
BRA,2007,79.2590292856141
BRA,2008,80.0780747503367
BRA,2009,80.8914821354002
BRA,2010,81.7001428038359
BRA,2011,82.5075308980562
BRA,2012,83.3102185091362
BRA,2013,84.1075664930758
BRA,2014,84.9007604089727
BRA,2015,85.6891694067484
BRA,2016,86.4725409994878
BRA,2017,87.2513460581389
BRA,2018,88.0250303307035
BRA,2019,88.7943635272571
BRA,2020,89.5591441286736
BRA,2021,90.3198016289812
BRA,2022,91.0196550646128
BRA,2023,91.7128476214348
BRA,2024,92.4012701604853
BRB,2000,89.6408774970221
BRB,2001,90.0296586370686
BRB,2002,90.4184397771151
BRB,2003,90.8072209171617
BRB,2004,91.1960020572082
BRB,2005,91.5847831972547
BRB,2006,91.9735643373012
BRB,2007,92.3623454773478
BRB,2008,92.7511266173943
BRB,2009,93.1399077574408
BRB,2010,93.5286888974873
BRB,2011,93.9174700375338
BRB,2012,94.3062511775803
BRB,2013,94.6950323176268
BRB,2014,95.0838134576733
BRB,2015,95.4725945977198
BRB,2016,95.8613757377664
BRB,2017,96.2501568778129
BRB,2018,96.6389380178594
BRB,2019,97.0277191579059
BRB,2020,97.3312392700884
BRB,2021,97.3330327442074
BRB,2022,98.0924623115578
BRB,2023,98.0924623115578
BRB,2024,98.0924623115578
BRN,2000,72.7148465774726
BRN,2001,73.9314819787646
BRN,2002,75.1481173800566
BRN,2003,76.3647527813482
BRN,2004,77.5813881826402
BRN,2005,78.7980235839323
BRN,2006,80.0146589852238
BRN,2007,81.2312943865159
BRN,2008,82.4479297878079
BRN,2009,83.6645651890999
BRN,2010,84.8812005903915
BRN,2011,86.0978359916835
BRN,2012,87.3144713929755
BRN,2013,88.5311067942671
BRN,2014,89.7477421955591
BRN,2015,90.9643775968511
BRN,2016,92.1810129981427
BRN,2017,93.3976483994347
BRN,2018,94.6142838007268
BRN,2019,95.8309192020188
BRN,2020,97.0475546033103
BRN,2021,98.2641900046024
BRN,2022,99.4808254058944
BRN,2023,100
BRN,2024,100
BTN,2000,44.0519313998862
BTN,2001,44.4113711801723
BTN,2002,46.6649669760176
BTN,2003,48.8831966104405
BTN,2004,51.0646518155056
BTN,2005,53.1957068456674
BTN,2006,55.1902160222257
BTN,2007,57.1569433731048
BTN,2008,59.0952861405735
BTN,2009,61.0391347142958
BTN,2010,62.9550752421624
BTN,2011,64.8429159627493
BTN,2012,66.7004803420863
BTN,2013,68.5280843950493
BTN,2014,70.3262594115748
BTN,2015,72.0956866215508
BTN,2016,73.8369686889029
BTN,2017,75.5507698570494
BTN,2018,77.2378421749847
BTN,2019,78.8989372535781
BTN,2020,80.5347803811223
BTN,2021,82.1461906791953
BTN,2022,83.7339782184806
BTN,2023,85.2990010822165
BTN,2024,86.8421082075035
BWA,2000,53.7395555164228
BWA,2001,54.7451404334018
BWA,2002,55.6040876882088
BWA,2003,56.4322629301627
BWA,2004,57.2488048403831
BWA,2005,58.0524375220249
BWA,2006,58.8441205990319
BWA,2007,59.9949103231663
BWA,2008,61.1111581446206
BWA,2009,62.1889472021203
BWA,2010,63.2298770256248
BWA,2011,64.2325786938522
BWA,2012,65.037275052661
BWA,2013,65.7908304969597
BWA,2014,66.5214936855642
BWA,2015,67.2288878869323
BWA,2016,67.9129615984092
BWA,2017,68.5731443566445
BWA,2018,69.2069921595304
BWA,2019,69.8150599678289
BWA,2020,70.3974291175514
BWA,2021,70.9542350453954
BWA,2022,71.4864919930582
BWA,2023,71.9941392506475
BWA,2024,72.115456599001
CAF,2000,20.5939671158027
CAF,2001,20.5472812527442
CAF,2002,20.5005930190466
CAF,2003,20.4536055406808
CAF,2004,20.4063183359002
CAF,2005,19.9721484876891
CAF,2006,19.5450443579564
CAF,2007,19.1248924348841
CAF,2008,18.7110288344225
CAF,2009,18.3030854351949
CAF,2010,17.9009516216973
CAF,2011,17.5040118095515
CAF,2012,17.1121597682915
CAF,2013,16.7250416550218
CAF,2014,16.3420825760043
CAF,2015,15.9631877672806
CAF,2016,15.5882414691861
CAF,2017,15.2164870297134
CAF,2018,14.8478356260426
CAF,2019,14.481982156805
CAF,2020,14.1186349646869
CAF,2021,13.7575074575386
CAF,2022,13.8462941483121
CAF,2023,13.939220081887
CAF,2024,14.0362838980325
CAN,2000,99.8666796985606
CAN,2001,99.8688346973746
CAN,2002,99.869342983024
CAN,2003,99.8698601366665
CAN,2004,99.8703662409249
CAN,2005,99.8639583203514
CAN,2006,99.8430162755526
CAN,2007,99.7607606816524
CAN,2008,99.6782742849719
CAN,2009,99.5955583039344
CAN,2010,99.5126181540999
CAN,2011,99.4293838454061
CAN,2012,99.3455544247407
CAN,2013,99.2616780948354
CAN,2014,99.1777500183005
CAN,2015,99.0937780508687
CAN,2016,99.0097526693879
CAN,2017,98.9256763278337
CAN,2018,98.84154412867
CAN,2019,98.7573247700797
CAN,2020,98.6730086081464
CAN,2021,98.5885671606396
CAN,2022,98.5883597851291
CAN,2023,98.5881318805776
CAN,2024,98.5878834990178
CEB,2000,91.72307550069156
CEB,2001,88.35885930964335
CEB,2002,88.66310271429494
CEB,2003,88.92997017650774
CEB,2004,89.1932364863796
CEB,2005,89.46237367504571
CEB,2006,89.91115324551598
CEB,2007,90.38595621463432
CEB,2008,90.8648413939551
CEB,2009,91.31982166391792
CEB,2010,91.76149193196406
CEB,2011,92.20220052109642
CEB,2012,92.63221714583631
CEB,2013,93.06386525796096
CEB,2014,93.4927942949864
CEB,2015,93.95171525376736
CEB,2016,94.41602480949774
CEB,2017,94.78004268729627
CEB,2018,95.05054483968469
CEB,2019,95.2616627039685
CEB,2020,95.45290704508965
CEB,2021,95.6343078030199
CEB,2022,95.83850440511932
CEB,2023,96.04115370028889
CEB,2024,96.0479885305529
CHE,2000,99.8809744521453
CHE,2001,99.8809658313733
CHE,2002,99.8809871491783
CHE,2003,99.8810032241511
CHE,2004,99.8810219544494
CHE,2005,99.8810375348048
CHE,2006,99.8810597647058
CHE,2007,99.8810759344812
CHE,2008,99.8810918351395
CHE,2009,99.8811142742757
CHE,2010,99.8811300380304
CHE,2011,99.884002235061
CHE,2012,99.8868750975179
CHE,2013,99.889735714421107
CHE,2014,99.8925900927449
CHE,2015,99.8954458615596
CHE,2016,99.8982917124867
CHE,2017,99.8998756361922
CHE,2018,99.8998706855138
CHE,2019,99.8998728058584
CHE,2020,99.8998740977632
CHE,2021,99.8998704339259
CHE,2022,99.8998753786739
CHE,2023,99.8998744202541
CHE,2024,99.8998709349206
CHI,2000,NA
CHI,2001,NA
CHI,2002,NA
CHI,2003,NA
CHI,2004,NA
CHI,2005,NA
CHI,2006,NA
CHI,2007,NA
CHI,2008,NA
CHI,2009,NA
CHI,2010,NA
CHI,2011,NA
CHI,2012,NA
CHI,2013,NA
CHI,2014,NA
CHI,2015,NA
CHI,2016,NA
CHI,2017,NA
CHI,2018,NA
CHI,2019,NA
CHI,2020,NA
CHI,2021,NA
CHI,2022,NA
CHI,2023,NA
CHI,2024,NA
CHL,2000,93.0315875725164
CHL,2001,93.4409142723436
CHL,2002,93.8324984055007
CHL,2003,94.1786535457262
CHL,2004,94.5235711330979
CHL,2005,94.8666435594801
CHL,2006,95.2084736344443
CHL,2007,95.5487017791555
CHL,2008,95.8876613172274
CHL,2009,96.2250417785822
CHL,2010,96.5608717645089
CHL,2011,96.895427820741
CHL,2012,97.2284642217627
CHL,2013,97.5601040614425
CHL,2014,97.8903546452322
CHL,2015,98.2192140338201
CHL,2016,98.5469573760897
CHL,2017,98.8734482786872
CHL,2018,99.1482997350228
CHL,2019,99.2440906332437
CHL,2020,99.3144814902357
CHL,2021,100
CHL,2022,99.9999982963226
CHL,2023,100
CHL,2024,99.9999955987514
CHN,2000,56.8201092570023
CHN,2001,57.5684600392291
CHN,2002,59.7190918918749
CHN,2003,61.8436136467816
CHN,2004,63.9406214031558
CHN,2005,66.007414871417
CHN,2006,68.0323487727096
CHN,2007,70.020980914326
CHN,2008,71.9796237589
CHN,2009,73.906061649452
CHN,2010,75.8010481056182
CHN,2011,77.6512502388913
CHN,2012,79.464667537609
CHN,2013,81.2468005281191
CHN,2014,82.9984761523817
CHN,2015,84.7193121416501
CHN,2016,86.4094766918916
CHN,2017,88.0683084431652
CHN,2018,89.6942189460529
CHN,2019,91.2881339239822
CHN,2020,92.8514975328901
CHN,2021,94.3857583646751
CHN,2022,95.8923648413213
CHN,2023,97.2411682339468
CHN,2024,97.2718787578263
CIV,2000,20.0416175559052
CIV,2001,20.7171311612942
CIV,2002,21.3928455958678
CIV,2003,22.0684596804749
CIV,2004,22.7442737383766
CIV,2005,23.5549453716697
CIV,2006,24.3743169320385
CIV,2007,25.2023258965762
CIV,2008,26.0389018909406
CIV,2009,26.8833706227341
CIV,2010,27.736273942075
CIV,2011,28.5975387967836
CIV,2012,29.4667970282772
CIV,2013,30.3439798658214
CIV,2014,31.2290182892459
CIV,2015,32.1245714539308
CIV,2016,33.0299664803717
CIV,2017,33.945429522791
CIV,2018,34.8708875943719
CIV,2019,35.8059580233634
CIV,2020,36.7505613601134
CIV,2021,37.704616869195
CIV,2022,38.6680398290793
CIV,2023,39.6407426651959
CIV,2024,40.4070687976128
CMR,2000,37.5661811000038
CMR,2001,37.7799954148968
CMR,2002,37.9947075137207
CMR,2003,38.3633336781567
CMR,2004,38.736762781943
CMR,2005,39.1141100533379
CMR,2006,39.4959944299355
CMR,2007,39.8824343932762
CMR,2008,40.2734502147764
CMR,2009,40.6687438087427
CMR,2010,41.0686436848584
CMR,2011,41.47285114669
CMR,2012,41.8813685431632
CMR,2013,42.2938755253473
CMR,2014,42.7103744161323
CMR,2015,43.1308620153925
CMR,2016,43.555339313602
CMR,2017,43.9831129823405
CMR,2018,44.4148640176423
CMR,2019,44.8498829146317
CMR,2020,45.2885112207418
CMR,2021,45.7300133468788
CMR,2022,46.1747220268822
CMR,2023,46.6226225275107
CMR,2024,47.0729484414837
COD,2000,23.7477310886232
COD,2001,23.2925757259411
COD,2002,22.8409794207926
COD,2003,22.3929738740922
COD,2004,21.9485957968142
COD,2005,21.5079480867388
COD,2006,21.0891369417888
COD,2007,20.6788073735842
COD,2008,20.2769257473546
COD,2009,19.8835866395137
COD,2010,19.4987263873328
COD,2011,19.1224518584775
COD,2012,18.754668067258
COD,2013,18.3953621300218
COD,2014,18.044594889942
COD,2015,17.7022823048892
COD,2016,17.3684018777428
COD,2017,17.0428367247806
COD,2018,16.7256345274003
COD,2019,16.416662028181
COD,2020,16.1158651582213
COD,2021,16.1461710925268
COD,2022,16.1744730669276
COD,2023,16.2386817602994
COD,2024,16.3033122368932
COG,2000,11.9201113215231
COG,2001,11.9684717452745
COG,2002,12.2942562189499
COG,2003,12.623677389001
COG,2004,13.081524943127
COG,2005,13.5511098859657
COG,2006,14.0325360521402
COG,2007,14.526041670099
COG,2008,15.0320398597223
COG,2009,15.5506904084731
COG,2010,16.0823108780158
COG,2011,16.6267539486772
COG,2012,17.1843319193312
COG,2013,17.7552084772419
COG,2014,18.3393600656814
COG,2015,18.9369281667441
COG,2016,19.5480521293593
COG,2017,20.1728789551264
COG,2018,20.2685707874205
COG,2019,20.3642632516174
COG,2020,20.4597460251332
COG,2021,20.5548099594917
COG,2022,NA
COG,2023,NA
COG,2024,NA
COL,2000,75.4148773585247
COL,2001,76.3087852021203
COL,2002,77.201981016796
COL,2003,78.094433998105
COL,2004,78.9859213001689
COL,2005,79.8764166229858
COL,2006,80.7659057665672
COL,2007,81.654183644965
COL,2008,82.5414361223495
COL,2009,83.4276365451397
COL,2010,84.3126146543662
COL,2011,85.1963554743704
COL,2012,86.0790424953877
COL,2013,86.9605014574524
COL,2014,87.8407302764007
COL,2015,88.7199118898909
COL,2016,89.5980252896949
COL,2017,90.4749374427322
COL,2018,91.3506596764722
COL,2019,92.2252062631808
COL,2020,93.0987394041419
COL,2021,93.9711220297613
COL,2022,94.8425154559797
COL,2023,95.7128008202529
COL,2024,96.5820151977995
COM,2000,24.4251137817351
COM,2001,26.1545650647282
COM,2002,27.7107884685143
COM,2003,29.2480866735385
COM,2004,30.7668527595674
COM,2005,32.2696522597859
COM,2006,33.75605986205
COM,2007,35.2256531986229
COM,2008,36.6778613088967
COM,2009,38.1124210259684
COM,2010,39.5290364231299
COM,2011,40.9270162396415
COM,2012,42.3060704892515
COM,2013,43.665877233981
COM,2014,45.005792347169
COM,2015,46.3255872493184
COM,2016,47.6248040673008
COM,2017,48.9029223957365
COM,2018,50.159514854681
COM,2019,51.3942491790653
COM,2020,52.6066035113726
COM,2021,53.7961210274577
COM,2022,54.9623663372908
COM,2023,56.104836588019
COM,2024,57.2230888156822
CPV,2000,36.827954010232
CPV,2001,39.1910554393962
CPV,2002,41.5375071985025
CPV,2003,43.8664094982459
CPV,2004,46.1784728572733
CPV,2005,48.4726022548582
CPV,2006,50.7498010778296
CPV,2007,53.0093493269466
CPV,2008,55.2521980462488
CPV,2009,57.4769284411617
CPV,2010,59.6818514080991
CPV,2011,61.8006547143134
CPV,2012,63.9530735782999
CPV,2013,66.0992428842147
CPV,2014,68.2388818808702
CPV,2015,70.3717073692285
CPV,2016,72.496932762021
CPV,2017,74.6142580571751
CPV,2018,76.7237249815456
CPV,2019,78.8249549430518
CPV,2020,80.9181460926349
CPV,2021,83.0030877232497
CPV,2022,83.045304882988
CPV,2023,83.0869470550891
CPV,2024,83.1279216157097
CRI,2000,93.6849644850518
CRI,2001,93.9239551778215
CRI,2002,94.1561067618918
CRI,2003,94.3814516576699
CRI,2004,94.5999033929198
CRI,2005,94.8112740526154
CRI,2006,95.0158919320253
CRI,2007,95.2137195498557
CRI,2008,95.4049708043013
CRI,2009,95.6700736028265
CRI,2010,95.9272885931521
CRI,2011,96.176583273924
CRI,2012,96.4170699422162
CRI,2013,96.6492260936329
CRI,2014,96.8735289807789
CRI,2015,97.0905446199626
CRI,2016,97.3007564187582
CRI,2017,97.5045870013496
CRI,2018,97.7025136559983
CRI,2019,97.8949564570676
CRI,2020,98.0823538854413
CRI,2021,98.265064236441
CRI,2022,98.4434940972081
CRI,2023,98.6179737414505
CRI,2024,98.7888406524124
CSS,2000,NA
CSS,2001,82.13480979975374
CSS,2002,82.5607161895709
CSS,2003,82.97890115777072
CSS,2004,83.40725045802839
CSS,2005,87.24435305912546
CSS,2006,87.56533217093055
CSS,2007,87.88863167019241
CSS,2008,88.21086693685213
CSS,2009,88.52642669686631
CSS,2010,88.84498488369222
CSS,2011,89.14774182032426
CSS,2012,89.44309160247354
CSS,2013,89.75542838935435
CSS,2014,90.0390168085027
CSS,2015,90.30021586218183
CSS,2016,90.53888723914834
CSS,2017,90.7771375893304
CSS,2018,91.13267255704875
CSS,2019,91.41142179740761
CSS,2020,91.44619418043095
CSS,2021,91.57155460463123
CSS,2022,91.73897766224567
CSS,2023,92.12605263891177
CSS,2024,92.11532995774722
CUB,2000,81.3080697127974
CUB,2001,81.5051365608873
CUB,2002,81.700801188387
CUB,2003,81.8877194696665
CUB,2004,82.0663791534735
CUB,2005,82.6899916406474
CUB,2006,83.3149183953816
CUB,2007,83.9411498169061
CUB,2008,84.5686588894511
CUB,2009,85.1973567326843
CUB,2010,85.8273291036307
CUB,2011,86.4585513716305
CUB,2012,87.0910198102198
CUB,2013,87.7216207113472
CUB,2014,88.3531363979165
CUB,2015,88.9864920345571
CUB,2016,89.6215521812865
CUB,2017,90.2590050806412
CUB,2018,90.8986460916429
CUB,2019,91.5402228633008
CUB,2020,92.1835753798285
CUB,2021,92.8284902817438
CUB,2022,93.4747105097717
CUB,2023,94.1220801306732
CUB,2024,94.7703506688301
CUW,2000,98.3110015914789
CUW,2001,98.3770070202266
CUW,2002,98.4430124489743
CUW,2003,98.5090178777219
CUW,2004,98.5750233064696
CUW,2005,98.6410287352173
CUW,2006,98.707034163965
CUW,2007,98.7730395927127
CUW,2008,98.8390450214604
CUW,2009,98.9050504502081
CUW,2010,98.9710558789558
CUW,2011,99.0370613077035
CUW,2012,99.1030667364512
CUW,2013,99.1690721651989
CUW,2014,99.1690721651989
CUW,2015,99.1690721651989
CUW,2016,99.1690721651989
CUW,2017,99.1690721651989
CUW,2018,NA
CUW,2019,NA
CUW,2020,NA
CUW,2021,NA
CUW,2022,NA
CUW,2023,NA
CUW,2024,NA
CYM,2000,NA
CYM,2001,83.9378304447852
CYM,2002,83.9378304447852
CYM,2003,83.9378304447852
CYM,2004,83.9378304447852
CYM,2005,83.9378304447852
CYM,2006,83.8037938650307
CYM,2007,83.669757285276
CYM,2008,83.5357207055214
CYM,2009,83.518925
CYM,2010,83.5017524539877
CYM,2011,83.4842030674846
CYM,2012,83.4662768404908
CYM,2013,83.4479737730061
CYM,2014,83.4292938650307
CYM,2015,83.4102371165644
CYM,2016,83.3908035276073
CYM,2017,83.3709930981595
CYM,2018,83.3508058282208
CYM,2019,83.3302417177914
CYM,2020,83.3093007668711
CYM,2021,83.2879829754601
CYM,2022,83.2662883435582
CYM,2023,83.2442168711656
CYM,2024,83.2442168711656
CYP,2000,99.6199406645238
CYP,2001,99.6200247256728
CYP,2002,99.6199751312853
CYP,2003,99.6136877795187
CYP,2004,99.6072927397661
CYP,2005,99.6007951565338
CYP,2006,99.5942003777619
CYP,2007,99.5874947603584
CYP,2008,99.5806869469341
CYP,2009,99.57376515883
CYP,2010,99.5667445489434
CYP,2011,99.5596171415889
CYP,2012,99.5523804913216
CYP,2013,99.5451371787791
CYP,2014,99.5378944664201
CYP,2015,99.5306978983581
CYP,2016,99.5235457103291
CYP,2017,99.5164756897262
CYP,2018,99.5094911557165
CYP,2019,99.5026390696851
CYP,2020,99.4959339092573
CYP,2021,99.4893875128893
CYP,2022,99.4830286709908
CYP,2023,99.4768823557025
CYP,2024,99.477676242612
CZE,2000,99.0199352987206
CZE,2001,99.0183220788767
CZE,2002,99.0224988407021
CZE,2003,99.0268406201915
CZE,2004,99.0313656821167
CZE,2005,99.0360747100717
CZE,2006,99.0409691577394
CZE,2007,99.0460417932649
CZE,2008,99.0513031802799
CZE,2009,99.0567489826448
CZE,2010,99.0623856130317
CZE,2011,99.0682046251775
CZE,2012,99.0741157391505
CZE,2013,99.0797791585542
CZE,2014,99.0755485007891
CZE,2015,99.0751703935412
CZE,2016,99.0747972565215
CZE,2017,99.0743713886289
CZE,2018,99.073893834029
CZE,2019,99.0733677168251
CZE,2020,99.0728030542538
CZE,2021,99.0721814938167
CZE,2022,99.0715177493914
CZE,2023,99.0708089030162
CZE,2024,99.0700543925256
DEU,2000,99.21811250617
DEU,2001,99.2187285711442
DEU,2002,99.2193421952122
DEU,2003,99.2199547418402
DEU,2004,99.2205650986776
DEU,2005,99.2211744184797
DEU,2006,99.2217727206521
DEU,2007,99.2223722833519
DEU,2008,99.2229706553604
DEU,2009,99.2235594374559
DEU,2010,99.2241473116782
DEU,2011,99.2247340689137
DEU,2012,99.2247613890783
DEU,2013,99.2247932083091
DEU,2014,99.2248234415877
DEU,2015,99.2248544718085
DEU,2016,99.224925403148
DEU,2017,99.2250385348841
DEU,2018,99.2251947749957
DEU,2019,99.2253839958428
DEU,2020,99.2256156866511
DEU,2021,99.2258902349631
DEU,2022,99.2262023543276
DEU,2023,99.2265552501835
DEU,2024,99.2269528917777
DJI,2000,43.8005585471414
DJI,2001,43.8212949493816
DJI,2002,43.8420347636871
DJI,2003,43.8627723780355
DJI,2004,43.883509634259
DJI,2005,45.4139101542283
DJI,2006,46.9402321181691
DJI,2007,48.4620248883816
DJI,2008,49.9792625492526
DJI,2009,51.4914501079009
DJI,2010,53.0040688366127
DJI,2011,54.5173591170882
DJI,2012,56.031031232703
DJI,2013,57.545815952446
DJI,2014,59.060863750812
DJI,2015,60.5779617075524
DJI,2016,62.0957006266769
DJI,2017,63.6147917367826
DJI,2018,65.1354027813767
DJI,2019,66.6577106028334
DJI,2020,66.7421157146302
DJI,2021,66.8311205695029
DJI,2022,66.9247194918968
DJI,2023,67.0234840121481
DJI,2024,NA
DMA,2000,64.0425728567548
DMA,2001,65.298253781627
DMA,2002,66.5539347064993
DMA,2003,67.8096156313715
DMA,2004,69.0652965562438
DMA,2005,70.3209774811161
DMA,2006,71.5766584059883
DMA,2007,72.8323393308606
DMA,2008,74.0880202557328
DMA,2009,75.3437011806051
DMA,2010,76.5993821054773
DMA,2011,77.8550630303496
DMA,2012,79.1107439552219
DMA,2013,80.3664248800941
DMA,2014,80.3664248800941
DMA,2015,80.3664248800941
DMA,2016,80.3664248800941
DMA,2017,80.3664248800941
DMA,2018,NA
DMA,2019,NA
DMA,2020,NA
DMA,2021,NA
DMA,2022,NA
DMA,2023,NA
DMA,2024,NA
DNK,2000,99.5972376023296
DNK,2001,99.5972416304782
DNK,2002,99.5972442699568
DNK,2003,99.5972440111371
DNK,2004,99.5972402944734
DNK,2005,99.597236324295
DNK,2006,99.5972374048181
DNK,2007,99.5972334856175
DNK,2008,99.5972323943496
DNK,2009,99.5972316699416
DNK,2010,99.5972300585554
DNK,2011,99.5972309188778
DNK,2012,99.5972365782487
DNK,2013,99.5972308171769
DNK,2014,99.5972357033725
DNK,2015,99.5972338246899
DNK,2016,99.5972301475052
DNK,2017,99.5972303913109
DNK,2018,99.5972321137483
DNK,2019,99.5972264992143
DNK,2020,99.5972310070963
DNK,2021,99.5972289739284
DNK,2022,99.5972313839473
DNK,2023,99.5972246130908
DNK,2024,99.5972261435858
DOM,2000,76.5972413927346
DOM,2001,77.1486058727442
DOM,2002,77.6989945887233
DOM,2003,78.3032583035324
DOM,2004,78.9271188808874
DOM,2005,79.5457900352117
DOM,2006,80.1598054522456
DOM,2007,80.7688357715562
DOM,2008,81.3729094599305
DOM,2009,81.9711115493229
DOM,2010,82.5643436966814
DOM,2011,83.1400170777366
DOM,2012,83.7029811065399
DOM,2013,84.2618165680841
DOM,2014,84.8168092520689
DOM,2015,85.3681191078801
DOM,2016,85.9156708340948
DOM,2017,86.4591843551148
DOM,2018,86.9970340675961
DOM,2019,87.5294360450425
DOM,2020,88.0566185078015
DOM,2021,88.5790077931484
DOM,2022,89.0968114947434
DOM,2023,89.6102380882298
DOM,2024,90.1198237574984
DZA,2000,84.480825904855
DZA,2001,84.7599258051821
DZA,2002,85.0328039749713
DZA,2003,85.2991661888618
DZA,2004,85.5590698525635
DZA,2005,85.8122570569518
DZA,2006,86.0591336531477
DZA,2007,86.2994372254318
DZA,2008,86.5335634120034
DZA,2009,86.7594833299859
DZA,2010,86.9781345697396
DZA,2011,87.1892375603954
DZA,2012,87.0935387595053
DZA,2013,86.9868785430175
DZA,2014,86.8698473645812
DZA,2015,86.7425206516531
DZA,2016,86.6054840366106
DZA,2017,86.4588236326811
DZA,2018,86.3030907782839
DZA,2019,86.1385037232471
DZA,2020,85.9654731245039
DZA,2021,85.7843029485606
DZA,2022,85.8262858406741
DZA,2023,85.8670433970582
DZA,2024,85.9064861325463
EAP,2000,56.330594593200296
EAP,2001,57.23149209476397
EAP,2002,59.32134660394252
EAP,2003,61.17921328172504
EAP,2004,63.018638140260016
EAP,2005,64.8412846601322
EAP,2006,66.63066589519981
EAP,2007,68.4287609423732
EAP,2008,70.20607506061374
EAP,2009,71.96116937227129
EAP,2010,73.69388614887659
EAP,2011,75.39421180270591
EAP,2012,77.07172187745859
EAP,2013,78.72886349640417
EAP,2014,80.36651445907155
EAP,2015,81.98394448674001
EAP,2016,83.58220566810259
EAP,2017,85.1612904831338
EAP,2018,86.7164623211125
EAP,2019,88.24841108314762
EAP,2020,89.74934820342537
EAP,2021,91.22979600969128
EAP,2022,92.576331860161
EAP,2023,93.80707777190716
EAP,2024,94.26036441539708
EAR,2000,37.590069475716184
EAR,2001,39.08520723996079
EAR,2002,40.69151811108193
EAR,2003,42.3173089232731
EAR,2004,44.06431875371243
EAR,2005,45.84005614433397
EAR,2006,47.64243397104773
EAR,2007,49.467500749967066
EAR,2008,51.301362335195684
EAR,2009,53.1383555033196
EAR,2010,54.98530610606608
EAR,2011,56.833320040420794
EAR,2012,58.68000561908185
EAR,2013,60.862742177143915
EAR,2014,62.71151919685358
EAR,2015,64.5760088750241
EAR,2016,66.43567437010347
EAR,2017,67.9114060278797
EAR,2018,69.76778198732623
EAR,2019,71.63014363780881
EAR,2020,73.44706596924254
EAR,2021,75.20932576887444
EAR,2022,76.92930050651374
EAR,2023,78.48967816554466
EAR,2024,79.8931379649915
EAS,2000,60.86914238607574
EAS,2001,61.65969369039263
EAS,2002,63.465339899149605
EAS,2003,65.11620731324194
EAS,2004,66.75065905661538
EAS,2005,68.37113223340178
EAS,2006,69.96813164160737
EAS,2007,71.577121023138
EAS,2008,73.16991492681768
EAS,2009,74.74013505922268
EAS,2010,76.29065663020968
EAS,2011,77.81080486796989
EAS,2012,79.31041701638537
EAS,2013,80.79295306787242
EAS,2014,82.26117969636842
EAS,2015,83.71323300587102
EAS,2016,85.14968609029742
EAS,2017,86.5689796547393
EAS,2018,87.96938962563398
EAS,2019,89.35054750235182
EAS,2020,90.7035127422502
EAS,2021,92.03684263746985
EAS,2022,93.25315596949068
EAS,2023,94.36700314188019
EAS,2024,94.78214688613079
ECA,2000,90.02185034172074
ECA,2001,90.16965400682788
ECA,2002,90.52362954890393
ECA,2003,90.87829261499165
ECA,2004,91.26793148650508
ECA,2005,91.68958624616721
ECA,2006,92.10608637787121
ECA,2007,92.5282557399113
ECA,2008,92.93544756507666
ECA,2009,93.34221330107765
ECA,2010,93.75035076134644
ECA,2011,94.1542552565247
ECA,2012,94.5548268655708
ECA,2013,94.95168185613568
ECA,2014,95.34475081577122
ECA,2015,95.72580748494718
ECA,2016,96.10508638424861
ECA,2017,96.48217322329995
ECA,2018,96.85509328407454
ECA,2019,97.24063585844748
ECA,2020,97.56842998348901
ECA,2021,97.70702826988752
ECA,2022,97.81577455800772
ECA,2023,97.92032396557308
ECA,2024,98.10765804594759
ECS,2000,95.35333373233087
ECS,2001,94.78681700479957
ECS,2002,92.72168787199968
ECS,2003,92.87061646404148
ECS,2004,93.02768477287026
ECS,2005,93.19273046392163
ECS,2006,93.37481186999966
ECS,2007,93.6514636237799
ECS,2008,93.92013481449766
ECS,2009,94.17959897846805
ECS,2010,94.43627162425562
ECS,2011,94.68228466923416
ECS,2012,94.9312005885491
ECS,2013,95.17824210703425
ECS,2014,95.42284948276561
ECS,2015,95.67216899379783
ECS,2016,95.92282858837885
ECS,2017,96.16055642609456
ECS,2018,96.38962249531436
ECS,2019,96.6125525612032
ECS,2020,96.82164085669585
ECS,2021,96.98148749080555
ECS,2022,97.14028291745099
ECS,2023,97.29507218066172
ECS,2024,97.44325559990162
ECU,2000,73.0247894296071
ECU,2001,73.682272686074
ECU,2002,74.2940388985466
ECU,2003,74.8765406550674
ECU,2004,75.4556589592685
ECU,2005,76.2586729736281
ECU,2006,77.060905576886
ECU,2007,77.862718659502
ECU,2008,78.663760639549
ECU,2009,79.4640520853321
ECU,2010,80.2637776434408
ECU,2011,81.0578095261347
ECU,2012,81.8481545734272
ECU,2013,82.6385639070942
ECU,2014,83.4289010855999
ECU,2015,84.2194382578739
ECU,2016,85.0099232884518
ECU,2017,85.8004886348106
ECU,2018,86.5928399282026
ECU,2019,87.3866333551063
ECU,2020,88.1817507856303
ECU,2021,88.9779601085787
ECU,2022,89.7233208052462
ECU,2023,90.5556911375942
ECU,2024,91.204340143216
EGY,2000,91.974568364989
EGY,2001,92.1886612012788
EGY,2002,92.4027780839966
EGY,2003,92.6169160199968
EGY,2004,92.8310689127908
EGY,2005,93.0452392877341
EGY,2006,93.2594315118991
EGY,2007,93.4714314337652
EGY,2008,93.6821208332209
EGY,2009,93.8929162055799
EGY,2010,94.1037046412727
EGY,2011,94.3145999279775
EGY,2012,94.5236904418701
EGY,2013,94.7328979128496
EGY,2014,94.9421220877045
EGY,2015,95.1514018679127
EGY,2016,95.3608044893643
EGY,2017,95.5716159808707
EGY,2018,95.7838228519798
EGY,2019,95.9974521361916
EGY,2020,96.21249765428
EGY,2021,96.4288914179465
EGY,2022,96.6466119170931
EGY,2023,96.8657483684403
EGY,2024,97.086129419198
EMU,2000,98.84561464310748
EMU,2001,98.85627931009414
EMU,2002,98.86788821280147
EMU,2003,98.87588215138815
EMU,2004,98.88361376147301
EMU,2005,98.89129601324969
EMU,2006,98.897744060783
EMU,2007,98.90345403436689
EMU,2008,98.90976461893219
EMU,2009,98.91652745530378
EMU,2010,98.92400728192814
EMU,2011,98.9301675964367
EMU,2012,98.93603788082669
EMU,2013,98.94074335406728
EMU,2014,98.94480363474271
EMU,2015,98.9560924538183
EMU,2016,98.96693764414373
EMU,2017,98.97562775595472
EMU,2018,98.98350487264224
EMU,2019,98.98942025218537
EMU,2020,98.99393607220381
EMU,2021,98.99729455437465
EMU,2022,99.03597025592532
EMU,2023,99.03891971370945
EMU,2024,99.03760144844038
ERI,2000,8.28530072689983
ERI,2001,8.6404789305264
ERI,2002,8.98629579771191
ERI,2003,9.32208650503035
ERI,2004,9.64744722939411
ERI,2005,9.96153520031783
ERI,2006,10.2644175982683
ERI,2007,10.5550786241031
ERI,2008,10.8337740406528
ERI,2009,11.0220414202395
ERI,2010,11.2019452505005
ERI,2011,11.3735403344941
ERI,2012,11.5365173088441
ERI,2013,11.6362700094956
ERI,2014,11.7366810070379
ERI,2015,11.8379124928254
ERI,2016,11.9399660140866
ERI,2017,NA
ERI,2018,NA
ERI,2019,NA
ERI,2020,NA
ERI,2021,NA
ERI,2022,NA
ERI,2023,NA
ERI,2024,NA
ESP,2000,99.81337600395
ESP,2001,99.8132386621396
ESP,2002,99.8203750851097
ESP,2003,99.8274307046271
ESP,2004,99.8345059516588
ESP,2005,99.8416133982387
ESP,2006,99.8487382179383
ESP,2007,99.8558830962321
ESP,2008,99.8630455498867
ESP,2009,99.8702292600301
ESP,2010,99.8774338307554
ESP,2011,99.8846622975312
ESP,2012,99.8919111266773
ESP,2013,99.8991712740444
ESP,2014,99.9060955227569
ESP,2015,99.9124654207722
ESP,2016,99.9188850913844
ESP,2017,99.9198350404292
ESP,2018,99.9195992102324
ESP,2019,99.9193505376925
ESP,2020,99.9191055578582
ESP,2021,99.9188670826466
ESP,2022,99.9186101900368
ESP,2023,99.9183686152338
ESP,2024,99.9181189186239
EST,2000,99.7576887855181
EST,2001,99.7554350798851
EST,2002,99.75165299687
EST,2003,99.7067384625393
EST,2004,99.6452315858009
EST,2005,99.5838417211126
EST,2006,99.522563231891
EST,2007,99.4613971184116
EST,2008,99.4003505685032
EST,2009,99.3394223505559
EST,2010,99.2786089293532
EST,2011,99.2179098220074
EST,2012,99.1574914721091
EST,2013,99.0971593772044
EST,2014,99.0367024476379
EST,2015,99.0355098457434
EST,2016,99.0342292897259
EST,2017,99.0328460543917
EST,2018,99.0313545119292
EST,2019,99.0297517072032
EST,2020,99.0280228246995
EST,2021,99.0261691561023
EST,2022,99.0241800879557
EST,2023,99.0220443822146
EST,2024,99.0214935273124
ETH,2000,2.9657663244498
ETH,2001,3.22631881592251
ETH,2002,3.48709965924687
ETH,2003,3.74769441878364
ETH,2004,4.03281392420472
ETH,2005,4.31725101635963
ETH,2006,4.60119614731006
ETH,2007,4.88681883136837
ETH,2008,5.196915075959
ETH,2009,5.50779854946485
ETH,2010,5.82002469888892
ETH,2011,6.13343630352376
ETH,2012,6.44846430368166
ETH,2013,6.76236331987807
ETH,2014,7.07793835749952
ETH,2015,7.39517563066231
ETH,2016,7.71437321783047
ETH,2017,8.0353579200927
ETH,2018,8.35875920842316
ETH,2019,8.68474048756754
ETH,2020,9.01330021395482
ETH,2021,9.3447728615381
ETH,2022,9.67915935964554
ETH,2023,10.0168072289161
ETH,2024,10.3577188356734
EUU,2000,97.52706290971295
EUU,2001,96.39897929121544
EUU,2002,96.50130142888493
EUU,2003,96.58812538146051
EUU,2004,96.67261806934151
EUU,2005,96.7565900399906
EUU,2006,96.881419406936
EUU,2007,97.01408204757028
EUU,2008,97.14606241217501
EUU,2009,97.26617552136639
EUU,2010,97.38343272818163
EUU,2011,97.49197060558086
EUU,2012,97.60234902128464
EUU,2013,97.71244395632745
EUU,2014,97.82017183360928
EUU,2015,97.9351226099889
EUU,2016,98.05009760088844
EUU,2017,98.13861184966528
EUU,2018,98.20502994246074
EUU,2019,98.25502721726951
EUU,2020,98.3017410043911
EUU,2021,98.34655242660416
EUU,2022,98.41381165445448
EUU,2023,98.45708244118858
EUU,2024,98.45977432502855
FCS,2000,37.9549761987435
FCS,2001,37.928773431005865
FCS,2002,38.049657869712355
FCS,2003,38.24254273786564
FCS,2004,38.46231226193186
FCS,2005,38.8099325577166
FCS,2006,39.16928478588661
FCS,2007,39.548267141789516
FCS,2008,39.965033269870034
FCS,2009,40.39027570026739
FCS,2010,40.84087928028924
FCS,2011,40.84847652579131
FCS,2012,41.288944146049154
FCS,2013,41.735670463698725
FCS,2014,42.17903034461274
FCS,2015,42.634989620865355
FCS,2016,43.1096501554522
FCS,2017,43.70010516056039
FCS,2018,44.16601601775629
FCS,2019,44.62279967702058
FCS,2020,45.08314923200887
FCS,2021,45.56335144776209
FCS,2022,46.11542272094475
FCS,2023,46.48661272324886
FCS,2024,46.808436159691325
FIN,2000,99.4481877671759
FIN,2001,99.4481778138621
FIN,2002,99.4481635733416
FIN,2003,99.448158371648
FIN,2004,99.4481450211676
FIN,2005,99.4481380769585
FIN,2006,99.4481326778555
FIN,2007,99.4481210814901
FIN,2008,99.4481136953925
FIN,2009,99.4481065796544
FIN,2010,99.4480868055649
FIN,2011,99.4480530393252
FIN,2012,99.4480121860374
FIN,2013,99.4479919012629
FIN,2014,99.447989639906
FIN,2015,99.4479924994101
FIN,2016,99.4479863794358
FIN,2017,99.4479844608387
FIN,2018,99.4479792179027
FIN,2019,99.4479732107755
FIN,2020,99.4479703400958
FIN,2021,99.4479633785746
FIN,2022,99.447963421715
FIN,2023,99.4479540389609
FIN,2024,99.4479455340914
FJI,2000,87.5905781537548
FJI,2001,87.645208009653
FJI,2002,87.6998330662388
FJI,2003,88.3372852839181
FJI,2004,88.9689415238331
FJI,2005,89.5944358182032
FJI,2006,89.9493490621546
FJI,2007,90.2946156798111
FJI,2008,90.6391439703364
FJI,2009,90.9745036563402
FJI,2010,91.2985247970932
FJI,2011,91.6111034972406
FJI,2012,91.9124427859318
FJI,2013,92.2023735585411
FJI,2014,92.4811636292608
FJI,2015,92.7488640903171
FJI,2016,93.0055113848616
FJI,2017,93.2511716546291
FJI,2018,93.4859578759574
FJI,2019,93.7099433236184
FJI,2020,93.6215609537076
FJI,2021,93.3328625255853
FJI,2022,93.0437432138971
FJI,2023,92.7542060099235
FJI,2024,92.7542897592228
FRA,2000,98.6630246141196
FRA,2001,98.6622562806952
FRA,2002,98.66149050435
FRA,2003,98.6607322407196
FRA,2004,98.6599677611607
FRA,2005,98.6592218035867
FRA,2006,98.6584766292502
FRA,2007,98.6577403586305
FRA,2008,98.6569940968678
FRA,2009,98.6562410005115
FRA,2010,98.6554802968933
FRA,2011,98.654714524901
FRA,2012,98.653944875706
FRA,2013,98.6531677411089
FRA,2014,98.6523819620194
FRA,2015,98.651596087179
FRA,2016,98.6508068148027
FRA,2017,98.6500120942252
FRA,2018,98.6492124319546
FRA,2019,98.6484147946355
FRA,2020,98.6476102264443
FRA,2021,98.6468028432762
FRA,2022,98.6459966836726
FRA,2023,98.6451856910254
FRA,2024,98.6443761623837
FRO,2000,NA
FRO,2001,NA
FRO,2002,NA
FRO,2003,NA
FRO,2004,NA
FRO,2005,NA
FRO,2006,NA
FRO,2007,90.8834757181354
FRO,2008,90.8834757181354
FRO,2009,90.8834757181354
FRO,2010,90.8834757181354
FRO,2011,90.8834757181354
FRO,2012,90.8834757181354
FRO,2013,90.8834757181354
FRO,2014,90.8834757181354
FRO,2015,90.8834757181354
FRO,2016,NA
FRO,2017,NA
FRO,2018,NA
FRO,2019,NA
FRO,2020,NA
FRO,2021,NA
FRO,2022,NA
FRO,2023,NA
FRO,2024,NA
FSM,2000,25.0484297460343
FSM,2001,29.1362716817011
FSM,2002,33.2241136173679
FSM,2003,37.3119555530347
FSM,2004,41.3997974887025
FSM,2005,45.4876394243693
FSM,2006,49.5754813600361
FSM,2007,53.6633232957029
FSM,2008,57.7511652313697
FSM,2009,61.8390071670365
FSM,2010,65.9268491027033
FSM,2011,70.0146910383701
FSM,2012,74.1025329740369
FSM,2013,78.1903749097037
FSM,2014,82.2782168453705
FSM,2015,86.3660587810373
FSM,2016,90.4539007167041
FSM,2017,90.4539007167041
FSM,2018,90.4539007167041
FSM,2019,90.4539007167041
FSM,2020,90.4539007167041
FSM,2021,NA
FSM,2022,NA
FSM,2023,NA
FSM,2024,NA
GAB,2000,26.818195491378
GAB,2001,27.9500597734658
GAB,2002,29.1019683421917
GAB,2003,30.2734572599332
GAB,2004,31.4642634106599
GAB,2005,32.6738741656831
GAB,2006,33.9024749587278
GAB,2007,35.1495484187274
GAB,2008,36.4153101145998
GAB,2009,37.6987238584805
GAB,2010,39.0002582968992
GAB,2011,40.3193752929904
GAB,2012,41.6563306484328
GAB,2013,43.0100058976352
GAB,2014,44.3780097930999
GAB,2015,45.7595556064781
GAB,2016,47.1547496987424
GAB,2017,48.5637395217699
GAB,2018,49.9863984455825
GAB,2019,51.4223011158649
GAB,2020,52.8720170958258
GAB,2021,54.3351602742865
GAB,2022,55.8117052668054
GAB,2023,57.3016336632799
GAB,2024,57.4015026293834
GBR,2000,99.129987387211
GBR,2001,99.1295456734681
GBR,2002,99.1282510737863
GBR,2003,99.1269711322852
GBR,2004,99.1256998824208
GBR,2005,99.1244438943876
GBR,2006,99.1231962812761
GBR,2007,99.1219715621849
GBR,2008,99.120754731585
GBR,2009,99.1195549793574
GBR,2010,99.1183667076519
GBR,2011,99.1171899348744
GBR,2012,99.1160182938712
GBR,2013,99.1148585484301
GBR,2014,99.1137061018797
GBR,2015,99.1125609623652
GBR,2016,99.1114197755495
GBR,2017,99.1102920996894
GBR,2018,99.1091755535877
GBR,2019,99.1080626668205
GBR,2020,99.1069628063769
GBR,2021,99.105873619579
GBR,2022,99.1047944059839
GBR,2023,99.1037240160958
GBR,2024,99.1026610062551
GEO,2000,76.0390884292644
GEO,2001,76.3455620066701
GEO,2002,76.7308281538671
GEO,2003,77.2078100471997
GEO,2004,77.8624268677017
GEO,2005,78.5154686105649
GEO,2006,79.1671925516486
GEO,2007,79.817561698029
GEO,2008,80.4663116596926
GEO,2009,81.1134334337122
GEO,2010,81.7591448045186
GEO,2011,82.4031867443918
GEO,2012,83.0457915125519
GEO,2013,83.6864716943759
GEO,2014,84.3256691388097
GEO,2015,84.963148689816
GEO,2016,85.6008234007507
GEO,2017,86.2379416213095
GEO,2018,86.8748222310992
GEO,2019,87.5111601190334
GEO,2020,88.1470373073336
GEO,2021,88.7819724294363
GEO,2022,89.416046138405
GEO,2023,90.04898468576
GEO,2024,90.6806864880112
GHA,2000,5.7234427408028
GHA,2001,5.81107386081924
GHA,2002,6.75045552246998
GHA,2003,7.7086235468762
GHA,2004,8.68540857696259
GHA,2005,9.68014854216275
GHA,2006,10.6928566524772
GHA,2007,11.7231535267872
GHA,2008,12.7707576406742
GHA,2009,13.8350497335121
GHA,2010,14.9161840108112
GHA,2011,16.0135300837222
GHA,2012,17.126673080362
GHA,2013,18.2550635017005
GHA,2014,19.3983890713711
GHA,2015,20.556338766229
GHA,2016,21.7286047018582
GHA,2017,22.9147548943672
GHA,2018,24.1144852694417
GHA,2019,25.327363008810998
GHA,2020,26.5532224510153
GHA,2021,27.7916388048117
GHA,2022,29.0423190138112
GHA,2023,30.3048454596217
GHA,2024,31.5789404731982
GIB,2000,100
GIB,2001,100
GIB,2002,100
GIB,2003,100
GIB,2004,100
GIB,2005,100
GIB,2006,100
GIB,2007,100
GIB,2008,100
GIB,2009,100
GIB,2010,100
GIB,2011,100
GIB,2012,100
GIB,2013,100
GIB,2014,100
GIB,2015,100
GIB,2016,100
GIB,2017,100
GIB,2018,100
GIB,2019,100
GIB,2020,100
GIB,2021,100
GIB,2022,100
GIB,2023,100
GIB,2024,100
GIN,2000,9.16230658478803
GIN,2001,9.88629196850462
GIN,2002,10.6114415301292
GIN,2003,11.3379449716538
GIN,2004,12.2068746539465
GIN,2005,13.0950354311112
GIN,2006,14.0026334670864
GIN,2007,14.9294878110963
GIN,2008,15.8756067639013
GIN,2009,16.8410008400224
GIN,2010,17.8258882415396
GIN,2011,18.8300745161128
GIN,2012,19.8535699723585
GIN,2013,20.8963805102335
GIN,2014,21.958517184142
GIN,2015,23.0429534538905
GIN,2016,24.1498387012441
GIN,2017,25.2793165342665
GIN,2018,26.4315341873572
GIN,2019,27.6063983510435
GIN,2020,28.8045342946628
GIN,2021,30.0258495167405
GIN,2022,31.2707423118105
GIN,2023,32.538855541003
GIN,2024,32.6496371481415
GMB,2000,51.0627069646761
GMB,2001,49.9139746844975
GMB,2002,48.7879556235198
GMB,2003,47.7243148779708
GMB,2004,46.6954252889106
GMB,2005,46.5783414763304
GMB,2006,46.4862604097152
GMB,2007,46.4185276331036
GMB,2008,46.3744960730948
GMB,2009,46.3534874804285
GMB,2010,46.3547731022519
GMB,2011,46.3775424677641
GMB,2012,46.4212058311807
GMB,2013,46.4844347761008
GMB,2014,46.5660263360159
GMB,2015,46.6646737011035
GMB,2016,46.7787647028692
GMB,2017,46.9072182092037
GMB,2018,47.0485303132535
GMB,2019,47.2014093425827
GMB,2020,47.3645750957407
GMB,2021,47.5364188505618
GMB,2022,47.715991201140604
GMB,2023,47.9457928819298
GMB,2024,48.1711442175538
GNB,2000,4.53445720097512
GNB,2001,5.01574870772438
GNB,2002,5.72910394514667
GNB,2003,6.75416506576179
GNB,2004,7.78216486739306
GNB,2005,8.8783527585904
GNB,2006,9.9897316228944
GNB,2007,11.1161885061566
GNB,2008,12.2580921089513
GNB,2009,13.4152955008386
GNB,2010,14.5887141664203
GNB,2011,15.7782187068147
GNB,2012,16.9842205721111
GNB,2013,18.2067554736928
GNB,2014,19.4462525723006
GNB,2015,20.7029543822311
GNB,2016,21.9768833616634
GNB,2017,23.2682682564985
GNB,2018,24.5775735612132
GNB,2019,25.9048078160921
GNB,2020,27.2502045881432
GNB,2021,28.6139998460415
GNB,2022,28.7228575496477
GNB,2023,28.8319728978299
GNB,2024,28.9416006403664
GNQ,2000,54.790530594174
GNQ,2001,55.776966411997
GNQ,2002,56.7470042992933
GNQ,2003,57.6992350383254
GNQ,2004,58.6335894811516
GNQ,2005,59.5483734842498
GNQ,2006,60.4443395996533
GNQ,2007,61.3207811186255
GNQ,2008,62.1777142751886
GNQ,2009,63.0143173257129
GNQ,2010,63.831192420274
GNQ,2011,64.6283695926991
GNQ,2012,65.4060732402599
GNQ,2013,66.0469451872043
GNQ,2014,66.1151129596268
GNQ,2015,66.1825230692518
GNQ,2016,66.2485390317556
GNQ,2017,66.3127866671561
GNQ,2018,NA
GNQ,2019,NA
GNQ,2020,NA
GNQ,2021,NA
GNQ,2022,NA
GNQ,2023,NA
GNQ,2024,NA
GRC,2000,97.8758799190344
GRC,2001,97.9452945342735
GRC,2002,98.0197252313027
GRC,2003,98.0930878671239
GRC,2004,98.1654410547609
GRC,2005,98.2367240021803
GRC,2006,98.3069816511148
GRC,2007,98.37623995926
GRC,2008,98.444518449364
GRC,2009,98.5117822479045
GRC,2010,98.5780776451811
GRC,2011,98.6434297836442
GRC,2012,98.7078706841622
GRC,2013,98.7713762312749
GRC,2014,98.8339628930007
GRC,2015,98.8956496305224
GRC,2016,98.9564489293753
GRC,2017,98.9831881851134
GRC,2018,98.9867526034177
GRC,2019,98.9902600193741
GRC,2020,98.9937448356397
GRC,2021,98.9971863349773
GRC,2022,99.0005834270921
GRC,2023,99.0039477070011
GRC,2024,99.0072631280035
GRD,2000,88.5722720006749
GRD,2001,89.0844419136279
GRD,2002,89.5954337141359
GRD,2003,90.1052474021992
GRD,2004,90.6138829778177
GRD,2005,91.1213404409914
GRD,2006,91.6276197917204
GRD,2007,92.1327210300046
GRD,2008,92.6366441558442
GRD,2009,93.1393891692389
GRD,2010,93.6409560701888
GRD,2011,93.5480727629389
GRD,2012,93.4551894556889
GRD,2013,93.362306148439
GRD,2014,93.269422841189
GRD,2015,93.176539533939
GRD,2016,93.0836562266891
GRD,2017,92.9907729194391
GRD,2018,92.8978896121892
GRD,2019,92.8050063049392
GRD,2020,92.7121229976892
GRD,2021,92.6192396904393
GRD,2022,92.6192396904393
GRD,2023,92.6192396904393
GRD,2024,92.6192396904393
GRL,2000,NA
GRL,2001,NA
GRL,2002,NA
GRL,2003,NA
GRL,2004,NA
GRL,2005,NA
GRL,2006,NA
GRL,2007,NA
GRL,2008,NA
GRL,2009,NA
GRL,2010,NA
GRL,2011,NA
GRL,2012,NA
GRL,2013,NA
GRL,2014,62.5
GRL,2015,62.5
GRL,2016,62.5
GRL,2017,62.5
GRL,2018,62.5
GRL,2019,62.5
GRL,2020,62.5
GRL,2021,62.5
GRL,2022,62.5
GRL,2023,NA
GRL,2024,NA
GTM,2000,61.0672448487816
GTM,2001,61.5616929942508
GTM,2002,62.0451166230721
GTM,2003,62.5094447172638
GTM,2004,62.9581205196871
GTM,2005,63.3959543094237
GTM,2006,63.8233780145297
GTM,2007,64.2408036159459
GTM,2008,64.6483174313352
GTM,2009,65.0451401830532
GTM,2010,65.4325572317079
GTM,2011,65.8097996494068
GTM,2012,66.1775447968584
GTM,2013,66.5388660847847
GTM,2014,66.8936926813794
GTM,2015,67.2424899275787
GTM,2016,67.5843983621211
GTM,2017,67.9199018955355
GTM,2018,68.2489426363097
GTM,2019,68.5709973645284
GTM,2020,68.8862996420965
GTM,2021,69.462173009407607
GTM,2022,70.0349423501554
GTM,2023,70.6041253212475
GTM,2024,71.1696950985045
GUM,2000,88.9735320691109
GUM,2001,89.0373069363675
GUM,2002,89.1010818036241
GUM,2003,89.1648566708808
GUM,2004,89.2286315381374
GUM,2005,89.292406405394
GUM,2006,89.3561812726507
GUM,2007,89.4199561399073
GUM,2008,89.483731007164
GUM,2009,89.5475058744206
GUM,2010,89.6112807416772
GUM,2011,89.6750556089339
GUM,2012,89.7388304761905
GUM,2013,89.8026053434471
GUM,2014,89.8663802107038
GUM,2015,89.930155077960407
GUM,2016,89.993929945217
GUM,2017,90.0577048124737
GUM,2018,90.1214796797303
GUM,2019,90.1852545469869
GUM,2020,90.2490294142436
GUM,2021,90.3128042815002
GUM,2022,90.3765791487569
GUM,2023,90.3765791487569
GUM,2024,90.3765791487569
GUY,2000,77.3735224791758
GUY,2001,77.9231007582273
GUY,2002,78.4735839467328
GUY,2003,79.0141225779314
GUY,2004,79.6382981091298
GUY,2005,80.2648830646045
GUY,2006,80.8939339660195
GUY,2007,81.525359867427
GUY,2008,82.1591535902208
GUY,2009,82.7953517398292
GUY,2010,83.4338869756963
GUY,2011,84.0747338507827
GUY,2012,84.731495888913
GUY,2013,85.3889557997963
GUY,2014,86.0478440775297
GUY,2015,86.7079635217248
GUY,2016,87.3692388758564
GUY,2017,88.0315709882197
GUY,2018,88.6946981126402
GUY,2019,89.3586157172433
GUY,2020,90.0231335168154
GUY,2021,90.6881198033659
GUY,2022,91.3010008247863
GUY,2023,91.3046762515848
GUY,2024,91.3087218189458
HIC,2000,98.59721719380924
HIC,2001,98.13492828473214
HIC,2002,96.23243846979132
HIC,2003,96.29267793603115
HIC,2004,96.35100212039923
HIC,2005,96.40687640578511
HIC,2006,96.4801088501615
HIC,2007,96.61541058173059
HIC,2008,96.74764787393909
HIC,2009,96.87176610683119
HIC,2010,96.99239914886792
HIC,2011,97.10169805787379
HIC,2012,97.21085719461436
HIC,2013,97.32418352608643
HIC,2014,97.42819607007033
HIC,2015,97.53542314019542
HIC,2016,97.64217064926598
HIC,2017,97.73974047705738
HIC,2018,97.82997401835618
HIC,2019,97.91263008273877
HIC,2020,97.99498780804808
HIC,2021,98.08413932560804
HIC,2022,98.17697648912149
HIC,2023,98.26396275200824
HIC,2024,98.3401277552848
HKG,2000,97.3886755292959
HKG,2001,97.3886755292959
HKG,2002,97.3886755292959
HKG,2003,97.3886755292959
HKG,2004,97.2670420974889
HKG,2005,97.1454086656819
HKG,2006,97.0237752338749
HKG,2007,96.9021418020679
HKG,2008,96.7805083702609
HKG,2009,96.6588749384539
HKG,2010,96.5372415066469
HKG,2011,96.4156080748399
HKG,2012,96.293974643033
HKG,2013,96.172341211226
HKG,2014,96.050707779419
HKG,2015,95.929074347612
HKG,2016,95.807440915805
HKG,2017,95.685807483998
HKG,2018,95.564174052191
HKG,2019,95.442540620384
HKG,2020,95.320907188577
HKG,2021,95.19927375677
HKG,2022,95.077640324963
HKG,2023,94.956006893156
HKG,2024,94.834373461349
HND,2000,64.5085971386328
HND,2001,65.5099238868381
HND,2002,66.5348518759434
HND,2003,67.5560751753573
HND,2004,68.5719444585829
HND,2005,69.5815268362271
HND,2006,70.5856087424602
HND,2007,71.583847847539
HND,2008,72.5764555085287
HND,2009,73.5629624673739
HND,2010,74.5439099298489
HND,2011,75.5188630035409
HND,2012,76.4883396029045
HND,2013,77.4517887754502
HND,2014,78.409710520334
HND,2015,79.3614899844159
HND,2016,80.3074947960451
HND,2017,81.2476858869062
HND,2018,82.1820517802878
HND,2019,83.1107110257034
HND,2020,84.0337747326909
HND,2021,84.9512648992071
HND,2022,85.8633965875938
HND,2023,86.7701956081898
HND,2024,87.6717912057898
HPC,2000,15.812055533468575
HPC,2001,16.181789861906005
HPC,2002,16.68147233307321
HPC,2003,17.201275496377196
HPC,2004,17.72704107156095
HPC,2005,18.418014615650236
HPC,2006,19.11766230184601
HPC,2007,19.805037104785892
HPC,2008,20.538147486747604
HPC,2009,21.290549599226537
HPC,2010,22.04230749917841
HPC,2011,22.793551945224653
HPC,2012,23.547176112296206
HPC,2013,24.31017128792293
HPC,2014,25.089126226617
HPC,2015,25.872750625603363
HPC,2016,26.65264562406487
HPC,2017,27.50698050585659
HPC,2018,28.311124898581973
HPC,2019,29.120151116191636
HPC,2020,29.93081235959888
HPC,2021,30.780336868321726
HPC,2022,31.701550096199288
HPC,2023,32.472356893732986
HPC,2024,33.17262551255649
HRV,2000,98.451172519388
HRV,2001,98.4543940798405
HRV,2002,98.2933337796124
HRV,2003,98.0735685776892
HRV,2004,97.8545220724704
HRV,2005,97.6362088912943
HRV,2006,97.4186224972522
HRV,2007,97.201764016731
HRV,2008,96.9856368305825
HRV,2009,96.7702400027243
HRV,2010,96.555570839204
HRV,2011,96.3415946710198
HRV,2012,96.1289814804925
HRV,2013,95.9178030204647
HRV,2014,95.7081981742449
HRV,2015,95.7190097005678
HRV,2016,95.7305312019132
HRV,2017,95.7427708106791
HRV,2018,95.7545423447665
HRV,2019,95.7669528953151
HRV,2020,95.7800263365526
HRV,2021,95.7936994032533
HRV,2022,NA
HRV,2023,NA
HRV,2024,NA
HTI,2000,19.4402337637977
HTI,2001,20.1252072093036
HTI,2002,20.802648871567
HTI,2003,21.4706205681824
HTI,2004,21.9995783229731
HTI,2005,22.5049412936123
HTI,2006,23.0018363162708
HTI,2007,23.4895119944276
HTI,2008,23.9682677015387
HTI,2009,24.4367113848506
HTI,2010,24.8953249600046
HTI,2011,25.3435874681096
HTI,2012,25.7813149858061
HTI,2013,26.2077250672239
HTI,2014,26.6231188972666
HTI,2015,27.0270378862153
HTI,2016,27.4175706296699
HTI,2017,27.7940822522494
HTI,2018,28.1567904087872
HTI,2019,28.5057820115222
HTI,2020,28.6576196940519
HTI,2021,28.793303113228
HTI,2022,28.9133013445226
HTI,2023,29.0180834702733
HTI,2024,29.1081189443114
HUN,2000,98.0437275919474
HUN,2001,98.0429567293229
HUN,2002,98.0396092982152
HUN,2003,98.0362810525522
HUN,2004,98.0329662219326
HUN,2005,98.029143037033
HUN,2006,98.0248277713699
HUN,2007,98.0205413460237
HUN,2008,98.0162854643745
HUN,2009,98.0120750590408
HUN,2010,98.0084003041022
HUN,2011,98.0047619310782
HUN,2012,98.0021500731039
HUN,2013,97.9999085136149
HUN,2014,97.9976794505183
HUN,2015,97.9954541400148
HUN,2016,97.9931789584607
HUN,2017,97.9908758837113
HUN,2018,97.9885191913956
HUN,2019,97.9861309569959
HUN,2020,97.9837062795673
HUN,2021,97.9812382429156
HUN,2022,97.9787350415865
HUN,2023,97.976195278385
HUN,2024,97.9736275561386
IBD,2000,51.009659715337754
IBD,2001,52.32568428379913
IBD,2002,55.02200357330401
IBD,2003,56.66826011612422
IBD,2004,58.32038780814028
IBD,2005,59.99869768758421
IBD,2006,61.67304984136032
IBD,2007,63.367841031359674
IBD,2008,65.07024378136109
IBD,2009,66.77124068157126
IBD,2010,68.46695107716725
IBD,2011,70.1590408616242
IBD,2012,71.8512316269267
IBD,2013,73.54644600205536
IBD,2014,75.2423575156247
IBD,2015,76.93167055734294
IBD,2016,78.61391745942215
IBD,2017,80.14960719509182
IBD,2018,81.82623005870613
IBD,2019,83.47060685466404
IBD,2020,85.07680956516963
IBD,2021,86.64442119355488
IBD,2022,88.15079915007581
IBD,2023,89.89362261143506
IBD,2024,90.90117580041554
IBT,2000,45.920589531221
IBT,2001,47.012090570659765
IBT,2002,49.32479961344549
IBT,2003,50.67292699130095
IBT,2004,52.07515557395299
IBT,2005,53.51833471110751
IBT,2006,54.95953829510098
IBT,2007,56.41339269378189
IBT,2008,57.87097617364584
IBT,2009,59.32314470346607
IBT,2010,60.77128251498921
IBT,2011,62.118190631917486
IBT,2012,63.55429400004553
IBT,2013,64.98599638907405
IBT,2014,66.41845185922469
IBT,2015,67.84521425883058
IBT,2016,69.26323171990312
IBT,2017,70.53173179229691
IBT,2018,71.93220105915749
IBT,2019,73.29898319695411
IBT,2020,74.63144730527092
IBT,2021,75.93086472952047
IBT,2022,77.22143316680727
IBT,2023,78.4933594683483
IBT,2024,79.22498238434807
IDA,2000,28.594717375829674
IDA,2001,29.026665151818275
IDA,2002,29.587537916460974
IDA,2003,30.172359087421004
IDA,2004,30.989633747840752
IDA,2005,31.910422410365538
IDA,2006,32.867384149520966
IDA,2007,33.84608078647582
IDA,2008,34.82379458002941
IDA,2009,35.791052889565705
IDA,2010,36.77150463366997
IDA,2011,37.527838383346236
IDA,2012,38.471702341388344
IDA,2013,39.36130287300686
IDA,2014,40.278404492147835
IDA,2015,41.22326729845775
IDA,2016,42.18698592656463
IDA,2017,43.224952636612684
IDA,2018,44.2188379518913
IDA,2019,45.22730072179545
IDA,2020,46.241500072301
IDA,2021,47.279658831649336
IDA,2022,48.40128301421808
IDA,2023,49.13657654886251
IDA,2024,49.447311250447434
IDB,2000,35.63621658636324
IDB,2001,35.72270748568967
IDB,2002,35.982577195936706
IDB,2003,36.29428510461197
IDB,2004,37.24919704095309
IDB,2005,38.20482584905259
IDB,2006,39.218278717124896
IDB,2007,40.250879522454284
IDB,2008,41.30174299322425
IDB,2009,42.362719018044494
IDB,2010,43.434298580426606
IDB,2011,44.51313948976225
IDB,2012,45.59699748656243
IDB,2013,46.68812797536606
IDB,2014,47.786006244913175
IDB,2015,48.890511762600745
IDB,2016,50.00059913906007
IDB,2017,51.123948108568506
IDB,2018,52.265107414566096
IDB,2019,53.42362015950867
IDB,2020,54.60823422708709
IDB,2021,55.81068979161058
IDB,2022,57.36998295585316
IDB,2023,57.890255670933804
IDB,2024,58.07694752084034
IDN,2000,41.5831787269392
IDN,2001,43.534313765172
IDN,2002,45.5010531020753
IDN,2003,47.4821079251045
IDN,2004,49.4772142680194
IDN,2005,51.4837806650068
IDN,2006,53.5018961119134
IDN,2007,55.5300293728108
IDN,2008,57.5678736084239
IDN,2009,59.6133891473514
IDN,2010,61.6611213279716
IDN,2011,63.6913657210041
IDN,2012,65.7302519834107
IDN,2013,67.7766235595933
IDN,2014,69.8304612551161
IDN,2015,71.8904398574445
IDN,2016,73.9559310852412
IDN,2017,76.0256805835892
IDN,2018,78.0995418857349
IDN,2019,80.1767467592482
IDN,2020,82.2571090356155
IDN,2021,84.339850898343
IDN,2022,85.6486611717997
IDN,2023,86.9363345400971
IDN,2024,88.2031685658499
IDX,2000,24.78140637401825
IDX,2001,25.389006283722235
IDX,2002,26.10250143532734
IDX,2003,26.83344750774813
IDX,2004,27.56835909346129
IDX,2005,28.463536582780172
IDX,2006,29.38426310345552
IDX,2007,30.32285190937402
IDX,2008,31.24675942062439
IDX,2009,32.14911044741592
IDX,2010,33.066209196717324
IDX,2011,33.67667945608533
IDX,2012,34.54108607444374
IDX,2013,35.31666813938878
IDX,2014,36.13521150577062
IDX,2015,36.99678303849508
IDX,2016,37.89097181979892
IDX,2017,38.88125701546899
IDX,2018,39.807099149013936
IDX,2019,40.74953191096964
IDX,2020,41.685471114601356
IDX,2021,42.64536213115253
IDX,2022,43.58591615803361
IDX,2023,44.45399896191329
IDX,2024,44.804767668480224
IMN,2000,100
IMN,2001,100
IMN,2002,100
IMN,2003,100
IMN,2004,100
IMN,2005,100
IMN,2006,100
IMN,2007,100
IMN,2008,100
IMN,2009,100
IMN,2010,100
IMN,2011,100
IMN,2012,100
IMN,2013,100
IMN,2014,100
IMN,2015,100
IMN,2016,100
IMN,2017,100
IMN,2018,100
IMN,2019,100
IMN,2020,100
IMN,2021,100
IMN,2022,100
IMN,2023,100
IMN,2024,100
IND,2000,14.6638821125248
IND,2001,17.2206798996747
IND,2002,19.9645829063411
IND,2003,22.7256519741888
IND,2004,25.504088846955
IND,2005,28.2988919138167
IND,2006,31.1102746501892
IND,2007,33.9383850862219
IND,2008,36.7829765979312
IND,2009,39.6431708126058
IND,2010,42.5191116694177
IND,2011,45.4108795020998
IND,2012,48.3205923569019
IND,2013,51.2472926178236
IND,2014,54.1905506719672
IND,2015,57.1496392627885
IND,2016,60.1238284933312
IND,2017,63.1125583715917
IND,2018,66.1148742165368
IND,2019,69.1300220717047
IND,2020,72.0482326780192
IND,2021,74.9328568041953
IND,2022,77.8161883735175
IND,2023,80.6978943350927
IND,2024,83.380872478201
INX,2000,NA
INX,2001,NA
INX,2002,NA
INX,2003,NA
INX,2004,NA
INX,2005,NA
INX,2006,NA
INX,2007,NA
INX,2008,NA
INX,2009,NA
INX,2010,NA
INX,2011,NA
INX,2012,NA
INX,2013,NA
INX,2014,NA
INX,2015,NA
INX,2016,NA
INX,2017,NA
INX,2018,NA
INX,2019,NA
INX,2020,NA
INX,2021,NA
INX,2022,NA
INX,2023,NA
INX,2024,NA
IRL,2000,90.0039815195189
IRL,2001,89.9934206605421
IRL,2002,89.9824305641103
IRL,2003,89.9700431850216
IRL,2004,89.9574538006016
IRL,2005,89.944799688173
IRL,2006,89.9326745170445
IRL,2007,89.923319628906
IRL,2008,89.9138931088148
IRL,2009,89.9043585226446
IRL,2010,89.8947557932751
IRL,2011,89.8850354586049
IRL,2012,89.8752066389218
IRL,2013,89.8653106033212
IRL,2014,89.8553013523079
IRL,2015,89.8452309062707
IRL,2016,89.8349918949082
IRL,2017,89.8240697617023
IRL,2018,89.812337262782
IRL,2019,89.7998496161213
IRL,2020,89.7865313699403
IRL,2021,89.7724871048145
IRL,2022,89.757648052779
IRL,2023,89.742009351926
IRL,2024,89.7256064199387
IRN,2000,78.218293196505
IRN,2001,78.9731471753929
IRN,2002,79.7155487867345
IRN,2003,80.445633771259807
IRN,2004,81.1633098268727
IRN,2005,81.8685049537412
IRN,2006,82.5614052358839
IRN,2007,83.2321134946783
IRN,2008,83.8869750183033
IRN,2009,84.5313775424274
IRN,2010,85.16566965163
IRN,2011,85.7898043501208
IRN,2012,86.4018915038268
IRN,2013,87.0030127281938
IRN,2014,87.5950808163193
IRN,2015,88.1779155269033
IRN,2016,88.7518172769829
IRN,2017,89.3166613162414
IRN,2018,89.6988576017474
IRN,2019,90.0210887632991
IRN,2020,90.2667726388145
IRN,2021,90.3162236149744
IRN,2022,90.3647309306855
IRN,2023,90.4119852074826
IRN,2024,90.458288016159
IRQ,2000,70.5047677877262
IRQ,2001,71.075866107073
IRQ,2002,71.6455694675998
IRQ,2003,72.2138771289347
IRQ,2004,72.7807850256075
IRQ,2005,74.4450745683206
IRQ,2006,76.1219593481463
IRQ,2007,77.8117345436879
IRQ,2008,79.5141852850981
IRQ,2009,81.2291181152915
IRQ,2010,82.9658498255287
IRQ,2011,84.7190691046442
IRQ,2012,86.4826460447995
IRQ,2013,88.2564846708838
IRQ,2014,90.0405629244154
IRQ,2015,91.8347515135487
IRQ,2016,93.6396641233782
IRQ,2017,95.4549205220896
IRQ,2018,96.9997458760796
IRQ,2019,97.864851810422
IRQ,2020,98.4932660483814
IRQ,2021,98.4959720542325
IRQ,2022,98.4987799022337
IRQ,2023,98.501709975411
IRQ,2024,98.5047513855653
ISL,2000,98.7980041291152
ISL,2001,98.7971837425424
ISL,2002,98.7963729510366
ISL,2003,98.7949491900819
ISL,2004,98.7933244677551
ISL,2005,98.7917259201809
ISL,2006,98.7901467233098
ISL,2007,98.7886019021965
ISL,2008,98.7870790817422
ISL,2009,98.7855707233906
ISL,2010,98.7847535507852
ISL,2011,98.7845859292734
ISL,2012,98.7844113664715
ISL,2013,98.7839858955201
ISL,2014,98.7835434602545
ISL,2015,98.7831179489898
ISL,2016,98.7826661232675
ISL,2017,98.7821726872398
ISL,2018,98.7816461491977
ISL,2019,98.7811009775607
ISL,2020,98.7805419679259
ISL,2021,98.7799498182969
ISL,2022,98.7793239094093
ISL,2023,98.7786759933373
ISL,2024,98.7780018629454
ISR,2000,99.9999980424614
ISR,2001,99.9999999141995
ISR,2002,99.9999966748332
ISR,2003,99.9999972968458
ISR,2004,99.9999987008863
ISR,2005,99.999996277042
ISR,2006,99.9999970677578
ISR,2007,99.9999967389264
ISR,2008,99.9999990692997
ISR,2009,99.9999967272176
ISR,2010,100
ISR,2011,99.9956552135569
ISR,2012,99.9884608340089
ISR,2013,99.9813907693021
ISR,2014,99.9744595332157
ISR,2015,99.9676711051809
ISR,2016,99.9610220718726
ISR,2017,99.9545287961214
ISR,2018,99.9481963561794
ISR,2019,99.9420208696373
ISR,2020,99.9360127624406
ISR,2021,99.9301799523059
ISR,2022,99.924519816082
ISR,2023,99.9190335270473
ISR,2024,99.9200782006513
ITA,2000,99.8859327621191
ITA,2001,99.8859214415661
ITA,2002,99.8858964413785
ITA,2003,99.8858746241475
ITA,2004,99.8858507122837
ITA,2005,99.8858236930033
ITA,2006,99.8858036076723
ITA,2007,99.8857799717069
ITA,2008,99.8857542871757
ITA,2009,99.8857309646722
ITA,2010,99.8857106015763
ITA,2011,99.8856821171754
ITA,2012,99.8856332979671
ITA,2013,99.8855778298286
ITA,2014,99.8855182584591
ITA,2015,99.8854583535856
ITA,2016,99.885399852308
ITA,2017,99.8853414231028
ITA,2018,99.8852799137261
ITA,2019,99.8852225421869
ITA,2020,99.8851578267552
ITA,2021,99.8850975832792
ITA,2022,99.8850325902598
ITA,2023,99.8849719036501
ITA,2024,99.8849043408577
JAM,2000,80.3897902476816
JAM,2001,80.4397265320862
JAM,2002,80.4900715011556
JAM,2003,80.5402961444726
JAM,2004,81.06758684543
JAM,2005,81.5952850004995
JAM,2006,82.123305250613
JAM,2007,82.6517047080876
JAM,2008,83.180409388657
JAM,2009,83.7094853462441
JAM,2010,84.2388789441069
JAM,2011,84.768570999696
JAM,2012,85.2981420323076
JAM,2013,85.8275297136537
JAM,2014,86.3566821660583
JAM,2015,86.8855879242963
JAM,2016,87.4141682686662
JAM,2017,87.9424102965954
JAM,2018,88.4702342742167
JAM,2019,88.997622645007
JAM,2020,89.5245308476169
JAM,2021,90.0509072917054
JAM,2022,90.5767034338028
JAM,2023,91.1018987715533
JAM,2024,91.6264600288818
JOR,2000,99.0001342310668
JOR,2001,98.8872678903901
JOR,2002,98.7679426094807
JOR,2003,98.6486747174721
JOR,2004,98.5294571468879
JOR,2005,98.4169700805217
JOR,2006,98.308206099878
JOR,2007,98.2009358550483
JOR,2008,98.09501501556
JOR,2009,97.9902274488182
JOR,2010,97.8864815715208
JOR,2011,97.7836292183144
JOR,2012,97.6815546659463
JOR,2013,97.5800917869947
JOR,2014,97.4791874276905
JOR,2015,97.3716594756962
JOR,2016,97.2644408764445
JOR,2017,97.1574792984054
JOR,2018,97.0507514777426
JOR,2019,96.9442655127058
JOR,2020,96.8379669917401
JOR,2021,96.7318948068054
JOR,2022,96.6260204300308
JOR,2023,96.5203168428374
JOR,2024,96.4147907489487
JPN,2000,99.9977656818046
JPN,2001,99.9954967125937
JPN,2002,99.9932277433829
JPN,2003,99.990958774172
JPN,2004,99.9886898049611
JPN,2005,99.9864208357503
JPN,2006,99.9841518665394
JPN,2007,99.9818828973285
JPN,2008,99.9796139281177
JPN,2009,99.9773449589068
JPN,2010,99.9750759896959
JPN,2011,99.972807020485
JPN,2012,99.9705380512742
JPN,2013,99.9682690820633
JPN,2014,99.9660001128524
JPN,2015,99.9637311436416
JPN,2016,99.9614621744307
JPN,2017,99.9591932052198
JPN,2018,99.9569242360089
JPN,2019,99.9546552667981
JPN,2020,99.9523862975872
JPN,2021,99.9501173283763
JPN,2022,99.9478483591655
JPN,2023,99.9455793899546
JPN,2024,99.9433104207437
KAZ,2000,96.845702173166
KAZ,2001,96.8453385380879
KAZ,2002,96.8978353203907
KAZ,2003,96.9502145771284
KAZ,2004,97.0024793846235
KAZ,2005,97.0648490891514
KAZ,2006,97.1271155183214
KAZ,2007,97.1892688223895
KAZ,2008,97.2513208704644
KAZ,2009,97.3132617625394
KAZ,2010,97.3751082146427
KAZ,2011,97.4368392211239
KAZ,2012,97.4984582188857
KAZ,2013,97.5599727804689
KAZ,2014,97.6213968243494
KAZ,2015,97.6826966507758
KAZ,2016,97.7438938717997
KAZ,2017,97.8049933636929
KAZ,2018,97.8553422711483
KAZ,2019,97.9051562762041
KAZ,2020,97.9463161907176
KAZ,2021,97.9538478987078
KAZ,2022,97.9526402205332
KAZ,2023,97.948876378574
KAZ,2024,97.9447423331533
KEN,2000,23.6473801064419
KEN,2001,24.3164597238105
KEN,2002,25.0346081207823
KEN,2003,25.7535178867465
KEN,2004,26.4731149422539
KEN,2005,27.1932269454509
KEN,2006,27.9138955031129
KEN,2007,28.6350439627237
KEN,2008,29.3565994040011
KEN,2009,30.0784132028819
KEN,2010,30.8004947681643
KEN,2011,31.5229174481557
KEN,2012,32.2455260120869
KEN,2013,32.9682462912978
KEN,2014,33.6908976254492
KEN,2015,34.4133695043635
KEN,2016,35.1355349703251
KEN,2017,35.857250498731
KEN,2018,36.5783889502292
KEN,2019,37.298797647533
KEN,2020,38.018340896347
KEN,2021,38.7368777065186
KEN,2022,39.454252565811
KEN,2023,40.1703366344741
KEN,2024,40.8849654611543
KGZ,2000,92.8282031249624
KGZ,2001,92.8282378799564
KGZ,2002,93.005572595951
KGZ,2003,93.1829301574786
KGZ,2004,93.3602758261186
KGZ,2005,93.6560226009521
KGZ,2006,93.9520874390933
KGZ,2007,94.2485169694254
KGZ,2008,94.5452869474658
KGZ,2009,94.8423723936302
KGZ,2010,95.1391384215873
KGZ,2011,95.435495439877
KGZ,2012,95.7313479681621
KGZ,2013,96.0266897957502
KGZ,2014,96.3214166857355
KGZ,2015,96.6154706740523
KGZ,2016,96.9087481057027
KGZ,2017,97.2012105005547
KGZ,2018,97.4927558595168
KGZ,2019,97.7833519513512
KGZ,2020,98.017628465842
KGZ,2021,98.1478549913374
KGZ,2022,98.278227766543
KGZ,2023,98.4088738227501
KGZ,2024,98.5398995968815
KHM,2000,10.447277669756
KHM,2001,10.7958282120224
KHM,2002,13.5213126606582
KHM,2003,16.4957664710748
KHM,2004,19.4886033113327
KHM,2005,22.4997083184805
KHM,2006,25.5284652809793
KHM,2007,28.5752843908418
KHM,2008,31.6569911125652
KHM,2009,34.8431292661324
KHM,2010,38.0399288332331
KHM,2011,41.2469119068715
KHM,2012,44.4635910579506
KHM,2013,47.6891050739855
KHM,2014,50.9237116921206
KHM,2015,54.1665197831593
KHM,2016,57.417022532982
KHM,2017,60.6744151428492
KHM,2018,63.9398472470947
KHM,2019,67.2122392007629
KHM,2020,70.4910427870757
KHM,2021,73.7752065517154
KHM,2022,77.0641162411033
KHM,2023,80.3569034278216
KHM,2024,83.3359328714314
KIR,2000,29.4332516112154
KIR,2001,30.4939861959849
KIR,2002,31.411410840326
KIR,2003,32.3289642125859
KIR,2004,33.2463631405513
KIR,2005,34.163338666221
KIR,2006,35.2022104813693
KIR,2007,36.3306938222446
KIR,2008,37.1173607941238
KIR,2009,37.8765617583736
KIR,2010,38.6081785659638
KIR,2011,39.3118291707544
KIR,2012,39.9871295227772
KIR,2013,40.6328916636928
KIR,2014,41.2494292871662
KIR,2015,41.8362047246118
KIR,2016,42.3903837205277
KIR,2017,42.9115121446096
KIR,2018,43.4001999878848
KIR,2019,43.8567170359075
KIR,2020,44.2810965836604
KIR,2021,44.6738091395008
KIR,2022,45.0352022161591
KIR,2023,45.1052498687683
KIR,2024,45.1735078207297
KNA,2000,86.4508633800915
KNA,2001,87.1049196213683
KNA,2002,87.7589758626448
KNA,2003,88.4130321039216
KNA,2004,89.0670883451984
KNA,2005,89.7211445864751
KNA,2006,90.3752008277517
KNA,2007,91.0292570690285
KNA,2008,91.6833133103052
KNA,2009,92.337369551582
KNA,2010,92.9914257928585
KNA,2011,93.6454820341353
KNA,2012,94.2995382754121
KNA,2013,94.9535945166888
KNA,2014,94.9535945166888
KNA,2015,94.9535945166888
KNA,2016,94.9535945166888
KNA,2017,94.9535945166888
KNA,2018,NA
KNA,2019,NA
KNA,2020,NA
KNA,2021,NA
KNA,2022,NA
KNA,2023,NA
KNA,2024,NA
KOR,2000,100
KOR,2001,100
KOR,2002,100
KOR,2003,100
KOR,2004,100
KOR,2005,100
KOR,2006,100
KOR,2007,100
KOR,2008,99.9913543263754
KOR,2009,99.9749792813269
KOR,2010,99.9586042362784
KOR,2011,99.9422291912298
KOR,2012,99.9258541461813
KOR,2013,99.9094791011328
KOR,2014,99.8931040560842
KOR,2015,99.8767290110357
KOR,2016,99.8603539659872
KOR,2017,99.8439789209386
KOR,2018,99.8276038758901
KOR,2019,99.8112288308416
KOR,2020,99.7948537857931
KOR,2021,99.7784787407445
KOR,2022,99.762103695696
KOR,2023,99.7457286506475
KOR,2024,99.7293536055989
KWT,2000,100
KWT,2001,100
KWT,2002,100
KWT,2003,100
KWT,2004,100
KWT,2005,100
KWT,2006,100
KWT,2007,100
KWT,2008,100
KWT,2009,100
KWT,2010,100
KWT,2011,100
KWT,2012,100
KWT,2013,100
KWT,2014,100
KWT,2015,100
KWT,2016,100
KWT,2017,100
KWT,2018,100
KWT,2019,100
KWT,2020,100
KWT,2021,100
KWT,2022,100
KWT,2023,100
KWT,2024,100
LAC,2000,73.67875975540971
LAC,2001,74.41356892683753
LAC,2002,75.13729898133214
LAC,2003,75.85810199220023
LAC,2004,76.5737896753342
LAC,2005,77.30108854623334
LAC,2006,78.0231719563036
LAC,2007,78.74887596201386
LAC,2008,79.46923645746037
LAC,2009,80.18431169304715
LAC,2010,80.899536293622
LAC,2011,81.61047010073042
LAC,2012,82.31062669086721
LAC,2013,83.00031029126482
LAC,2014,83.68518002098888
LAC,2015,84.36425376695425
LAC,2016,85.03708912112803
LAC,2017,84.88208750960814
LAC,2018,85.57287044794116
LAC,2019,86.2593374952088
LAC,2020,86.93943093332378
LAC,2021,87.62177136760836
LAC,2022,88.26880398244046
LAC,2023,88.86149124374892
LAC,2024,89.36074010694917
LAO,2000,28.5792078387046
LAO,2001,31.5102351712047
LAO,2002,34.4269495344491
LAO,2003,37.3258889602635
LAO,2004,40.206970140516
LAO,2005,43.0065419549901
LAO,2006,45.6181272062028
LAO,2007,48.2158994762992
LAO,2008,50.8009551119223
LAO,2009,53.3715578045122
LAO,2010,55.92839334626
LAO,2011,58.4713447138194
LAO,2012,61.0006356441256
LAO,2013,63.5147843127718
LAO,2014,66.0147584184353
LAO,2015,68.5001364815887
LAO,2016,70.9711485336486
LAO,2017,73.4268509487817
LAO,2018,75.8672585757636
LAO,2019,78.292642485837
LAO,2020,80.7027420895793
LAO,2021,83.0975867054683
LAO,2022,85.1292056400031
LAO,2023,86.995998184074793
LAO,2024,88.7314131605599
LBN,2000,76.9237295197972
LBN,2001,76.9237295197972
LBN,2002,76.9237295197972
LBN,2003,78.2329078327086
LBN,2004,79.54208614562
LBN,2005,80.8512644585314
LBN,2006,82.1604427714428
LBN,2007,83.4696210843542
LBN,2008,84.7787993972656
LBN,2009,86.087977710177
LBN,2010,87.3971560230884
LBN,2011,88.7063343359999
LBN,2012,90.0155126489113
LBN,2013,91.3246909618227
LBN,2014,92.6338692747341
LBN,2015,93.9430475876455
LBN,2016,95.2522259005569
LBN,2017,96.5614042134683
LBN,2018,97.8705825263797
LBN,2019,99.0673793809694
LBN,2020,99.2
LBN,2021,99.2
LBN,2022,99.2
LBN,2023,99.2
LBN,2024,99.2
LBR,2000,12.1734894943623
LBR,2001,12.4677838881013
LBR,2002,12.7650839146354
LBR,2003,13.0649848713731
LBR,2004,13.3677053295354
LBR,2005,13.6730363587121
LBR,2006,14.1158011729766
LBR,2007,14.564331528772
LBR,2008,15.018343502263
LBR,2009,15.4802745365152
LBR,2010,15.9501173630923
LBR,2011,16.4280907750626
LBR,2012,16.9137232016405
LBR,2013,17.4074580077978
LBR,2014,17.9088071106971
LBR,2015,18.4179781203981
LBR,2016,18.9349390175014
LBR,2017,19.4591800299081
LBR,2018,19.9911366216728
LBR,2019,20.5305258325317
LBR,2020,21.0772995001903
LBR,2021,21.631407651363
LBR,2022,22.1923063601074
LBR,2023,22.7604195167576
LBR,2024,23.3351954904068
LBY,2000,91.0645500144262
LBY,2001,90.9576581822951
LBY,2002,90.8507663501639
LBY,2003,90.7438745180328
LBY,2004,90.6369826859016
LBY,2005,90.5300908537705
LBY,2006,90.4231990216393
LBY,2007,90.3163071895082
LBY,2008,90.209415357377
LBY,2009,90.1025235252459
LBY,2010,89.9956316931147
LBY,2011,89.8887398609836
LBY,2012,89.7818480288524
LBY,2013,89.6749561967213
LBY,2014,89.5680643645901
LBY,2015,89.461172532459
LBY,2016,89.3542807003278
LBY,2017,89.2473888681967
LBY,2018,89.1404970360656
LBY,2019,89.0336052039344
LBY,2020,88.9267133718033
LBY,2021,88.8198215396721
LBY,2022,88.712929707541
LBY,2023,88.6060378754098
LBY,2024,88.4991460432787
LCA,2000,84.9744584780529
LCA,2001,84.9803185483626
LCA,2002,85.0025858792269
LCA,2003,85.0242495780866
LCA,2004,84.831246340642707
LCA,2005,84.6384275834936
LCA,2006,84.4463989755519
LCA,2007,84.2555483784104
LCA,2008,84.0663414681814
LCA,2009,83.8789714448605
LCA,2010,83.6875055171491
LCA,2011,83.4554358381498
LCA,2012,83.2177970691817
LCA,2013,82.9738127576029
LCA,2014,82.7233630078731
LCA,2015,82.9135424876692
LCA,2016,83.1035196660243
LCA,2017,83.2569990879187
LCA,2018,83.3759977820708
LCA,2019,83.3723158043306
LCA,2020,83.3681101145383
LCA,2021,83.3633139252982
LCA,2022,83.3579905079804
LCA,2023,NA
LCA,2024,NA
LCN,2000,75.30979110818893
LCN,2001,76.00989034801383
LCN,2002,76.70118491950309
LCN,2003,77.38878292124858
LCN,2004,78.07203031480857
LCN,2005,78.80319002151896
LCN,2006,79.49183559070812
LCN,2007,80.18351681968197
LCN,2008,80.87047302469105
LCN,2009,81.5533824550417
LCN,2010,82.23684003192163
LCN,2011,82.91616001624658
LCN,2012,83.5858380699203
LCN,2013,84.24658259895078
LCN,2014,84.90199160493579
LCN,2015,85.5521939722884
LCN,2016,86.19609298116488
LCN,2017,86.19015124226031
LCN,2018,86.82602281876964
LCN,2019,87.45898038438978
LCN,2020,88.07064709211943
LCN,2021,88.70380502906399
LCN,2022,89.3513778182508
LCN,2023,89.88597006560393
LCN,2024,90.33821265436542
LDC,2000,20.80828900303555
LDC,2001,21.461479447302622
LDC,2002,22.21079174168889
LDC,2003,23.003879198380698
LDC,2004,23.795462046310504
LDC,2005,24.753862303192385
LDC,2006,25.70921906884002
LDC,2007,26.650528238076223
LDC,2008,27.615761112267744
LDC,2009,28.58765233285375
LDC,2010,29.561422838698928
LDC,2011,30.253697814653105
LDC,2012,31.208651358288144
LDC,2013,32.16584245549033
LDC,2014,33.134785528836844
LDC,2015,34.107548044788146
LDC,2016,35.07384704997093
LDC,2017,36.118425109848424
LDC,2018,37.08449068152339
LDC,2019,38.03329222961451
LDC,2020,38.984062207170894
LDC,2021,39.96460504343636
LDC,2022,40.91903681953887
LDC,2023,41.51257582764974
LDC,2024,42.32459073776422
LIC,2000,23.068990468485726
LIC,2001,23.266946278395523
LIC,2002,27.282891574909417
LIC,2003,27.552064661031334
LIC,2004,27.843172837254702
LIC,2005,28.389651762724778
LIC,2006,29.00074083093013
LIC,2007,29.701418068718123
LIC,2008,30.37242636907978
LIC,2009,30.994651092642165
LIC,2010,31.646412313548208
LIC,2011,31.687574621561584
LIC,2012,32.237706869492406
LIC,2013,32.6798866322504
LIC,2014,33.128945867904946
LIC,2015,33.67800972128807
LIC,2016,34.30678649100047
LIC,2017,35.13282823814936
LIC,2018,35.85592822090536
LIC,2019,36.61344383870811
LIC,2020,37.333443637303276
LIC,2021,38.09967785205015
LIC,2022,38.89059078862157
LIC,2023,39.57479840376548
LIC,2024,38.207002086541785
LIE,2000,99.95
LIE,2001,99.95
LIE,2002,99.95
LIE,2003,99.95
LIE,2004,99.95
LIE,2005,99.95
LIE,2006,99.95
LIE,2007,99.95
LIE,2008,99.95
LIE,2009,99.95
LIE,2010,99.95
LIE,2011,99.95
LIE,2012,99.95
LIE,2013,99.95
LIE,2014,99.95
LIE,2015,99.95
LIE,2016,99.95
LIE,2017,99.95
LIE,2018,99.95
LIE,2019,99.95
LIE,2020,99.95
LIE,2021,99.95
LIE,2022,99.95
LIE,2023,99.95
LIE,2024,99.95
LKA,2000,76.8072668848757
LKA,2001,77.6040116337401
LKA,2002,78.4039232794379
LKA,2003,79.2069755512289
LKA,2004,80.0131764124299
LKA,2005,80.8225453170759
LKA,2006,81.6350563894259
LKA,2007,82.4507307606243
LKA,2008,83.2695498205745
LKA,2009,84.0915264944886
LKA,2010,84.916653598686
LKA,2011,85.744932124631
LKA,2012,86.576365798464
LKA,2013,87.410942249761
LKA,2014,88.2487200055783
LKA,2015,89.0897723399477
LKA,2016,89.9341591246989
LKA,2017,90.7819310655448
LKA,2018,91.6331770755008
LKA,2019,92.4879479800339
LKA,2020,93.3463184770693
LKA,2021,94.2083491070029
LKA,2022,94.9480533011818
LKA,2023,95.3491933910345
LKA,2024,95.3530207374149
LMC,2000,28.603471122405637
LMC,2001,30.203163264937302
LMC,2002,31.953801307966422
LMC,2003,33.72576192274624
LMC,2004,35.621930460725345
LMC,2005,37.54752484171205
LMC,2006,39.49730987617778
LMC,2007,41.483913655970895
LMC,2008,43.474902297890004
LMC,2009,45.47034896823989
LMC,2010,47.4728444155644
LMC,2011,49.48453676029345
LMC,2012,51.50512258159109
LMC,2013,53.53302541242449
LMC,2014,55.58031905089333
LMC,2015,57.61844289632242
LMC,2016,59.64948335545061
LMC,2017,61.67990999973325
LMC,2018,63.7130591337721
LMC,2019,65.74055533669684
LMC,2020,67.71323908729926
LMC,2021,69.65306632791116
LMC,2022,71.6776588742401
LMC,2023,73.72047112265186
LMC,2024,75.23730426695967
LMY,2000,45.73257814994273
LMY,2001,46.741286174323136
LMY,2002,48.324204194936506
LMY,2003,49.77701614838977
LMY,2004,51.28468296501434
LMY,2005,52.82423611123797
LMY,2006,54.366642550813275
LMY,2007,55.90887364794314
LMY,2008,57.452995096099166
LMY,2009,58.9893281921098
LMY,2010,60.52157071905
LMY,2011,61.94555551885137
LMY,2012,63.46232071517677
LMY,2013,64.97364360280652
LMY,2014,66.48492951153914
LMY,2015,67.9901210195728
LMY,2016,69.48660697470761
LMY,2017,70.83065499899685
LMY,2018,72.31652825618647
LMY,2019,73.76830534350646
LMY,2020,75.18400554037677
LMY,2021,76.56374183917535
LMY,2022,77.93931998711781
LMY,2023,79.29199022907983
LMY,2024,80.053638384536
LSO,2000,13.9109680595621
LSO,2001,15.4957394207867
LSO,2002,17.0718164332742
LSO,2003,18.6189165343031
LSO,2004,20.1519465673748
LSO,2005,21.6703679710685
LSO,2006,23.1744368605151
LSO,2007,24.6557826139107
LSO,2008,26.1239917400803
LSO,2009,27.5788226829742
LSO,2010,29.020495938413
LSO,2011,30.4489318304881
LSO,2012,31.8586043360402
LSO,2013,33.2568347766841
LSO,2014,34.6437079655808
LSO,2015,36.0192915871812
LSO,2016,37.3835722556357
LSO,2017,38.7366301247734
LSO,2018,40.0785080651777
LSO,2019,41.4091356196007
LSO,2020,42.7284382834052
LSO,2021,44.0363729437393
LSO,2022,45.3328485039477
LSO,2023,46.6178621737328
LSO,2024,47.8913481422717
LTE,2000,63.22967077883362
LTE,2001,64.11876298513921
LTE,2002,67.04939717567673
LTE,2003,68.59573464058097
LTE,2004,70.12485975172999
LTE,2005,71.65876662890233
LTE,2006,73.16838557620484
LTE,2007,74.69785270861165
LTE,2008,76.20734310696164
LTE,2009,77.6935423733747
LTE,2010,79.15522105433699
LTE,2011,80.59045445156848
LTE,2012,82.00228769006803
LTE,2013,83.39309622703331
LTE,2014,84.76548705891317
LTE,2015,86.11685726772726
LTE,2016,87.44675068917374
LTE,2017,88.75059129988196
LTE,2018,90.02759276993207
LTE,2019,91.27891884266451
LTE,2020,92.49599203994384
LTE,2021,93.68573534736475
LTE,2022,94.846396557386
LTE,2023,95.90060960187644
LTE,2024,96.25199215616016
LTU,2000,84.2628327273275
LTU,2001,84.7312747207925
LTU,2002,85.1946973431147
LTU,2003,85.6598602645547
LTU,2004,86.1267686788169
LTU,2005,86.614106124964
LTU,2006,87.120025751018
LTU,2007,87.6245897499717
LTU,2008,88.1277954949637
LTU,2009,88.6676561367708
LTU,2010,89.1941477060659
LTU,2011,89.7354861346124
LTU,2012,90.3009705081306
LTU,2013,90.8648178620678
LTU,2014,91.4271935305975
LTU,2015,91.9880821486282
LTU,2016,92.5491836464928
LTU,2017,93.1100410366065
LTU,2018,93.6701055685758
LTU,2019,94.2289437143384
LTU,2020,94.786284769893
LTU,2021,95.3414364231375
LTU,2022,95.8940517663177
LTU,2023,96.3848409552758
LTU,2024,96.3965645962382
LUX,2000,97.6901859875283
LUX,2001,97.68316460089
LUX,2002,97.6782432463947
LUX,2003,97.6734276628199
LUX,2004,97.6687093721814
LUX,2005,97.6641072754687
LUX,2006,97.6595985810241
LUX,2007,97.6551965026452
LUX,2008,97.6508653485568
LUX,2009,97.646673581353
LUX,2010,97.642561725648
LUX,2011,97.6385453220137
LUX,2012,97.6347032194608
LUX,2013,97.6310682676105
LUX,2014,97.6276041187324
LUX,2015,97.6243035577451
LUX,2016,97.6211680150003
LUX,2017,97.618188396035
LUX,2018,97.6153595742426
LUX,2019,97.6126777405437
LUX,2020,97.6101288941599
LUX,2021,97.6077017276341
LUX,2022,97.6053918019199
LUX,2023,97.6032304799558
LUX,2024,97.6011739095936
LVA,2000,89.1822298525204
LVA,2001,89.1580310942879
LVA,2002,89.386055395573507
LVA,2003,89.5263556907713
LVA,2004,89.6130829805605
LVA,2005,89.6980083736191
LVA,2006,89.7567394506575
LVA,2007,89.8089264081031
LVA,2008,89.8611624895794
LVA,2009,89.9210042199692
LVA,2010,89.987937726115
LVA,2011,90.0539577656872
LVA,2012,90.1188989835072
LVA,2013,90.182767248935
LVA,2014,90.2454171956005
LVA,2015,90.4930837616034
LVA,2016,90.7423211464844
LVA,2017,90.9929787461015
LVA,2018,91.2449187722214
LVA,2019,91.4979934262128
LVA,2020,91.7520645595703
LVA,2021,92.0069797523466
LVA,2022,92.2626087395691
LVA,2023,92.5186835470802
LVA,2024,92.5346142806387
MAC,2000,100
MAC,2001,100
MAC,2002,100
MAC,2003,100
MAC,2004,100
MAC,2005,100
MAC,2006,100
MAC,2007,100
MAC,2008,100
MAC,2009,100
MAC,2010,100
MAC,2011,100
MAC,2012,100
MAC,2013,100
MAC,2014,100
MAC,2015,100
MAC,2016,100
MAC,2017,100
MAC,2018,100
MAC,2019,100
MAC,2020,100
MAC,2021,100
MAC,2022,100
MAC,2023,100
MAC,2024,100
MAF,2000,99.1705072850435
MAF,2001,99.1705072850435
MAF,2002,99.1705072850435
MAF,2003,99.1705072850435
MAF,2004,99.1705072850435
MAF,2005,99.2217301839164
MAF,2006,99.2729530827894
MAF,2007,99.3241759816624
MAF,2008,99.3753988805353
MAF,2009,99.4266217794083
MAF,2010,99.4778446782813
MAF,2011,99.5290675771542
MAF,2012,99.5802904760272
MAF,2013,99.6315133749002
MAF,2014,99.6827362737731
MAF,2015,99.7339591726461
MAF,2016,99.785182071519
MAF,2017,99.836404970392
MAF,2018,99.887627869265
MAF,2019,99.9388507681379
MAF,2020,99.9900736670109
MAF,2021,100
MAF,2022,100
MAF,2023,100
MAF,2024,100
MAR,2000,68.2172980422046
MAR,2001,68.9979286734151
MAR,2002,70.1959471768186
MAR,2003,71.3611031579094
MAR,2004,72.2380118322512
MAR,2005,73.1773231573067
MAR,2006,74.1286277364386
MAR,2007,75.07865785853
MAR,2008,76.0270465893793
MAR,2009,76.9734340408013
MAR,2010,77.9186321842885
MAR,2011,78.8617098179303
MAR,2012,79.8028926607457
MAR,2013,80.7418405934609
MAR,2014,81.6787833331369
MAR,2015,82.6133857695212
MAR,2016,83.5458723077839
MAR,2017,84.4759106100825
MAR,2018,85.4034661501233
MAR,2019,86.3282321764417
MAR,2020,87.2504334400562
MAR,2021,87.3836441048483
MAR,2022,87.5163508881869
MAR,2023,87.6475617548846
MAR,2024,87.7780205460508
MCO,2000,100
MCO,2001,100
MCO,2002,100
MCO,2003,100
MCO,2004,100
MCO,2005,100
MCO,2006,100
MCO,2007,100
MCO,2008,100
MCO,2009,100
MCO,2010,100
MCO,2011,100
MCO,2012,100
MCO,2013,100
MCO,2014,100
MCO,2015,100
MCO,2016,100
MCO,2017,100
MCO,2018,100
MCO,2019,100
MCO,2020,100
MCO,2021,100
MCO,2022,100
MCO,2023,100
MCO,2024,100
MDA,2000,71.2506597546078
MDA,2001,71.6566360139353
MDA,2002,72.0679189727621
MDA,2003,72.4845086683778
MDA,2004,73.0585042277255
MDA,2005,73.6881674871304
MDA,2006,74.3686465028657
MDA,2007,75.053404668561
MDA,2008,75.742452878246
MDA,2009,76.4357878576591
MDA,2010,77.1334278567767
MDA,2011,77.835369795755
MDA,2012,78.5416235324603
MDA,2013,79.2521957133911
MDA,2014,79.9670878839298
MDA,2015,80.6901033429329
MDA,2016,81.420818324275
MDA,2017,82.1581768544632
MDA,2018,82.9015800000824
MDA,2019,83.6501429350345
MDA,2020,84.4032169070888
MDA,2021,85.1600042772456
MDA,2022,85.734993748898
MDA,2023,86.3094330336137
MDA,2024,86.8828564200079
MDG,2000,3.82452281975997
MDG,2001,4.27623527366861
MDG,2002,4.72902485932566
MDG,2003,5.18344484506749
MDG,2004,5.63879503752012
MDG,2005,6.12117413127887
MDG,2006,6.60626042533301
MDG,2007,7.09404608313975
MDG,2008,7.58477414006482
MDG,2009,8.07809172690129
MDG,2010,8.57423264106828
MDG,2011,9.07317377918647
MDG,2012,9.57497737668474
MDG,2013,10.0796108433394
MDG,2014,10.5872297277492
MDG,2015,11.0976984755033
MDG,2016,11.6111708038341
MDG,2017,12.1276026442495
MDG,2018,12.647045200372
MDG,2019,13.1693375483997
MDG,2020,13.6947390405503
MDG,2021,14.2229663442332
MDG,2022,14.7542849047499
MDG,2023,15.2883891812498
MDG,2024,15.3671469967754
MDV,2000,76.1204180921548
MDV,2001,77.3138917274855
MDV,2002,78.4909414521848
MDV,2003,79.6500594890905
MDV,2004,80.7906424264184
MDV,2005,81.9107386991057
MDV,2006,82.9678419611105
MDV,2007,83.8983717139846
MDV,2008,84.9631631924184
MDV,2009,86.0231687446511
MDV,2010,87.0784721184559
MDV,2011,88.128993363051
MDV,2012,89.1747640869776
MDV,2013,90.2153433449242
MDV,2014,91.250996049753
MDV,2015,92.2815312224762
MDV,2016,93.3068469398135
MDV,2017,94.3268032321981
MDV,2018,95.3413870915622
MDV,2019,96.3505180491116
MDV,2020,97.1213636398167
MDV,2021,97.8641004075029
MDV,2022,98.5962212934826
MDV,2023,99.3176875376915
MDV,2024,99.7013015304493
MEA,2000,63.80525977210029
MEA,2001,64.04118563214419
MEA,2002,64.30336929460638
MEA,2003,64.59439847819115
MEA,2004,65.45468834351333
MEA,2005,66.39500175205113
MEA,2006,67.39490397901906
MEA,2007,68.42284228185109
MEA,2008,69.4130738517555
MEA,2009,70.37059373892997
MEA,2010,71.33074723682246
MEA,2011,72.30497693355196
MEA,2012,73.29068620021819
MEA,2013,75.27184570161542
MEA,2014,76.25600183201601
MEA,2015,77.26667920839614
MEA,2016,78.26610183442615
MEA,2017,79.20787256640601
MEA,2018,80.07589065620057
MEA,2019,80.90991228447307
MEA,2020,81.72905362769703
MEA,2021,82.41448643992197
MEA,2022,83.21440732477251
MEA,2023,83.43443918566841
MEA,2024,83.65755351881529
MEX,2000,79.2052351502487
MEX,2001,79.9105993233351
MEX,2002,80.6059707016954
MEX,2003,81.2915094361491
MEX,2004,81.9676485346638
MEX,2005,82.634046861873
MEX,2006,83.2911380511861
MEX,2007,83.9388749115264
MEX,2008,84.5778681369926
MEX,2009,85.2078679687607
MEX,2010,85.8292495991465
MEX,2011,86.4428801813735
MEX,2012,87.0483009641919
MEX,2013,87.6459487223264
MEX,2014,88.2358926764479
MEX,2015,88.8179258213353
MEX,2016,89.3924181439649
MEX,2017,89.9592224609298
MEX,2018,90.5185596102805
MEX,2019,91.0705197769802
MEX,2020,91.6152077254503
MEX,2021,92.1526440010022
MEX,2022,92.6614618116548
MEX,2023,92.9784568798496
MEX,2024,92.9912822357176
MHL,2000,74.7275535409277
MHL,2001,74.8983706314678
MHL,2002,75.0678760410401
MHL,2003,75.2357419905979
MHL,2004,75.4019644335075
MHL,2005,75.7826662619326
MHL,2006,76.0448233755654
MHL,2007,76.2960646332462
MHL,2008,76.5371074289025
MHL,2009,76.7672035221088
MHL,2010,76.987068031911
MHL,2011,77.1968326186549
MHL,2012,77.3953434668074
MHL,2013,77.5823878699737
MHL,2014,77.7587559493787
MHL,2015,77.9244886482311
MHL,2016,78.0801139470474
MHL,2017,78.2256974121697
MHL,2018,78.3619174334576
MHL,2019,78.488659643571
MHL,2020,78.6065823369048
MHL,2021,78.7159193807723
MHL,2022,78.8167730658642
MHL,2023,78.9094220356239
MHL,2024,78.9585640543577
MIC,2000,47.213539575824655
MIC,2001,48.29531323240165
MIC,2002,49.8495813132211
MIC,2003,51.41368914806948
MIC,2004,53.036044167795644
MIC,2005,54.67742833832201
MIC,2006,56.32225912668861
MIC,2007,57.96263021857168
MIC,2008,59.60817558328872
MIC,2009,61.2518693954969
MIC,2010,62.890687973586736
MIC,2011,64.52494404101412
MIC,2012,66.16157977020738
MIC,2013,67.79976653921575
MIC,2014,69.43857904866795
MIC,2015,71.06724848286271
MIC,2016,72.6874958811339
MIC,2017,74.13607440286121
MIC,2018,75.75219879918843
MIC,2019,77.33705986553005
MIC,2020,78.888622965591
MIC,2021,80.39946302270658
MIC,2022,81.91139025792721
MIC,2023,83.43826795085857
MIC,2024,84.32636512670479
MKD,2000,88.6499475814466
MKD,2001,88.6252235401792
MKD,2002,88.6004998671063
MKD,2003,88.5757736884035
MKD,2004,88.5509345256761
MKD,2005,89.1441375585342
MKD,2006,89.7448433584085
MKD,2007,90.3525986106097
MKD,2008,90.966962665795
MKD,2009,91.5875725774437
MKD,2010,92.2138622798074
MKD,2011,92.8454434778871
MKD,2012,93.4817519077294
MKD,2013,94.1223717416181
MKD,2014,94.7668041558134
MKD,2015,95.4144114282649
MKD,2016,96.0648171578031
MKD,2017,96.7174458342857
MKD,2018,97.3296814337333
MKD,2019,97.8791697296938
MKD,2020,98.4277706026568
MKD,2021,98.9748195551065
MKD,2022,98.98180306954
MKD,2023,98.9894017609484
MKD,2024,98.9975865642367
MLI,2000,17.3336177697569
MLI,2001,18.5366288294077
MLI,2002,19.7478525761063
MLI,2003,20.9666083854735
MLI,2004,22.193273656424
MLI,2005,23.4264099806876
MLI,2006,24.6671660825145
MLI,2007,25.9143828499992
MLI,2008,27.1686715784898
MLI,2009,28.4286615146563
MLI,2010,29.6932856424804
MLI,2011,30.9622372812507
MLI,2012,32.2352227048023
MLI,2013,33.5119596461235
MLI,2014,34.7924079704944
MLI,2015,36.0760821566718
MLI,2016,37.3629585814102
MLI,2017,38.6530201870083
MLI,2018,39.9458152875809
MLI,2019,41.2415636688459
MLI,2020,42.5396302417606
MLI,2021,43.8404477380485
MLI,2022,45.1434215383033
MLI,2023,46.4485840749361
MLI,2024,47.7561676952566
MLT,2000,99.9492010508807
MLT,2001,99.9490461275994
MLT,2002,99.9488990899102
MLT,2003,99.9487652290629
MLT,2004,99.9486253040546
MLT,2005,99.9484979431454
MLT,2006,99.9484166203892
MLT,2007,99.9483801402341
MLT,2008,99.9483390179808
MLT,2009,99.948299467383
MLT,2010,99.9482592767257
MLT,2011,99.9529309076339
MLT,2012,99.9576050642504
MLT,2013,99.9622878778312
MLT,2014,99.9669760572969
MLT,2015,99.9716734306493
MLT,2016,99.9763785453032
MLT,2017,99.9810896682043
MLT,2018,99.9858051675868
MLT,2019,99.9905343490211
MLT,2020,99.9952644133915
MLT,2021,99.9999977128228
MLT,2022,99.9999984486759
MLT,2023,100
MLT,2024,100
MMR,2000,63.4598787059053
MMR,2001,64.0138771425064
MMR,2002,64.5659679367751
MMR,2003,65.1163596898644
MMR,2004,65.6650229848345
MMR,2005,66.2119516928638
MMR,2006,66.756940787588
MMR,2007,67.3001769970488
MMR,2008,67.8416392315072
MMR,2009,68.3369194463673
MMR,2010,68.829818100566
MMR,2011,69.3199771322654
MMR,2012,69.8075314320921
MMR,2013,70.2923141744914
MMR,2014,70.7745876052099
MMR,2015,71.2558705695299
MMR,2016,71.7359380963987
MMR,2017,72.2144198606081
MMR,2018,72.6910446469858
MMR,2019,73.1653173340109
MMR,2020,73.6368737740023
MMR,2021,74.1054938787639
MMR,2022,74.1301579655436
MMR,2023,74.156188318795
MMR,2024,74.1835210114319
MNA,2000,62.63848992297642
MNA,2001,62.868995728275266
MNA,2002,63.12334657272987
MNA,2003,63.40985900821733
MNA,2004,64.28690733596449
MNA,2005,65.24353939389951
MNA,2006,66.24803500439313
MNA,2007,67.26198661718392
MNA,2008,68.2404149946355
MNA,2009,69.20341435045471
MNA,2010,70.1949292331221
MNA,2011,71.18948067630451
MNA,2012,72.18130139030673
MNA,2013,73.21280065158275
MNA,2014,74.25017138531017
MNA,2015,75.2914272852237
MNA,2016,76.3414593674824
MNA,2017,77.37393635368684
MNA,2018,78.35807245577664
MNA,2019,79.2892833996802
MNA,2020,80.17165118919833
MNA,2021,80.96185419413932
MNA,2022,81.79836043179664
MNA,2023,82.00290307333074
MNA,2024,82.2143824883136
MNE,2000,NA
MNE,2001,NA
MNE,2002,NA
MNE,2003,NA
MNE,2004,NA
MNE,2005,NA
MNE,2006,90.6415121374975
MNE,2007,91.1775903884606
MNE,2008,91.7158378297671
MNE,2009,92.2561094620688
MNE,2010,92.7984934115956
MNE,2011,93.3430526184903
MNE,2012,93.8897863076242
MNE,2013,94.438754002914
MNE,2014,94.9899616180891
MNE,2015,95.5434213816421
MNE,2016,96.0990784093621
MNE,2017,96.6569962707111
MNE,2018,97.2142443586762
MNE,2019,97.5022963479866
MNE,2020,97.771772470462
MNE,2021,97.7911092113251
MNE,2022,97.8104504105016
MNE,2023,97.8297883395881
MNE,2024,97.8491274525811
MNG,2000,43.3509577005442
MNG,2001,43.9293436353835
MNG,2002,44.4988380043393
MNG,2003,45.0591791576731
MNG,2004,46.565730094516
MNG,2005,48.0796741751259
MNG,2006,49.6017260697185
MNG,2007,51.1306318210775
MNG,2008,52.6658164646959
MNG,2009,54.2047237331896
MNG,2010,55.748796660386
MNG,2011,57.1062265256697
MNG,2012,58.3638961437545
MNG,2013,59.6305788541198
MNG,2014,60.9059101713151
MNG,2015,62.1905023037508
MNG,2016,63.4840050160805
MNG,2017,64.7860401773072
MNG,2018,66.102065585159
MNG,2019,67.4319599015551
MNG,2020,68.7755717433728
MNG,2021,70.1321116661664
MNG,2022,71.5023556683645
MNG,2023,72.8851663037703
MNG,2024,74.2806502878222
MNP,2000,94.0133637810378
MNP,2001,94.2745099221282
MNP,2002,94.5356560632186
MNP,2003,94.796802204309
MNP,2004,95.0579483453994
MNP,2005,95.3190944864897
MNP,2006,95.5802406275802
MNP,2007,95.8413867686706
MNP,2008,96.102532909761
MNP,2009,96.3636790508513
MNP,2010,96.6248251919417
MNP,2011,96.8859713330322
MNP,2012,97.1471174741226
MNP,2013,97.408263615213
MNP,2014,97.6694097563033
MNP,2015,97.9305558973937
MNP,2016,98.1917020384842
MNP,2017,98.4528481795746
MNP,2018,98.713994320665
MNP,2019,98.9751404617553
MNP,2020,99.2362866028457
MNP,2021,99.4974327439361
MNP,2022,99.7585788850266
MNP,2023,99.7585788850266
MNP,2024,99.7585788850266
MOZ,2000,10.7368086528161
MOZ,2001,11.6891382934177
MOZ,2002,12.6706023887281
MOZ,2003,13.6597206754492
MOZ,2004,14.656791437849
MOZ,2005,15.661495607588
MOZ,2006,16.6744657730016
MOZ,2007,17.6947339130943
MOZ,2008,18.8175728896395
MOZ,2009,19.9603052560203
MOZ,2010,21.1157832994067
MOZ,2011,22.2833615319123
MOZ,2012,23.4630594441157
MOZ,2013,24.6548929254595
MOZ,2014,25.8588794084376
MOZ,2015,27.0750381576231
MOZ,2016,28.3033808340067
MOZ,2017,29.5435460585168
MOZ,2018,30.7959176592195
MOZ,2019,32.0616645064997
MOZ,2020,33.3404532645595
MOZ,2021,34.6331153020155
MOZ,2022,35.9385123672753
MOZ,2023,37.257486002339
MOZ,2024,38.5900804802051
MRT,2000,18.1529733941699
MRT,2001,19.3093273656577
MRT,2002,20.5759918023257
MRT,2003,21.8519258918573
MRT,2004,23.1372199810227
MRT,2005,24.4309798679279
MRT,2006,25.9997164897389
MRT,2007,27.6037678904985
MRT,2008,29.2444593327866
MRT,2009,30.9205985186658
MRT,2010,32.634513910578
MRT,2011,34.3867695026877
MRT,2012,36.1778963960657
MRT,2013,38.0075543396616
MRT,2014,39.8731407401327
MRT,2015,41.7742652183786
MRT,2016,43.7104270690001
MRT,2017,45.6828446170813
MRT,2018,47.6904380054199
MRT,2019,49.7339098436372
MRT,2020,51.8124755125379
MRT,2021,53.9267671870648
MRT,2022,56.0758490078081
MRT,2023,58.2608340232933
MRT,2024,58.676920295931
MUS,2000,90.5194424395301
MUS,2001,90.8010935078889
MUS,2002,91.0831578826494
MUS,2003,91.3656724156252
MUS,2004,91.6486409323772
MUS,2005,91.9320916263266
MUS,2006,92.2159724037212
MUS,2007,92.5003340946351
MUS,2008,92.7851254425672
MUS,2009,93.0703993955795
MUS,2010,93.356133421421
MUS,2011,93.6423302206656
MUS,2012,93.928957338752
MUS,2013,94.2160990172905
MUS,2014,94.5036776997777
MUS,2015,94.7917221671352
MUS,2016,95.0806649213747
MUS,2017,95.3704562123422
MUS,2018,95.6610436549434
MUS,2019,95.9523952887646
MUS,2020,96.2430585209024
MUS,2021,96.5249988240641
MUS,2022,96.8074578506506
MUS,2023,97.0904086099851
MUS,2024,97.3737391141644
MWI,2000,9.3511917456521
MWI,2001,9.35302758911489
MWI,2002,9.35480608724583
MWI,2003,9.35670106577719
MWI,2004,9.35853844568126
MWI,2005,11.6430173155279
MWI,2006,13.9195182666637
MWI,2007,16.1881872542677
MWI,2008,18.4488656297589
MWI,2009,20.7030011916433
MWI,2010,22.950220782325
MWI,2011,25.1902507973083
MWI,2012,27.4226021008412
MWI,2013,29.6470619671529
MWI,2014,31.8630595478382
MWI,2015,34.0704035850355
MWI,2016,36.2684898070789
MWI,2017,38.4570661478088
MWI,2018,40.6356741988533
MWI,2019,42.8038384563156
MWI,2020,44.9611479828173
MWI,2021,47.1071277327455
MWI,2022,49.2412879464451
MWI,2023,49.23687867184
MWI,2024,49.2322090448262
MYS,2000,93.0900303093071
MYS,2001,93.271833713747
MYS,2002,93.4499785457309
MYS,2003,93.6245544667529
MYS,2004,93.7956145310405
MYS,2005,93.9630919319295
MYS,2006,94.1271404616595
MYS,2007,94.287803077426
MYS,2008,94.4451244256703
MYS,2009,94.5991098396151
MYS,2010,94.7498776690501
MYS,2011,94.8950271076726
MYS,2012,95.0372152977718
MYS,2013,95.1769234434239
MYS,2014,95.314250824297
MYS,2015,95.4491928177034
MYS,2016,95.5818387511704
MYS,2017,95.7121393469454
MYS,2018,95.8087179177358
MYS,2019,95.93567943551
MYS,2020,95.9966449391973
MYS,2021,96.0173467621383
MYS,2022,96.0182636272288
MYS,2023,96.0191440152349
MYS,2024,96.019999368878
NAC,2000,99.87215832099571
NAC,2001,99.87211058001272
NAC,2002,99.87190561292896
NAC,2003,99.87170203510746
NAC,2004,99.87149974918424
NAC,2005,99.87061934179646
NAC,2006,99.86831142575502
NAC,2007,99.85996572897736
NAC,2008,99.85157920559602
NAC,2009,99.84311996068288
NAC,2010,99.83511443813761
NAC,2011,99.80650625928261
NAC,2012,99.77816354371382
NAC,2013,99.75017521767175
NAC,2014,99.72261326246071
NAC,2015,99.69560396429775
NAC,2016,99.66876842323815
NAC,2017,99.64223420086768
NAC,2018,99.61581385992935
NAC,2019,99.58968398499813
NAC,2020,99.56414182752573
NAC,2021,99.53928108259643
NAC,2022,99.52277092270857
NAC,2023,99.50596921033653
NAC,2024,99.50680179908899
NAM,2000,27.1488440827973
NAM,2001,27.5998396163148
NAM,2002,28.1968311809375
NAM,2003,28.8122875122617
NAM,2004,29.4178256763319
NAM,2005,30.0109518702615
NAM,2006,30.5926680157068
NAM,2007,31.1618359120794
NAM,2008,31.7185868742759
NAM,2009,32.2603036353343
NAM,2010,32.7891161090276
NAM,2011,33.3028894118118
NAM,2012,33.8118744896686
NAM,2013,34.3053246503093
NAM,2014,34.7830478360411
NAM,2015,35.243867972916
NAM,2016,35.68218646148
NAM,2017,36.0971096744774
NAM,2018,36.4891060185928
NAM,2019,36.9123066913261
NAM,2020,37.3147816708838
NAM,2021,37.6969593429633
NAM,2022,38.0587226800855
NAM,2023,38.4005446833098
NAM,2024,38.7229020528394
NCL,2000,100
NCL,2001,100
NCL,2002,100
NCL,2003,100
NCL,2004,100
NCL,2005,100
NCL,2006,100
NCL,2007,100
NCL,2008,100
NCL,2009,100
NCL,2010,100
NCL,2011,100
NCL,2012,100
NCL,2013,100
NCL,2014,100
NCL,2015,100
NCL,2016,100
NCL,2017,100
NCL,2018,100
NCL,2019,100
NCL,2020,100
NCL,2021,100
NCL,2022,100
NCL,2023,100
NCL,2024,100
NER,2000,6.49095998473198
NER,2001,6.90942898388813
NER,2002,7.30986882133162
NER,2003,7.71048737435581
NER,2004,8.11105189403746
NER,2005,8.51225299855436
NER,2006,8.91225988238255
NER,2007,9.3108172797856
NER,2008,9.70763488348427
NER,2009,10.1032794598234
NER,2010,10.4974697713474
NER,2011,10.8898889805879
NER,2012,11.2811585980416
NER,2013,11.6709689397012
NER,2014,12.0644714438851
NER,2015,12.4627973884211
NER,2016,12.8657160959019
NER,2017,13.2744201872419
NER,2018,13.6886629942744
NER,2019,14.10969749241
NER,2020,14.5380631441061
NER,2021,14.973899415173
NER,2022,15.4185833482363
NER,2023,15.8722896113192
NER,2024,16.336047650863
NGA,2000,27.9946368630353
NGA,2001,28.0339074690086
NGA,2002,28.6863485385753
NGA,2003,29.3592592810807
NGA,2004,30.053264298702
NGA,2005,30.7689136757313
NGA,2006,31.5068491941473
NGA,2007,32.2676921129548
NGA,2008,33.0520750926105
NGA,2009,33.8602860424374
NGA,2010,34.6931346813428
NGA,2011,35.5499413895312
NGA,2012,36.4309338253294
NGA,2013,37.3360751927047
NGA,2014,38.2655103767243
NGA,2015,39.2193808312227
NGA,2016,40.1973286058844
NGA,2017,41.1997192224782
NGA,2018,42.2262627362671
NGA,2019,43.2767522763627
NGA,2020,44.3511472247714
NGA,2021,45.4491559568794
NGA,2022,46.5706755484283
NGA,2023,47.7155813553496
NGA,2024,47.9019370619136
NIC,2000,NA
NIC,2001,NA
NIC,2002,NA
NIC,2003,NA
NIC,2004,NA
NIC,2005,NA
NIC,2006,NA
NIC,2007,NA
NIC,2008,NA
NIC,2009,NA
NIC,2010,NA
NIC,2011,NA
NIC,2012,NA
NIC,2013,NA
NIC,2014,NA
NIC,2015,NA
NIC,2016,NA
NIC,2017,NA
NIC,2018,NA
NIC,2019,NA
NIC,2020,NA
NIC,2021,NA
NIC,2022,NA
NIC,2023,NA
NIC,2024,NA
NLD,2000,98.056483719237
NLD,2001,98.0316592994205
NLD,2002,98.0008258449046
NLD,2003,97.971318587799
NLD,2004,97.9431344903827
NLD,2005,97.9163269623659
NLD,2006,97.8921645573829
NLD,2007,97.8704752768738
NLD,2008,97.8497502030324
NLD,2009,97.8284751819117
NLD,2010,97.808168937922
NLD,2011,97.7902878211501
NLD,2012,97.7732705537269
NLD,2013,97.7588931118417
NLD,2014,97.7468177052972
NLD,2015,97.7352192649865
NLD,2016,97.7241321475967
NLD,2017,97.7135252353783
NLD,2018,97.7036451274894
NLD,2019,97.6944050882075
NLD,2020,97.6857903463505
NLD,2021,97.6777500278997
NLD,2022,97.6702396117146
NLD,2023,97.6632296431228
NLD,2024,97.6566689550594
NOR,2000,98.0719414200245
NOR,2001,98.0708656188717
NOR,2002,98.0698018240546
NOR,2003,98.0687468260808
NOR,2004,98.0678039009157
NOR,2005,98.0669754884968
NOR,2006,98.0661529563292
NOR,2007,98.0652982043914
NOR,2008,98.0644197562201
NOR,2009,98.0635534703238
NOR,2010,98.062693752149
NOR,2011,98.0616329327885
NOR,2012,98.060379335627
NOR,2013,98.0591412687485
NOR,2014,98.0579255402038
NOR,2015,98.0567246248415
NOR,2016,98.0555433258963
NOR,2017,98.0543904284695
NOR,2018,98.053258505645
NOR,2019,98.0521493999593
NOR,2020,98.0510810985992
NOR,2021,98.0500277378087
NOR,2022,98.0490073611327
NOR,2023,98.0480105181421
NOR,2024,98.0470498172276
NPL,2000,14.8948751074731
NPL,2001,17.3959627043357
NPL,2002,19.8888097263775
NPL,2003,22.4289482098159
NPL,2004,25.0160431336895
NPL,2005,27.6497562651801
NPL,2006,30.3297393254008
NPL,2007,33.0557887006794
NPL,2008,35.8273714281674
NPL,2009,38.6441196454107
NPL,2010,41.5056568805896
NPL,2011,44.4117125540755
NPL,2012,47.3622706946734
NPL,2013,50.3565022636622
NPL,2014,53.394175397633
NPL,2015,56.4745599225782
NPL,2016,59.5972467919298
NPL,2017,62.7615781748289
NPL,2018,65.966994107957
NPL,2019,69.2128409973963
NPL,2020,72.4985122908231
NPL,2021,75.8233419830013
NPL,2022,79.1866571655946
NPL,2023,82.5877911140468
NPL,2024,86.0259805937649
NRU,2000,64.6715903640463
NRU,2001,64.6701987454564
NRU,2002,64.6688071268665
NRU,2003,64.6674155082765
NRU,2004,64.6660238896866
NRU,2005,64.6646322710967
NRU,2006,65.0151108339822
NRU,2007,65.3655742516606
NRU,2008,65.7160225241319
NRU,2009,66.0664556513962
NRU,2010,66.4168736334532
NRU,2011,66.7672764703033
NRU,2012,67.1176641619461
NRU,2013,67.4680367083819
NRU,2014,67.8183941096107
NRU,2015,68.1687363656322
NRU,2016,68.5190634764467
NRU,2017,68.8693754420541
NRU,2018,69.2196722624544
NRU,2019,69.5699539376476
NRU,2020,69.9202204676336
NRU,2021,70.2704718524126
NRU,2022,70.6207080919845
NRU,2023,70.9709291863493
NRU,2024,71.321135135507
NZL,2000,99.9999993417981
NZL,2001,100
NZL,2002,100
NZL,2003,99.9999984462731
NZL,2004,99.9999993424079
NZL,2005,99.9999975084119
NZL,2006,100
NZL,2007,99.999996901465
NZL,2008,100
NZL,2009,99.9999975383469
NZL,2010,100
NZL,2011,99.9999988858894
NZL,2012,99.9999978085497
NZL,2013,100
NZL,2014,100
NZL,2015,100
NZL,2016,99.9999978251524
NZL,2017,99.9999952214353
NZL,2018,99.9999959549403
NZL,2019,99.9999954101942
NZL,2020,100
NZL,2021,99.9999956407702
NZL,2022,100
NZL,2023,99.999999971682
NZL,2024,100
OED,2000,95.83221525317543
OED,2001,95.9393290681127
OED,2002,96.08310874670542
OED,2003,96.22489027245047
OED,2004,96.3667928790195
OED,2005,96.50831950598956
OED,2006,96.65001860957744
OED,2007,96.79231030359391
OED,2008,96.92996973458943
OED,2009,97.06533652828891
OED,2010,97.20011725642877
OED,2011,97.32656026095859
OED,2012,97.45579132958707
OED,2013,97.58470624289916
OED,2014,97.7144566557564
OED,2015,97.8464687347594
OED,2016,97.97845669751585
OED,2017,98.09967882968206
OED,2018,98.21147494607263
OED,2019,98.31566177669657
OED,2020,98.41928529114959
OED,2021,98.50016365665168
OED,2022,98.573687279356065
OED,2023,98.63062182504851
OED,2024,98.6633368941469
OMN,2000,89.1558441928925
OMN,2001,89.1527859645842
OMN,2002,89.9116284921649
OMN,2003,90.6708884910228
OMN,2004,91.4715625397252
OMN,2005,92.2937638272692
OMN,2006,93.1032818281143
OMN,2007,93.9002107979075
OMN,2008,94.6847837073689
OMN,2009,95.4570743657186
OMN,2010,96.2174842174493
OMN,2011,96.9895887554529
OMN,2012,97.7533977258664
OMN,2013,98.4864188461934
OMN,2014,99.0454609162921
OMN,2015,99.3190102957444
OMN,2016,99.3192950863755
OMN,2017,99.3195652935256
OMN,2018,99.3198091795186
OMN,2019,99.3200354455114
OMN,2020,99.320248468501
OMN,2021,99.3204402699812
OMN,2022,99.3206203708609
OMN,2023,99.3207794038753
OMN,2024,99.3209329311967
OSS,2000,72.02310892971863
OSS,2001,72.3140473245346
OSS,2002,67.76054739812248
OSS,2003,68.25622868551189
OSS,2004,68.90953064861262
OSS,2005,69.6677546645404
OSS,2006,71.56607280410385
OSS,2007,72.28030665369387
OSS,2008,73.02191603408968
OSS,2009,73.76923984555991
OSS,2010,74.52499618611431
OSS,2011,75.27894075642142
OSS,2012,76.06340532952937
OSS,2013,76.85712530855909
OSS,2014,77.6657752681707
OSS,2015,78.50009682761926
OSS,2016,79.33673982051204
OSS,2017,80.18461702735826
OSS,2018,81.03849611616734
OSS,2019,81.8776278446538
OSS,2020,82.55219033153428
OSS,2021,83.19445275232242
OSS,2022,83.79760518911259
OSS,2023,84.3381897826745
OSS,2024,86.58198241108026
PAK,2000,36.3820444881262
PAK,2001,36.4704767337174
PAK,2002,36.5597990039308
PAK,2003,36.6491235332267
PAK,2004,38.3533268350512
PAK,2005,40.051948707326
PAK,2006,41.8712078550453
PAK,2007,43.6965924516825
PAK,2008,45.5276108650431
PAK,2009,47.3641982720808
PAK,2010,49.2066353675779
PAK,2011,51.0548082670217
PAK,2012,52.9086096866619
PAK,2013,54.7673079838163
PAK,2014,56.6314636170423
PAK,2015,58.5009708232225
PAK,2016,60.3757049658476
PAK,2017,62.2553089946578
PAK,2018,64.1435342442995
PAK,2019,66.0398368746477
PAK,2020,67.9433820948755
PAK,2021,69.8533376726557
PAK,2022,71.7686736729802
PAK,2023,71.8243245387853
PAK,2024,71.8828600416756
PAN,2000,62.5612964932235
PAN,2001,63.300048397865
PAN,2002,64.3589021380052
PAN,2003,65.4227494263176
PAN,2004,66.4912909784567
PAN,2005,67.5645305842362
PAN,2006,68.6424595699143
PAN,2007,69.7247974616696
PAN,2008,70.8121135731026
PAN,2009,71.9041216278813
PAN,2010,73.0005374055146
PAN,2011,74.1041771182907
PAN,2012,75.2147165198156
PAN,2013,76.3321222229942
PAN,2014,77.4566352300972
PAN,2015,78.5876693762409
PAN,2016,79.7251829235126
PAN,2017,80.8694181421993
PAN,2018,82.0200768210799
PAN,2019,83.1771159799322
PAN,2020,84.3402384762944
PAN,2021,85.5096832210543
PAN,2022,86.6851526856535
PAN,2023,87.8666162534578
PAN,2024,89.0540402475148
PER,2000,64.6899370720139
PER,2001,65.4068839269518
PER,2002,66.1134789664025
PER,2003,66.8103000461573
PER,2004,67.4970575513904
PER,2005,68.1735152494759
PER,2006,68.8406174970812
PER,2007,69.4977421323012
PER,2008,70.0979718244948
PER,2009,70.6712078070281
PER,2010,71.2400990831427
PER,2011,71.803986474928
PER,2012,72.3636014252996
PER,2013,72.9183194169617
PER,2014,73.4685325137981
PER,2015,74.0145820909902
PER,2016,74.5559040876133
PER,2017,75.0928493726003
PER,2018,75.6274098296364
PER,2019,76.1591748496731
PER,2020,76.6882865431078
PER,2021,77.2143581209312
PER,2022,77.7372734420618
PER,2023,78.2571577701354
PER,2024,78.7732036574365
PHL,2000,64.5780150363269
PHL,2001,65.0101350604839
PHL,2002,65.4430807592906
PHL,2003,65.8768513398554
PHL,2004,66.311449594431
PHL,2005,66.7468776426565
PHL,2006,67.1831301872284
PHL,2007,68.2064372279476
PHL,2008,69.2399098229444
PHL,2009,70.2836819040094
PHL,2010,71.3424056654417
PHL,2011,72.4331957075581
PHL,2012,73.5302350229801
PHL,2013,74.6335366418639
PHL,2014,75.7428560199161
PHL,2015,76.8582853974515
PHL,2016,77.9796692916052
PHL,2017,79.1077756692214
PHL,2018,80.2422384212533
PHL,2019,81.3825055793541
PHL,2020,82.5280655331601
PHL,2021,83.6784077055498
PHL,2022,84.8329995746262
PHL,2023,85.991294396015
PHL,2024,87.1527398416478
PLW,2000,92.3055211823769
PLW,2001,92.5732732194194
PLW,2002,92.8439227609951
PLW,2003,93.1174953662245
PLW,2004,93.5161878932532
PLW,2005,93.9036183333376
PLW,2006,94.2803727715843
PLW,2007,94.6464571391492
PLW,2008,95.0022925220304
PLW,2009,95.3478284028423
PLW,2010,95.6834729135313
PLW,2011,96.0093169387409
PLW,2012,96.3258137255761
PLW,2013,96.6329212315953
PLW,2014,96.931030387653
PLW,2015,97.2203841305645
PLW,2016,97.5006428774559
PLW,2017,97.7722965190515
PLW,2018,98.0358496591014
PLW,2019,98.2917742819101
PLW,2020,98.5405897338691
PLW,2021,98.7826866864938
PLW,2022,99.0185052265638
PLW,2023,99.0217636084131
PLW,2024,99.0248681264887
PNG,2000,16.2164700300816
PNG,2001,16.2062854132542
PNG,2002,16.197953472063
PNG,2003,16.1896215101361
PNG,2004,16.1808266451098
PNG,2005,16.6059135071294
PNG,2006,17.0313208013981
PNG,2007,17.4570499950418
PNG,2008,17.8830999336479
PNG,2009,18.2486172804539
PNG,2010,18.6101507749501
PNG,2011,18.9672978280348
PNG,2012,19.3208666166654
PNG,2013,19.6757982283776
PNG,2014,20.0317273970696
PNG,2015,20.3882856738352
PNG,2016,20.745116008719
PNG,2017,21.1018609699395
PNG,2018,21.4585108450562
PNG,2019,21.8143659983838
PNG,2020,22.169086312378
PNG,2021,22.5229636359759
PNG,2022,22.8753163799614
PNG,2023,23.2257913219562
PNG,2024,23.5743391458237
POL,2000,87.5745482145907
POL,2001,88.2568300626224
POL,2002,88.9353545903738
POL,2003,89.5946791670526
POL,2004,90.2562618468016
POL,2005,90.9202465624261
POL,2006,91.5867449958382
POL,2007,92.2555378641252
POL,2008,92.9266483730048
POL,2009,93.6002677787451
POL,2010,94.2762845397447
POL,2011,94.9547125941391
POL,2012,95.6349971602727
POL,2013,96.3180175161036
POL,2014,97.0037037873813
POL,2015,97.6921036491612
POL,2016,98.3831051859455
POL,2017,98.7966126825203
POL,2018,98.9554251030336
POL,2019,98.9575340330854
POL,2020,98.9575085375078
POL,2021,98.9573598717452
POL,2022,98.9570843478037
POL,2023,98.9566925447355
POL,2024,98.9561729534462
PRE,2000,22.48017386355806
PRE,2001,22.809747528860967
PRE,2002,23.348200650541102
PRE,2003,23.92987766383709
PRE,2004,24.521225393148985
PRE,2005,25.308117752553656
PRE,2006,26.052910352889942
PRE,2007,26.759448734320284
PRE,2008,27.56540011795981
PRE,2009,28.425332683343967
PRE,2010,29.284811305182487
PRE,2011,29.849263697383126
PRE,2012,30.742226752393233
PRE,2013,31.65298666346957
PRE,2014,32.55828961956079
PRE,2015,33.4572426712355
PRE,2016,34.35154613633646
PRE,2017,35.33966515665671
PRE,2018,36.19071308290153
PRE,2019,37.04517984263795
PRE,2020,37.89622582036165
PRE,2021,38.76405664231446
PRE,2022,39.74898749490039
PRE,2023,40.20083105279718
PRE,2024,40.758115286280976
PRI,2000,97.6257622005571
PRI,2001,97.8050783983287
PRI,2002,97.9843945961003
PRI,2003,98.1637107938719
PRI,2004,98.3430269916435
PRI,2005,98.522343189415
PRI,2006,98.7016593871866
PRI,2007,98.8809755849582
PRI,2008,99.0602917827298
PRI,2009,99.2396079805014
PRI,2010,99.418924178273
PRI,2011,99.5982403760446
PRI,2012,99.7775565738162
PRI,2013,99.9568727715878
PRI,2014,100
PRI,2015,100
PRI,2016,100
PRI,2017,100
PRI,2018,100
PRI,2019,100
PRI,2020,100
PRI,2021,100
PRI,2022,100
PRI,2023,100
PRI,2024,100
PRK,2000,NA
PRK,2001,NA
PRK,2002,75.1954267554782
PRK,2003,75.2058209642884
PRK,2004,75.2163527896403
PRK,2005,75.2267505195982
PRK,2006,75.2372785852435
PRK,2007,75.9237809171583
PRK,2008,76.6139843400435
PRK,2009,77.3190361028758
PRK,2010,78.0324089256356
PRK,2011,78.7499982089361
PRK,2012,79.4722787144222
PRK,2013,80.1989508804153
PRK,2014,80.9301775081677
PRK,2015,81.6658106218557
PRK,2016,82.4086074475707
PRK,2017,83.1584097748592
PRK,2018,83.9155776338149
PRK,2019,84.6194920966635
PRK,2020,84.6654650844227
PRK,2021,84.7140378530296
PRK,2022,84.7650382260713
PRK,2023,84.8184516885649
PRK,2024,NA
PRT,2000,97.6509233684472
PRT,2001,97.7681484102338
PRT,2002,97.8834679572702
PRT,2003,97.9973101774028
PRT,2004,98.1096749031417
PRT,2005,98.2205201292001
PRT,2006,98.3299181904217
PRT,2007,98.4378342320443
PRT,2008,98.5442996404821
PRT,2009,98.649279909145
PRT,2010,98.7528330142709
PRT,2011,98.8549411407512
PRT,2012,98.9556231886088
PRT,2013,99.0548734178937
PRT,2014,99.1527262690652
PRT,2015,99.2491933162673
PRT,2016,99.3443014964216
PRT,2017,99.43806801438
PRT,2018,99.5305100855018
PRT,2019,99.6200248701138
PRT,2020,99.6529221881304
PRT,2021,99.6623109186367
PRT,2022,99.6612544387821
PRT,2023,99.6602104639564
PRT,2024,99.6591815840337
PRY,2000,70.767087190756
PRY,2001,72.0502385165428
PRY,2002,73.3060100380697
PRY,2003,74.4672620916261
PRY,2004,75.6031403142363
PRY,2005,76.728771501701
PRY,2006,77.8439277858393
PRY,2007,78.9486876932809
PRY,2008,80.0433396656403
PRY,2009,81.1277039466521
PRY,2010,82.2018433166323
PRY,2011,83.2658343869198
PRY,2012,84.3199132953919
PRY,2013,85.3589778746888
PRY,2014,86.387257170265
PRY,2015,87.4068345992566
PRY,2016,88.4178947324525
PRY,2017,89.4202504452198
PRY,2018,90.415146711899
PRY,2019,91.4154881056866
PRY,2020,92.4079453626308
PRY,2021,93.3920477799252
PRY,2022,94.2434679233291
PRY,2023,95.2491802778514
PRY,2024,95.9347586765151
PSE,2000,90.2843720055734
PSE,2001,90.3396200979111
PSE,2002,90.3948305962946
PSE,2003,90.4499080847933
PSE,2004,90.935395618891
PSE,2005,91.4202595193558
PSE,2006,91.9045563015934
PSE,2007,92.3883325224338
PSE,2008,92.8715067384258
PSE,2009,93.3543676724512
PSE,2010,93.8369024914522
PSE,2011,94.3190277945478
PSE,2012,94.800706660906
PSE,2013,95.2818879253375
PSE,2014,95.7625423734235
PSE,2015,96.2425962734405
PSE,2016,96.7220200053128
PSE,2017,97.2007822905197
PSE,2018,97.6788204548577
PSE,2019,98.156123198693
PSE,2020,98.6215954059263
PSE,2021,99.0621470403227
PSE,2022,99.3771389277401
PSE,2023,99.3925426491979
PSE,2024,99.3950169288026
PSS,2000,64.4909219456506
PSS,2001,64.73163593864585
PSS,2002,64.96220350329497
PSS,2003,65.4283194703332
PSS,2004,65.8903396487602
PSS,2005,66.44958731060142
PSS,2006,66.89611982877614
PSS,2007,67.33352294959498
PSS,2008,67.72921122935684
PSS,2009,68.08191465507485
PSS,2010,68.3199754193594
PSS,2011,68.45000065280144
PSS,2012,68.56412764782063
PSS,2013,68.66284195793304
PSS,2014,68.75335065322173
PSS,2015,68.83568566741103
PSS,2016,68.90756524405381
PSS,2017,68.79292990556199
PSS,2018,68.67686899954448
PSS,2019,68.62164564452361
PSS,2020,68.52071396913985
PSS,2021,67.36133512007147
PSS,2022,67.05795619021191
PSS,2023,66.7578537588005
PSS,2024,66.55836311346413
PST,2000,98.84979766724445
PST,2001,98.86915881265834
PST,2002,98.88816233646112
PST,2003,98.90506482494177
PST,2004,98.92782455647034
PST,2005,98.95532470113646
PST,2006,98.98196083059366
PST,2007,99.00602657380304
PST,2008,99.0294505009854
PST,2009,99.05125504245372
PST,2010,99.07240342187097
PST,2011,99.0861907676973
PST,2012,99.09942515155663
PST,2013,99.11344476553374
PST,2014,99.12665308047201
PST,2015,99.13851716568665
PST,2016,99.15026725522344
PST,2017,99.16109676024962
PST,2018,99.17148845438015
PST,2019,99.19258978207282
PST,2020,99.19719542269786
PST,2021,99.19966828039149
PST,2022,99.22173873814299
PST,2023,99.23048515128795
PST,2024,99.2395483379772
PYF,2000,97.7746162663413
PYF,2001,97.763585986455
PYF,2002,97.7525557065687
PYF,2003,97.7415254266824
PYF,2004,97.7304951467961
PYF,2005,97.7194648669098
PYF,2006,97.7084345870236
PYF,2007,97.6974043071373
PYF,2008,97.686374027251
PYF,2009,97.6753437473647
PYF,2010,97.6643134674784
PYF,2011,97.6532831875921
PYF,2012,97.6422529077059
PYF,2013,97.6312226278196
PYF,2014,97.6201923479333
PYF,2015,97.609162068047
PYF,2016,97.5981317881607
PYF,2017,97.5871015082744
PYF,2018,97.5760712283881
PYF,2019,97.5650409485018
PYF,2020,97.5540106686156
PYF,2021,97.5429803887293
PYF,2022,97.531950108843
PYF,2023,97.5209198289567
PYF,2024,97.5098895490704
QAT,2000,99.9365492602027
QAT,2001,99.9365492602027
QAT,2002,99.9365492602027
QAT,2003,99.9365492602027
QAT,2004,99.9365492602027
QAT,2005,99.9365492602027
QAT,2006,99.9365492602027
QAT,2007,99.9365489991929
QAT,2008,99.9365487381809
QAT,2009,99.9365484771668
QAT,2010,99.9365482161506
QAT,2011,99.9365479551322
QAT,2012,99.9365476941116
QAT,2013,99.9365474330889
QAT,2014,99.9365471720641
QAT,2015,99.9365469110371
QAT,2016,99.936546650008
QAT,2017,99.9365463889767
QAT,2018,99.9365461279432
QAT,2019,99.9365458669077
QAT,2020,99.9365456058699
QAT,2021,99.9365453448301
QAT,2022,99.936545083788
QAT,2023,99.936545083788
QAT,2024,99.936545083788
ROU,2000,NA
ROU,2001,74.1221850215514
ROU,2002,74.0945506298244
ROU,2003,74.1452194428032
ROU,2004,74.1955058645708
ROU,2005,74.2457870285484
ROU,2006,75.1835159880533
ROU,2007,76.118166846837
ROU,2008,77.0497373536879
ROU,2009,77.9782248834449
ROU,2010,78.9036342216492
ROU,2011,79.8259688450856
ROU,2012,80.7099325881725
ROU,2013,81.5787881318127
ROU,2014,82.4485173692872
ROU,2015,83.3255001952095
ROU,2016,84.2094124497179
ROU,2017,85.0986005989272
ROU,2018,85.9929537766502
ROU,2019,86.8911090946585
ROU,2020,87.7922191507809
ROU,2021,88.6956428751098
ROU,2022,89.6004899502368
ROU,2023,90.505532492932
ROU,2024,90.5413612422841
RUS,2000,NA
RUS,2001,NA
RUS,2002,81.6606940878558
RUS,2003,81.6655198787968
RUS,2004,81.6723116501913
RUS,2005,81.6791040024383
RUS,2006,81.6858939304323
RUS,2007,82.2454451048795
RUS,2008,82.8056855793495
RUS,2009,83.3664393165315
RUS,2010,83.92804330417
RUS,2011,84.4903383941057
RUS,2012,85.0560724272836
RUS,2013,85.6253629696735
RUS,2014,86.1989352053169
RUS,2015,86.7766922089747
RUS,2016,87.3591528902794
RUS,2017,87.9466409875352
RUS,2018,88.5392414303968
RUS,2019,89.1372417555839
RUS,2020,89.7409453652069
RUS,2021,90.3506542509722
RUS,2022,90.9663797021895
RUS,2023,91.5886930920727
RUS,2024,92.2175878296841
RWA,2000,43.8876413678193
RWA,2001,45.6902028796929
RWA,2002,47.4611936352188
RWA,2003,49.0827278042719
RWA,2004,50.6829486597842
RWA,2005,52.2806585813749
RWA,2006,53.8759294452882
RWA,2007,55.4685962150806
RWA,2008,57.0587484402126
RWA,2009,58.6463993130751
RWA,2010,60.2315011971765
RWA,2011,61.8140834716847
RWA,2012,63.3941024387453
RWA,2013,64.9716279211285
RWA,2014,66.5451269597636
RWA,2015,68.1134578237063
RWA,2016,69.6758086260828
RWA,2017,71.2308954690674
RWA,2018,72.7776126104957
RWA,2019,74.315049479233707
RWA,2020,75.8419280137536
RWA,2021,77.3571126484404
RWA,2022,78.8594683891809
RWA,2023,80.3475631851087
RWA,2024,81.3307323783745
SAS,2000,16.647837112393844
SAS,2001,19.05394541811972
SAS,2002,21.619434259999604
SAS,2003,24.198682155671964
SAS,2004,26.793637952932805
SAS,2005,29.436062088585853
SAS,2006,32.09756687783882
SAS,2007,34.77807100757967
SAS,2008,37.477021661973986
SAS,2009,40.1929257302588
SAS,2010,42.92620659967137
SAS,2011,45.67716614078108
SAS,2012,48.44772327421198
SAS,2013,51.21812448759882
SAS,2014,54.02566578094836
SAS,2015,56.84937402008151
SAS,2016,59.689489068752955
SAS,2017,62.544665438374935
SAS,2018,65.41313863422134
SAS,2019,68.2929375209308
SAS,2020,71.09045393644773
SAS,2021,73.86133860849374
SAS,2022,76.62490024242
SAS,2023,79.37995942279346
SAS,2024,81.9597200048579
SAU,2000,NA
SAU,2001,NA
SAU,2002,NA
SAU,2003,NA
SAU,2004,NA
SAU,2005,NA
SAU,2006,NA
SAU,2007,NA
SAU,2008,NA
SAU,2009,NA
SAU,2010,NA
SAU,2011,NA
SAU,2012,NA
SAU,2013,97.5515166629486
SAU,2014,97.5565788684819
SAU,2015,97.5616457387732
SAU,2016,97.5667358551859
SAU,2017,97.5718278390654
SAU,2018,97.5769396449473
SAU,2019,97.5820275772784
SAU,2020,97.5871417429561
SAU,2021,97.5922328659359
SAU,2022,97.5973210358859
SAU,2023,97.6024090977173
SAU,2024,97.6074983619299
SDN,2000,17.3575354903131
SDN,2001,17.374607093096
SDN,2002,17.3916786977486
SDN,2003,17.4087500196024
SDN,2004,17.4258224608883
SDN,2005,19.1365769047278
SDN,2006,20.8471551509776
SDN,2007,22.8360801058185
SDN,2008,24.8798414748603
SDN,2009,26.985005939161
SDN,2010,29.1517069072564
SDN,2011,31.3797006029968
SDN,2012,33.6683780592082
SDN,2013,36.0176959149453
SDN,2014,38.4269401247106
SDN,2015,40.8962454458167
SDN,2016,43.424779800547
SDN,2017,46.0119565679027
SDN,2018,48.6574194730533
SDN,2019,51.3601722607621
SDN,2020,54.1197261681039
SDN,2021,56.9352476681987
SDN,2022,59.8058415120202
SDN,2023,62.7305457858252
SDN,2024,65.7085965688426
SEN,2000,36.6397850159843
SEN,2001,37.6230679917559
SEN,2002,38.6343782520626
SEN,2003,39.7038070707232
SEN,2004,40.8160197921212
SEN,2005,41.9259089969181
SEN,2006,43.0340621400577
SEN,2007,44.1399592498468
SEN,2008,45.2434542159987
SEN,2009,46.3440817777614
SEN,2010,47.4423428976999
SEN,2011,48.5377592186689
SEN,2012,49.6298898995035
SEN,2013,50.7188973203129
SEN,2014,51.8046299171747
SEN,2015,52.8890432398602
SEN,2016,53.9714940731355
SEN,2017,55.0521038030032
SEN,2018,56.1299701818744
SEN,2019,57.204943845452
SEN,2020,58.276399086684
SEN,2021,59.3441523766207
SEN,2022,60.407587055533
SEN,2023,61.4661335345473
SEN,2024,62.5195952667746
SGP,2000,100
SGP,2001,100
SGP,2002,100
SGP,2003,100
SGP,2004,100
SGP,2005,100
SGP,2006,100
SGP,2007,100
SGP,2008,100
SGP,2009,100
SGP,2010,100
SGP,2011,100
SGP,2012,100
SGP,2013,100
SGP,2014,100
SGP,2015,100
SGP,2016,100
SGP,2017,100
SGP,2018,100
SGP,2019,100
SGP,2020,100
SGP,2021,100
SGP,2022,100
SGP,2023,100
SGP,2024,100
SLB,2000,21.8188257252679
SLB,2001,22.0200324772691
SLB,2002,22.2253869365298
SLB,2003,22.4348909969671
SLB,2004,22.6485431199764
SLB,2005,23.2806567827526
SLB,2006,23.9183247473617
SLB,2007,24.5615868836554
SLB,2008,25.2110099133869
SLB,2009,25.8655809274752
SLB,2010,26.5258667445609
SLB,2011,27.1881944910187
SLB,2012,27.8531008197691
SLB,2013,28.5200623498988
SLB,2014,29.1885477185461
SLB,2015,29.8590956039926
SLB,2016,30.5306345641
SLB,2017,31.2036978531695
SLB,2018,31.8782846169849
SLB,2019,32.5533129184691
SLB,2020,33.2293129783629
SLB,2021,33.9057348441726
SLB,2022,34.1549727598984
SLB,2023,34.4025678319385
SLB,2024,34.6490737425976
SLE,2000,7.69468734199492
SLE,2001,7.92617092793216
SLE,2002,8.15825825383365
SLE,2003,8.39095201927437
SLE,2004,8.94954704248469
SLE,2005,9.53865069026283
SLE,2006,10.156650697941
SLE,2007,10.7956031143398
SLE,2008,11.4555098785818
SLE,2009,12.1362206469185
SLE,2010,12.837725625722
SLE,2011,13.5601796070667
SLE,2012,14.3035861709667
SLE,2013,15.0676033654272
SLE,2014,15.8525627081666
SLE,2015,16.6582857856538
SLE,2016,17.4849469878374
SLE,2017,18.3338579581936
SLE,2018,19.205484723374
SLE,2019,20.0997388519849
SLE,2020,21.0167123808123
SLE,2021,21.9564987659226
SLE,2022,22.9191878036943
SLE,2023,23.9048711595784
SLE,2024,24.9136362418086
SLV,2000,80.6037786224969
SLV,2001,80.6919918345083
SLV,2002,80.7798862617498
SLV,2003,81.1318629459244
SLV,2004,81.4794904202867
SLV,2005,81.8222708575253
SLV,2006,82.160813551355
SLV,2007,82.5029332594397
SLV,2008,82.8897095830639
SLV,2009,83.2704470759254
SLV,2010,83.6456953805782
SLV,2011,84.015819833389
SLV,2012,84.3807461910215
SLV,2013,84.7403911391232
SLV,2014,85.0952739178549
SLV,2015,85.445452477435
SLV,2016,85.789208776824
SLV,2017,86.1264645689972
SLV,2018,86.456582332616
SLV,2019,86.7364561760088
SLV,2020,87.0096574927862
SLV,2021,87.2765374387919
SLV,2022,87.5371472547157
SLV,2023,87.7919676704677
SLV,2024,88.0411163426053
SMR,2000,100
SMR,2001,100
SMR,2002,100
SMR,2003,100
SMR,2004,100
SMR,2005,100
SMR,2006,100
SMR,2007,100
SMR,2008,100
SMR,2009,100
SMR,2010,100
SMR,2011,100
SMR,2012,100
SMR,2013,100
SMR,2014,100
SMR,2015,100
SMR,2016,100
SMR,2017,100
SMR,2018,100
SMR,2019,100
SMR,2020,100
SMR,2021,100
SMR,2022,100
SMR,2023,100
SMR,2024,100
SOM,2000,20.1837885796287
SOM,2001,20.9631310018359
SOM,2002,21.7385524325851
SOM,2003,22.6666436152902
SOM,2004,23.5876311312832
SOM,2005,24.638573023739202
SOM,2006,25.6985522654712
SOM,2007,25.4724809628705
SOM,2008,26.8675518309153
SOM,2009,28.2620333243978
SOM,2010,29.6552314134568
SOM,2011,31.0429095384234
SOM,2012,32.0476374113968
SOM,2013,33.058251557305
SOM,2014,34.0748734228162
SOM,2015,35.0972405875154
SOM,2016,36.1250378584049
SOM,2017,37.1573619625344
SOM,2018,38.1938671112932
SOM,2019,39.2334053088705
SOM,2020,40.2756265135548
SOM,2021,41.3196817201459
SOM,2022,42.3649691614571
SOM,2023,43.4108945004739
SOM,2024,44.4568438332571
SRB,2000,95.5039510992611
SRB,2001,95.5024770214585
SRB,2002,95.5013470819749
SRB,2003,95.5005404334771
SRB,2004,95.5001274109086
SRB,2005,95.6679289682349
SRB,2006,95.836103340787
SRB,2007,96.0046710847047
SRB,2008,96.1735822880127
SRB,2009,96.3428666633317
SRB,2010,96.5124901506423
SRB,2011,96.6825231290354
SRB,2012,96.8502790858125
SRB,2013,97.0173317364733
SRB,2014,97.1845998620671
SRB,2015,97.3520264197285
SRB,2016,97.519678308202
SRB,2017,97.6881908970258
SRB,2018,97.8576090639596
SRB,2019,97.9156406613819
SRB,2020,97.9188486059038
SRB,2021,97.9231088276216
SRB,2022,97.9283883905418
SRB,2023,97.9347704722446
SRB,2024,97.9422983506613
SSA,2000,23.957557648645043
SSA,2001,24.26155993664109
SSA,2002,24.74914691831895
SSA,2003,25.269448844480824
SSA,2004,25.802409510883752
SSA,2005,26.4575722776904
SSA,2006,27.119899002732943
SSA,2007,27.784691064237393
SSA,2008,28.489585145011073
SSA,2009,29.211311295817154
SSA,2010,29.94337286222674
SSA,2011,30.38569039963244
SSA,2012,31.12497767501255
SSA,2013,31.880695881327814
SSA,2014,32.65732056204961
SSA,2015,33.45657357066838
SSA,2016,34.23685531335641
SSA,2017,35.103257361782276
SSA,2018,35.87249382310544
SSA,2019,36.67372041477611
SSA,2020,37.48113602618946
SSA,2021,38.33043827948844
SSA,2022,39.29630795107542
SSA,2023,39.73756994293475
SSA,2024,40.2813932268709
SSD,2000,NA
SSD,2001,NA
SSD,2002,NA
SSD,2003,NA
SSD,2004,NA
SSD,2005,NA
SSD,2006,NA
SSD,2007,NA
SSD,2008,NA
SSD,2009,NA
SSD,2010,NA
SSD,2011,6.98593579388276
SSD,2012,7.58007556158214
SSD,2013,8.20089254501599
SSD,2014,8.84915620851998
SSD,2015,9.52607939004663
SSD,2016,10.2323689883362
SSD,2017,10.968942628146
SSD,2018,11.737005779493
SSD,2019,12.537597565608401
SSD,2020,13.0864589618101
SSD,2021,13.6458281034803
SSD,2022,14.2167630894524
SSD,2023,14.3201319980044
SSD,2024,14.4282401482886
SSF,2000,21.870016350320867
SSF,2001,22.161555335292345
SSF,2002,22.618497297834235
SSF,2003,23.104945051164854
SSF,2004,23.60609196552865
SSF,2005,24.217790991865115
SSF,2006,24.836437839812756
SSF,2007,25.45757181855193
SSF,2008,26.118513457656906
SSF,2009,26.795633826622964
SSF,2010,27.48210074738526
SSF,2011,27.93528792265731
SSF,2012,28.629569439949552
SSF,2013,29.340970540192032
SSF,2014,30.071566295848033
SSF,2015,30.822242334967523
SSF,2016,31.554230392427723
SSF,2017,32.35473631914351
SSF,2018,33.073227204565214
SSF,2019,33.82350631279623
SSF,2020,34.57799236958896
SSF,2021,35.37018396622847
SSF,2022,36.25328311135063
SSF,2023,36.58676954815623
SSF,2024,37.10392502483764
SST,2000,72.79676976531503
SST,2001,73.10133583085617
SST,2002,70.12990123192101
SST,2003,70.59817495328655
SST,2004,71.17592003281156
SST,2005,73.6585558456861
SST,2006,74.82164285076126
SST,2007,75.38946122047992
SST,2008,75.97021640641867
SST,2009,76.54695448761252
SST,2010,77.11707716913689
SST,2011,77.66875995933968
SST,2012,78.23547699949485
SST,2013,78.81162170389702
SST,2014,79.3889722320452
SST,2015,79.97548213092988
SST,2016,80.55739490804943
SST,2017,81.12046812207194
SST,2018,81.66610804947828
SST,2019,82.20381777984221
SST,2020,82.43460933692006
SST,2021,82.80249059654328
SST,2022,83.18388159992261
SST,2023,83.48721131772272
SST,2024,84.84167400734614
STP,2000,20.7903937086521
STP,2001,21.9474707249804
STP,2002,23.1391737283234
STP,2003,24.3386290849609
STP,2004,25.5404255353565
STP,2005,26.8577839135173
STP,2006,28.1835957707981
STP,2007,29.5170578703442
STP,2008,30.857384929578
STP,2009,32.2032374350904
STP,2010,33.5544418305556
STP,2011,34.9099928554753
STP,2012,36.2694678517073
STP,2013,37.6279828671376
STP,2014,38.9858756147002
STP,2015,40.3427054934035
STP,2016,41.6983508891345
STP,2017,43.0527347494608
STP,2018,44.4058041526004
STP,2019,45.7575570286583
STP,2020,47.1080132831109
STP,2021,48.4573502739393
STP,2022,48.5350542796998
STP,2023,48.6086612768342
STP,2024,48.6785052753612
SUR,2000,78.0261256777533
SUR,2001,78.3498083783454
SUR,2002,78.6724770234777
SUR,2003,78.9935674670335
SUR,2004,79.3133628506981
SUR,2005,79.9454355206116
SUR,2006,80.5786141828713
SUR,2007,81.2158259074575
SUR,2008,81.8573477450076
SUR,2009,82.5034153738866
SUR,2010,83.1536012115357
SUR,2011,83.8081495753945
SUR,2012,84.4670825315891
SUR,2013,85.1304175026747
SUR,2014,85.8011033502861
SUR,2015,86.4788537727956
SUR,2016,87.1630073725614
SUR,2017,87.8530834622316
SUR,2018,88.5487221622628
SUR,2019,89.2491417475009
SUR,2020,89.9542117560027
SUR,2021,89.9622405684379
SUR,2022,89.9723387364091
SUR,2023,89.9842718946213
SUR,2024,89.9982745800564
SVK,2000,99.8249510243293
SVK,2001,99.8323941977163
SVK,2002,99.8348565220667
SVK,2003,99.6609124436808
SVK,2004,99.4697212161582
SVK,2005,99.2778705224537
SVK,2006,99.085354726035
SVK,2007,98.8921747745398
SVK,2008,98.6983446411072
SVK,2009,98.5038356202912
SVK,2010,98.3065426945289
SVK,2011,98.1082605200532
SVK,2012,97.9115016184272
SVK,2013,97.7141281271847
SVK,2014,97.516126759043
SVK,2015,97.5208284449085
SVK,2016,97.526250341086
SVK,2017,97.532398820711
SVK,2018,97.5317758845703
SVK,2019,97.5318474506964
SVK,2020,97.5326284865492
SVK,2021,97.5341310938748
SVK,2022,97.5363631509113
SVK,2023,97.5393256080188
SVK,2024,97.5429596376154
SVN,2000,99.1116751269035
SVN,2001,99.1116751269035
SVN,2002,99.1116751269035
SVN,2003,99.1116751269035
SVN,2004,99.1116751269035
SVN,2005,99.1116751269035
SVN,2006,99.1116751269035
SVN,2007,99.0583073018352
SVN,2008,99.004939476766907
SVN,2009,98.9515716516986
SVN,2010,98.8982038266302
SVN,2011,98.8448360015619
SVN,2012,98.7914681764936
SVN,2013,98.7381003514252
SVN,2014,98.6847325263569
SVN,2015,98.6313647012886
SVN,2016,98.5779968762202
SVN,2017,98.5246290511519
SVN,2018,98.4712612260836
SVN,2019,98.4178934010152
SVN,2020,98.3645255759469
SVN,2021,98.3111577508786
SVN,2022,98.3111577508786
SVN,2023,98.3111577508786
SVN,2024,98.3111577508786
SWE,2000,99.2347634124279
SWE,2001,99.2332384165328
SWE,2002,99.2277089490057
SWE,2003,99.2051754500928
SWE,2004,99.182623862092
SWE,2005,99.1600494494
SWE,2006,99.1374844622195
SWE,2007,99.1149041183548
SWE,2008,99.0922716215488
SWE,2009,99.0695949437167
SWE,2010,99.0468670356081
SWE,2011,99.0240725950998
SWE,2012,99.0011691334878
SWE,2013,98.9781745144205
SWE,2014,98.9550794456992
SWE,2015,98.9319079494218
SWE,2016,98.9086418804905
SWE,2017,98.8852906425608
SWE,2018,98.8618710894005
SWE,2019,98.8383650468889
SWE,2020,98.8147945547194
SWE,2021,98.7911500544417
SWE,2022,98.767447686991
SWE,2023,98.7436812461122
SWE,2024,98.743188223274
SWZ,2000,50.2519164138463
SWZ,2001,50.7480641733809
SWZ,2002,51.2776269086054
SWZ,2003,51.8180236273176
SWZ,2004,52.3689358798259
SWZ,2005,52.9308437622057
SWZ,2006,53.5034552326693
SWZ,2007,54.091290182986
SWZ,2008,54.7111665894608
SWZ,2009,55.3293473329565
SWZ,2010,55.9457205621273
SWZ,2011,56.5601896645653
SWZ,2012,57.1723082291424
SWZ,2013,57.7849166217817
SWZ,2014,58.3979502299524
SWZ,2015,59.0113147479488
SWZ,2016,59.6244143156364
SWZ,2017,60.236840423133
SWZ,2018,60.8480464368627
SWZ,2019,61.4575194811054
SWZ,2020,62.0647533053702
SWZ,2021,62.6692355268683
SWZ,2022,63.2702587161203
SWZ,2023,63.8676533294277
SWZ,2024,64.4605026249554
SXM,2000,98.3844236135577
SXM,2001,98.4149315325455
SXM,2002,98.4454394515333
SXM,2003,98.4759473705211
SXM,2004,98.5064552895088
SXM,2005,98.5369632084966
SXM,2006,98.5674711274844
SXM,2007,98.5979790464721
SXM,2008,98.6284869654599
SXM,2009,98.6589948844477
SXM,2010,98.6895028034355
SXM,2011,98.7200107224233
SXM,2012,98.750518641411
SXM,2013,98.7810265603988
SXM,2014,98.7810265603988
SXM,2015,98.7810265603988
SXM,2016,98.7810265603988
SXM,2017,98.7810265603988
SXM,2018,NA
SXM,2019,NA
SXM,2020,NA
SXM,2021,NA
SXM,2022,NA
SXM,2023,NA
SXM,2024,NA
SYC,2000,95.4940997507991
SYC,2001,95.6912191218088
SYC,2002,95.8883384928185
SYC,2003,96.0854578638281
SYC,2004,96.2825772348378
SYC,2005,96.4796966058475
SYC,2006,96.6768159768572
SYC,2007,96.8739353478668
SYC,2008,97.0710547188765
SYC,2009,97.2681740898861
SYC,2010,97.4652934608958
SYC,2011,97.6624128319055
SYC,2012,97.8595322029151
SYC,2013,98.0566515739248
SYC,2014,98.2537709449345
SYC,2015,98.4508903159442
SYC,2016,98.6480096869539
SYC,2017,98.8451290579635
SYC,2018,98.8746286644801
SYC,2019,98.885830584073
SYC,2020,98.8969906145227
SYC,2021,98.8985665517452
SYC,2022,99.7
SYC,2023,99.7
SYC,2024,99.7
SYR,2000,88.4362434436707
SYR,2001,88.5934283502185
SYR,2002,88.7492874257757
SYR,2003,88.9036732275118
SYR,2004,89.0567218578073
SYR,2005,89.4008999377627
SYR,2006,89.7438154668414
SYR,2007,90.0855961151044
SYR,2008,90.4260958959399
SYR,2009,90.765252574693
SYR,2010,91.1032333325641
SYR,2011,91.3661532755884
SYR,2012,91.6346537137352
SYR,2013,91.9089982459699
SYR,2014,92.1891347366773
SYR,2015,92.5483239351902
SYR,2016,92.9046403526053
SYR,2017,93.258034132691
SYR,2018,93.6084625778636
SYR,2019,93.9559328365603
SYR,2020,94.3003801258049
SYR,2021,94.6418305675614
SYR,2022,94.980328483975
SYR,2023,95.3158526472943
SYR,2024,95.6484324566991
TCA,2000,NA
TCA,2001,NA
TCA,2002,NA
TCA,2003,NA
TCA,2004,NA
TCA,2005,NA
TCA,2006,NA
TCA,2007,NA
TCA,2008,NA
TCA,2009,NA
TCA,2010,NA
TCA,2011,NA
TCA,2012,NA
TCA,2013,NA
TCA,2014,NA
TCA,2015,NA
TCA,2016,93.1209288772918
TCA,2017,93.1258920918043
TCA,2018,93.1305309193473
TCA,2019,93.1348642536176
TCA,2020,93.1389142647071
TCA,2021,93.1426950995276
TCA,2022,93.1462139429881
TCA,2023,93.1495232967179
TCA,2024,93.1525997991534
TCD,2000,9.69267435850219
TCD,2001,9.7751135418566
TCD,2002,9.85770983495689
TCD,2003,9.94081082830359
TCD,2004,10.0242446229249
TCD,2005,10.1080110721991
TCD,2006,10.1921113947544
TCD,2007,10.2767459840374
TCD,2008,10.3615175647599
TCD,2009,10.4835847980319
TCD,2010,10.6144013332631
TCD,2011,10.7545443393763
TCD,2012,10.9048548883194
TCD,2013,11.0657152698931
TCD,2014,11.2377495765285
TCD,2015,11.421878644262
TCD,2016,11.6187911677525
TCD,2017,11.8291930674672
TCD,2018,12.0541194503815
TCD,2019,12.2940184363217
TCD,2020,12.5503209104072
TCD,2021,12.823518442494
TCD,2022,12.9220668166821
TCD,2023,13.0279538007946
TCD,2024,13.1415290614475
TEA,2000,56.33102629134963
TEA,2001,57.23191120600209
TEA,2002,59.11389237112971
TEA,2003,60.996361074470585
TEA,2004,62.85986332894395
TEA,2005,64.70642424792604
TEA,2006,66.51923610121277
TEA,2007,68.33201996594877
TEA,2008,70.12362795451207
TEA,2009,71.89244923126996
TEA,2010,73.63842379311677
TEA,2011,75.35147455254263
TEA,2012,77.04129750041818
TEA,2013,78.71033056674588
TEA,2014,80.35947348529388
TEA,2015,81.98801037559628
TEA,2016,83.59698668985993
TEA,2017,85.18639413840647
TEA,2018,86.75146863069025
TEA,2019,88.29368338945142
TEA,2020,89.81271401608862
TEA,2021,91.31104925509821
TEA,2022,92.67386537426201
TEA,2023,93.91948025313985
TEA,2024,94.26027468094586
TEC,2000,NA
TEC,2001,NA
TEC,2002,86.59865884872123
TEC,2003,86.85792895158922
TEC,2004,87.13528333887461
TEC,2005,87.42984112390792
TEC,2006,87.77234782028538
TEC,2007,88.2904260085122
TEC,2008,88.80759179139882
TEC,2009,89.31963750400752
TEC,2010,89.82994375711722
TEC,2011,90.3368622943898
TEC,2012,90.83763615363053
TEC,2013,91.33738204977304
TEC,2014,91.83595256047501
TEC,2015,92.33214595381276
TEC,2016,92.82980934253843
TEC,2017,93.304905740005
TEC,2018,93.75999570373202
TEC,2019,94.18895861892092
TEC,2020,94.60682226941977
TEC,2021,94.92538906251843
TEC,2022,95.20928821597536
TEC,2023,95.49657289291065
TEC,2024,95.75576396932284
TGO,2000,8.03359662210635
TGO,2001,8.26404186167869
TGO,2002,8.49612982372265
TGO,2003,8.7296739646634
TGO,2004,8.96468393915561
TGO,2005,9.61445795262473
TGO,2006,10.2925202802465
TGO,2007,10.9986369472506
TGO,2008,11.7327806563873
TGO,2009,12.493855912589
TGO,2010,13.2824677060048
TGO,2011,14.1028173218821
TGO,2012,14.9528006713975
TGO,2013,15.8290583040509
TGO,2014,16.7317561082878
TGO,2015,17.6606158910418
TGO,2016,18.6162879264339
TGO,2017,19.5982705218929
TGO,2018,20.6062840876452
TGO,2019,21.6400439153227
TGO,2020,22.6992561746885
TGO,2021,23.7836212231427
TGO,2022,24.8925910881783
TGO,2023,25.0297462105085
TGO,2024,25.1681056691569
THA,2000,92.1750602372757
THA,2001,92.4269815292223
THA,2002,92.6825085503493
THA,2003,92.9418411854686
THA,2004,93.2050846909476
THA,2005,93.4725323543909
THA,2006,93.7441160220544
THA,2007,94.0200504764456
THA,2008,94.3003992134307
THA,2009,94.5853633004337
THA,2010,94.8749317339833
THA,2011,95.1764985756383
THA,2012,95.4825472825224
THA,2013,95.7914583178376
THA,2014,96.1032346574694
THA,2015,96.417885275126
THA,2016,96.7354102291453
THA,2017,97.0558447818026
THA,2018,97.3791754669481
THA,2019,97.705394777576
THA,2020,98.0344733663979
THA,2021,98.3663780543942
THA,2022,98.7010762721829
THA,2023,99.0385374392322
THA,2024,99.3504878190651
TJK,2000,91.5699996065089
TJK,2001,91.8092789104417
TJK,2002,92.048248339145
TJK,2003,92.2869078236657
TJK,2004,92.525239461931207
TJK,2005,92.7632910189712
TJK,2006,93.0010371753061
TJK,2007,93.2384821622591
TJK,2008,93.4756158486128
TJK,2009,93.7124382355308
TJK,2010,93.9489613656333
TJK,2011,94.185174547708
TJK,2012,94.4209455801784
TJK,2013,94.6560052528961
TJK,2014,94.8900877135893
TJK,2015,95.1229285632346
TJK,2016,95.3542477429458
TJK,2017,95.5837707483272
TJK,2018,95.8112529374464
TJK,2019,95.9706194331764
TJK,2020,95.9796685499025
TJK,2021,95.98782600032
TJK,2022,95.9951184722517
TJK,2023,95.9857039731115
TJK,2024,NA
TKM,2000,93.3187665874563
TKM,2001,93.3098698647818
TKM,2002,93.3009582565221
TKM,2003,93.2921017323084
TKM,2004,93.283297506944
TKM,2005,93.6603556052315
TKM,2006,94.0385120989703
TKM,2007,94.4179027341964
TKM,2008,94.7888881171857
TKM,2009,95.1582461913449
TKM,2010,95.5291246544019
TKM,2011,95.901679888436007
TKM,2012,96.2760286614644
TKM,2013,96.6523278427633
TKM,2014,97.0307986182985
TKM,2015,97.4115357683835
TKM,2016,97.7947178741168
TKM,2017,98.1805141094557
TKM,2018,98.5690477632557
TKM,2019,98.960474453072
TKM,2020,99.3549516187618
TKM,2021,99.7409287319658
TKM,2022,99.7391494278379
TKM,2023,99.7373196526799
TKM,2024,99.7354493287639
TLA,2000,74.9746647038599
TLA,2001,75.69411314161567
TLA,2002,76.40457256128117
TLA,2003,77.11087743607584
TLA,2004,77.81247443373847
TLA,2005,78.55440141525577
TLA,2006,79.25210816652805
TLA,2007,79.9529971160982
TLA,2008,80.64882198120921
TLA,2009,81.34019382700103
TLA,2010,82.0317290834346
TLA,2011,82.71920057897695
TLA,2012,83.39658451819638
TLA,2013,84.06438618135262
TLA,2014,84.72782366556648
TLA,2015,85.38593215722913
TLA,2016,86.037157704974
TLA,2017,86.00984521380936
TLA,2018,86.6592707661214
TLA,2019,87.29779302577711
TLA,2020,87.91886851920313
TLA,2021,88.55751532705885
TLA,2022,89.21131974844913
TLA,2023,89.74864349698575
TLA,2024,90.20131328853903
TLS,2000,NA
TLS,2001,NA
TLS,2002,18.7862054534433
TLS,2003,21.2656644837503
TLS,2004,23.7373821027999
TLS,2005,26.1851944213066
TLS,2006,28.6397241043122
TLS,2007,31.0966445042485
TLS,2008,33.5563864330636
TLS,2009,36.0178392685678
TLS,2010,38.4806929868607
TLS,2011,40.9452765286363
TLS,2012,43.41056257646
TLS,2013,45.8762265623181
TLS,2014,48.3422173517987
TLS,2015,50.808161320469
TLS,2016,53.273678577949
TLS,2017,55.7381542550198
TLS,2018,58.2016694124243
TLS,2019,60.663593946828
TLS,2020,63.1237035257288
TLS,2021,65.5812259785817
TLS,2022,68.0360936203576
TLS,2023,70.4877207394957
TLS,2024,72.935802279964
TMN,2000,62.462891558271295
TMN,2001,62.69386500481197
TMN,2002,62.94878659297289
TMN,2003,63.23615777871862
TMN,2004,64.11522284603521
TMN,2005,65.07441382501554
TMN,2006,66.08180708855684
TMN,2007,67.09858295183854
TMN,2008,68.07928601313792
TMN,2009,69.04469805520104
TMN,2010,70.03887836875785
TMN,2011,71.03615638043694
TMN,2012,72.03065355284599
TMN,2013,73.06508602394335
TMN,2014,74.10545662529397
TMN,2015,75.14966546206804
TMN,2016,76.20270995278027
TMN,2017,77.23853393448701
TMN,2018,78.22509902897676
TMN,2019,79.15848113079052
TMN,2020,80.0427921818105
TMN,2021,80.83447948896705
TMN,2022,81.67374357424252
TMN,2023,81.87881201484565
TMN,2024,82.09078767983628
TON,2000,89.1918092232378
TON,2001,89.1948394556071
TON,2002,89.1977672693598
TON,2003,89.200794074455
TON,2004,89.2038246506717
TON,2005,89.6551557415148
TON,2006,90.1063131747226
TON,2007,90.558457375061
TON,2008,91.0111252112613
TON,2009,91.4632691263774
TON,2010,91.914895774654
TON,2011,92.0921967178499
TON,2012,92.2619222236095
TON,2013,92.4258220900949
TON,2014,92.587068935407
TON,2015,92.7457956111317
TON,2016,92.9019205295168
TON,2017,93.0554424910355
TON,2018,93.2070910925577
TON,2019,93.3566618540617
TON,2020,93.5041088737025
TON,2021,93.6491554246251
TON,2022,93.7917923415777
TON,2023,93.9318098810781
TON,2024,93.933454352263
TSA,2000,16.647837112393844
TSA,2001,19.05394541811972
TSA,2002,21.619434259999604
TSA,2003,24.19868215567196
TSA,2004,26.793637952932805
TSA,2005,29.436062088585853
TSA,2006,32.09756687783883
TSA,2007,34.77807100757966
TSA,2008,37.477021661973986
TSA,2009,40.1929257302588
TSA,2010,42.92620659967137
TSA,2011,45.67716614078108
TSA,2012,48.44772327421198
TSA,2013,51.21812448759882
TSA,2014,54.025665780948344
TSA,2015,56.84937402008153
TSA,2016,59.689489068752955
TSA,2017,62.54466543837493
TSA,2018,65.41313863422135
TSA,2019,68.2929375209308
TSA,2020,71.09045393644773
TSA,2021,73.86133860849374
TSA,2022,76.62490024242
TSA,2023,79.37995942279345
TSA,2024,81.95972000485793
TSS,2000,21.87001635032087
TSS,2001,22.16155533529234
TSS,2002,22.61849729783423
TSS,2003,23.10494505116485
TSS,2004,23.60609196552865
TSS,2005,24.217790991865115
TSS,2006,24.836437839812756
TSS,2007,25.45757181855193
TSS,2008,26.118513457656906
TSS,2009,26.795633826622964
TSS,2010,27.482100747385264
TSS,2011,27.935287922657317
TSS,2012,28.62956943994955
TSS,2013,29.340970540192032
TSS,2014,30.071566295848033
TSS,2015,30.82224233496752
TSS,2016,31.55423039242773
TSS,2017,32.35473631914351
TSS,2018,33.073227204565214
TSS,2019,33.82350631279623
TSS,2020,34.57799236958896
TSS,2021,35.37018396622847
TSS,2022,36.25328311135063
TSS,2023,36.586769548156234
TSS,2024,37.10392502483764
TTO,2000,NA
TTO,2001,NA
TTO,2002,NA
TTO,2003,NA
TTO,2004,NA
TTO,2005,94.3756517863125
TTO,2006,94.3805673799329
TTO,2007,94.3855102571565
TTO,2008,94.3904280017838
TTO,2009,94.3953687318109
TTO,2010,94.3852371604895
TTO,2011,94.3740852058431
TTO,2012,94.3614743999076
TTO,2013,94.3476328778078
TTO,2014,94.3327824248919
TTO,2015,94.317158860963
TTO,2016,94.3009655351862
TTO,2017,94.2844344672468
TTO,2018,94.2677930697495
TTO,2019,94.251259726399
TTO,2020,94.2350621411755
TTO,2021,94.2194207686008
TTO,2022,94.204562265161
TTO,2023,94.1907029265778
TTO,2024,94.1780681697959
TUN,2000,77.6805623507761
TUN,2001,78.3012933034024
TUN,2002,79.2381759455373
TUN,2003,80.1731149302556
TUN,2004,81.0995386424089
TUN,2005,81.9968796979531
TUN,2006,82.8949793127084
TUN,2007,83.7929328669292
TUN,2008,84.6908993579876
TUN,2009,85.5886831809273
TUN,2010,86.4858177057762
TUN,2011,87.3826542238521
TUN,2012,88.2787188281284
TUN,2013,89.1734065275524
TUN,2014,90.0672030566408
TUN,2015,90.9610365626904
TUN,2016,91.8540914293083
TUN,2017,92.7457440160073
TUN,2018,93.6354735142668
TUN,2019,94.5224940632681
TUN,2020,95.4060813673203
TUN,2021,96.2856817943005
TUN,2022,97.1606271679566
TUN,2023,97.9849156132874
TUN,2024,98.5373409254893
TUR,2000,86.5326055844195
TUR,2001,86.6924044195484
TUR,2002,87.4876884090788
TUR,2003,88.2670291386027
TUR,2004,89.0308156718015
TUR,2005,89.7785316915136
TUR,2006,90.5110315275318
TUR,2007,91.2280737248533
TUR,2008,91.9302207848415
TUR,2009,92.6170977664848
TUR,2010,93.2892782391218
TUR,2011,93.9467893956226
TUR,2012,94.5901003264673
TUR,2013,95.2181862351683
TUR,2014,95.8319919153338
TUR,2015,96.4317908505569
TUR,2016,97.0180744384543
TUR,2017,97.5910900486757
TUR,2018,98.1513969936455
TUR,2019,98.6993304992011
TUR,2020,99.2307423449242
TUR,2021,99.2429248259355
TUR,2022,99.2548217497769
TUR,2023,99.2664132586442
TUR,2024,99.2777016762549
TUV,2000,78.9362425407756
TUV,2001,79.3657428797952
TUV,2002,79.792403408127
TUV,2003,80.2316998514364
TUV,2004,80.6725239368512
TUV,2005,81.1061453638606
TUV,2006,81.6022136044618
TUV,2007,82.0929697634575
TUV,2008,82.5784281170616
TUV,2009,83.0584767783353
TUV,2010,83.5331982349857
TUV,2011,84.0026188953189
TUV,2012,84.4667679679391
TUV,2013,84.9256140127628
TUV,2014,85.3791357361949
TUV,2015,85.8275541717816
TUV,2016,86.2711177988143
TUV,2017,86.7100762257543
TUV,2018,87.1446773088525
TUV,2019,87.5751591368596
TUV,2020,88.0017857400393
TUV,2021,88.424780639943
TUV,2022,88.8444072299231
TUV,2023,89.2608901052421
TUV,2024,89.674451389507
TZA,2000,3.44646184127631
TZA,2001,4.73290413603406
TZA,2002,6.02169752992319
TZA,2003,7.3420470245643
TZA,2004,8.68990145112376
TZA,2005,10.0407875300945
TZA,2006,11.3955838103187
TZA,2007,12.7548704063114
TZA,2008,14.1197491698762
TZA,2009,15.4903054261921
TZA,2010,16.8680409613497
TZA,2011,18.2532282424589
TZA,2012,19.6470733482155
TZA,2013,21.049832968174
TZA,2014,22.4616949820223
TZA,2015,23.8834363913571
TZA,2016,25.3153858621226
TZA,2017,26.7585271322434
TZA,2018,28.2133927251419
TZA,2019,29.6802357492442
TZA,2020,31.1602899873696
TZA,2021,32.6535108479798
TZA,2022,34.1608687863697
TZA,2023,35.6824982712263
TZA,2024,37.2193614570345
UGA,2000,14.7116633613524
UGA,2001,15.1044104366213
UGA,2002,15.4966529446954
UGA,2003,15.8883472908915
UGA,2004,16.2795981231902
UGA,2005,16.6697698999299
UGA,2006,17.0595600245412
UGA,2007,17.4484827686049
UGA,2008,17.8367866196346
UGA,2009,18.2241387733923
UGA,2010,18.6107811745522
UGA,2011,18.9965285314938
UGA,2012,19.3814718588075
UGA,2013,19.7651604775123
UGA,2014,20.1480923027985
UGA,2015,20.5299518497404
UGA,2016,20.9104342628765
UGA,2017,21.2895047336164
UGA,2018,21.6668720905552
UGA,2019,22.0428914452572
UGA,2020,22.4171466106688
UGA,2021,22.789614286416
UGA,2022,23.1603896161507
UGA,2023,23.5293222340079
UGA,2024,23.896386630237
UKR,2000,94.3966034938473
UKR,2001,94.5175683409695
UKR,2002,94.6431371878903
UKR,2003,94.771552584454
UKR,2004,94.9541705931486
UKR,2005,95.1373679572065
UKR,2006,95.3185357936314
UKR,2007,95.4986097698596
UKR,2008,95.6776417950995
UKR,2009,95.8555810343647
UKR,2010,96.0284615654647
UKR,2011,96.2008848286648
UKR,2012,96.3728907161999
UKR,2013,96.5444853667447
UKR,2014,96.7156593530627
UKR,2015,96.8342062972295
UKR,2016,96.9523458246156
UKR,2017,97.0700543014006
UKR,2018,97.1876990557354
UKR,2019,97.3052193099168
UKR,2020,97.3954990991366
UKR,2021,97.4790947349818
UKR,2022,97.5620782552435
UKR,2023,97.6443648371652
UKR,2024,97.7258264478011
UMC,2000,63.9187952672881
UMC,2001,64.70515421064786
UMC,2002,66.25458534710552
UMC,2003,67.79072224208198
UMC,2004,69.3184754951381
UMC,2005,70.84447325986488
UMC,2006,72.34931781632399
UMC,2007,73.8222679688899
UMC,2008,75.28188084516691
UMC,2009,76.72358606691209
UMC,2010,78.14569294739064
UMC,2011,79.53654983554624
UMC,2012,80.89989082709342
UMC,2013,82.24567666095443
UMC,2014,83.57328404444068
UMC,2015,84.88028500796467
UMC,2016,86.17219438143667
UMC,2017,87.31845696211771
UMC,2018,88.5872421793616
UMC,2019,89.80444609287916
UMC,2020,91.0010366741717
UMC,2021,92.14757516502716
UMC,2022,93.1858020844755
UMC,2023,94.12779989816508
UMC,2024,94.37768676982931
URY,2000,93.4676984029791
URY,2001,93.4893466298161
URY,2002,93.510286293680707
URY,2003,93.5306773335471
URY,2004,93.5503547896714
URY,2005,93.6843491795697
URY,2006,93.9897585152977
URY,2007,94.2928439253095
URY,2008,94.5937831802879
URY,2009,94.8926045747565
URY,2010,95.1895101700608
URY,2011,95.4845379432559
URY,2012,95.7751867461269
URY,2013,96.0641764624979
URY,2014,96.352485578308
URY,2015,96.6401328300575
URY,2016,96.9271658776364
URY,2017,97.2135571051318
URY,2018,97.4993671618489
URY,2019,97.784620083579
URY,2020,98.0693333151527
URY,2021,98.3535399904896
URY,2022,98.6365121038307
URY,2023,98.8933870836172
URY,2024,99.1507922342621
USA,2000,99.872730795484
USA,2001,99.8724443985302
USA,2002,99.8721627429703
USA,2003,99.8718811730402
USA,2004,99.871602174116
USA,2005,99.8713252821496
USA,2006,99.8710519405417
USA,2007,99.8707752095931
USA,2008,99.8705039493181
USA,2009,99.8702348006488
USA,2010,99.8705368602466
USA,2011,99.8480037254906
USA,2012,99.8259022136233
USA,2013,99.8042412350329
USA,2014,99.7830418254313
USA,2015,99.762325131109293
USA,2016,99.7420835602062
USA,2017,99.7223530086904
USA,2018,99.7031223122571
USA,2019,99.6844358089122
USA,2020,99.6662725669219
USA,2021,99.6486733885848
USA,2022,99.6316127279868
USA,2023,99.6151178147694
USA,2024,99.6182734760609
UZB,2000,93.3766111569877
UZB,2001,93.5376880221384
UZB,2002,93.6957052425144
UZB,2003,93.8505894484885
UZB,2004,94.0022883501432
UZB,2005,94.1508115621162
UZB,2006,94.2961900036945
UZB,2007,94.4383835544442
UZB,2008,94.5773829040307
UZB,2009,94.7131786514005
UZB,2010,94.8458120621379
UZB,2011,94.9701820730614
UZB,2012,95.0891018078637
UZB,2013,95.2086769326238
UZB,2014,95.3289091117186
UZB,2015,95.4497993116875
UZB,2016,95.5713512500574
UZB,2017,95.6935576486234
UZB,2018,95.8162707017891
UZB,2019,95.9392204824787
UZB,2020,96.0621184881157
UZB,2021,96.1847033375418
UZB,2022,96.30669347504
UZB,2023,96.4278294703949
UZB,2024,96.547826032469
VCT,2000,66.7294523137454
VCT,2001,68.2932876455311
VCT,2002,69.8685930812809
VCT,2003,71.4550338353597
VCT,2004,73.0525457928112
VCT,2005,74.6608057101443
VCT,2006,76.2797356313722
VCT,2007,77.9089003654313
VCT,2008,79.5483293300492
VCT,2009,81.1977080162168
VCT,2010,82.8568333078063
VCT,2011,84.5254997766492
VCT,2012,86.2035023550135
VCT,2013,87.8905519339678
VCT,2014,89.586601063137
VCT,2015,89.6149399647848
VCT,2016,89.6434827883976
VCT,2017,89.6721678912107
VCT,2018,89.7010629819102
VCT,2019,NA
VCT,2020,NA
VCT,2021,NA
VCT,2022,NA
VCT,2023,NA
VCT,2024,NA
VEN,2000,86.3991591939645
VEN,2001,86.9444513205468
VEN,2002,87.4897434471292
VEN,2003,88.0350355737115
VEN,2004,88.5803277002941
VEN,2005,89.1256198268765
VEN,2006,89.6709119534588
VEN,2007,90.2162040800412
VEN,2008,90.7614962066235
VEN,2009,91.3067883332061
VEN,2010,91.8520804597885
VEN,2011,92.3973725863708
VEN,2012,92.9426647129532
VEN,2013,93.4879568395357
VEN,2014,94.0332489661181
VEN,2015,94.5785410927004
VEN,2016,95.1238332192828
VEN,2017,95.6691253458652
VEN,2018,96.2144174724477
VEN,2019,96.7597095990301
VEN,2020,96.9860648116858
VEN,2021,97.0023571451138
VEN,2022,98.3955859787771
VEN,2023,98.3955859787771
VEN,2024,98.3955859787771
VGB,2000,96.7851983961345
VGB,2001,96.791263486763
VGB,2002,96.7973285773916
VGB,2003,96.8033936680201
VGB,2004,96.8094587586486
VGB,2005,96.8155238492771
VGB,2006,96.8215889399056
VGB,2007,96.8276540305341
VGB,2008,96.8337191211627
VGB,2009,96.8397842117912
VGB,2010,96.8458493024197
VGB,2011,96.8519143930482
VGB,2012,96.8579794836767
VGB,2013,96.8579794836767
VGB,2014,96.8579794836767
VGB,2015,96.8579794836767
VGB,2016,96.8579794836767
VGB,2017,NA
VGB,2018,NA
VGB,2019,NA
VGB,2020,NA
VGB,2021,NA
VGB,2022,NA
VGB,2023,NA
VGB,2024,NA
VIR,2000,99.0395649488659
VIR,2001,99.0495339073909
VIR,2002,99.0595028659159
VIR,2003,99.0694718244409
VIR,2004,99.079440782966
VIR,2005,99.089409741491
VIR,2006,99.099378700016
VIR,2007,99.109347658541
VIR,2008,99.119316617066
VIR,2009,99.129285575591
VIR,2010,99.1392545341161
VIR,2011,99.1492234926411
VIR,2012,99.1591924511661
VIR,2013,99.1691614096911
VIR,2014,99.1791303682161
VIR,2015,99.1890993267411
VIR,2016,99.1990682852662
VIR,2017,99.2090372437912
VIR,2018,99.2190062023162
VIR,2019,99.2289751608412
VIR,2020,99.2389441193662
VIR,2021,99.2489130778912
VIR,2022,99.2588820364163
VIR,2023,99.2588820364163
VIR,2024,99.2588820364163
VNM,2000,49.1489172818795
VNM,2001,51.1126663714229
VNM,2002,53.0643186028264
VNM,2003,55.0019694498601
VNM,2004,56.9263485038899
VNM,2005,58.966321324654
VNM,2006,61.0003176611455
VNM,2007,63.0278584517406
VNM,2008,65.0481671536166
VNM,2009,67.0613483120441
VNM,2010,69.0697259411946
VNM,2011,71.0691084361626
VNM,2012,73.0592696760739
VNM,2013,75.0388383321338
VNM,2014,77.008286684504
VNM,2015,78.9669212576084
VNM,2016,80.9140981082283
VNM,2017,82.8485783033642
VNM,2018,84.7702960974693
VNM,2019,86.6789932516384
VNM,2020,88.5744092568809
VNM,2021,90.4559668368841
VNM,2022,92.3237168322338
VNM,2023,94.0898634431677
VNM,2024,95.447026934425
VUT,2000,54.7109808046722
VUT,2001,54.7648829566551
VUT,2002,54.8191733536334
VUT,2003,54.8742326769124
VUT,2004,54.9296762921394
VUT,2005,54.6248564154339
VUT,2006,54.315607363214
VUT,2007,54.001715264459
VUT,2008,53.6833095586201
VUT,2009,53.3603409473561
VUT,2010,53.0140862870426
VUT,2011,52.6540863123359
VUT,2012,52.2923051836702
VUT,2013,51.9285986324004
VUT,2014,51.5629765041894
VUT,2015,51.1954457861803
VUT,2016,50.826109673151
VUT,2017,50.4548604763526
VUT,2018,50.0825530456951
VUT,2019,49.7088902543103
VUT,2020,49.3338166328635
VUT,2021,48.9569658031251
VUT,2022,48.5782563163716
VUT,2023,48.197355856503
VUT,2024,47.8141509828146
WLD,2000,54.76837863287515
WLD,2001,55.58487894186438
WLD,2002,57.340980813941044
WLD,2003,58.42132877629603
WLD,2004,59.55187241579081
WLD,2005,60.719974271815715
WLD,2006,61.89443253533499
WLD,2007,63.09120005839577
WLD,2008,64.2935844356698
WLD,2009,65.48648492688046
WLD,2010,66.67442022691785
WLD,2011,67.76294123486355
WLD,2012,68.94550548562594
WLD,2013,70.23142789741347
WLD,2014,71.41513230803265
WLD,2015,72.60266149721672
WLD,2016,73.78455901724455
WLD,2017,74.8617977662473
WLD,2018,76.02363384043126
WLD,2019,77.16213425198475
WLD,2020,78.2708510513365
WLD,2021,79.3459028330262
WLD,2022,80.44094027708041
WLD,2023,81.53750344508036
WLD,2024,82.15305934112072
WSM,2000,91.9576951837593
WSM,2001,91.9588441153795
WSM,2002,91.9572397043017
WSM,2003,91.9541841185767
WSM,2004,91.9511483539237
WSM,2005,92.2057450024926
WSM,2006,92.4608198651495
WSM,2007,92.7164186931518
WSM,2008,92.9725367356222
WSM,2009,93.2291209433411
WSM,2010,93.4861794457482
WSM,2011,93.7437084843245
WSM,2012,94.0015585083901
WSM,2013,94.2598072441115
WSM,2014,94.5185492730746
WSM,2015,94.7777698879904
WSM,2016,95.0374675364972
WSM,2017,95.2976717259871
WSM,2018,95.5585181223598
WSM,2019,95.8200173728915
WSM,2020,96.0821241161349
WSM,2021,96.3448273060741
WSM,2022,96.5989544610645
WSM,2023,96.8487142072358
WSM,2024,97.0991039585403
XKX,2000,NA
XKX,2001,NA
XKX,2002,NA
XKX,2003,NA
XKX,2004,NA
XKX,2005,NA
XKX,2006,NA
XKX,2007,NA
XKX,2008,NA
XKX,2009,NA
XKX,2010,NA
XKX,2011,NA
XKX,2012,NA
XKX,2013,NA
XKX,2014,NA
XKX,2015,NA
XKX,2016,NA
XKX,2017,NA
XKX,2018,NA
XKX,2019,NA
XKX,2020,NA
XKX,2021,NA
XKX,2022,NA
XKX,2023,NA
XKX,2024,NA
YEM,2000,43.4185272650508
YEM,2001,43.7166842861444
YEM,2002,44.0194283654926
YEM,2003,44.9249753275396
YEM,2004,45.8273231512099
YEM,2005,46.737084522042
YEM,2006,47.6441864752994
YEM,2007,48.5478342567652
YEM,2008,49.4478001068261
YEM,2009,50.3438521211975
YEM,2010,51.235755853278
YEM,2011,52.1227789441392
YEM,2012,53.0047122525844
YEM,2013,53.8818214244113
YEM,2014,54.7529231819499
YEM,2015,55.6182996414083
YEM,2016,56.4772672906306
YEM,2017,57.3296474501288
YEM,2018,58.1748003487901
YEM,2019,59.0129962088495
YEM,2020,59.8436190728003
YEM,2021,60.6660832932611
YEM,2022,61.480658139543
YEM,2023,62.2859746985692
YEM,2024,63.0827307655577
ZAF,2000,60.4973716866815
ZAF,2001,61.2759508701069
ZAF,2002,62.0623724472109
ZAF,2003,62.8465144848753
ZAF,2004,63.6233578866547
ZAF,2005,64.3920939153514
ZAF,2006,65.1530628772458
ZAF,2007,65.9061304060194
ZAF,2008,66.6513463502515
ZAF,2009,67.3878839823923
ZAF,2010,68.1161861329021
ZAF,2011,68.8359875393952
ZAF,2012,69.5473276761195
ZAF,2013,70.2497373907273
ZAF,2014,70.9435261806792
ZAF,2015,71.6284763129344
ZAF,2016,72.3045193020221
ZAF,2017,72.9715054204693
ZAF,2018,73.6294078282668
ZAF,2019,74.2781920666219
ZAF,2020,74.917857781457
ZAF,2021,75.5483071505453
ZAF,2022,76.169562634684
ZAF,2023,76.7816295496925
ZAF,2024,77.384521067613
ZMB,2000,21.0415384052929
ZMB,2001,21.6786889419233
ZMB,2002,22.413804959209
ZMB,2003,23.1443864562221
ZMB,2004,23.8700357388516
ZMB,2005,24.5900224977226
ZMB,2006,25.3042918374618
ZMB,2007,26.0121310175446
ZMB,2008,26.7137426857946
ZMB,2009,27.4075582632773
ZMB,2010,28.094335855896
ZMB,2011,28.7731031923329
ZMB,2012,29.4446855204494
ZMB,2013,30.1087309769234
ZMB,2014,30.7641759274322
ZMB,2015,31.4108659962422
ZMB,2016,32.0477720583314
ZMB,2017,32.674491350081
ZMB,2018,33.2903966380539
ZMB,2019,33.8947045843208
ZMB,2020,34.4868129715486
ZMB,2021,35.2442051458646
ZMB,2022,35.9950584575439
ZMB,2023,36.7391328457853
ZMB,2024,37.4763362189112
ZWE,2000,44.5170067494269
ZWE,2001,44.632782507168
ZWE,2002,44.8209715461033
ZWE,2003,44.8625993105655
ZWE,2004,44.881689855498
ZWE,2005,44.2555884952354
ZWE,2006,43.6313729086374
ZWE,2007,43.0093163519356
ZWE,2008,42.3891736287953
ZWE,2009,41.771197354799
ZWE,2010,41.1551654585239
ZWE,2011,40.5413099103148
ZWE,2012,39.929425197268
ZWE,2013,39.3197220289687
ZWE,2014,38.7170842481052
ZWE,2015,38.1206484665361
ZWE,2016,37.5291927779865
ZWE,2017,36.9416715486173
ZWE,2018,36.3571595127659
ZWE,2019,35.7743353702206
ZWE,2020,35.1923620543494
ZWE,2021,34.6099501611517
ZWE,2022,34.6178594063559
ZWE,2023,34.6283464803415
ZWE,2024,34.6414985324477
