iso3,year,basic_water
ABW,2000,95.23353621008
ABW,2001,95.3590561720825
ABW,2002,95.484576134085
ABW,2003,95.6100960960874
ABW,2004,95.7356160580899
ABW,2005,95.8611360200924
ABW,2006,95.9866559820949
ABW,2007,96.1121759440973
ABW,2008,96.2376959060998
ABW,2009,96.3632158681023
ABW,2010,96.4887358301048
ABW,2011,96.6142557921072
ABW,2012,96.7397757541097
ABW,2013,96.7397757541097
ABW,2014,96.7397757541097
ABW,2015,96.7397757541097
ABW,2016,96.7397757541097
ABW,2017,NA
ABW,2018,NA
ABW,2019,NA
ABW,2020,NA
ABW,2021,NA
ABW,2022,NA
ABW,2023,NA
ABW,2024,NA
AFE,2000,41.72415321010996
AFE,2001,42.36124569735636
AFE,2002,43.03518769372872
AFE,2003,43.76450450373818
AFE,2004,44.50987268288665
AFE,2005,45.34258123297924
AFE,2006,46.183283219831324
AFE,2007,46.995485637426725
AFE,2008,47.897006689112885
AFE,2009,48.80876562119863
AFE,2010,49.72175870541097
AFE,2011,50.44107805500349
AFE,2012,51.332652237177896
AFE,2013,52.23087212492248
AFE,2014,53.13897478949433
AFE,2015,54.0095159166252
AFE,2016,54.842433680594205
AFE,2017,55.69434757454056
AFE,2018,56.56936034662539
AFE,2019,57.4022346532126
AFE,2020,58.229480695385426
AFE,2021,59.058826557690736
AFE,2022,59.88626666503041
AFE,2023,60.76144532934317
AFE,2024,61.63617120285655
AFG,2000,29.7309664339367
AFG,2001,29.7629255070812
AFG,2002,31.8360773279001
AFG,2003,33.9086290770251
AFG,2004,35.9993546342258
AFG,2005,38.1080542246859
AFG,2006,40.2157630407476
AFG,2007,42.4294955631251
AFG,2008,44.6537922388598
AFG,2009,46.8885842088645
AFG,2010,49.1337948047642
AFG,2011,51.3896718184372
AFG,2012,53.6558094830286
AFG,2013,55.9321352223542
AFG,2014,58.2185747849882
AFG,2015,60.5153476686209
AFG,2016,62.8220704134542
AFG,2017,65.142136058033
AFG,2018,67.4758694595857
AFG,2019,69.8226976480641
AFG,2020,72.1820710205908
AFG,2021,74.5545259961346
AFG,2022,76.9392075646596
AFG,2023,78.926564391722
AFG,2024,80.8324374493852
AFW,2000,50.4016779043292
AFW,2001,51.35091750820859
AFW,2002,52.44338367862464
AFW,2003,53.5375191632245
AFW,2004,54.6354222041199
AFW,2005,55.737383732205494
AFW,2006,56.84257608800161
AFW,2007,57.945309763216166
AFW,2008,59.043764505802756
AFW,2009,60.143910466588814
AFW,2010,61.245928602485186
AFW,2011,62.35589495739997
AFW,2012,63.46462942945527
AFW,2013,64.5702422810871
AFW,2014,65.67900077122492
AFW,2015,66.7877641122912
AFW,2016,67.88859531048814
AFW,2017,68.98514479823197
AFW,2018,70.08631739838314
AFW,2019,71.16991536655894
AFW,2020,72.24889250637789
AFW,2021,73.32163540271459
AFW,2022,74.39508006000625
AFW,2023,75.46049783112908
AFW,2024,76.32686580602021
AGO,2000,37.8422368865436
AGO,2001,38.3388157469695
AGO,2002,38.8353924997189
AGO,2003,40.3965157225134
AGO,2004,41.9772367862102
AGO,2005,43.5743439976406
AGO,2006,45.0139996038983
AGO,2007,46.4686546771725
AGO,2008,47.9390179800655
AGO,2009,49.4231763682417
AGO,2010,50.922281472487
AGO,2011,52.4357414255652
AGO,2012,53.962934811933
AGO,2013,55.5032279600653
AGO,2014,57.0569115656449
AGO,2015,58.6196312007677
AGO,2016,60.1920620185519
AGO,2017,61.7735122104541
AGO,2018,63.3627907388021
AGO,2019,64.1599110373067
AGO,2020,64.9440305436538
AGO,2021,65.716257719435
AGO,2022,66.47632731978
AGO,2023,67.2244252588497
AGO,2024,67.9607422242112
ALB,2000,86.3970424808695
ALB,2001,86.9040698997327
ALB,2002,87.4516361586881
ALB,2003,87.9871911194175
ALB,2004,88.5105821172325
ALB,2005,89.0211900611453
ALB,2006,89.519134788664
ALB,2007,90.0041896316486
ALB,2008,90.4761525015769
ALB,2009,90.9344131913267
ALB,2010,91.3794795002437
ALB,2011,91.8108839327421
ALB,2012,92.2287796980299
ALB,2013,92.6315947140716
ALB,2014,93.0200532320908
ALB,2015,93.3943279564504
ALB,2016,93.7548764271568
ALB,2017,94.1020950646956
ALB,2018,94.4363940024548
ALB,2019,94.758223221518
ALB,2020,95.0680381522002
ALB,2021,95.0815150513051
ALB,2022,95.0945651327655
ALB,2023,95.107207538325
ALB,2024,95.1194270680062
AND,2000,99.9999977350507
AND,2001,99.9999981868428
AND,2002,100
AND,2003,100
AND,2004,99.999995252479
AND,2005,100
AND,2006,100
AND,2007,100
AND,2008,100
AND,2009,99.9999971715362
AND,2010,99.9999980431632
AND,2011,100
AND,2012,99.9999982821599
AND,2013,100
AND,2014,100
AND,2015,100
AND,2016,100
AND,2017,100
AND,2018,100
AND,2019,100
AND,2020,99.9999952180714
AND,2021,100
AND,2022,99.9999963147646
AND,2023,100
AND,2024,100
ARB,2000,79.09385033605318
ARB,2001,79.38498928957038
ARB,2002,79.68335736279815
ARB,2003,80.04703979169645
ARB,2004,80.40892838233822
ARB,2005,80.92351367474228
ARB,2006,81.46815231924981
ARB,2007,81.96826836047812
ARB,2008,82.7124545564306
ARB,2009,83.23583704585234
ARB,2010,83.70630863545041
ARB,2011,84.2721084424979
ARB,2012,84.81977432949219
ARB,2013,85.35866891080619
ARB,2014,85.85921739812215
ARB,2015,86.37443888074601
ARB,2016,86.86316685576422
ARB,2017,87.29435127259185
ARB,2018,87.70678010473392
ARB,2019,88.15106136029458
ARB,2020,88.60627804687262
ARB,2021,88.95167439618683
ARB,2022,89.37121312208421
ARB,2023,89.83060485032794
ARB,2024,90.27621095814034
ARE,2000,99.6158333255027
ARE,2001,99.6138918433509
ARE,2002,99.6347999053031
ARE,2003,99.655965555115
ARE,2004,99.6773760456002
ARE,2005,99.6990274979322
ARE,2006,99.7209168610159
ARE,2007,99.7430448059765
ARE,2008,99.7654123439436
ARE,2009,99.7879969026798
ARE,2010,99.8107941876286
ARE,2011,99.8338027658417
ARE,2012,99.857009861268
ARE,2013,99.8804113765895
ARE,2014,99.903989878004
ARE,2015,99.927750524332
ARE,2016,99.9516742010968
ARE,2017,99.9757617709263
ARE,2018,100
ARE,2019,99.9999978860586
ARE,2020,99.9999979225426
ARE,2021,100
ARE,2022,100
ARE,2023,99.9999970727207
ARE,2024,100
ARG,2000,96.2840256103646
ARG,2001,96.5228185604677
ARG,2002,96.755473929203
ARG,2003,96.9824151631383
ARG,2004,97.2043389305384
ARG,2005,97.421184805077
ARG,2006,97.633212136416
ARG,2007,97.8403603213706
ARG,2008,98.0428748675662
ARG,2009,98.2407366706243
ARG,2010,98.434051534291
ARG,2011,98.6218573444855
ARG,2012,98.8052992922814
ARG,2013,98.8642047608292
ARG,2014,98.9232481866542
ARG,2015,98.9823076742804
ARG,2016,99.0413738458383
ARG,2017,NA
ARG,2018,NA
ARG,2019,NA
ARG,2020,NA
ARG,2021,NA
ARG,2022,NA
ARG,2023,NA
ARG,2024,NA
ARM,2000,95.6686709319985
ARM,2001,95.8831045898119
ARM,2002,96.1112432491429
ARM,2003,96.3451158105318
ARM,2004,96.5805389121638
ARM,2005,96.8174664083954
ARM,2006,97.0560181785414
ARM,2007,97.2960930151798
ARM,2008,97.5377930144249
ARM,2009,97.7810340877485
ARM,2010,98.0258624289459
ARM,2011,98.272291670612
ARM,2012,98.5203266865955
ARM,2013,98.7705613555546
ARM,2014,99.0173502975581
ARM,2015,99.2198934316356
ARM,2016,99.320044924050407
ARM,2017,99.420451960465
ARM,2018,99.462639280417
ARM,2019,99.4591789118501
ARM,2020,99.4561137881716
ARM,2021,99.4534764633698
ARM,2022,99.9128544293373
ARM,2023,99.9222036184019
ARM,2024,99.9315721509168
ASM,2000,95.0344768560381
ASM,2001,95.2698888592873
ASM,2002,95.5053008625365
ASM,2003,95.7407128657857
ASM,2004,95.9761248690348
ASM,2005,96.2115368722841
ASM,2006,96.4469488755332
ASM,2007,96.6823608787824
ASM,2008,96.9177728820316
ASM,2009,97.1531848852808
ASM,2010,97.3885968885299
ASM,2011,97.6240088917791
ASM,2012,97.8594208950283
ASM,2013,98.0948328982775
ASM,2014,98.3302449015267
ASM,2015,98.5656569047758
ASM,2016,98.801068908025
ASM,2017,99.0364809112742
ASM,2018,99.2718929145234
ASM,2019,99.5073049177726
ASM,2020,99.7427169210217
ASM,2021,99.9781289242709
ASM,2022,100
ASM,2023,100
ASM,2024,100
ATG,2000,97.4577878338136
ATG,2001,97.5248437141817
ATG,2002,97.5893217683329
ATG,2003,97.6549763744198
ATG,2004,97.7217760832298
ATG,2005,97.7897055772759
ATG,2006,97.8587455751822
ATG,2007,97.9288759157596
ATG,2008,98.0000819253765
ATG,2009,98.0723568247824
ATG,2010,98.1456600056125
ATG,2011,98.2201657181989
ATG,2012,98.2971057730873
ATG,2013,98.3743397990659
ATG,2014,98.4518716600129
ATG,2015,98.5296965955538
ATG,2016,98.6078413769816
ATG,2017,98.6862412364466
ATG,2018,98.7648515516048
ATG,2019,98.8436169017974
ATG,2020,98.9224941519798
ATG,2021,98.9226250605056
ATG,2022,98.9227120997739
ATG,2023,98.9227464138028
ATG,2024,98.9227269324043
AUS,2000,99.7122967555461
AUS,2001,99.7112430397977
AUS,2002,99.7121919885478
AUS,2003,99.7343601568019
AUS,2004,99.7563424952725
AUS,2005,99.7781476301651
AUS,2006,99.7997730308655
AUS,2007,99.8212480845919
AUS,2008,99.8425531204552
AUS,2009,99.8636787110095
AUS,2010,99.8831426844635
AUS,2011,99.8919671201613
AUS,2012,99.9007717329478
AUS,2013,99.9095874586183
AUS,2014,99.9614825180861
AUS,2015,99.9700064923964
AUS,2016,99.9699685481919
AUS,2017,99.9699329598972
AUS,2018,99.9698940747082
AUS,2019,99.9698532048744
AUS,2020,99.9698157102474
AUS,2021,99.9697732704149
AUS,2022,99.9697269040604
AUS,2023,99.9696841388095
AUS,2024,99.9696359649334
AUT,2000,99.9999997318786
AUT,2001,100
AUT,2002,100
AUT,2003,100
AUT,2004,100
AUT,2005,100
AUT,2006,99.9999993859507
AUT,2007,99.9999988465267
AUT,2008,99.9999991552281
AUT,2009,99.999999017009
AUT,2010,100
AUT,2011,100
AUT,2012,100
AUT,2013,99.9999971905454
AUT,2014,100
AUT,2015,100
AUT,2016,100
AUT,2017,99.9999980909991
AUT,2018,100
AUT,2019,99.9999997360902
AUT,2020,99.9999975918171
AUT,2021,100
AUT,2022,99.999997328228
AUT,2023,100
AUT,2024,99.9999971947745
AZE,2000,75.5627604174925
AZE,2001,76.4735701189235
AZE,2002,77.3859207363957
AZE,2003,78.3004156072873
AZE,2004,79.2166351690635
AZE,2005,80.1342105544124
AZE,2006,81.0533923471331
AZE,2007,81.9743802928687
AZE,2008,82.8965426494473
AZE,2009,83.8200869435287
AZE,2010,84.7487471999046
AZE,2011,85.6816333472465
AZE,2012,86.6181028034085
AZE,2013,87.5577162731315
AZE,2014,88.4995796810973
AZE,2015,89.4430394265685
AZE,2016,90.3873981119226
AZE,2017,91.3319756877674
AZE,2018,92.2760684532057
AZE,2019,93.2188338102912
AZE,2020,94.1597003364215
AZE,2021,95.0977447085139
AZE,2022,96.0035655798849
AZE,2023,96.8490385896936
AZE,2024,97.6880841665339
BDI,2000,49.9050035081871
BDI,2001,50.6076370665848
BDI,2002,51.3135864667635
BDI,2003,52.0224447392286
BDI,2004,52.7341459347256
BDI,2005,53.4486364755219
BDI,2006,54.1661932522389
BDI,2007,54.8864129509112
BDI,2008,55.6098997229937
BDI,2009,56.3355825265759
BDI,2010,57.0647160568921
BDI,2011,57.7968901680733
BDI,2012,58.5316929409599
BDI,2013,59.2700188901238
BDI,2014,60.0108002103421
BDI,2015,60.754598685409
BDI,2016,61.5013152508053
BDI,2017,62.2508547109649
BDI,2018,63.0031105309043
BDI,2019,63.7579908768374
BDI,2020,64.4028716190814
BDI,2021,65.0493033882129
BDI,2022,65.6975597350143
BDI,2023,65.8069881708757
BDI,2024,65.9191041847553
BEL,2000,99.9999953394811
BEL,2001,99.9999973086871
BEL,2002,100
BEL,2003,99.9999968589093
BEL,2004,100
BEL,2005,100
BEL,2006,100
BEL,2007,100
BEL,2008,99.9999989331379
BEL,2009,100
BEL,2010,100
BEL,2011,100
BEL,2012,100
BEL,2013,100
BEL,2014,100
BEL,2015,99.9999977589531
BEL,2016,99.9999981505316
BEL,2017,100
BEL,2018,99.9999964912518
BEL,2019,100
BEL,2020,100
BEL,2021,99.9999987625062
BEL,2022,100
BEL,2023,99.9999973101139
BEL,2024,100
BEN,2000,61.053428974703
BEN,2001,61.4110451186381
BEN,2002,61.7826864714812
BEN,2003,62.177768242791
BEN,2004,62.5694755970266
BEN,2005,62.9572986699117
BEN,2006,63.3414202893598
BEN,2007,63.722003378885
BEN,2008,64.0987736405784
BEN,2009,64.471280030876
BEN,2010,64.8398943690565
BEN,2011,65.2045676976255
BEN,2012,65.5652472683148
BEN,2013,65.9215151449037
BEN,2014,66.2745990254867
BEN,2015,66.6240261475915
BEN,2016,66.9697053582587
BEN,2017,67.3115299235489
BEN,2018,67.6494113960798
BEN,2019,67.9832516982572
BEN,2020,68.3129505616936
BEN,2021,68.6381245479094
BEN,2022,68.9589815769274
BEN,2023,69.2752913846942
BEN,2024,69.5868397867067
BFA,2000,55.6390919539438
BFA,2001,55.8329037014079
BFA,2002,55.6114304370044
BFA,2003,55.3903115715643
BFA,2004,55.1712862578843
BFA,2005,54.9540483069105
BFA,2006,54.7404102452083
BFA,2007,54.4775122533974
BFA,2008,54.1709291046909
BFA,2009,53.8607620569165
BFA,2010,53.5481792484168
BFA,2011,53.2337210751368
BFA,2012,52.9175711215547
BFA,2013,52.6002657451869
BFA,2014,52.2827255201391
BFA,2015,51.9651331528119
BFA,2016,51.6480569278797
BFA,2017,51.3308302109352
BFA,2018,51.0143648746902
BFA,2019,50.6996167671279
BFA,2020,50.3862637931321
BFA,2021,50.0752719507407
BFA,2022,49.7662606215165
BFA,2023,49.4606606678806
BFA,2024,49.9986600107497
BGD,2000,94.5566591015105
BGD,2001,94.7286986016594
BGD,2002,94.905268719924507
BGD,2003,95.0805824631407
BGD,2004,95.2545490019723
BGD,2005,95.4615869207047
BGD,2006,95.6665612927773
BGD,2007,95.8693613830189
BGD,2008,96.0698868772065
BGD,2009,96.2680515706038
BGD,2010,96.4638392169857
BGD,2011,96.6571382365005
BGD,2012,96.8477733718652
BGD,2013,97.035648544406
BGD,2014,97.220803624287
BGD,2015,97.4031438216165
BGD,2016,97.5826981722131
BGD,2017,97.7594255729943
BGD,2018,97.933316165493
BGD,2019,98.1043633059551
BGD,2020,98.2725719690138
BGD,2021,98.4379436580879
BGD,2022,98.5792972461401
BGD,2023,98.6816683567859
BGD,2024,98.7825421934741
BGR,2000,99.7377221618343
BGR,2001,99.7079288676967
BGR,2002,99.678880786955
BGR,2003,99.6504220277504
BGR,2004,99.6225650156801
BGR,2005,99.5952857314263
BGR,2006,99.5685847178938
BGR,2007,99.5424563841982
BGR,2008,99.5168989901261
BGR,2009,99.4918883371775
BGR,2010,99.4674443238524
BGR,2011,99.4435439260654
BGR,2012,99.4202191539046
BGR,2013,99.3974782704321
BGR,2014,99.3753090063738
BGR,2015,99.3537331088916
BGR,2016,99.3327228860736
BGR,2017,99.3123099116754
BGR,2018,99.292449043955
BGR,2019,99.2731656499931
BGR,2020,99.2544596990953
BGR,2021,99.2363227360567
BGR,2022,99.2187440542721
BGR,2023,99.2017331871692
BGR,2024,99.1852515713458
BHR,2000,99.958665400505
BHR,2001,99.9567270815289
BHR,2002,99.9547887625528
BHR,2003,99.9528504435767
BHR,2004,99.9509121246006
BHR,2005,99.9489738056245
BHR,2006,99.9470354866484
BHR,2007,99.9450971676723
BHR,2008,99.9431588486962
BHR,2009,99.9412205297201
BHR,2010,99.939282210744
BHR,2011,99.9373438917679
BHR,2012,99.9354055727918
BHR,2013,99.9334672538156
BHR,2014,99.9315289348395
BHR,2015,99.9295906158634
BHR,2016,99.9276522968873
BHR,2017,99.9257139779112
BHR,2018,99.9237756589351
BHR,2019,99.921837339959
BHR,2020,99.9198990209829
BHR,2021,99.9198990209829
BHR,2022,99.9198990209829
BHR,2023,99.9198990209829
BHR,2024,99.9198990209829
BHS,2000,98.0705934581737
BHS,2001,98.1289046419546
BHS,2002,98.1872158257356
BHS,2003,98.2455270095165
BHS,2004,98.3038381932975
BHS,2005,98.3621493770784
BHS,2006,98.4204605608593
BHS,2007,98.4787717446403
BHS,2008,98.5370829284212
BHS,2009,98.5953941122021
BHS,2010,98.6537052959831
BHS,2011,98.712016479764
BHS,2012,98.7703276635449
BHS,2013,98.8286388473259
BHS,2014,98.8869500311068
BHS,2015,98.9452612148878
BHS,2016,98.9452612148878
BHS,2017,98.9452612148878
BHS,2018,98.9452612148878
BHS,2019,98.9452612148878
BHS,2020,NA
BHS,2021,NA
BHS,2022,NA
BHS,2023,NA
BHS,2024,NA
BIH,2000,97.4048252713074
BIH,2001,97.319504252611
BIH,2002,97.2320116330882
BIH,2003,97.1423004507177
BIH,2004,97.0503974569639
BIH,2005,96.9562697238871
BIH,2006,96.8599179487528
BIH,2007,96.7613473898559
BIH,2008,96.6605523174734
BIH,2009,96.5575305327522
BIH,2010,96.4522822969049
BIH,2011,96.3448010624916
BIH,2012,96.2350673868213
BIH,2013,96.1231183417835
BIH,2014,96.008918332446
BIH,2015,96.0694403538991
BIH,2016,96.0724133360056
BIH,2017,96.1569041351994
BIH,2018,96.1478367143062
BIH,2019,96.1384735195781
BIH,2020,96.1287930670731
BIH,2021,96.1188407812551
BIH,2022,96.1086192936171
BIH,2023,96.0981021077665
BIH,2024,96.0873127231219
BLR,2000,97.8523126087327
BLR,2001,97.8488587505276
BLR,2002,97.8455566770834
BLR,2003,97.8422351567313
BLR,2004,97.9212434834377
BLR,2005,98.0009256778293
BLR,2006,98.081163773337
BLR,2007,98.1616148412989
BLR,2008,98.2423602894853
BLR,2009,98.3240931023965
BLR,2010,98.4067317637628
BLR,2011,98.4898792244549
BLR,2012,98.5737838074881
BLR,2013,98.658371398837
BLR,2014,98.7435395155894
BLR,2015,98.8292261861592
BLR,2016,98.9152496756769
BLR,2017,99.0015077424337
BLR,2018,99.0880364550957
BLR,2019,99.1750106647627
BLR,2020,99.2623480849323
BLR,2021,99.3932172039885
BLR,2022,99.8584120587223
BLR,2023,99.8755846398108
BLR,2024,99.8924920429612
BLZ,2000,89.4207966981103
BLZ,2001,89.6672176355809
BLZ,2002,89.9135823182955
BLZ,2003,90.1598864955055
BLZ,2004,90.4061362273858
BLZ,2005,90.6523242612086
BLZ,2006,90.8984562243048
BLZ,2007,91.1445369343611
BLZ,2008,91.3905513616233
BLZ,2009,91.6365142592411
BLZ,2010,91.8801627270239
BLZ,2011,92.1248741739695
BLZ,2012,92.3707609731193
BLZ,2013,92.6178797642057
BLZ,2014,92.8662134129202
BLZ,2015,93.1158763105632
BLZ,2016,93.3669304730938
BLZ,2017,93.6193465760244
BLZ,2018,93.8731706836075
BLZ,2019,94.1316195459167
BLZ,2020,94.3918809907388
BLZ,2021,94.6148163127858
BLZ,2022,94.7220374936113
BLZ,2023,94.8298821080115
BLZ,2024,94.8473253067341
BMU,2000,100
BMU,2001,100
BMU,2002,100
BMU,2003,100
BMU,2004,100
BMU,2005,100
BMU,2006,100
BMU,2007,100
BMU,2008,100
BMU,2009,100
BMU,2010,100
BMU,2011,100
BMU,2012,100
BMU,2013,100
BMU,2014,100
BMU,2015,100
BMU,2016,100
BMU,2017,100
BMU,2018,100
BMU,2019,100
BMU,2020,100
BMU,2021,100
BMU,2022,100
BMU,2023,100
BMU,2024,100
BOL,2000,81.2238988047302
BOL,2001,81.8386242036735
BOL,2002,82.4311855099011
BOL,2003,83.0130635028599
BOL,2004,83.5879589258241
BOL,2005,84.1552356884604
BOL,2006,84.715963142208
BOL,2007,85.2691692733434
BOL,2008,85.8158829165859
BOL,2009,86.3551793920247
BOL,2010,86.8874436823724
BOL,2011,87.4130245086648
BOL,2012,87.931656511904
BOL,2013,88.4281721555752
BOL,2014,88.9095566150389
BOL,2015,89.3856764745398
BOL,2016,89.856829031751
BOL,2017,90.322518307567
BOL,2018,90.7842800477343
BOL,2019,91.2290518215196
BOL,2020,91.6695086739786
BOL,2021,92.1056066930792
BOL,2022,92.5375227246145
BOL,2023,92.9647725892341
BOL,2024,93.3877494672031
BRA,2000,93.5416689721765
BRA,2001,93.871177189366
BRA,2002,94.1864278135922
BRA,2003,94.4949101012948
BRA,2004,94.796510365405
BRA,2005,95.0913772217223
BRA,2006,95.3798210203177
BRA,2007,95.6619556450111
BRA,2008,95.9378940948521
BRA,2009,96.2074114306889
BRA,2010,96.4709800912933
BRA,2011,96.7300307300568
BRA,2012,96.9831894902775
BRA,2013,97.230310353602
BRA,2014,97.4719067025274
BRA,2015,97.7078492139171
BRA,2016,97.921760549945
BRA,2017,98.1978808317894
BRA,2018,98.5580120515387
BRA,2019,98.773134154073
BRA,2020,99.0720677672897
BRA,2021,99.4272648803619
BRA,2022,99.6149419025106
BRA,2023,99.8980595100623
BRA,2024,99.9999987323028
BRB,2000,98.0685680611877
BRB,2001,98.1161361778788
BRB,2002,98.1637042945698
BRB,2003,98.2112724112608
BRB,2004,98.2588405279519
BRB,2005,98.3064086446429
BRB,2006,98.3539767613339
BRB,2007,98.4015448780249
BRB,2008,98.449112994716
BRB,2009,98.496681111407
BRB,2010,98.544249228098
BRB,2011,98.5918173447891
BRB,2012,98.6393854614801
BRB,2013,98.6869535781711
BRB,2014,98.7345216948622
BRB,2015,98.7820898115532
BRB,2016,98.8296579282442
BRB,2017,98.8772260449352
BRB,2018,98.9247941616263
BRB,2019,98.9723622783173
BRB,2020,99.0199303950083
BRB,2021,99.0674985116994
BRB,2022,99.1150666283904
BRB,2023,99.1626347450814
BRB,2024,99.1626347450814
BRN,2000,99.5610226883862
BRN,2001,99.5835794186549
BRN,2002,99.6061361489237
BRN,2003,99.6286928791924
BRN,2004,99.6512496094612
BRN,2005,99.6738063397299
BRN,2006,99.6963630699986
BRN,2007,99.7189198002674
BRN,2008,99.7414765305361
BRN,2009,99.7640332608049
BRN,2010,99.7865899910736
BRN,2011,99.8091467213424
BRN,2012,99.8317034516111
BRN,2013,99.8542601818798
BRN,2014,99.8768169121486
BRN,2015,99.8993736424173
BRN,2016,99.9000219255643
BRN,2017,99.9000444673207
BRN,2018,99.9000669989146
BRN,2019,99.9000895203528
BRN,2020,100
BRN,2021,100
BRN,2022,100
BRN,2023,100
BRN,2024,100
BTN,2000,83.7501240711568
BTN,2001,84.6535806640707
BTN,2002,85.6151812486618
BTN,2003,86.5628618532112
BTN,2004,87.4959833141751
BTN,2005,88.4084271837874
BTN,2006,89.2613067874058
BTN,2007,90.1032675931057
BTN,2008,90.9340269726951
BTN,2009,91.7530531120039
BTN,2010,92.5602860254371
BTN,2011,93.3554661162874
BTN,2012,94.1374950272393
BTN,2013,94.9064132984793
BTN,2014,95.6623573310029
BTN,2015,96.4055382033785
BTN,2016,97.1361403441531
BTN,2017,97.8543901425613
BTN,2018,98.426622147403
BTN,2019,98.9633804015347
BTN,2020,99.0775205402574
BTN,2021,99.1933487306505
BTN,2022,99.3108092905856
BTN,2023,99.4298614038042
BTN,2024,99.5465791835972
BWA,2000,75.45956642678
BWA,2001,75.7549489796856
BWA,2002,75.9139062526894
BWA,2003,76.0519848505784
BWA,2004,76.1888838062927
BWA,2005,76.3234089658612
BWA,2006,77.3793746447191
BWA,2007,78.8176379061459
BWA,2008,80.2083565652811
BWA,2009,81.548204891568
BWA,2010,82.8396938380661
BWA,2011,84.0822411614888
BWA,2012,85.1198176551296
BWA,2013,86.1035328726968
BWA,2014,87.0620077919626
BWA,2015,87.9952713631677
BWA,2016,88.9036684785342
BWA,2017,89.7870788598082
BWA,2018,90.6438201661521
BWA,2019,91.4749479975469
BWA,2020,91.5461365187927
BWA,2021,91.6110310251098
BWA,2022,91.6703014636918
BWA,2023,91.7236550803662
BWA,2024,91.7713640807246
CAF,2000,59.0104891106011
CAF,2001,57.8285760231061
CAF,2002,56.6533336515989
CAF,2003,55.4843767503789
CAF,2004,54.321703276721
CAF,2005,53.1725538897854
CAF,2006,52.0363869925111
CAF,2007,50.9129861465533
CAF,2008,49.801462843986
CAF,2009,48.7012778059616
CAF,2010,47.6121825064348
CAF,2011,46.5333196670966
CAF,2012,45.4644259836138
CAF,2013,44.4049337595255
CAF,2014,43.3540006911393
CAF,2015,42.3113468572103
CAF,2016,41.2766435897443
CAF,2017,40.2488145100733
CAF,2018,39.2275482962991
CAF,2019,38.2122663974409
CAF,2020,37.2024024961025
CAF,2021,36.1973817854423
CAF,2022,36.2950440146654
CAF,2023,36.3972597405494
CAF,2024,36.5040268237207
CAN,2000,99.5548066941218
CAN,2001,99.5594403921651
CAN,2002,99.5605310127561
CAN,2003,99.5616379756981
CAN,2004,99.5627264648411
CAN,2005,99.4969698010964
CAN,2006,99.4312610155848
CAN,2007,99.3664505915258
CAN,2008,99.3013182064874
CAN,2009,99.235861272703
CAN,2010,99.1700909228102
CAN,2011,99.1038601959252
CAN,2012,99.0365046606561
CAN,2013,98.9690828452765
CAN,2014,98.9015865745503
CAN,2015,98.8340306892804
CAN,2016,98.7664020547712
CAN,2017,98.6987271756663
CAN,2018,98.6309996680104
CAN,2019,98.5631782582907
CAN,2020,98.4952442433058
CAN,2021,98.4271662446964
CAN,2022,98.35892858848
CAN,2023,98.2905039744417
CAN,2024,98.2902608624259
CEB,2000,NA
CEB,2001,NA
CEB,2002,NA
CEB,2003,NA
CEB,2004,NA
CEB,2005,98.26095384052013
CEB,2006,98.31379848696318
CEB,2007,98.36232592076819
CEB,2008,98.40950068832788
CEB,2009,98.47409907372085
CEB,2010,98.34923155314758
CEB,2011,98.22258011364222
CEB,2012,98.09327651369226
CEB,2013,97.95864876421638
CEB,2014,97.83075434100594
CEB,2015,97.66644947881697
CEB,2016,97.50025718421229
CEB,2017,97.33091996848955
CEB,2018,97.16075896370529
CEB,2019,96.99176725310643
CEB,2020,96.83968464948241
CEB,2021,96.68522635822586
CEB,2022,96.50776154489441
CEB,2023,96.33636444570865
CEB,2024,96.15178109253576
CHE,2000,100
CHE,2001,99.9999998783755
CHE,2002,100
CHE,2003,100
CHE,2004,100
CHE,2005,99.9999983311842
CHE,2006,100
CHE,2007,99.9999997540921
CHE,2008,99.9999971629862
CHE,2009,100
CHE,2010,99.9999991015242
CHE,2011,99.9999978036397
CHE,2012,100
CHE,2013,100
CHE,2014,99.9999983307103
CHE,2015,100
CHE,2016,99.9999985540874
CHE,2017,100
CHE,2018,99.999997064468
CHE,2019,99.9999991347299
CHE,2020,100
CHE,2021,99.9999966128277
CHE,2022,100
CHE,2023,100
CHE,2024,99.9999967819997
CHI,2000,NA
CHI,2001,NA
CHI,2002,NA
CHI,2003,NA
CHI,2004,NA
CHI,2005,NA
CHI,2006,NA
CHI,2007,NA
CHI,2008,NA
CHI,2009,NA
CHI,2010,NA
CHI,2011,NA
CHI,2012,NA
CHI,2013,NA
CHI,2014,NA
CHI,2015,NA
CHI,2016,NA
CHI,2017,NA
CHI,2018,NA
CHI,2019,NA
CHI,2020,NA
CHI,2021,NA
CHI,2022,NA
CHI,2023,NA
CHI,2024,NA
CHL,2000,96.3391511046989
CHL,2001,96.5072402967363
CHL,2002,96.6625859523194
CHL,2003,96.7800041993786
CHL,2004,96.8968896897354
CHL,2005,97.0126905323196
CHL,2006,97.1279537978578
CHL,2007,97.2423387378927
CHL,2008,97.3561722018665
CHL,2009,97.4691378531682
CHL,2010,97.5812457914008
CHL,2011,97.6928032000078
CHL,2012,97.8035215361194
CHL,2013,97.9135421057834
CHL,2014,98.0228724170245
CHL,2015,98.1315104153015
CHL,2016,98.240006839884
CHL,2017,98.3483784150021
CHL,2018,98.4565155199366
CHL,2019,98.5642151245882
CHL,2020,98.671391193466
CHL,2021,98.7780212070676
CHL,2022,98.8839274081625
CHL,2023,98.9890250912798
CHL,2024,99.0811612150969
CHN,2000,80.5934883327843
CHN,2001,80.9279647085062
CHN,2002,81.8650671947267
CHN,2003,82.7791612491228
CHN,2004,83.6692871081214
CHN,2005,84.5333851261105
CHN,2006,85.3617795517819
CHN,2007,86.1591731490747
CHN,2008,86.9310466925724
CHN,2009,87.6756600660426
CHN,2010,88.3938119002149
CHN,2011,89.0737896182727
CHN,2012,89.7224776817502
CHN,2013,90.3447948783421
CHN,2014,90.9415850511528
CHN,2015,91.5125864728114
CHN,2016,92.0580332231986
CHN,2017,92.577308673558
CHN,2018,93.068663255545
CHN,2019,93.5326999183951
CHN,2020,93.9705270769772
CHN,2021,94.6329735273297
CHN,2022,95.4385845932759
CHN,2023,96.0883413082236
CHN,2024,96.1224151867516
CIV,2000,68.7946138845833
CIV,2001,69.1799896467784
CIV,2002,69.5630827839749
CIV,2003,69.9435023946029
CIV,2004,70.3215551742465
CIV,2005,70.6961620276826
CIV,2006,71.0679891332651
CIV,2007,71.4370073419778
CIV,2008,71.8031717766337
CIV,2009,72.1658002425728
CIV,2010,72.5255308385242
CIV,2011,72.8823142494903
CIV,2012,73.2358134121721
CIV,2013,73.5860051813631
CIV,2014,73.932866465233
CIV,2015,74.2789991723986
CIV,2016,74.623678155198
CIV,2017,74.9670485097416
CIV,2018,75.3089683562102
CIV,2019,75.6490184756229
CIV,2020,75.9870680852305
CIV,2021,76.3229847618577
CIV,2022,76.6566348508061
CIV,2023,76.9878854497263
CIV,2024,77.2470593822361
CMR,2000,55.8213658801787
CMR,2001,56.6676381767761
CMR,2002,57.4955566062435
CMR,2003,58.3047768722943
CMR,2004,59.0958722241739
CMR,2005,59.8676453814021
CMR,2006,60.6211512430006
CMR,2007,61.3565272358718
CMR,2008,62.0739139861275
CMR,2009,62.7730584341751
CMR,2010,63.4545114882578
CMR,2011,64.1180510058743
CMR,2012,64.7638368158669
CMR,2013,65.3916897275554
CMR,2014,66.0018143956848
CMR,2015,66.594406364624
CMR,2016,67.1696687119462
CMR,2017,67.7271653530667
CMR,2018,68.2677705308144
CMR,2019,68.7910816912942
CMR,2020,69.29764588045
CMR,2021,69.787122797367
CMR,2022,70.2600597493354
CMR,2023,70.7167101481695
CMR,2024,71.410178711283
COD,2000,37.5495370732434
COD,2001,37.5216314439844
COD,2002,37.4846118447221
COD,2003,37.4384405884601
COD,2004,37.3830762048941
COD,2005,37.3204734649606
COD,2006,37.2515489023917
COD,2007,37.1762282091892
COD,2008,37.0934309203905
COD,2009,37.0040705646358
COD,2010,36.9070813122382
COD,2011,36.8033581567191
COD,2012,36.691850585446
COD,2013,36.5724802578576
COD,2014,36.4456556153398
COD,2015,36.3108122967194
COD,2016,36.1678765737664
COD,2017,36.016305001478
COD,2018,35.8564891827066
COD,2019,35.6878940308452
COD,2020,35.5104494105668
COD,2021,35.3236207810538
COD,2022,35.1273466119185
COD,2023,35.4034461859588
COD,2024,35.6813611952254
COG,2000,58.3988116212173
COG,2001,58.6923918261786
COG,2002,59.1842225873936
COG,2003,59.6736944537537
COG,2004,60.6181552928178
COG,2005,61.5609564350404
COG,2006,62.5017877997765
COG,2007,63.4409103501595
COG,2008,64.3791200953514
COG,2009,65.3159834381157
COG,2010,66.2515975807208
COG,2011,67.1844431261946
COG,2012,68.1146295030684
COG,2013,69.0417229915666
COG,2014,69.9648050667042
COG,2015,70.8834804766701
COG,2016,71.7973477617
COG,2017,72.7060273572944
COG,2018,72.9020532045187
COG,2019,73.0980812765278
COG,2020,73.2936799973637
COG,2021,73.4884211673414
COG,2022,NA
COG,2023,NA
COG,2024,NA
COL,2000,90.9190300374548
COL,2001,91.2370228033185
COL,2002,91.5497229084839
COL,2003,91.857192440764
COL,2004,92.1592296058929
COL,2005,92.4559019256854
COL,2006,92.7472892906741
COL,2007,93.0332113422634
COL,2008,93.314014699102
COL,2009,93.5897587496726
COL,2010,93.860299409895
COL,2011,94.125708214804
COL,2012,94.3863166731145
COL,2013,94.6419721075512
COL,2014,94.8927542496252
COL,2015,95.1389846235131
COL,2016,95.3807152978726
COL,2017,95.6178346039203
COL,2018,95.8504284105736
COL,2019,96.0785830726848
COL,2020,96.3025836876793
COL,2021,96.5223081416627
COL,2022,96.7380353192518
COL,2023,96.9496589659827
COL,2024,97.0965711084738
COM,2000,87.3387610880315
COM,2001,87.5288111586306
COM,2002,87.4264757809148
COM,2003,87.322688934515
COM,2004,87.2174998697346
COM,2005,87.1113174713824
COM,2006,87.0042522799134
COM,2007,86.8964208746241
COM,2008,86.7879033627296
COM,2009,86.6788340551763
COM,2010,86.5693640440455
COM,2011,86.4595303039768
COM,2012,86.3494754574658
COM,2013,86.2393591823008
COM,2014,86.1291911979684
COM,2015,86.0191792490847
COM,2016,85.9094298430236
COM,2017,85.8000023194019
COM,2018,85.6910036830202
COM,2019,85.582654605357
COM,2020,85.4750115485724
COM,2021,85.368182871054
COM,2022,85.2623417962655
COM,2023,85.1575256557465
COM,2024,85.0539278589302
CPV,2000,79.3677594529209
CPV,2001,79.6627777965322
CPV,2002,79.9527732071617
CPV,2003,80.2372000142623
CPV,2004,80.6602617486896
CPV,2005,81.0817210123183
CPV,2006,81.5021226151102
CPV,2007,81.920929167246
CPV,2008,82.3386902741848
CPV,2009,82.754314077093
CPV,2010,83.1663318440796
CPV,2011,83.522244248535
CPV,2012,83.8774934810221
CPV,2013,84.2318960930689
CPV,2014,84.5854646017969
CPV,2015,84.9382015962204
CPV,2016,85.581322426682
CPV,2017,86.333068742186
CPV,2018,87.0755452684611
CPV,2019,87.808568861158
CPV,2020,88.5325658069206
CPV,2021,89.2475125078835
CPV,2022,90.0089261333879
CPV,2023,91.14605423466
CPV,2024,92.2800892661912
CRI,2000,94.6502911361544
CRI,2001,95.06241560763
CRI,2002,95.4574835012159
CRI,2003,95.8356618938296
CRI,2004,96.1969667880475
CRI,2005,96.5413161028421
CRI,2006,96.8693455688098
CRI,2007,97.1812060474922
CRI,2008,97.4773794147113
CRI,2009,97.7577854110193
CRI,2010,98.0009426570817
CRI,2011,98.2283678408566
CRI,2012,98.4744866370989
CRI,2013,98.7063924008677
CRI,2014,98.925021084525
CRI,2015,99.1313622232054
CRI,2016,99.3263015038118
CRI,2017,99.5106743044316
CRI,2018,99.6853095331448
CRI,2019,99.7975280834127
CRI,2020,99.8105394546059
CRI,2021,99.8118715066538
CRI,2022,99.8131236656386
CRI,2023,99.8143035929016
CRI,2024,99.8154123406248
CSS,2000,NA
CSS,2001,92.4619030228357
CSS,2002,92.67518935173852
CSS,2003,92.90838340416896
CSS,2004,93.14433686319748
CSS,2005,94.63533036568177
CSS,2006,94.792466704154
CSS,2007,94.9524353075298
CSS,2008,95.11380522139488
CSS,2009,95.27461381435278
CSS,2010,95.48082071066219
CSS,2011,95.69029037864692
CSS,2012,95.89474111569788
CSS,2013,96.08382494975966
CSS,2014,96.2822300959083
CSS,2015,96.47711171485521
CSS,2016,96.6668970026093
CSS,2017,96.85699507009842
CSS,2018,97.0592710435723
CSS,2019,97.24342606766652
CSS,2020,97.29924774156586
CSS,2021,97.44987503328768
CSS,2022,97.5801710088132
CSS,2023,97.64656993274804
CSS,2024,97.69078445112169
CUB,2000,91.7610721399503
CUB,2001,91.9170181666427
CUB,2002,92.0704754889772
CUB,2003,92.2115760300604
CUB,2004,92.3412457236427
CUB,2005,92.4685863425789
CUB,2006,92.5950448888063
CUB,2007,92.7206267884333
CUB,2008,92.8453176917664
CUB,2009,92.9690063115847
CUB,2010,93.0918301196751
CUB,2011,93.2137774983012
CUB,2012,93.3348598456684
CUB,2013,93.4501274945212
CUB,2014,93.5636719296171
CUB,2015,93.6769409300078
CUB,2016,93.789720928695
CUB,2017,93.9033102492432
CUB,2018,94.0175439331674
CUB,2019,94.1321684364764
CUB,2020,94.3125042863125
CUB,2021,94.7764082535519
CUB,2022,94.9002231685934
CUB,2023,95.0236345510277
CUB,2024,95.1464064347704
CUW,2000,98.700791720998
CUW,2001,98.8021593568268
CUW,2002,98.9035269926556
CUW,2003,99.0048946284844
CUW,2004,99.1062622643132
CUW,2005,99.207629900142
CUW,2006,99.3089975359708
CUW,2007,99.4103651717996
CUW,2008,99.5117328076284
CUW,2009,99.6131004434572
CUW,2010,99.714468079286
CUW,2011,99.8158357151148
CUW,2012,99.9172033509436
CUW,2013,100
CUW,2014,100
CUW,2015,100
CUW,2016,100
CUW,2017,100
CUW,2018,100
CUW,2019,100
CUW,2020,100
CUW,2021,100
CUW,2022,100
CUW,2023,100
CUW,2024,100
CYM,2000,NA
CYM,2001,96.139263803681
CYM,2002,96.139263803681
CYM,2003,96.139263803681
CYM,2004,96.139263803681
CYM,2005,96.139263803681
CYM,2006,96.1015337423313
CYM,2007,96.0638036809816
CYM,2008,96.0260736196319
CYM,2009,95.9883435582822
CYM,2010,95.9506134969325
CYM,2011,95.9128834355828
CYM,2012,95.8751533742332
CYM,2013,95.8374233128834
CYM,2014,95.7996932515338
CYM,2015,95.7619631901841
CYM,2016,95.7242331288344
CYM,2017,95.6865030674847
CYM,2018,95.648773006135
CYM,2019,95.6110429447853
CYM,2020,95.5733128834356
CYM,2021,95.5355828220859
CYM,2022,95.4978527607362
CYM,2023,95.4601226993865
CYM,2024,95.4601226993865
CYP,2000,99.8808389848329
CYP,2001,99.8807090471894
CYP,2002,99.8807921007244
CYP,2003,99.8771500644463
CYP,2004,99.8735238773651
CYP,2005,99.8665320571823
CYP,2006,99.8586266149932
CYP,2007,99.8506916800731
CYP,2008,99.8427359254953
CYP,2009,99.8347516446659
CYP,2010,99.8267504796292
CYP,2011,99.8187291029918
CYP,2012,99.8106809810866
CYP,2013,99.8025995652533
CYP,2014,99.7944906652545
CYP,2015,99.7863671756961
CYP,2016,99.7782153871909
CYP,2017,99.7700560798569
CYP,2018,99.7618820715217
CYP,2019,99.7537103444436
CYP,2020,99.7455373868703
CYP,2021,99.737372137771
CYP,2022,99.7292193859115
CYP,2023,99.7210789435355
CYP,2024,99.7211088299984
CZE,2000,97.972246151234
CZE,2001,97.9706166565361
CZE,2002,98.0088325485114
CZE,2003,98.0470367968107
CZE,2004,98.085247563922
CZE,2005,98.1234653444269
CZE,2006,98.1616913225965
CZE,2007,98.1999097628059
CZE,2008,98.2381464447503
CZE,2009,98.2763785982176
CZE,2010,98.314633387884
CZE,2011,98.352878485221
CZE,2012,98.3922881866856
CZE,2013,98.533960928643907
CZE,2014,98.7302061350028
CZE,2015,98.7304761661286
CZE,2016,98.7307511669182
CZE,2017,98.7310570576695
CZE,2018,98.7313948988611
CZE,2019,98.731767831264
CZE,2020,98.7321788477487
CZE,2021,98.7326235754859
CZE,2022,98.7330958150591
CZE,2023,98.7336065681001
CZE,2024,98.7341483522106
DEU,2000,100
DEU,2001,99.9999997139462
DEU,2002,99.9999978295524
DEU,2003,99.9999979068126
DEU,2004,99.9999988199317
DEU,2005,100
DEU,2006,99.9999996366367
DEU,2007,99.9999987891849
DEU,2008,100
DEU,2009,100
DEU,2010,99.9999997873648
DEU,2011,100
DEU,2012,99.9999983586453
DEU,2013,100
DEU,2014,100
DEU,2015,100
DEU,2016,99.9999994713636
DEU,2017,100
DEU,2018,100
DEU,2019,99.9999994577197
DEU,2020,99.9999988416059
DEU,2021,99.9999988425523
DEU,2022,99.9999971569363
DEU,2023,99.9999970615884
DEU,2024,100
DJI,2000,74.3096347205208
DJI,2001,74.527572653683
DJI,2002,74.7450869974976
DJI,2003,74.96217201496
DJI,2004,75.1788322527145
DJI,2005,75.3947621757465
DJI,2006,75.6105690415926
DJI,2007,75.8259576941353
DJI,2008,76.0409140930528
DJI,2009,76.2551640290106
DJI,2010,76.4718213203658
DJI,2011,76.6907534448216
DJI,2012,76.9115444598486
DJI,2013,77.1343417786065
DJI,2014,77.3584793969034
DJI,2015,77.5846153985274
DJI,2016,77.8118431649469
DJI,2017,78.0402986467674
DJI,2018,78.2698510281145
DJI,2019,78.500379190124
DJI,2020,78.7317549952208
DJI,2021,78.9636292425205
DJI,2022,79.1958862115465
DJI,2023,79.4286344922977
DJI,2024,79.661532568521
DMA,2000,94.2668749983249
DMA,2001,94.3836399842442
DMA,2002,94.5072339611788
DMA,2003,94.6298513844787
DMA,2004,94.7515617669834
DMA,2005,94.8722688677582
DMA,2006,94.9920765320284
DMA,2007,95.1109272137674
DMA,2008,95.2288638936291
DMA,2009,95.3458592055333
DMA,2010,95.4619169199444
DMA,2011,95.5770987585217
DMA,2012,95.6914288767891
DMA,2013,95.8049070233585
DMA,2014,95.9175225784431
DMA,2015,96.0292697173861
DMA,2016,96.1401644767525
DMA,2017,96.2501691726005
DMA,2018,96.3592925117814
DMA,2019,96.4675351456684
DMA,2020,96.574889313875
DMA,2021,96.6813469673205
DMA,2022,96.7869037849825
DMA,2023,96.8915616749148
DMA,2024,96.9953113262366
DNK,2000,99.9999969457606
DNK,2001,100
DNK,2002,100
DNK,2003,100
DNK,2004,100
DNK,2005,99.9999987386533
DNK,2006,100
DNK,2007,99.9999976665951
DNK,2008,99.9999973602883
DNK,2009,99.9999973124597
DNK,2010,99.9999962682703
DNK,2011,99.9999977912366
DNK,2012,100
DNK,2013,99.9999990521906
DNK,2014,100
DNK,2015,100
DNK,2016,99.9999998039442
DNK,2017,100
DNK,2018,100
DNK,2019,99.9999975731289
DNK,2020,100
DNK,2021,100
DNK,2022,100
DNK,2023,99.9999977179038
DNK,2024,99.9999997876119
DOM,2000,91.0193202795321
DOM,2001,91.3815553025836
DOM,2002,91.7350612908746
DOM,2003,92.1383561014256
DOM,2004,92.5503842742875
DOM,2005,92.9442462304413
DOM,2006,93.3208356941648
DOM,2007,93.6801822070971
DOM,2008,94.0226829898878
DOM,2009,94.3479459728681
DOM,2010,94.6571919447174
DOM,2011,94.9411577041221
DOM,2012,95.2053026765105
DOM,2013,95.4569183357095
DOM,2014,95.6965659361733
DOM,2015,95.9246900261845
DOM,2016,96.1415849688893
DOM,2017,96.3474703370499
DOM,2018,96.5419932414165
DOM,2019,96.7258902380545
DOM,2020,96.8998955257888
DOM,2021,97.3054739452924
DOM,2022,97.3603332914567
DOM,2023,97.4107460357747
DOM,2024,97.4571299883182
DZA,2000,88.9938081102024
DZA,2001,89.1698016074929
DZA,2002,89.3436399760295
DZA,2003,89.5151088113819
DZA,2004,89.6842209126681
DZA,2005,89.8507731580286
DZA,2006,90.0150202695134
DZA,2007,90.1767439508853
DZA,2008,90.3361987493803
DZA,2009,90.4918619672067
DZA,2010,90.6443416237761
DZA,2011,90.7933523397582
DZA,2012,90.9547062510195
DZA,2013,91.1128578356774
DZA,2014,91.268060653484
DZA,2015,91.4201507009501
DZA,2016,91.56940001457
DZA,2017,91.715636706346
DZA,2018,91.859120820781
DZA,2019,91.9998016191508
DZA,2020,92.1378242692677
DZA,2021,92.273231858432
DZA,2022,92.3236727252335
DZA,2023,92.3726404744191
DZA,2024,92.4200285933986
EAP,2000,79.88124197557761
EAP,2001,80.3535177465829
EAP,2002,81.22681119629696
EAP,2003,82.09670261471399
EAP,2004,82.94834849599508
EAP,2005,83.78021086684346
EAP,2006,84.58476005094577
EAP,2007,85.3664686145374
EAP,2008,86.13005577551534
EAP,2009,86.87059409979594
EAP,2010,87.5758248586429
EAP,2011,88.21657229202252
EAP,2012,88.83153669523026
EAP,2013,89.42650464271559
EAP,2014,90.0020557751214
EAP,2015,90.55812098965104
EAP,2016,91.09531263112034
EAP,2017,91.6137154644933
EAP,2018,92.12501522086083
EAP,2019,92.60463813440376
EAP,2020,93.05956739197318
EAP,2021,93.6676417580085
EAP,2022,94.30784422212943
EAP,2023,94.75929742302752
EAP,2024,94.81307944585295
EAR,2000,80.42239233980065
EAR,2001,80.94823694985409
EAR,2002,81.52718467540426
EAR,2003,82.10648277718941
EAR,2004,82.6838782755359
EAR,2005,83.22942541778254
EAR,2006,83.80277795666842
EAR,2007,84.36828143963118
EAR,2008,84.95065079509185
EAR,2009,85.50789116714726
EAR,2010,86.04759077999724
EAR,2011,86.5669676769277
EAR,2012,87.08043140721145
EAR,2013,87.59225188078916
EAR,2014,88.09971862904693
EAR,2015,88.5966668480896
EAR,2016,89.08797846100352
EAR,2017,89.44061055019627
EAR,2018,89.92568156231339
EAR,2019,90.41073981620264
EAR,2020,90.89339896966912
EAR,2021,91.35620653427247
EAR,2022,91.79035456640052
EAR,2023,92.15571207612176
EAR,2024,92.5181175707612
EAS,2000,81.42448922206263
EAS,2001,81.85194730011239
EAS,2002,83.01978681016155
EAS,2003,83.79388521466038
EAS,2004,84.55200895253014
EAS,2005,85.29501213265777
EAS,2006,86.01624778704992
EAS,2007,86.72039086674782
EAS,2008,87.40939525389898
EAS,2009,88.07652026441373
EAS,2010,88.71194042132524
EAS,2011,89.28858193239985
EAS,2012,89.84189842094057
EAS,2013,90.37750452984243
EAS,2014,90.89735576112685
EAS,2015,91.3999495256258
EAS,2016,91.88599725600896
EAS,2017,92.35488987086842
EAS,2018,92.81854070372154
EAS,2019,93.2542147094899
EAS,2020,93.6669628750683
EAS,2021,94.21694999170279
EAS,2022,94.79855890627306
EAS,2023,95.21153387711233
EAS,2024,95.26572159408175
ECA,2000,91.15647243384872
ECA,2001,91.33575710735512
ECA,2002,91.56278697523248
ECA,2003,91.78625310212463
ECA,2004,91.91240286559469
ECA,2005,92.05552839470447
ECA,2006,92.21352221338746
ECA,2007,92.36435767756403
ECA,2008,92.51841230943263
ECA,2009,92.67619008420058
ECA,2010,92.83923598569542
ECA,2011,93.00419718603307
ECA,2012,93.16841562277126
ECA,2013,93.3999965040642
ECA,2014,93.5771237253465
ECA,2015,93.85912438254839
ECA,2016,94.13571789053894
ECA,2017,94.4151202305829
ECA,2018,94.69821760850039
ECA,2019,94.98950117676735
ECA,2020,95.25509786047125
ECA,2021,95.47395420163674
ECA,2022,95.72353080868996
ECA,2023,95.89050515999136
ECA,2024,95.99826344457718
ECS,2000,96.80101528867205
ECS,2001,96.85370378934496
ECS,2002,96.9241809652548
ECS,2003,96.9961139761272
ECS,2004,97.04291303762227
ECS,2005,97.14470324314713
ECS,2006,97.19310648972089
ECS,2007,97.24569655594823
ECS,2008,97.293791553684855
ECS,2009,97.34267044478447
ECS,2010,97.36926426237183
ECS,2011,97.39241682555055
ECS,2012,97.4188400705181
ECS,2013,97.46076693793606
ECS,2014,97.4902707583444
ECS,2015,97.54486343317987
ECS,2016,97.59896074986767
ECS,2017,97.65375513028793
ECS,2018,97.7113310646715
ECS,2019,97.77096148557406
ECS,2020,97.8277910441632
ECS,2021,97.87408839678831
ECS,2022,97.9353640570143
ECS,2023,97.97661392663788
ECS,2024,97.99254100210383
ECU,2000,84.7569577363027
ECU,2001,85.3327219287917
ECU,2002,85.8681168812422
ECU,2003,86.3770590659093
ECU,2004,86.7913580761449
ECU,2005,87.1657190162046
ECU,2006,87.4804800870579
ECU,2007,87.792208365322
ECU,2008,88.1005318614763
ECU,2009,88.4054817977882
ECU,2010,88.7072879977884
ECU,2011,88.9995700135052
ECU,2012,89.2843795348701
ECU,2013,89.5662908642962
ECU,2014,89.8451330944318
ECU,2015,90.1212871773867
ECU,2016,90.3944152289936
ECU,2017,90.6647128570391
ECU,2018,90.9348761697738
ECU,2019,91.2046901615957
ECU,2020,91.4742997917839
ECU,2021,91.6679688457759
ECU,2022,91.7264833659447
ECU,2023,91.8598075666082
ECU,2024,92.0708709697554
EGY,2000,98.9933618838288
EGY,2001,98.9226105742463
EGY,2002,98.8519309322285
EGY,2003,98.7813193917479
EGY,2004,98.7107692619596
EGY,2005,98.6402827769204
EGY,2006,98.5698644772866
EGY,2007,98.4988899601912
EGY,2008,98.4275413352809
EGY,2009,98.3562103479717
EGY,2010,98.2848591599105
EGY,2011,98.2135282519016
EGY,2012,98.1415728406932
EGY,2013,98.0695998327114
EGY,2014,97.9975794064633
EGY,2015,97.9255148711552
EGY,2016,97.8534422131452
EGY,2017,97.7818611616948
EGY,2018,97.710814412432
EGY,2019,97.6403544846485
EGY,2020,97.5705329201433
EGY,2021,97.5013675608953
EGY,2022,97.4328917169926
EGY,2023,97.3651944677444
EGY,2024,97.2982426280194
EMU,2000,99.65985890429334
EMU,2001,99.67226679062748
EMU,2002,99.68578969747716
EMU,2003,99.69918161015511
EMU,2004,99.71253327212271
EMU,2005,99.72609632638591
EMU,2006,99.73923921655518
EMU,2007,99.75175867270279
EMU,2008,99.76421952541247
EMU,2009,99.7813914846123
EMU,2010,99.80021634768717
EMU,2011,99.81834536564017
EMU,2012,99.83496436228072
EMU,2013,99.84536367509025
EMU,2014,99.8562712901866
EMU,2015,99.86238392823279
EMU,2016,99.86824432041048
EMU,2017,99.87320378449742
EMU,2018,99.87774258098436
EMU,2019,99.88197415294452
EMU,2020,99.8853240431178
EMU,2021,99.88835793020833
EMU,2022,99.89115187155029
EMU,2023,99.89390790139176
EMU,2024,99.89408999378387
ERI,2000,46.8142152971943
ERI,2001,47.1204233529644
ERI,2002,47.4409244567689
ERI,2003,47.7752228126397
ERI,2004,48.1234182056445
ERI,2005,48.4844074537935
ERI,2006,48.8594940483832
ERI,2007,49.2469532106027
ERI,2008,49.6487034568778
ERI,2009,49.8103238748975
ERI,2010,49.9773816653656
ERI,2011,50.1505293513249
ERI,2012,50.3291745608518
ERI,2013,50.7051288039864
ERI,2014,51.0835644393148
ERI,2015,51.4650919722432
ERI,2016,51.8497177620962
ERI,2017,NA
ERI,2018,NA
ERI,2019,NA
ERI,2020,NA
ERI,2021,NA
ERI,2022,NA
ERI,2023,NA
ERI,2024,NA
ESP,2000,99.9999986287101
ESP,2001,99.9999991097535
ESP,2002,100
ESP,2003,99.9999999264819
ESP,2004,99.9999964221336
ESP,2005,100
ESP,2006,100
ESP,2007,100
ESP,2008,100
ESP,2009,99.999999329905
ESP,2010,99.9999972813307
ESP,2011,99.9999999335079
ESP,2012,99.9861677203853
ESP,2013,99.9566408362607
ESP,2014,99.926942900271
ESP,2015,99.9267194862736
ESP,2016,99.9265065763433
ESP,2017,99.9262777210373
ESP,2018,99.9260612803023
ESP,2019,99.9258322377834
ESP,2020,99.9256069689441
ESP,2021,99.9253882857533
ESP,2022,99.9251513451199
ESP,2023,99.9249297229504
ESP,2024,99.9247001396709
EST,2000,97.4667553534915
EST,2001,97.6082566784307
EST,2002,97.7507016968826
EST,2003,97.8940454048991
EST,2004,98.038347638016
EST,2005,98.1836064927541
EST,2006,98.3297821115906
EST,2007,98.4769162327614
EST,2008,98.6250163424299
EST,2009,98.7740812931391
EST,2010,98.924086764246
EST,2011,99.075060117403
EST,2012,99.2291464773041
EST,2013,99.3847877447218
EST,2014,99.5393104564203
EST,2015,99.6927225302901
EST,2016,99.8450343236061
EST,2017,99.9257062109249
EST,2018,99.9485371012832
EST,2019,99.9714771406741
EST,2020,99.9945255363523
EST,2021,99.9999994683624
EST,2022,100
EST,2023,100
EST,2024,99.9999970212441
ETH,2000,18.7590608817132
ETH,2001,20.2861313623688
ETH,2002,21.8105947283134
ETH,2003,23.3303794917418
ETH,2004,24.8460769905675
ETH,2005,26.3576124690887
ETH,2006,27.8655119170134
ETH,2007,29.3784617293428
ETH,2008,30.9869711535733
ETH,2009,32.5882446657978
ETH,2010,34.1836897406234
ETH,2011,35.7718966203647
ETH,2012,37.3536456061453
ETH,2013,38.9189287309583
ETH,2014,40.4770660365689
ETH,2015,42.0272706430081
ETH,2016,43.569746379878
ETH,2017,45.1032760984933
ETH,2018,46.6289667749081
ETH,2019,48.1464763368745
ETH,2020,49.6550451612317
ETH,2021,51.1547750099921
ETH,2022,52.6449341831795
ETH,2023,54.125600929218
ETH,2024,55.5960696159493
EUU,2000,99.48691861628623
EUU,2001,99.50511003110984
EUU,2002,99.52596167418123
EUU,2003,99.546932911681
EUU,2004,99.56767073449717
EUU,2005,99.47025727827217
EUU,2006,99.48890601150092
EUU,2007,99.50675401615572
EUU,2008,99.5242306799606
EUU,2009,99.54512752672372
EUU,2010,99.521551551537
EUU,2011,99.49592892220028
EUU,2012,99.46999666755558
EUU,2013,99.4415806110876
EUU,2014,99.41480947284965
EUU,2015,99.37994816361402
EUU,2016,99.3449634545531
EUU,2017,99.30886820798789
EUU,2018,99.2731412606909
EUU,2019,99.23698748709654
EUU,2020,99.2070508163239
EUU,2021,99.17850880035027
EUU,2022,99.14144036294267
EUU,2023,99.10531911392897
EUU,2024,99.06755234791078
FCS,2000,50.69516822501384
FCS,2001,51.28150322000566
FCS,2002,51.97194711000693
FCS,2003,52.69950492590327
FCS,2004,53.41960715834352
FCS,2005,54.23009665841278
FCS,2006,55.047893651403726
FCS,2007,55.87182830887958
FCS,2008,57.0621991540821
FCS,2009,57.94338685896713
FCS,2010,58.841188552369154
FCS,2011,59.48572141079934
FCS,2012,60.35610847912262
FCS,2013,61.243303446641384
FCS,2014,62.1084221397454
FCS,2015,63.01016491345508
FCS,2016,63.91866367089388
FCS,2017,64.8705444709273
FCS,2018,65.77311954460012
FCS,2019,66.68359664101759
FCS,2020,67.59485228350414
FCS,2021,68.47501213970962
FCS,2022,69.18153712245856
FCS,2023,69.95692001659594
FCS,2024,70.73032486402526
FIN,2000,100
FIN,2001,100
FIN,2002,99.9999968734503
FIN,2003,100
FIN,2004,99.9999955263945
FIN,2005,99.9999971053546
FIN,2006,100
FIN,2007,99.9999969532681
FIN,2008,99.9999979690853
FIN,2009,99.9999991951693
FIN,2010,100
FIN,2011,100
FIN,2012,99.9999978985936
FIN,2013,99.9999962385025
FIN,2014,99.9999970318793
FIN,2015,100
FIN,2016,99.9999998933781
FIN,2017,100
FIN,2018,99.999999309504
FIN,2019,99.9999972852429
FIN,2020,99.9999988873824
FIN,2021,99.9999969157891
FIN,2022,100
FIN,2023,99.9999988667298
FIN,2024,99.9999966968731
FJI,2000,94.8171817941027
FJI,2001,94.8440772206677
FJI,2002,94.8709679022019
FJI,2003,94.8927029314255
FJI,2004,94.9147944763189
FJI,2005,94.9370413957201
FJI,2006,94.9596519780134
FJI,2007,94.9825498641787
FJI,2008,95.0125415500904
FJI,2009,95.0445350823456
FJI,2010,95.076983731919
FJI,2011,95.1097406179506
FJI,2012,95.1429478152795
FJI,2013,95.1763187725966
FJI,2014,95.2100729129394
FJI,2015,95.2442012588905
FJI,2016,95.278634976057
FJI,2017,95.3133024356782
FJI,2018,95.3482691825769
FJI,2019,95.3833163293103
FJI,2020,95.4183568880338
FJI,2021,95.4534634943263
FJI,2022,95.4886333379859
FJI,2023,95.5237842457223
FJI,2024,95.5603898762947
FRA,2000,99.9999963750584
FRA,2001,100
FRA,2002,100
FRA,2003,100
FRA,2004,99.9999969222642
FRA,2005,99.9999971982773
FRA,2006,99.9999982498947
FRA,2007,99.9999991615937
FRA,2008,99.9999991289051
FRA,2009,99.9999982791976
FRA,2010,99.9999989035929
FRA,2011,99.9999974748476
FRA,2012,100
FRA,2013,100
FRA,2014,99.999997234513
FRA,2015,99.9999999037222
FRA,2016,100
FRA,2017,100
FRA,2018,99.9999999523043
FRA,2019,100
FRA,2020,100
FRA,2021,100
FRA,2022,100
FRA,2023,100
FRA,2024,99.9999974759961
FRO,2000,100
FRO,2001,100
FRO,2002,100
FRO,2003,100
FRO,2004,100
FRO,2005,100
FRO,2006,100
FRO,2007,100
FRO,2008,100
FRO,2009,100
FRO,2010,100
FRO,2011,100
FRO,2012,100
FRO,2013,100
FRO,2014,100
FRO,2015,100
FRO,2016,100
FRO,2017,100
FRO,2018,100
FRO,2019,100
FRO,2020,100
FRO,2021,100
FRO,2022,100
FRO,2023,100
FRO,2024,100
FSM,2000,91.7920940857296
FSM,2001,91.6727103398297
FSM,2002,91.5533265939298
FSM,2003,91.4339428480299
FSM,2004,91.3145591021301
FSM,2005,91.1951753562302
FSM,2006,91.0757916103303
FSM,2007,90.9564078644304
FSM,2008,90.8370241185305
FSM,2009,90.7176403726307
FSM,2010,90.5982566267308
FSM,2011,90.4788728808309
FSM,2012,90.359489134931
FSM,2013,90.2401053890312
FSM,2014,90.1207216431313
FSM,2015,90.0013378972314
FSM,2016,89.8819541513315
FSM,2017,89.8819541513315
FSM,2018,89.8819541513315
FSM,2019,89.8819541513315
FSM,2020,89.8819541513315
FSM,2021,NA
FSM,2022,NA
FSM,2023,NA
FSM,2024,NA
GAB,2000,80.0652503338317
GAB,2001,80.5692237305059
GAB,2002,81.0600023349324
GAB,2003,81.5373154553374
GAB,2004,82.0013798708484
GAB,2005,82.4519182271315
GAB,2006,82.8900757983957
GAB,2007,83.3155701870669
GAB,2008,83.7295160274396
GAB,2009,84.1307212542328
GAB,2010,84.5207296199844
GAB,2011,84.899267815442
GAB,2012,85.2673947991113
GAB,2013,85.6239250935099
GAB,2014,85.9658863110068
GAB,2015,86.2930339752905
GAB,2016,86.606465035897
GAB,2017,86.9072462361888
GAB,2018,87.1959828592503
GAB,2019,87.472846570073
GAB,2020,87.7393004139279
GAB,2021,87.9954718713657
GAB,2022,88.2419436860256
GAB,2023,88.479261326667
GAB,2024,88.5995009085574
GBR,2000,100
GBR,2001,99.9999980893085
GBR,2002,100
GBR,2003,100
GBR,2004,100
GBR,2005,99.9999990459371
GBR,2006,99.9999963913423
GBR,2007,99.9999991747697
GBR,2008,100
GBR,2009,100
GBR,2010,100
GBR,2011,100
GBR,2012,99.9999990594779
GBR,2013,100
GBR,2014,100
GBR,2015,100
GBR,2016,99.9999991226354
GBR,2017,99.9999980808565
GBR,2018,99.9999994148157
GBR,2019,100
GBR,2020,100
GBR,2021,100
GBR,2022,100
GBR,2023,100
GBR,2024,99.9999991412127
GEO,2000,94.0602241234961
GEO,2001,94.1619919143867
GEO,2002,94.2915348792621
GEO,2003,94.4532594161548
GEO,2004,94.5980809160506
GEO,2005,94.7414845988638
GEO,2006,94.8835839201569
GEO,2007,95.0243626038677
GEO,2008,95.1637450762018
GEO,2009,95.3017390158594
GEO,2010,95.4384260318316
GEO,2011,95.5737249468986
GEO,2012,95.7077336027359
GEO,2013,95.8402895547886
GEO,2014,95.9715499431682
GEO,2015,96.1014497266011
GEO,2016,96.2306438542473
GEO,2017,96.3588824042299
GEO,2018,96.4862775476087
GEO,2019,96.6127357061039
GEO,2020,96.7382823190877
GEO,2021,96.877911792559
GEO,2022,97.016455433381
GEO,2023,97.1538358776458
GEO,2024,97.2900166595814
GHA,2000,65.517218378745
GHA,2001,66.2724810777251
GHA,2002,67.2870236576029
GHA,2003,68.3036435747065
GHA,2004,69.3225909029972
GHA,2005,70.3428380680709
GHA,2006,71.3651562013802
GHA,2007,72.3892820833539
GHA,2008,73.4152138090769
GHA,2009,74.4422077321147
GHA,2010,75.471267939183
GHA,2011,76.5016404793149
GHA,2012,77.5330954898138
GHA,2013,78.565152693679
GHA,2014,79.5978353673804
GHA,2015,80.631160872114
GHA,2016,81.6651456164371
GHA,2017,82.6995725023601
GHA,2018,83.7344677926836
GHA,2019,84.7696150287459
GHA,2020,85.8052795210658
GHA,2021,86.841252750433
GHA,2022,87.8775520835237
GHA,2023,88.8910495956232
GHA,2024,89.9220116872755
GIB,2000,100
GIB,2001,100
GIB,2002,100
GIB,2003,100
GIB,2004,100
GIB,2005,100
GIB,2006,100
GIB,2007,100
GIB,2008,100
GIB,2009,100
GIB,2010,100
GIB,2011,100
GIB,2012,100
GIB,2013,100
GIB,2014,100
GIB,2015,100
GIB,2016,100
GIB,2017,100
GIB,2018,100
GIB,2019,100
GIB,2020,100
GIB,2021,100
GIB,2022,100
GIB,2023,100
GIB,2024,100
GIN,2000,49.7532822926472
GIN,2001,50.503637310744
GIN,2002,51.2523026990112
GIN,2003,51.9996253196521
GIN,2004,52.7452281197482
GIN,2005,53.4890999882019
GIN,2006,54.2315783654935
GIN,2007,54.972295205421
GIN,2008,55.7112370863101
GIN,2009,56.4483990709895
GIN,2010,57.184097462228
GIN,2011,58.360314361898
GIN,2012,59.5458989237514
GIN,2013,60.7407932771769
GIN,2014,61.9449533966477
GIN,2015,63.1625705426145
GIN,2016,64.3935453016882
GIN,2017,65.6377593870016
GIN,2018,66.8950995450723
GIN,2019,68.1651301407792
GIN,2020,69.4483664321703
GIN,2021,70.7443560609114
GIN,2022,72.0532813701912
GIN,2023,73.3743676551949
GIN,2024,74.1924841600776
GMB,2000,71.751986616962
GMB,2001,72.4709852394757
GMB,2002,73.1874046745589
GMB,2003,73.894195620681
GMB,2004,74.5723410425054
GMB,2005,75.2482865822258
GMB,2006,75.9220098738399
GMB,2007,76.5934928458813
GMB,2008,77.2629006181607
GMB,2009,77.9295055109151
GMB,2010,78.5938369652341
GMB,2011,79.2555392487377
GMB,2012,79.9149385065975
GMB,2013,80.571196875671
GMB,2014,81.2241792597438
GMB,2015,81.8737511504613
GMB,2016,82.5196405722502
GMB,2017,83.1620559265773
GMB,2018,83.8008881364874
GMB,2019,84.4361946965619
GMB,2020,85.0680326919843
GMB,2021,85.696311673001
GMB,2022,86.3212416883552
GMB,2023,86.7155739795785
GMB,2024,87.1034800376148
GNB,2000,55.179726260399804
GNB,2001,55.6355112802185
GNB,2002,56.0766781223188
GNB,2003,56.5025111199122
GNB,2004,56.9133054099117
GNB,2005,57.3083913147458
GNB,2006,57.6886837795946
GNB,2007,58.0535126816811
GNB,2008,58.4031554952598
GNB,2009,58.7369930495235
GNB,2010,59.0561288356576
GNB,2011,59.3599409743787
GNB,2012,59.6486446194462
GNB,2013,59.9219185208316
GNB,2014,60.179969051587
GNB,2015,60.4227287706109
GNB,2016,60.6498938301808
GNB,2017,60.8614249962045
GNB,2018,61.0574978262041
GNB,2019,61.2378280860905
GNB,2020,61.4023709076856
GNB,2021,61.5510835646003
GNB,2022,61.6363537721631
GNB,2023,61.7218282479049
GNB,2024,61.8077030171668
GNQ,2000,51.0981400291321
GNQ,2001,51.7904438770813
GNQ,2002,52.54199672143
GNQ,2003,53.3504174439606
GNQ,2004,54.2150297528476
GNQ,2005,55.1317186570274
GNQ,2006,56.1005801258044
GNQ,2007,57.1185705825994
GNQ,2008,58.1837958068374
GNQ,2009,59.2917944417375
GNQ,2010,60.441364332898
GNQ,2011,61.629611207728
GNQ,2012,62.8538908142975
GNQ,2013,63.6715161073668
GNQ,2014,63.9264757487076
GNQ,2015,64.1785994681849
GNQ,2016,64.4255163889263
GNQ,2017,64.6658128879178
GNQ,2018,NA
GNQ,2019,NA
GNQ,2020,NA
GNQ,2021,NA
GNQ,2022,NA
GNQ,2023,NA
GNQ,2024,NA
GRC,2000,99.7578133347086
GRC,2001,99.7743844570764
GRC,2002,99.7919945033005
GRC,2003,99.8092301885099
GRC,2004,99.8260994402101
GRC,2005,99.8425963346564
GRC,2006,99.8587352408423
GRC,2007,99.8745141024935
GRC,2008,99.8899457131774
GRC,2009,99.9050216033919
GRC,2010,99.9197604571835
GRC,2011,99.9341628584541
GRC,2012,99.948239360805
GRC,2013,99.9619883950245
GRC,2014,99.97541718672
GRC,2015,99.988523105293
GRC,2016,99.9999968642708
GRC,2017,99.9999973482552
GRC,2018,100
GRC,2019,99.999997048057
GRC,2020,99.9999990325072
GRC,2021,100
GRC,2022,99.9999998124246
GRC,2023,99.9999984078161
GRC,2024,100
GRD,2000,93.3076378093218
GRD,2001,93.5399527788903
GRD,2002,93.7722677484587
GRD,2003,94.0045827180272
GRD,2004,94.2368976875956
GRD,2005,94.4692126571641
GRD,2006,94.7015276267326
GRD,2007,94.9338425963011
GRD,2008,95.1661575658695
GRD,2009,95.398472535438
GRD,2010,95.6307875050065
GRD,2011,95.8631024745749
GRD,2012,95.9713888869245
GRD,2013,95.6286504435547
GRD,2014,95.6286504435547
GRD,2015,95.6286504435547
GRD,2016,95.6286504435547
GRD,2017,95.6286504435547
GRD,2018,NA
GRD,2019,NA
GRD,2020,NA
GRD,2021,NA
GRD,2022,NA
GRD,2023,NA
GRD,2024,NA
GRL,2000,100
GRL,2001,100
GRL,2002,100
GRL,2003,100
GRL,2004,100
GRL,2005,100
GRL,2006,100
GRL,2007,100
GRL,2008,100
GRL,2009,100
GRL,2010,100
GRL,2011,100
GRL,2012,100
GRL,2013,100
GRL,2014,100
GRL,2015,100
GRL,2016,100
GRL,2017,100
GRL,2018,100
GRL,2019,100
GRL,2020,100
GRL,2021,100
GRL,2022,100
GRL,2023,100
GRL,2024,100
GTM,2000,87.5089539389725
GTM,2001,87.7752601776246
GTM,2002,88.0390155719247
GTM,2003,88.2966588690078
GTM,2004,88.5496740208144
GTM,2005,88.8001402609139
GTM,2006,89.0482040016156
GTM,2007,89.294002198525
GTM,2008,89.5375290731545
GTM,2009,89.7784165579284
GTM,2010,90.0171691678666
GTM,2011,90.2534246699844
GTM,2012,90.4874258264266
GTM,2013,90.7203833166752
GTM,2014,90.9521869085608
GTM,2015,91.1829418884206
GTM,2016,91.4122081124135
GTM,2017,91.6400944159348
GTM,2018,91.8664742343096
GTM,2019,92.0910526006257
GTM,2020,92.3138179561227
GTM,2021,92.5346655416111
GTM,2022,92.7535006676254
GTM,2023,92.9701335518689
GTM,2024,93.1845373918033
GUM,2000,99.4735533221536
GUM,2001,99.4760873255075
GUM,2002,99.4786213288614
GUM,2003,99.4811553322154
GUM,2004,99.4836893355693
GUM,2005,99.4862233389232
GUM,2006,99.4887573422771
GUM,2007,99.4912913456311
GUM,2008,99.493825348985
GUM,2009,99.4963593523389
GUM,2010,99.4988933556928
GUM,2011,99.5014273590467
GUM,2012,99.5039613624007
GUM,2013,99.5064953657546
GUM,2014,99.5090293691085
GUM,2015,99.5115633724624
GUM,2016,99.5140973758164
GUM,2017,99.5166313791703
GUM,2018,99.519165382524207
GUM,2019,99.5216993858781
GUM,2020,99.5242333892321
GUM,2021,99.526767392586
GUM,2022,99.5293013959399
GUM,2023,99.5293013959399
GUM,2024,99.5293013959399
GUY,2000,89.3211330907679
GUY,2001,89.5993039165579
GUY,2002,89.8783543179936
GUY,2003,90.1473891418165
GUY,2004,90.4157865218795
GUY,2005,90.6866289837536
GUY,2006,90.9599679575981
GUY,2007,91.2357144942571
GUY,2008,91.5138620553584
GUY,2009,91.7944367446406
GUY,2010,92.0773787759255
GUY,2011,92.362661216299
GUY,2012,92.6609284046395
GUY,2013,92.959244646232
GUY,2014,93.2581213076168
GUY,2015,93.5573147268912
GUY,2016,93.8566725487211
GUY,2017,94.1560114941811
GUY,2018,94.4550659757955
GUY,2019,94.7537064552483
GUY,2020,95.0516966520853
GUY,2021,95.3488391542383
GUY,2022,95.6449359016068
GUY,2023,95.644614726529
GUY,2024,95.6442641595321
HIC,2000,98.69041843362989
HIC,2001,98.70899782900221
HIC,2002,98.73320901175367
HIC,2003,98.75505992816257
HIC,2004,98.77663764620424
HIC,2005,98.80549215313451
HIC,2006,98.82546695988627
HIC,2007,98.84778432686127
HIC,2008,98.86956980296456
HIC,2009,98.8916483108545
HIC,2010,98.91647934031639
HIC,2011,98.93798888016867
HIC,2012,98.95907851040874
HIC,2013,98.9806638685265
HIC,2014,99.00464293622159
HIC,2015,99.0252810114541
HIC,2016,99.04593358374802
HIC,2017,99.0664028121743
HIC,2018,99.0871526158364
HIC,2019,99.10726597201663
HIC,2020,99.12815116999913
HIC,2021,99.14809570656789
HIC,2022,99.1643858978103
HIC,2023,99.1682822141372
HIC,2024,99.16442718956084
HKG,2000,98.9070064531479
HKG,2001,98.9655415410239
HKG,2002,99.0240766288998
HKG,2003,99.0826117167757
HKG,2004,99.1411468046516
HKG,2005,99.1996818925276
HKG,2006,99.2582169804035
HKG,2007,99.3167520682794
HKG,2008,99.3752871561554
HKG,2009,99.4338222440313
HKG,2010,99.4923573319072
HKG,2011,99.5508924197831
HKG,2012,99.609427507659
HKG,2013,99.667962595535
HKG,2014,99.7264976834109
HKG,2015,99.7850327712868
HKG,2016,99.8435678591627
HKG,2017,99.9021029470387
HKG,2018,99.9606380349146
HKG,2019,100
HKG,2020,100
HKG,2021,100
HKG,2022,100
HKG,2023,100
HKG,2024,100
HND,2000,85.7009621339026
HND,2001,86.2042781519171
HND,2002,86.7288882403504
HND,2003,87.2031545778508
HND,2004,87.6718091532633
HND,2005,88.133961090874
HND,2006,88.5903297607965
HND,2007,89.0405738660816
HND,2008,89.4848766199091
HND,2009,89.922767090749
HND,2010,90.3547424812176
HND,2011,90.7803603583435
HND,2012,91.2001031419735
HND,2013,91.6134052389382
HND,2014,92.0207347407906
HND,2015,92.421451159935
HND,2016,92.8158871236421
HND,2017,93.203968706641
HND,2018,93.5856465079255
HND,2019,93.9610018338129
HND,2020,94.3301083793908
HND,2021,94.6929450618276
HND,2022,95.0903952846631
HND,2023,95.4348773364813
HND,2024,95.7293716551666
HPC,2000,41.30474369503361
HPC,2001,42.05453424486778
HPC,2002,42.89954324050465
HPC,2003,43.75025810737803
HPC,2004,44.6209519410059
HPC,2005,45.563471160546236
HPC,2006,46.50819222068802
HPC,2007,47.42962790205668
HPC,2008,48.41216702041172
HPC,2009,49.393152450714254
HPC,2010,50.371221465471926
HPC,2011,51.35283607992432
HPC,2012,52.322473094907636
HPC,2013,53.287714210230014
HPC,2014,54.25950666473416
HPC,2015,55.23301648371098
HPC,2016,56.19444903539053
HPC,2017,57.17041798530301
HPC,2018,58.129684804530676
HPC,2019,59.09211346528847
HPC,2020,60.05131677338098
HPC,2021,61.0033656848696
HPC,2022,61.86377835450733
HPC,2023,62.84162588122814
HPC,2024,63.825000797619914
HRV,2000,98.6451317481292
HRV,2001,98.6513600849869
HRV,2002,98.7625377853519
HRV,2003,98.8729620215358
HRV,2004,98.9792715341788
HRV,2005,99.0847905577496
HRV,2006,99.1895126647337
HRV,2007,99.2934392263667
HRV,2008,99.3965737483077
HRV,2009,99.4989155320278
HRV,2010,99.6004621496266
HRV,2011,99.7012086254188
HRV,2012,99.8012216684385
HRV,2013,99.9003820151375
HRV,2014,99.9005681639486
HRV,2015,99.9007659561635
HRV,2016,99.9009796453255
HRV,2017,99.9012135113564
HRV,2018,99.9014519632488
HRV,2019,99.9017118309549
HRV,2020,99.9019753269295
HRV,2021,99.9022621135501
HRV,2022,99.9025569316728
HRV,2023,99.9028641950813
HRV,2024,99.903181204483
HTI,2000,54.3912791265866
HTI,2001,55.6370732142044
HTI,2002,56.8689780584715
HTI,2003,58.0834240924689
HTI,2004,58.9700056214304
HTI,2005,59.8048339456041
HTI,2006,60.624746654321
HTI,2007,61.4285173392054
HTI,2008,62.2174731426429
HTI,2009,62.9888052938028
HTI,2010,63.7442876328599
HTI,2011,64.4832332548174
HTI,2012,65.2057837814604
HTI,2013,65.9105551526185
HTI,2014,66.5988959372951
HTI,2015,67.2702221922087
HTI,2016,67.9200663191655
HTI,2017,68.5471165461434
HTI,2018,69.1522570020031
HTI,2019,69.7360086923955
HTI,2020,70.4880763209359
HTI,2021,71.2216853162772
HTI,2022,71.9372349296848
HTI,2023,72.6351234532977
HTI,2024,73.3157500565915
HUN,2000,93.8958473145808
HUN,2001,94.1936032568207
HUN,2002,94.5133631793189
HUN,2003,94.8298573084003
HUN,2004,95.1432578822385
HUN,2005,95.4573933854111
HUN,2006,95.7715235232241
HUN,2007,96.0814951789226
HUN,2008,96.3873549222455
HUN,2009,96.6891082048051
HUN,2010,96.9842340521877
HUN,2011,97.2758562444965
HUN,2012,97.5597402653732
HUN,2013,97.8398540702921
HUN,2014,98.1178998940875
HUN,2015,98.3938802461663
HUN,2016,98.6679484290121
HUN,2017,98.9400107789492
HUN,2018,99.2100381980227
HUN,2019,99.4779522735121
HUN,2020,99.7437164369776
HUN,2021,99.9722511315841
HUN,2022,99.9999990521068
HUN,2023,100
HUN,2024,100
IBD,2000,83.58394061124528
IBD,2001,83.99185978402123
IBD,2002,84.62895949489354
IBD,2003,85.26381138768684
IBD,2004,85.8852355781971
IBD,2005,86.60685525760194
IBD,2006,87.20078932331919
IBD,2007,87.77836655925144
IBD,2008,88.35356917389508
IBD,2009,88.9102879885783
IBD,2010,89.4464334212094
IBD,2011,89.9550512979798
IBD,2012,90.45167500867414
IBD,2013,90.94227865361697
IBD,2014,91.42175811838997
IBD,2015,91.88962851953632
IBD,2016,92.34631110024932
IBD,2017,92.73696151747093
IBD,2018,93.20004900898682
IBD,2019,93.62777116199477
IBD,2020,94.04109905847956
IBD,2021,94.51721884236774
IBD,2022,95.01743557452569
IBD,2023,95.4320416223124
IBD,2024,95.65659882933761
IBT,2000,78.06796279014874
IBT,2001,78.47077731227769
IBT,2002,79.05299471195427
IBT,2003,79.63865459696716
IBT,2004,80.21963124840711
IBT,2005,80.91144151456047
IBT,2006,81.47820453022324
IBT,2007,82.03339989036064
IBT,2008,82.59913143745376
IBT,2009,83.14296293252862
IBT,2010,83.67382096408323
IBT,2011,84.1095154925998
IBT,2012,84.60975862437898
IBT,2013,85.10595074556623
IBT,2014,85.59612313088205
IBT,2015,86.08077736601491
IBT,2016,86.55729603156293
IBT,2017,86.96349539336602
IBT,2018,87.44488910276763
IBT,2019,87.90218181347907
IBT,2020,88.34722950504037
IBT,2021,88.8347332237475
IBT,2022,89.33958000155974
IBT,2023,89.76877707928229
IBT,2024,90.05029597979859
IDA,2000,58.67059033950493
IDA,2001,59.29060780190057
IDA,2002,59.94307710908901
IDA,2003,60.608432602687095
IDA,2004,61.29270610841766
IDA,2005,61.94724480243573
IDA,2006,62.673336079352524
IDA,2007,63.417330732530736
IDA,2008,64.17731706583726
IDA,2009,64.92122906409685
IDA,2010,65.67130232043277
IDA,2011,66.23282578572373
IDA,2012,66.94897704919256
IDA,2013,67.63559338533102
IDA,2014,68.33818991552559
IDA,2015,69.06171930538622
IDA,2016,69.79437625567539
IDA,2017,70.57164606997564
IDA,2018,71.32412622421427
IDA,2019,72.08921774567406
IDA,2020,72.86058965742112
IDA,2021,73.62752103878881
IDA,2022,74.34528479687654
IDA,2023,75.05493656288986
IDA,2024,75.71015680389841
IDB,2000,66.56618099861784
IDB,2001,67.20790104899048
IDB,2002,67.87131298500763
IDB,2003,68.5644202411351
IDB,2004,69.27239490926229
IDB,2005,69.78545005705281
IDB,2006,70.48688411853824
IDB,2007,71.21671719821671
IDB,2008,71.95237738712514
IDB,2009,72.67811542479191
IDB,2010,73.40291596593875
IDB,2011,74.11615750959051
IDB,2012,74.81627257489225
IDB,2013,75.5112985507598
IDB,2014,76.20964541196597
IDB,2015,76.91337070297178
IDB,2016,77.62010396877704
IDB,2017,78.3387178589227
IDB,2018,79.06621785847416
IDB,2019,79.80275341345015
IDB,2020,80.54560398375641
IDB,2021,81.29345275369742
IDB,2022,82.11485519078663
IDB,2023,82.80651644918993
IDB,2024,83.35087027839198
IDN,2000,75.7755519212516
IDN,2001,76.7750513576089
IDN,2002,77.764828826511
IDN,2003,78.7445787552337
IDN,2004,79.7146661275456
IDN,2005,80.6739527502828
IDN,2006,81.6230405666446
IDN,2007,82.5614830626383
IDN,2008,83.4896329573105
IDN,2009,84.3913253324257
IDN,2010,85.1661850718562
IDN,2011,85.6378136701144
IDN,2012,86.0745858271754
IDN,2013,86.4972383225177
IDN,2014,86.9065589204206
IDN,2015,87.3023728948535
IDN,2016,87.6849895715078
IDN,2017,88.0541295680055
IDN,2018,88.410420237217
IDN,2019,88.7538936468124
IDN,2020,89.0851606060889
IDN,2021,89.4041137814594
IDN,2022,89.7113532580834
IDN,2023,89.3578482222748
IDN,2024,89.008759557411
IDX,2000,54.39474767788044
IDX,2001,54.98949819781266
IDX,2002,55.622510799623896
IDX,2003,56.26921988120809
IDX,2004,56.93126653735278
IDX,2005,57.654955808090605
IDX,2006,58.38802897339644
IDX,2007,59.12695022998339
IDX,2008,59.88403432232352
IDX,2009,60.62245108243341
IDX,2010,61.37161768514259
IDX,2011,61.88656169740218
IDX,2012,62.6090417707052
IDX,2013,63.2879598307138
IDX,2014,63.994198281523474
IDX,2015,64.73358274970401
IDX,2016,65.49170145761548
IDX,2017,66.3004959169544
IDX,2018,67.07950208983652
IDX,2019,67.87553095828457
IDX,2020,68.67611090307022
IDX,2021,69.46349314097657
IDX,2022,70.17406379341266
IDX,2023,70.90759743220987
IDX,2024,71.63728296876954
IMN,2000,NA
IMN,2001,NA
IMN,2002,NA
IMN,2003,NA
IMN,2004,NA
IMN,2005,NA
IMN,2006,NA
IMN,2007,NA
IMN,2008,NA
IMN,2009,98.6560556451613
IMN,2010,98.6560556451613
IMN,2011,98.6560556451613
IMN,2012,98.6560556451613
IMN,2013,98.6560556451613
IMN,2014,98.7924774193548
IMN,2015,98.9288991935484
IMN,2016,99.0653209677419
IMN,2017,99.2017427419355
IMN,2018,99.338164516129
IMN,2019,99.4745862903226
IMN,2020,99.6110080645161
IMN,2021,99.7474298387097
IMN,2022,99.8838516129032
IMN,2023,100
IMN,2024,100
IND,2000,79.4918924474821
IND,2001,80.0659857611388
IND,2002,80.7684916224213
IND,2003,81.4693446422868
IND,2004,82.1686302902513
IND,2005,82.8660018054267
IND,2006,83.5615500374212
IND,2007,84.2553439378038
IND,2008,84.9473094624581
IND,2009,85.6371461321776
IND,2010,86.3249166723471
IND,2011,87.0106732998892
IND,2012,87.6951918936397
IND,2013,88.3781430142448
IND,2014,89.0593975763785
IND,2015,89.7387066732488
IND,2016,90.4158282525921
IND,2017,91.0905825625786
IND,2018,91.7626505318817
IND,2019,92.4317828217009
IND,2020,93.0977309081783
IND,2021,93.760281159736
IND,2022,94.4191311935781
IND,2023,95.0740565981493
IND,2024,95.7247373523918
INX,2000,NA
INX,2001,NA
INX,2002,NA
INX,2003,NA
INX,2004,NA
INX,2005,NA
INX,2006,NA
INX,2007,NA
INX,2008,NA
INX,2009,NA
INX,2010,NA
INX,2011,NA
INX,2012,NA
INX,2013,NA
INX,2014,NA
INX,2015,NA
INX,2016,NA
INX,2017,NA
INX,2018,NA
INX,2019,NA
INX,2020,NA
INX,2021,NA
INX,2022,NA
INX,2023,NA
INX,2024,NA
IRL,2000,96.6432181326014
IRL,2001,96.6636726128136
IRL,2002,96.6839393286038
IRL,2003,96.7038676944039
IRL,2004,96.7236314451944
IRL,2005,96.743244411118
IRL,2006,96.7628104274409
IRL,2007,96.7827341812859
IRL,2008,96.8025424077574
IRL,2009,96.822240012762
IRL,2010,96.8418255162662
IRL,2011,96.8612904708571
IRL,2012,96.8806445019551
IRL,2013,96.8998874189889
IRL,2014,96.9190141649512
IRL,2015,96.9380364717099
IRL,2016,96.9569278147002
IRL,2017,96.9755821286774
IRL,2018,96.9939522473037
IRL,2019,97.0120539231566
IRL,2020,97.0298506240387
IRL,2021,97.0473662537478
IRL,2022,97.0645722234347
IRL,2023,97.0814633122255
IRL,2024,97.0980337007013
IRN,2000,94.2087234514971
IRN,2001,94.4127376646145
IRN,2002,94.612110469542
IRN,2003,94.806889129544
IRN,2004,94.9970316924209
IRN,2005,95.18249701116
IRN,2006,95.3633556923125
IRN,2007,95.5354863995331
IRN,2008,95.7014734925872
IRN,2009,95.8635415645059
IRN,2010,96.0218281862273
IRN,2011,96.1763033647874
IRN,2012,96.3261590816988
IRN,2013,96.4718242177424
IRN,2014,96.6141058316375
IRN,2015,96.7529192600073
IRN,2016,96.8883841344681
IRN,2017,97.0204377787878
IRN,2018,97.1490246044491
IRN,2019,97.2741844991019
IRN,2020,97.3960598410528
IRN,2021,97.5146314590197
IRN,2022,97.6301442880843
IRN,2023,97.742552873025
IRN,2024,97.8520635920898
IRQ,2000,80.8465210339668
IRQ,2001,81.7364082372658
IRQ,2002,82.6260373037079
IRQ,2003,83.5154009333644
IRQ,2004,84.4044866614588
IRQ,2005,85.293291593962
IRQ,2006,86.1815126073683
IRQ,2007,87.0697453969481
IRQ,2008,87.9576753839558
IRQ,2009,88.8450464865989
IRQ,2010,89.747680341053
IRQ,2011,90.6562235048523
IRQ,2012,91.5604108838011
IRQ,2013,92.4602847156941
IRQ,2014,93.3560179358349
IRQ,2015,94.2475935647608
IRQ,2016,95.1361722839903
IRQ,2017,96.0213104286067
IRQ,2018,96.902402599518
IRQ,2019,97.7787837240263
IRQ,2020,98.3599044196543
IRQ,2021,98.3711569251332
IRQ,2022,98.3828518441967
IRQ,2023,98.3950469684624
IRQ,2024,98.4076938287767
ISL,2000,99.9999968536342
ISL,2001,100
ISL,2002,100
ISL,2003,100
ISL,2004,99.9999997493148
ISL,2005,99.9999985914996
ISL,2006,100
ISL,2007,100
ISL,2008,100
ISL,2009,99.9999992481043
ISL,2010,100
ISL,2011,100
ISL,2012,99.9999957149588
ISL,2013,99.9999988928739
ISL,2014,99.9999979873113
ISL,2015,100
ISL,2016,100
ISL,2017,100
ISL,2018,99.9999967826526
ISL,2019,99.9999970387712
ISL,2020,99.9999964455788
ISL,2021,100
ISL,2022,99.9999992337629
ISL,2023,100
ISL,2024,100
ISR,2000,99.9999980424614
ISR,2001,99.9999999141995
ISR,2002,99.9999966748332
ISR,2003,99.9999972968458
ISR,2004,99.9999987008863
ISR,2005,99.999996277042
ISR,2006,99.9999970677578
ISR,2007,99.9999967389264
ISR,2008,99.9999990692997
ISR,2009,99.9999967272176
ISR,2010,100
ISR,2011,100
ISR,2012,100
ISR,2013,99.9999987902256
ISR,2014,99.9999994311655
ISR,2015,100
ISR,2016,100
ISR,2017,99.999999235034693
ISR,2018,100
ISR,2019,100
ISR,2020,99.9999976530211
ISR,2021,100
ISR,2022,100
ISR,2023,99.999996982634
ISR,2024,99.9999993081787
ITA,2000,99.5570595333996
ITA,2001,99.582772000592
ITA,2002,99.6084844677844
ITA,2003,99.6341969349767
ITA,2004,99.6599094021691
ITA,2005,99.6856218693615
ITA,2006,99.7113343365538
ITA,2007,99.7370468037462
ITA,2008,99.7627592709386
ITA,2009,99.788471738131
ITA,2010,99.8141842053233
ITA,2011,99.8398966725157
ITA,2012,99.8656091397081
ITA,2013,99.8913216069004
ITA,2014,99.9170340740928
ITA,2015,99.9170340740928
ITA,2016,99.9170340740928
ITA,2017,99.9170340740928
ITA,2018,99.9170340740928
ITA,2019,99.9170340740928
ITA,2020,99.9170340740928
ITA,2021,99.9170340740928
ITA,2022,99.9170340740928
ITA,2023,99.9170340740928
ITA,2024,99.9170340740928
JAM,2000,93.044767295069
JAM,2001,93.2314642021095
JAM,2002,93.4126955865185
JAM,2003,93.5916605668837
JAM,2004,93.5442678161321
JAM,2005,93.495904810275
JAM,2006,93.3551724042309
JAM,2007,93.0501887643258
JAM,2008,92.7426284619668
JAM,2009,92.4323342637375
JAM,2010,92.1193970721849
JAM,2011,91.8039421170674
JAM,2012,91.4871976831064
JAM,2013,91.1691636119073
JAM,2014,90.8497325388071
JAM,2015,90.5287295922396
JAM,2016,90.2061439128139
JAM,2017,89.8818112105781
JAM,2018,89.5557220251637
JAM,2019,89.2277179456112
JAM,2020,88.8977273219084
JAM,2021,88.5656727695016
JAM,2022,88.231486530264
JAM,2023,87.895030779808
JAM,2024,87.5562621347732
JOR,2000,98.375425418806
JOR,2001,98.404833464075793
JOR,2002,98.4342212914986
JOR,2003,98.4635783696491
JOR,2004,98.4929393838046
JOR,2005,98.5494288674571
JOR,2006,98.6120434709162
JOR,2007,98.6711635910559
JOR,2008,98.7270120484555
JOR,2009,98.7796045730845
JOR,2010,98.8292687560561
JOR,2011,98.8761377842126
JOR,2012,98.9204228747465
JOR,2013,98.9622049918779
JOR,2014,99.0017546060361
JOR,2015,99.0291191427992
JOR,2016,99.0560992908943
JOR,2017,99.0826264544025
JOR,2018,99.1124406003234
JOR,2019,99.1420002561378
JOR,2020,99.1712730302314
JOR,2021,99.200324026186
JOR,2022,99.229144722644
JOR,2023,99.2577307145329
JOR,2024,99.2861089236717
JPN,2000,98.5196139100947
JPN,2001,98.5196139100947
JPN,2002,98.5196139100947
JPN,2003,98.5196139100947
JPN,2004,98.5196139100947
JPN,2005,98.5545378078553
JPN,2006,98.5894617056158
JPN,2007,98.6243856033764
JPN,2008,98.659309501137
JPN,2009,98.6942333988975
JPN,2010,98.7291572966581
JPN,2011,98.7640811944187
JPN,2012,98.7990050921792
JPN,2013,98.8339289899398
JPN,2014,98.8688528877004
JPN,2015,98.9037767854609
JPN,2016,98.9387006832215
JPN,2017,98.973624580982
JPN,2018,99.0085484787426
JPN,2019,99.0434723765032
JPN,2020,99.0783962742638
JPN,2021,99.1133201720243
JPN,2022,99.1482440697849
JPN,2023,99.1831679675454
JPN,2024,99.1831679675454
KAZ,2000,90.0307426152469
KAZ,2001,90.4543144790286
KAZ,2002,90.8203534835021
KAZ,2003,91.1852959284243
KAZ,2004,91.5491420882344
KAZ,2005,91.9118915154506
KAZ,2006,92.2735462006636
KAZ,2007,92.634092896871607
KAZ,2008,92.9935442795373
KAZ,2009,93.3518871209981
KAZ,2010,93.7090293283348
KAZ,2011,94.0651716304314
KAZ,2012,94.4202016510081
KAZ,2013,94.7741258840317
KAZ,2014,95.1268706638543
KAZ,2015,95.4785790078555
KAZ,2016,95.7465813403663
KAZ,2017,95.9970182861121
KAZ,2018,96.3060818845049
KAZ,2019,96.6144824644743
KAZ,2020,96.9217657494766
KAZ,2021,97.2275162757939
KAZ,2022,97.531338883182
KAZ,2023,97.8328139720823
KAZ,2024,97.8336528246685
KEN,2000,45.3600224507061
KEN,2001,46.2300505152725
KEN,2002,47.0979850578154
KEN,2003,47.96372108533
KEN,2004,48.8271492189302
KEN,2005,49.6872335728162
KEN,2006,50.5448296064454
KEN,2007,51.3998249048434
KEN,2008,52.2521176288935
KEN,2009,53.100725539255
KEN,2010,53.9464421270489
KEN,2011,54.7912792060119
KEN,2012,55.6346101711392
KEN,2013,56.4770636530803
KEN,2014,57.3176013376785
KEN,2015,58.1564256572864
KEN,2016,58.9933330324144
KEN,2017,59.82810250315
KEN,2018,60.6609028100369
KEN,2019,61.4907638599362
KEN,2020,62.318211896262
KEN,2021,63.1426684243247
KEN,2022,63.96426197234
KEN,2023,64.7820788557808
KEN,2024,65.5965968528709
KGZ,2000,80.9425079923707
KGZ,2001,80.94207386678
KGZ,2002,81.5848105745917
KGZ,2003,82.2273533172738
KGZ,2004,82.870122233362
KGZ,2005,83.4769470367777
KGZ,2006,84.0832799038686
KGZ,2007,84.6887403319872
KGZ,2008,85.2935211424602
KGZ,2009,85.8977915351228
KGZ,2010,86.5050830438754
KGZ,2011,87.1151364127598
KGZ,2012,87.7276670753468
KGZ,2013,88.3419389786488
KGZ,2014,88.9576674918841
KGZ,2015,89.5744309454191
KGZ,2016,90.1919244806244
KGZ,2017,90.8095804433615
KGZ,2018,91.4270880471421
KGZ,2019,92.0438993396
KGZ,2020,92.5873159897583
KGZ,2021,93.250254637138
KGZ,2022,93.777081084542
KGZ,2023,94.3000416733557
KGZ,2024,94.9430591604871
KHM,2000,52.3082345073141
KHM,2001,53.9811685919562
KHM,2002,55.5106135698106
KHM,2003,56.9174716552401
KHM,2004,58.3061105388914
KHM,2005,59.676559152063
KHM,2006,61.028548229185
KHM,2007,62.3624172696977
KHM,2008,63.6884209485264
KHM,2009,65.049262160306
KHM,2010,66.3891055650022
KHM,2011,67.7079968252659
KHM,2012,69.0059822259685
KHM,2013,70.2828703284751
KHM,2014,71.539204338713
KHM,2015,72.7747960661074
KHM,2016,73.9897142664689
KHM,2017,75.1838204777674
KHM,2018,76.3583989017941
KHM,2019,77.5132246974306
KHM,2020,78.6484857238686
KHM,2021,79.7640004029773
KHM,2022,80.8599549237853
KHM,2023,81.8888688771299
KHM,2024,82.8497572939701
KIR,2000,56.1653892565175
KIR,2001,57.3246303582442
KIR,2002,58.3321099401164
KIR,2003,59.3399106669223
KIR,2004,60.3477274331315
KIR,2005,61.3552527879544
KIR,2006,62.5045689065929
KIR,2007,63.7644097380592
KIR,2008,64.9939842741725
KIR,2009,66.1469251372886
KIR,2010,67.1728362624079
KIR,2011,68.18756629104
KIR,2012,69.1908876881434
KIR,2013,70.1813879382686
KIR,2014,71.1597633531566
KIR,2015,72.1255004626904
KIR,2016,73.0741373998847
KIR,2017,74.0045165430556
KIR,2018,74.9172098884573
KIR,2019,75.8122291109265
KIR,2020,76.6890512985404
KIR,2021,77.5479842310266
KIR,2022,78.7016541788502
KIR,2023,78.8873728718607
KIR,2024,79.0683447485722
KNA,2000,98.4498940767374
KNA,2001,98.4623525425581
KNA,2002,98.4748110083788
KNA,2003,98.4872694741995
KNA,2004,98.4997279400202
KNA,2005,98.5121864058409
KNA,2006,98.5246448716616
KNA,2007,98.537103337482307
KNA,2008,98.549561803303
KNA,2009,98.5620202691237
KNA,2010,98.5744787349444
KNA,2011,98.5869372007651
KNA,2012,98.5993956665858
KNA,2013,98.6118541324065
KNA,2014,98.6118541324065
KNA,2015,98.6118541324065
KNA,2016,98.6118541324065
KNA,2017,98.6118541324065
KNA,2018,NA
KNA,2019,NA
KNA,2020,NA
KNA,2021,NA
KNA,2022,NA
KNA,2023,NA
KNA,2024,NA
KOR,2000,NA
KOR,2001,NA
KOR,2002,98.7656134279428
KOR,2003,98.7656134279428
KOR,2004,98.7656134279428
KOR,2005,98.7656134279428
KOR,2006,98.7656134279428
KOR,2007,98.8370462636784
KOR,2008,98.9084790994141
KOR,2009,98.9799119351498
KOR,2010,99.0513447708854
KOR,2011,99.1227776066211
KOR,2012,99.1942104423568
KOR,2013,99.2656432780924
KOR,2014,99.3370761138281
KOR,2015,99.4085089495638
KOR,2016,99.4799417852994
KOR,2017,99.5513746210351
KOR,2018,99.6228074567707
KOR,2019,99.6942402925064
KOR,2020,99.7656731282421
KOR,2021,99.8371059639777
KOR,2022,99.9085387997134
KOR,2023,99.979971635449
KOR,2024,100
KWT,2000,100
KWT,2001,100
KWT,2002,100
KWT,2003,100
KWT,2004,100
KWT,2005,100
KWT,2006,100
KWT,2007,100
KWT,2008,100
KWT,2009,100
KWT,2010,100
KWT,2011,100
KWT,2012,100
KWT,2013,100
KWT,2014,100
KWT,2015,100
KWT,2016,100
KWT,2017,100
KWT,2018,100
KWT,2019,100
KWT,2020,100
KWT,2021,100
KWT,2022,100
KWT,2023,100
KWT,2024,100
LAC,2000,90.50709999336054
LAC,2001,90.91298203380319
LAC,2002,91.3177064873434
LAC,2003,91.71514263075507
LAC,2004,92.09408237137679
LAC,2005,92.45515652201622
LAC,2006,92.80854812741823
LAC,2007,93.13299193928016
LAC,2008,93.44815403155071
LAC,2009,93.75154720598906
LAC,2010,94.05431935931819
LAC,2011,94.36336717845911
LAC,2012,94.66402878704714
LAC,2013,94.9494205445481
LAC,2014,95.23023978433197
LAC,2015,95.50597395081758
LAC,2016,95.77001209247834
LAC,2017,95.78996006087762
LAC,2018,96.12381914505978
LAC,2019,96.39767882326119
LAC,2020,96.70903503741238
LAC,2021,97.0367618972475
LAC,2022,97.27576893215686
LAC,2023,97.5200108708354
LAC,2024,97.68705878593407
LAO,2000,48.3413334597011
LAO,2001,50.5352610633994
LAO,2002,52.7107421470585
LAO,2003,54.8653838022074
LAO,2004,56.9994142749096
LAO,2005,59.0427496607497
LAO,2006,60.9334481098934
LAO,2007,62.8062763559799
LAO,2008,64.6620895988517
LAO,2009,66.4995750629687
LAO,2010,68.3192708714706
LAO,2011,70.1211055659738
LAO,2012,71.905263299790093
LAO,2013,73.6706450859176
LAO,2014,75.4180039823174
LAO,2015,77.1470405122433
LAO,2016,78.8579483150043
LAO,2017,80.5500537342279
LAO,2018,82.2233994378671
LAO,2019,83.8782119453961
LAO,2020,85.8856322944911
LAO,2021,87.5242448127318
LAO,2022,89.1450177580789
LAO,2023,92.6257164263436
LAO,2024,95.8635794968398
LBN,2000,84.3171788931217
LBN,2001,84.7752376134038
LBN,2002,85.233296333686
LBN,2003,85.6913550539682
LBN,2004,86.1494137742504
LBN,2005,86.6074724945326
LBN,2006,87.0655312148148
LBN,2007,87.5235899350969
LBN,2008,87.9816486553791
LBN,2009,88.4397073756613
LBN,2010,88.8977660959435
LBN,2011,89.3558248162257
LBN,2012,89.8138835365079
LBN,2013,90.27194225679
LBN,2014,90.7300009770723
LBN,2015,91.1880596973545
LBN,2016,91.6461184176367
LBN,2017,92.1041771379189
LBN,2018,92.4654818371011
LBN,2019,92.6
LBN,2020,92.6
LBN,2021,92.6
LBN,2022,92.6
LBN,2023,92.6
LBN,2024,92.6
LBR,2000,61.0278430215118
LBR,2001,61.9197046364816
LBR,2002,62.8078227070838
LBR,2003,63.6915834211062
LBR,2004,64.5712728784184
LBR,2005,65.4465992759902
LBR,2006,66.2032069100531
LBR,2007,66.9527157246347
LBR,2008,67.6948813001936
LBR,2009,68.4324549886399
LBR,2010,69.1652648922475
LBR,2011,69.8933749749855
LBR,2012,70.6161490742492
LBR,2013,71.3338862504404
LBR,2014,72.0459731773456
LBR,2015,72.7524847164664
LBR,2016,73.4532574499597
LBR,2017,74.1477432355412
LBR,2018,74.8362128370245
LBR,2019,75.5183258975949
LBR,2020,76.193954779971
LBR,2021,76.8629734925215
LBR,2022,77.5249138658914
LBR,2023,78.180013925929
LBR,2024,78.8278345445612
LBY,2000,NA
LBY,2001,NA
LBY,2002,NA
LBY,2003,NA
LBY,2004,NA
LBY,2005,NA
LBY,2006,NA
LBY,2007,NA
LBY,2008,93.0792486754992
LBY,2009,93.0792486754992
LBY,2010,93.0792486754992
LBY,2011,93.0792486754992
LBY,2012,93.0792486754992
LBY,2013,93.3521899597212
LBY,2014,93.625131243943
LBY,2015,93.8980725281649
LBY,2016,94.1710138123867
LBY,2017,94.4439550966087
LBY,2018,94.7168963808305
LBY,2019,94.9898376650524
LBY,2020,95.2627789492743
LBY,2021,95.5357202334962
LBY,2022,95.808661517718
LBY,2023,96.08160280194
LBY,2024,96.3545440861619
LCA,2000,90.6274300137184
LCA,2001,90.6105122656627
LCA,2002,90.5462084125431
LCA,2003,90.8572851699581
LCA,2004,91.1770053038991
LCA,2005,91.5053069842669
LCA,2006,91.8416872501898
LCA,2007,92.1859193338883
LCA,2008,92.5376090518589
LCA,2009,92.8966104390121
LCA,2010,93.2662294112119
LCA,2011,93.6615915186217
LCA,2012,94.0569581898498
LCA,2013,94.4525423890569
LCA,2014,94.8482428574282
LCA,2015,95.2439847521417
LCA,2016,95.6396226854017
LCA,2017,96.0350677750338
LCA,2018,96.4302304236654
LCA,2019,96.8249802505704
LCA,2020,97.2192348527324
LCA,2021,97.6128621047241
LCA,2022,97.8739462216036
LCA,2023,98.0966876683617
LCA,2024,98.0956816576068
LCN,2000,91.13622069637637
LCN,2001,91.50199754178591
LCN,2002,91.86591904555503
LCN,2003,92.22185781707925
LCN,2004,92.56027447146364
LCN,2005,92.8936196166007
LCN,2006,93.20843847040766
LCN,2007,93.4971223059941
LCN,2008,93.77724732919806
LCN,2009,94.0466298640182
LCN,2010,94.31542791476444
LCN,2011,94.58946370790446
LCN,2012,94.85600214206296
LCN,2013,95.10873265693938
LCN,2014,95.35715799426833
LCN,2015,95.6009714625633
LCN,2016,95.8357797052245
LCN,2017,95.85919118212627
LCN,2018,96.1564685941853
LCN,2019,96.40294918484372
LCN,2020,96.67814651656651
LCN,2021,96.96796703195099
LCN,2022,97.17829870914487
LCN,2023,97.40093706135997
LCN,2024,97.5545871670792
LDC,2000,51.25592471234694
LDC,2001,51.86641095481522
LDC,2002,52.50877969767853
LDC,2003,53.20007751848047
LDC,2004,53.90491230909733
LDC,2005,54.676671078894415
LDC,2006,55.4397802240234
LDC,2007,56.190766769468944
LDC,2008,56.98531547702598
LDC,2009,57.778166829159815
LDC,2010,58.57590201165718
LDC,2011,59.16027191013711
LDC,2012,59.9534055246213
LDC,2013,60.749044806121084
LDC,2014,61.558603432853324
LDC,2015,62.38086998457374
LDC,2016,63.20250933573151
LDC,2017,64.06411454079236
LDC,2018,64.89337959726522
LDC,2019,65.70905488886041
LDC,2020,66.53580437638712
LDC,2021,67.35116936047864
LDC,2022,68.08075988211354
LDC,2023,68.84617885272326
LDC,2024,69.6133994803296
LIC,2000,46.518470767009866
LIC,2001,46.87687302045845
LIC,2002,47.34020328063597
LIC,2003,47.85620026146239
LIC,2004,48.40535829492759
LIC,2005,49.0777943987
LIC,2006,49.79612105411965
LIC,2007,50.53164288676531
LIC,2008,51.28254510328683
LIC,2009,51.98865779029102
LIC,2010,52.72024572773833
LIC,2011,53.138380436328355
LIC,2012,53.785369846719036
LIC,2013,54.358846616876875
LIC,2014,54.94022203837787
LIC,2015,55.59373594307647
LIC,2016,56.29895255269645
LIC,2017,57.06977304221599
LIC,2018,57.84174236200164
LIC,2019,58.641520202863205
LIC,2020,59.45459062593527
LIC,2021,60.255724338750376
LIC,2022,61.0579932038738
LIC,2023,61.922696194816
LIC,2024,61.419306268218165
LIE,2000,100
LIE,2001,100
LIE,2002,100
LIE,2003,100
LIE,2004,100
LIE,2005,100
LIE,2006,100
LIE,2007,100
LIE,2008,100
LIE,2009,100
LIE,2010,100
LIE,2011,100
LIE,2012,100
LIE,2013,100
LIE,2014,100
LIE,2015,100
LIE,2016,100
LIE,2017,100
LIE,2018,100
LIE,2019,100
LIE,2020,100
LIE,2021,100
LIE,2022,100
LIE,2023,100
LIE,2024,100
LKA,2000,83.6750656092532
LKA,2001,83.9203655866914
LKA,2002,84.1981104690897
LKA,2003,84.4762345244091
LKA,2004,84.7545829171958
LKA,2005,85.0330281014666
LKA,2006,85.3118425923699
LKA,2007,85.590756668861
LKA,2008,85.8700345787064
LKA,2009,86.149546290692
LKA,2010,86.4291556311836
LKA,2011,86.7091246125712
LKA,2012,86.9893246653002
LKA,2013,87.2717415635994
LKA,2014,87.5563586215225
LKA,2015,87.8430484990773
LKA,2016,88.13156471936
LKA,2017,88.4218720472391
LKA,2018,88.7139577159347
LKA,2019,89.0074705240203
LKA,2020,89.3024800646489
LKA,2021,89.5988356123165
LKA,2022,89.8964005892061
LKA,2023,90.1950284141998
LKA,2024,90.2138440260395
LMC,2000,76.09712595358853
LMC,2001,76.67467147720511
LMC,2002,77.32092750346078
LMC,2003,77.98165233058005
LMC,2004,78.64232664310093
LMC,2005,79.26496505259922
LMC,2006,79.9200742486991
LMC,2007,80.57594928180137
LMC,2008,81.22979862669473
LMC,2009,81.88222384015171
LMC,2010,82.53310721485471
LMC,2011,83.18386731974334
LMC,2012,83.83344250575027
LMC,2013,84.48370138996918
LMC,2014,85.13524964830911
LMC,2015,85.7828319840039
LMC,2016,86.42738837611272
LMC,2017,87.07119732458236
LMC,2018,87.72636124038662
LMC,2019,88.36606656314629
LMC,2020,88.99852628478563
LMC,2021,89.62127950422362
LMC,2022,90.24195064446711
LMC,2023,90.81841935509247
LMC,2024,91.35436635279595
LMY,2000,78.13279649843287
LMY,2001,78.56366582047467
LMY,2002,79.18200019479495
LMY,2003,79.80130915733649
LMY,2004,80.41389571606695
LMY,2005,81.00797772309984
LMY,2006,81.60747027292881
LMY,2007,82.19355822962733
LMY,2008,82.78732235741899
LMY,2009,83.3559073557266
LMY,2010,83.91374805642462
LMY,2011,84.3690101107127
LMY,2012,84.8914048398964
LMY,2013,85.40838607728011
LMY,2014,85.91796115685024
LMY,2015,86.42118130229484
LMY,2016,86.91526730206513
LMY,2017,87.33766736638304
LMY,2018,87.8367978522802
LMY,2019,88.30965100854979
LMY,2020,88.77124360799768
LMY,2021,89.27764014267461
LMY,2022,89.80070911942195
LMY,2023,90.24134519835478
LMY,2024,90.51084423565615
LSO,2000,64.405856278949
LSO,2001,64.9608173437241
LSO,2002,65.5201920460199
LSO,2003,66.083827020152
LSO,2004,66.6522079155788
LSO,2005,67.224549621847
LSO,2006,67.8015454898826
LSO,2007,68.3621774697103
LSO,2008,68.9266715175082
LSO,2009,69.4944225013917
LSO,2010,70.0661261191784
LSO,2011,70.6416125144182
LSO,2012,71.1931354913507
LSO,2013,71.7472805619843
LSO,2014,72.3042900166606
LSO,2015,72.8644331310882
LSO,2016,73.4272764061932
LSO,2017,73.9930898817459
LSO,2018,74.5632870642167
LSO,2019,75.1376932253322
LSO,2020,75.7168396878056
LSO,2021,76.300316439538
LSO,2022,76.8886585638557
LSO,2023,77.481451488906
LSO,2024,78.0789963759688
LTE,2000,84.5106866279245
LTE,2001,84.8316488463509
LTE,2002,85.53367473692815
LTE,2003,86.22319485722828
LTE,2004,86.89653804380214
LTE,2005,87.75101958462083
LTE,2006,88.3732987701501
LTE,2007,88.97452804320494
LTE,2008,89.55951063713039
LTE,2009,90.1266786782116
LTE,2010,90.66532847109488
LTE,2011,91.1784463954
LTE,2012,91.67037450790764
LTE,2013,92.14681922149997
LTE,2014,92.60607480691729
LTE,2015,93.04871948944478
LTE,2016,93.47228199105324
LTE,2017,93.88380903580327
LTE,2018,94.29902016643838
LTE,2019,94.67381708939864
LTE,2020,95.0325953085252
LTE,2021,95.544452642465
LTE,2022,96.11562939858968
LTE,2023,96.59730903045514
LTE,2024,96.71254825383171
LTU,2000,89.6457241496505
LTU,2001,90.0977606045696
LTU,2002,90.5462424491186
LTU,2003,90.9963592646398
LTU,2004,91.4481167989435
LTU,2005,91.9151921739671
LTU,2006,92.3957545700156
LTU,2007,92.8750439712318
LTU,2008,93.3530575915625
LTU,2009,93.8193881104381
LTU,2010,94.2758564978179
LTU,2011,94.7419457559993
LTU,2012,95.2233550480364
LTU,2013,95.7024541817261
LTU,2014,96.1793622122159
LTU,2015,96.6540744092519
LTU,2016,97.1276074784164
LTU,2017,97.5995795936684
LTU,2018,98.0695666979738
LTU,2019,98.5372101703489
LTU,2020,98.8922199280899
LTU,2021,99.2383026544667
LTU,2022,99.5802232857586
LTU,2023,99.9175659134354
LTU,2024,99.9182026791093
LUX,2000,99.9999973690054
LUX,2001,100
LUX,2002,100
LUX,2003,99.9999960556072
LUX,2004,100
LUX,2005,99.9999981375846
LUX,2006,99.9999986253518
LUX,2007,100
LUX,2008,99.9999980028988
LUX,2009,100
LUX,2010,100
LUX,2011,100
LUX,2012,99.9999990171324
LUX,2013,99.9999986127199
LUX,2014,100
LUX,2015,99.9999971975971
LUX,2016,99.999999435156
LUX,2017,99.9999966233411
LUX,2018,99.9999952675499
LUX,2019,100
LUX,2020,100
LUX,2021,100
LUX,2022,99.9999976223575
LUX,2023,99.9999993622078
LUX,2024,100
LVA,2000,97.957430289515
LVA,2001,97.9544905186091
LVA,2002,97.9875163492266
LVA,2003,98.0218970345515
LVA,2004,98.0597159524281
LVA,2005,98.0973437234884
LVA,2006,98.1320758435858
LVA,2007,98.1662009076991
LVA,2008,98.2004790709608
LVA,2009,98.235685038934193
LVA,2010,98.2717136022168
LVA,2011,98.3077017378479
LVA,2012,98.3436350689574
LVA,2013,98.3795180177465
LVA,2014,98.4153361248408
LVA,2015,98.4511105601359
LVA,2016,98.4869768488799
LVA,2017,98.5228902646121
LVA,2018,98.558820559671
LVA,2019,98.5947259523274
LVA,2020,98.63057400499
LVA,2021,98.6663184077259
LVA,2022,98.7019358387321
LVA,2023,98.7373706487975
LVA,2024,98.7726032777308
MAC,2000,100
MAC,2001,100
MAC,2002,100
MAC,2003,100
MAC,2004,100
MAC,2005,100
MAC,2006,100
MAC,2007,100
MAC,2008,100
MAC,2009,100
MAC,2010,100
MAC,2011,100
MAC,2012,100
MAC,2013,100
MAC,2014,100
MAC,2015,100
MAC,2016,100
MAC,2017,100
MAC,2018,100
MAC,2019,100
MAC,2020,100
MAC,2021,100
MAC,2022,100
MAC,2023,100
MAC,2024,100
MAF,2000,100
MAF,2001,100
MAF,2002,100
MAF,2003,100
MAF,2004,100
MAF,2005,100
MAF,2006,100
MAF,2007,100
MAF,2008,100
MAF,2009,100
MAF,2010,99.9978182352951
MAF,2011,99.9920582504616
MAF,2012,99.986298265628
MAF,2013,99.9805382807944
MAF,2014,99.9747782959609
MAF,2015,99.9690183111273
MAF,2016,99.9632583262937
MAF,2017,99.9574983414602
MAF,2018,99.9517383566266
MAF,2019,99.945978371793
MAF,2020,99.9402183869595
MAF,2021,99.9344584021259
MAF,2022,99.9286984172924
MAF,2023,99.9229384324588
MAF,2024,99.9229384324588
MAR,2000,62.1439995989876
MAR,2001,63.4571073529221
MAR,2002,64.7639532171435
MAR,2003,66.063149921039
MAR,2004,67.3552311379122
MAR,2005,68.7554997680292
MAR,2006,70.163478359653
MAR,2007,71.5537323474751
MAR,2008,72.9256075527307
MAR,2009,74.2785219849732
MAR,2010,75.6138635064954
MAR,2011,76.9300832583237
MAR,2012,78.2275853930086
MAR,2013,79.5058796686335
MAR,2014,80.7653426304432
MAR,2015,82.0055254325952
MAR,2016,83.2267677813963
MAR,2017,84.4286583054916
MAR,2018,85.6112006137327
MAR,2019,86.7740979476491
MAR,2020,87.9176789567835
MAR,2021,89.0414569298463
MAR,2022,90.1462114499195
MAR,2023,91.2311035579693
MAR,2024,92.2120267209653
MCO,2000,100
MCO,2001,100
MCO,2002,100
MCO,2003,100
MCO,2004,100
MCO,2005,100
MCO,2006,100
MCO,2007,100
MCO,2008,100
MCO,2009,100
MCO,2010,100
MCO,2011,100
MCO,2012,100
MCO,2013,100
MCO,2014,100
MCO,2015,100
MCO,2016,100
MCO,2017,100
MCO,2018,100
MCO,2019,100
MCO,2020,100
MCO,2021,100
MCO,2022,100
MCO,2023,100
MCO,2024,100
MDA,2000,83.0002243513663
MDA,2001,83.3234923417837
MDA,2002,83.6512440151413
MDA,2003,83.9834832387718
MDA,2004,84.3204163424305
MDA,2005,84.6970913966841
MDA,2006,85.1105293092425
MDA,2007,85.5244670482591
MDA,2008,85.9389111690626
MDA,2009,86.3538510383459
MDA,2010,86.7693011719513
MDA,2011,87.1852515314288
MDA,2012,87.601707230864
MDA,2013,88.0186693421827
MDA,2014,88.436133359262
MDA,2015,88.8523471149568
MDA,2016,89.2722054309819
MDA,2017,89.6950297524802
MDA,2018,90.1205722454001
MDA,2019,90.5483180309042
MDA,2020,90.9779971950064
MDA,2021,91.4092054171204
MDA,2022,91.8415594867587
MDA,2023,92.2745583834246
MDA,2024,92.7079162757946
MDG,2000,36.4427561061797
MDG,2001,37.1365510037545
MDG,2002,37.8285452576804
MDG,2003,38.518227444298
MDG,2004,39.2060328929428
MDG,2005,40.0429127960642
MDG,2006,40.878116387823
MDG,2007,41.7110487315334
MDG,2008,42.5424880385146
MDG,2009,43.3700536128356
MDG,2010,44.1945358943364
MDG,2011,45.0153822584225
MDG,2012,45.8324865165496
MDG,2013,46.645311071975
MDG,2014,47.4541920353579
MDG,2015,48.258173464398
MDG,2016,49.0575914521926
MDG,2017,49.8519386234101
MDG,2018,50.6411241447461
MDG,2019,51.4242559942128
MDG,2020,52.2020747813196
MDG,2021,52.9732968597974
MDG,2022,53.7386722482621
MDG,2023,54.4969430342798
MDG,2024,55.3389608321256
MDV,2000,93.9754416536862
MDV,2001,94.3299211609412
MDV,2002,94.6785046984777
MDV,2003,95.0207841451374
MDV,2004,95.3565498138063
MDV,2005,95.6853187306833
MDV,2006,95.9990896604814
MDV,2007,96.2874159070082
MDV,2008,96.5912125860585
MDV,2009,96.8924931173137
MDV,2010,97.1912684549674
MDV,2011,97.4875221810395
MDV,2012,97.7812411341271
MDV,2013,98.0723697097107
MDV,2014,98.3609146245112
MDV,2015,98.6468575811513
MDV,2016,98.9301591789306
MDV,2017,99.2108231698123
MDV,2018,99.4838786975911
MDV,2019,99.6231486421787
MDV,2020,99.6489940790337
MDV,2021,99.675443163466
MDV,2022,99.702507903643
MDV,2023,99.7301882656937
MDV,2024,99.7584782998402
MEA,2000,85.04594689465962
MEA,2001,85.33867698207683
MEA,2002,85.59983248379399
MEA,2003,85.87534908558416
MEA,2004,86.2214019111976
MEA,2005,86.41912028983596
MEA,2006,86.76579695903753
MEA,2007,87.17026119312703
MEA,2008,87.61066803868523
MEA,2009,87.95182261162677
MEA,2010,88.27950325765796
MEA,2011,88.61796499347717
MEA,2012,88.95485171987086
MEA,2013,89.31678002409585
MEA,2014,89.67054932290704
MEA,2015,90.04520106967121
MEA,2016,90.41934102451894
MEA,2017,90.7699929945259
MEA,2018,91.1088781867545
MEA,2019,91.45211062344252
MEA,2020,91.78899975028456
MEA,2021,92.07784166936145
MEA,2022,92.40280486355857
MEA,2023,92.66010825915986
MEA,2024,92.90226047809347
MEX,2000,91.5623322939428
MEX,2001,92.0447445301781
MEX,2002,92.5226572701038
MEX,2003,92.996063481636
MEX,2004,93.4651323429629
MEX,2005,93.9295704021899
MEX,2006,94.3895494210949
MEX,2007,94.8449664577953
MEX,2008,95.2791786706115
MEX,2009,95.5850499173434
MEX,2010,95.8874978648844
MEX,2011,96.1869601419422
MEX,2012,96.483147256866
MEX,2013,96.7762637072841
MEX,2014,97.0663144004475
MEX,2015,97.3531385567766
MEX,2016,97.6369085403618
MEX,2017,97.9175037608425
MEX,2018,98.1950089060211
MEX,2019,98.46943436997
MEX,2020,98.7408072689782
MEX,2021,99.0090934864526
MEX,2022,99.2737986132837
MEX,2023,99.4095196134934
MEX,2024,99.5413676283293
MHL,2000,88.7785656055878
MHL,2001,88.7361116250114
MHL,2002,88.6939841063505
MHL,2003,88.6522614448274
MHL,2004,88.6109447251145
MHL,2005,88.5455141117699
MHL,2006,88.4803975214392
MHL,2007,88.4157787879213
MHL,2008,88.3514803494463
MHL,2009,88.2877562001055
MHL,2010,88.2244329493456
MHL,2011,88.1615235690486
MHL,2012,88.0994261058338
MHL,2013,88.0383075874041
MHL,2014,87.9780013453875
MHL,2015,87.918586730439
MHL,2016,87.8599925436278
MHL,2017,87.8022983184249
MHL,2018,87.7453304443591
MHL,2019,87.6892595354253
MHL,2020,87.6339278712455
MHL,2021,87.579321179184
MHL,2022,87.5255330544284
MHL,2023,87.4725613488075
MHL,2024,87.4448539274847
MIC,2000,80.36817055054772
MIC,2001,80.82994973371706
MIC,2002,81.49311136166085
MIC,2003,82.1566171484222
MIC,2004,82.80821461957512
MIC,2005,83.43261691844188
MIC,2006,84.06302536942448
MIC,2007,84.67783377943678
MIC,2008,85.2945991386342
MIC,2009,85.89102123921818
MIC,2010,86.4730782446269
MIC,2011,87.03131358679288
MIC,2012,87.58041316635284
MIC,2013,88.12562383050887
MIC,2014,88.66101876792553
MIC,2015,89.18580216497729
MIC,2016,89.70093877194364
MIC,2017,90.14030535001925
MIC,2018,90.66324626974753
MIC,2019,91.15763395435204
MIC,2020,91.6389691546852
MIC,2021,92.17016016689381
MIC,2022,92.72284830914519
MIC,2023,93.17735122515558
MIC,2024,93.4544586702427
MKD,2000,96.7613264219734
MKD,2001,96.7649803792738
MKD,2002,96.7686348116492
MKD,2003,96.7722873788314
MKD,2004,96.775962091055
MKD,2005,96.8586412875669
MKD,2006,96.9404130326478
MKD,2007,97.0213724658105
MKD,2008,97.1016356457898
MKD,2009,97.1812973186845
MKD,2010,97.260478214411
MKD,2011,97.3392765626462
MKD,2012,97.4178150815546
MKD,2013,97.4961912518525
MKD,2014,97.5745230862782
MKD,2015,97.6529269300646
MKD,2016,97.7315020702952
MKD,2017,97.8103630941709
MKD,2018,97.8896166330973
MKD,2019,97.9693792101594
MKD,2020,98.049753932852
MKD,2021,98.1308494044727
MKD,2022,98.1589591318874
MKD,2023,98.1866858659348
MKD,2024,98.1873314046173
MLI,2000,49.4074258741145
MLI,2001,51.0043528727808
MLI,2002,52.6652852945174
MLI,2003,54.3201164982467
MLI,2004,55.9690552417302
MLI,2005,57.6096707559848
MLI,2006,59.2432791544715
MLI,2007,60.8678932754337
MLI,2008,62.4840069987377
MLI,2009,64.0894295059223
MLI,2010,65.6825064344256
MLI,2011,67.2626511406481
MLI,2012,68.8293224749943
MLI,2013,70.3820228884165
MLI,2014,71.9205681917845
MLI,2015,73.4442818917146
MLI,2016,74.9530465324724
MLI,2017,76.4467561333581
MLI,2018,77.9248726503067
MLI,2019,79.3875776496975
MLI,2020,80.8342374526546
MLI,2021,82.2652506105548
MLI,2022,83.6801195841677
MLI,2023,85.0789328815907
MLI,2024,86.3633567815443
MLT,2000,100
MLT,2001,99.9999986778727
MLT,2002,99.999996839623
MLT,2003,100
MLT,2004,99.9999991531108
MLT,2005,100
MLT,2006,99.9999978183576
MLT,2007,100
MLT,2008,99.9999999672221
MLT,2009,100
MLT,2010,99.9999988772099
MLT,2011,100
MLT,2012,100
MLT,2013,99.9999994764776
MLT,2014,99.999997506533
MLT,2015,99.9999976305003
MLT,2016,99.9999985454062
MLT,2017,99.9999988683956
MLT,2018,99.9999969675015
MLT,2019,100
MLT,2020,100
MLT,2021,99.9999977128228
MLT,2022,99.9999984486759
MLT,2023,100
MLT,2024,100
MMR,2000,47.0143575446257
MMR,2001,48.6071024243715
MMR,2002,50.2257370348603
MMR,2003,51.870427267256
MMR,2004,53.5410174702481
MMR,2005,55.2373698713053
MMR,2006,56.9590615338735
MMR,2007,58.7062336029249
MMR,2008,60.4787323145867
MMR,2009,62.2761475757096
MMR,2010,64.0988519879754
MMR,2011,65.9461876733172
MMR,2012,67.8182524811461
MMR,2013,69.7146626625881
MMR,2014,71.6357324611293
MMR,2015,73.5840283312627
MMR,2016,75.5592746825868
MMR,2017,77.5609391468529
MMR,2018,79.5886557826298
MMR,2019,81.6416324017497
MMR,2020,83.6954599459105
MMR,2021,85.5310377931068
MMR,2022,85.5803784995837
MMR,2023,85.6324592259364
MMR,2024,85.6871417640541
MNA,2000,84.1119399514757
MNA,2001,84.40432625334016
MNA,2002,84.6640958016019
MNA,2003,84.9416488202993
MNA,2004,85.29706479877123
MNA,2005,85.49160584264307
MNA,2006,85.84163780852919
MNA,2007,86.24639702214475
MNA,2008,86.70280573559432
MNA,2009,87.05015936840911
MNA,2010,87.41628193435987
MNA,2011,87.76765746169235
MNA,2012,88.11453470411188
MNA,2013,88.48168123587851
MNA,2014,88.85174458729686
MNA,2015,89.23261949759218
MNA,2016,89.62137973764412
MNA,2017,90.00375398974388
MNA,2018,90.38685913198627
MNA,2019,90.76754303200111
MNA,2020,91.12651281843499
MNA,2021,91.459086432639225
MNA,2022,91.79774434188917
MNA,2023,92.06424719188252
MNA,2024,92.31651975696647
MNE,2000,NA
MNE,2001,NA
MNE,2002,NA
MNE,2003,NA
MNE,2004,NA
MNE,2005,NA
MNE,2006,95.1771363433135
MNE,2007,95.4603088591974
MNE,2008,95.7432123993098
MNE,2009,96.0257884355961
MNE,2010,96.3080710826968
MNE,2011,96.5900878676882
MNE,2012,96.8718312757474
MNE,2013,97.1533140949299
MNE,2014,97.4345288246908
MNE,2015,97.7154742169306
MNE,2016,97.9838031663894
MNE,2017,98.2281722973241
MNE,2018,98.8789249228913
MNE,2019,99.0815729243166
MNE,2020,99.2839751783308
MNE,2021,99.2830138723667
MNE,2022,99.2820569937109
MNE,2023,99.2810967659846
MNE,2024,99.2801382117873
MNG,2000,62.4153289912774
MNG,2001,63.8236899461792
MNG,2002,65.2096971996007
MNG,2003,66.5727730993556
MNG,2004,67.9123756644867
MNG,2005,69.2258593497373
MNG,2006,70.5155400151406
MNG,2007,71.7804641476083
MNG,2008,73.0207899506692
MNG,2009,74.2336967289894
MNG,2010,75.4224593493441
MNG,2011,76.3129761358457
MNG,2012,77.0456343168303
MNG,2013,77.7798259632281
MNG,2014,78.5150961295777
MNG,2015,79.2523120738023
MNG,2016,79.9910274586386
MNG,2017,80.7307985361717
MNG,2018,81.4783824183296
MNG,2019,82.233221224194
MNG,2020,82.994734823721
MNG,2021,83.761628489025
MNG,2022,84.5344346158514
MNG,2023,85.311512645746
MNG,2024,86.092655324442
MNP,2000,96.4844231168673
MNP,2001,96.6735663156931
MNP,2002,96.8627095145188
MNP,2003,97.0518527133445
MNP,2004,97.2409959121703
MNP,2005,97.430139110996
MNP,2006,97.6192823098218
MNP,2007,97.8084255086475
MNP,2008,97.9975687074732
MNP,2009,98.186711906299
MNP,2010,98.3758551051247
MNP,2011,98.5649983039505
MNP,2012,98.7541415027762
MNP,2013,98.9432847016019
MNP,2014,99.1324279004277
MNP,2015,99.3215710992534
MNP,2016,99.5107142980791
MNP,2017,99.6998574969049
MNP,2018,99.8890006957306
MNP,2019,100
MNP,2020,100
MNP,2021,100
MNP,2022,100
MNP,2023,100
MNP,2024,100
MOZ,2000,23.4410418674047
MOZ,2001,24.4482966648571
MOZ,2002,25.8920562991607
MOZ,2003,27.3637062660651
MOZ,2004,28.8635945459384
MOZ,2005,30.391019323665
MOZ,2006,31.9468315696643
MOZ,2007,33.5293144441132
MOZ,2008,35.2815210331491
MOZ,2009,37.0713316939985
MOZ,2010,38.8870842432342
MOZ,2011,40.7272349107275
MOZ,2012,42.5912317568362
MOZ,2013,44.4785109091444
MOZ,2014,46.3885053370703
MOZ,2015,48.3206421640835
MOZ,2016,50.2743318960673
MOZ,2017,52.2485430306556
MOZ,2018,54.2431367591977
MOZ,2019,56.2587719909351
MOZ,2020,58.2943448564578
MOZ,2021,60.34998629028
MOZ,2022,62.4237541540672
MOZ,2023,64.5157588929919
MOZ,2024,66.6252441342671
MRT,2000,41.4134230835058
MRT,2001,42.3280271481034
MRT,2002,43.8234469336447
MRT,2003,45.328257924083
MRT,2004,46.8421748540114
MRT,2005,48.3637496328725
MRT,2006,49.8930914741819
MRT,2007,51.4299037180572
MRT,2008,52.9742769831922
MRT,2009,54.5236725907371
MRT,2010,56.0793137596393
MRT,2011,57.6405391140785
MRT,2012,59.206705237902
MRT,2013,60.7764532840581
MRT,2014,62.3466709330309
MRT,2015,63.916470728636
MRT,2016,65.4850065623498
MRT,2017,67.0528469845158
MRT,2018,68.6188207153195
MRT,2019,70.1831740304399
MRT,2020,71.7451315704303
MRT,2021,73.3049522964887
MRT,2022,74.8619034584031
MRT,2023,76.416594605687
MRT,2024,77.2846491375388
MUS,2000,99.3576713358025
MUS,2001,99.3807165047382
MUS,2002,99.403804146101
MUS,2003,99.4269447839906
MUS,2004,99.4501410084641
MUS,2005,99.473396831772
MUS,2006,99.4967060410466
MUS,2007,99.5200720163926
MUS,2008,99.5434873367577
MUS,2009,99.5669598698171
MUS,2010,99.5904884029877
MUS,2011,99.6140745200193
MUS,2012,99.6377035692288
MUS,2013,99.6614006304561
MUS,2014,99.6851453153078
MUS,2015,99.7089459082034
MUS,2016,99.7328674353139
MUS,2017,99.7568929289724
MUS,2018,99.7810033691491
MUS,2019,99.8052010577748
MUS,2020,99.8294531889086
MUS,2021,99.8537467482534
MUS,2022,99.8780672728138
MUS,2023,99.9024122575049
MUS,2024,99.9265458263134
MWI,2000,54.1308258661442
MWI,2001,54.9347725459043
MWI,2002,55.7358012245672
MWI,2003,56.5342633361224
MWI,2004,57.3298008251815
MWI,2005,58.1227398593288
MWI,2006,58.9127413872202
MWI,2007,59.7001195551836
MWI,2008,60.4845500797973
MWI,2009,61.2695217967754
MWI,2010,62.054717323412
MWI,2011,62.8400904977238
MWI,2012,63.6250410332197
MWI,2013,64.4097635787401
MWI,2014,65.1933925643295
MWI,2015,65.9763340121013
MWI,2016,66.7575071708792
MWI,2017,67.5372652238348
MWI,2018,68.3152167592517
MWI,2019,69.0907681697374
MWI,2020,69.8639475231257
MWI,2021,70.6341661895421
MWI,2022,71.4013801873198
MWI,2023,72.2285522528925
MWI,2024,73.0535741738591
MYS,2000,96.1058225790824
MYS,2001,96.2135218448603
MYS,2002,96.3185542508289
MYS,2003,96.421011641098
MYS,2004,96.5209270315964
MYS,2005,96.6181133763505
MYS,2006,96.7127740822189
MYS,2007,96.8049040699595
MYS,2008,96.894523797627
MYS,2009,96.981531661434
MYS,2010,97.0660732321152
MYS,2011,97.1420179422796
MYS,2012,97.2149965525313
MYS,2013,97.2860389333655
MYS,2014,97.3553157635016
MYS,2015,97.4227111540385
MYS,2016,97.4883578339003
MYS,2017,97.5518244346184
MYS,2018,97.6132438171196
MYS,2019,97.6726796234952
MYS,2020,97.7301935332944
MYS,2021,97.7858740262041
MYS,2022,97.8397514976645
MYS,2023,97.8919385183286
MYS,2024,97.9424657751403
NAC,2000,NA
NAC,2001,NA
NAC,2002,NA
NAC,2003,NA
NAC,2004,NA
NAC,2005,98.95619572464238
NAC,2006,98.95592068433514
NAC,2007,98.95567558369405
NAC,2008,98.95540413557764
NAC,2009,98.95508381404967
NAC,2010,99.02661803324469
NAC,2011,99.09727916609013
NAC,2012,99.16688138811254
NAC,2013,99.23553091717403
NAC,2014,99.30320495556593
NAC,2015,99.36999552307496
NAC,2016,99.43551511836277
NAC,2017,99.49980556165522
NAC,2018,99.56254758203374
NAC,2019,99.62387314928503
NAC,2020,99.68412867634646
NAC,2021,99.74343162488265
NAC,2022,99.79657022479012
NAC,2023,99.80079558372907
NAC,2024,99.79750702269355
NAM,2000,76.2362461884581
NAM,2001,76.6073397311336
NAM,2002,77.0810806268773
NAM,2003,77.5698694830307
NAM,2004,78.0541039412165
NAM,2005,78.5320876453257
NAM,2006,79.0046008864518
NAM,2007,79.4708868241615
NAM,2008,79.9311134554851
NAM,2009,80.3834346901376
NAM,2010,80.8294504898485
NAM,2011,81.267654864296
NAM,2012,81.7057329100665
NAM,2013,82.1358474215349
NAM,2014,82.5578966769433
NAM,2015,82.9710417542827
NAM,2016,83.3709791418252
NAM,2017,83.756921632109
NAM,2018,84.1291083222967
NAM,2019,84.5549009012644
NAM,2020,84.9689182481296
NAM,2021,85.3713640915778
NAM,2022,85.7619951593707
NAM,2023,86.1410432483345
NAM,2024,86.5087378352127
NCL,2000,95.10497708421
NCL,2001,95.10497708421
NCL,2002,95.10497708421
NCL,2003,95.3383295002079
NCL,2004,95.5716819162058
NCL,2005,95.8050343322036
NCL,2006,96.0383867482015
NCL,2007,96.2717391641993
NCL,2008,96.5050915801972
NCL,2009,96.7384439961951
NCL,2010,96.9717964121929
NCL,2011,97.2051488281908
NCL,2012,97.4385012441887
NCL,2013,97.6718536601866
NCL,2014,97.9052060761844
NCL,2015,98.1385584921823
NCL,2016,98.3719109081802
NCL,2017,98.6052633241781
NCL,2018,98.8386157401759
NCL,2019,99.0719681561738
NCL,2020,99.3053205721716
NCL,2021,99.5386729881695
NCL,2022,99.5386729881695
NCL,2023,99.5386729881695
NCL,2024,99.5386729881695
NER,2000,36.5479060182649
NER,2001,37.358813438708
NER,2002,38.1115370315666
NER,2003,38.8582098965165
NER,2004,39.5981949224788
NER,2005,40.3308901559153
NER,2006,41.0575024887785
NER,2007,41.7774242131502
NER,2008,42.4900876989759
NER,2009,43.1966321655043
NER,2010,43.8964824399921
NER,2011,44.5891012347432
NER,2012,45.2755729615711
NER,2013,45.9553436655962
NER,2014,46.6360032875155
NER,2015,47.3180912197977
NER,2016,48.0001316756614
NER,2017,48.6826437620777
NER,2018,49.364204791619
NER,2019,50.045306277114
NER,2020,50.7254664539795
NER,2021,51.4037852396431
NER,2022,52.0806785975452
NER,2023,52.7552521305404
NER,2024,53.4274656286176
NGA,2000,44.4803085080205
NGA,2001,45.7654579242041
NGA,2002,47.3236744097303
NGA,2003,48.8898791765237
NGA,2004,50.463557619145
NGA,2005,52.0438578033599
NGA,2006,53.6309977200112
NGA,2007,55.2248334433962
NGA,2008,56.8252264251632
NGA,2009,58.4306651834765
NGA,2010,60.04206159591
NGA,2011,61.6552661645974
NGA,2012,63.2702627408651
NGA,2013,64.8863828876252
NGA,2014,66.5036264382039
NGA,2015,68.1220021164846
NGA,2016,69.7405688273521
NGA,2017,71.3599849035344
NGA,2018,72.9796602996736
NGA,2019,74.5993213952744
NGA,2020,76.2190366017765
NGA,2021,77.8385518833185
NGA,2022,79.457946920672
NGA,2023,81.0772897042816
NGA,2024,82.2488935172216
NIC,2000,NA
NIC,2001,NA
NIC,2002,NA
NIC,2003,NA
NIC,2004,NA
NIC,2005,NA
NIC,2006,NA
NIC,2007,NA
NIC,2008,NA
NIC,2009,NA
NIC,2010,NA
NIC,2011,NA
NIC,2012,NA
NIC,2013,NA
NIC,2014,NA
NIC,2015,NA
NIC,2016,NA
NIC,2017,NA
NIC,2018,NA
NIC,2019,NA
NIC,2020,NA
NIC,2021,NA
NIC,2022,NA
NIC,2023,NA
NIC,2024,NA
NLD,2000,100
NLD,2001,99.999998974117
NLD,2002,100
NLD,2003,100
NLD,2004,99.9999980142427
NLD,2005,99.999998280043
NLD,2006,100
NLD,2007,100
NLD,2008,100
NLD,2009,99.9999979513678
NLD,2010,99.9999991848021
NLD,2011,100
NLD,2012,100
NLD,2013,100
NLD,2014,100
NLD,2015,99.9999977623031
NLD,2016,99.9999992507495
NLD,2017,99.9999992668183
NLD,2018,100
NLD,2019,99.999999064505
NLD,2020,99.999999064231
NLD,2021,99.9999991132456
NLD,2022,100
NLD,2023,100
NLD,2024,100
NOR,2000,100
NOR,2001,99.9999996105569
NOR,2002,100
NOR,2003,99.9999988019394
NOR,2004,100
NOR,2005,100
NOR,2006,100
NOR,2007,100
NOR,2008,99.9999977163504
NOR,2009,99.9999984427173
NOR,2010,99.9999997403377
NOR,2011,99.9999978903117
NOR,2012,100
NOR,2013,99.9999992599067
NOR,2014,100
NOR,2015,99.9999975725988
NOR,2016,99.9999982841092
NOR,2017,100
NOR,2018,100
NOR,2019,99.9999973521183
NOR,2020,100
NOR,2021,99.999996677432
NOR,2022,99.999999346787
NOR,2023,99.9999954349429
NOR,2024,100
NPL,2000,79.4883969819743
NPL,2001,80.1670910944801
NPL,2002,80.8065175847141
NPL,2003,81.4416869635326
NPL,2004,82.0725089382401
NPL,2005,82.6989066918082
NPL,2006,83.3207910288118
NPL,2007,83.9381629345447
NPL,2008,84.5508362701857
NPL,2009,85.158729874995
NPL,2010,85.7617588960131
NPL,2011,86.3599023849968
NPL,2012,86.9532837280701
NPL,2013,87.5415795968781
NPL,2014,88.1248062062868
NPL,2015,88.7026979901049
NPL,2016,89.2751913988418
NPL,2017,89.8420840030234
NPL,2018,90.4032337065468
NPL,2019,90.9584624626018
NPL,2020,91.5076217588488
NPL,2021,92.0505329995059
NPL,2022,92.5870336093326
NPL,2023,93.1169638221139
NPL,2024,93.6401246842117
NRU,2000,98.3154023672406
NRU,2001,98.3187193593697
NRU,2002,98.3220363514988
NRU,2003,98.3253533436279
NRU,2004,98.328670335757
NRU,2005,98.3319873278861
NRU,2006,98.3353043200152
NRU,2007,98.3386213121444
NRU,2008,98.3094823914475
NRU,2009,98.2803412813285
NRU,2010,98.2511979817874
NRU,2011,98.2220524928242
NRU,2012,98.1929048144389
NRU,2013,98.1637549466314
NRU,2014,98.1346028894019
NRU,2015,98.1054486427502
NRU,2016,98.0762922066764
NRU,2017,98.0471335811805
NRU,2018,98.0179727662624
NRU,2019,97.9888097619223
NRU,2020,97.95964456816
NRU,2021,97.9304771849756
NRU,2022,97.9013076123691
NRU,2023,97.8721358503405
NRU,2024,97.8429618988897
NZL,2000,99.9999993417981
NZL,2001,100
NZL,2002,100
NZL,2003,99.9999984462731
NZL,2004,99.9999993424079
NZL,2005,99.9999975084119
NZL,2006,100
NZL,2007,99.999996901465
NZL,2008,100
NZL,2009,99.9999975383469
NZL,2010,100
NZL,2011,99.9999988858894
NZL,2012,99.9999978085497
NZL,2013,100
NZL,2014,100
NZL,2015,100
NZL,2016,99.9999978251524
NZL,2017,99.9999952214353
NZL,2018,99.9999959549403
NZL,2019,99.9999954101942
NZL,2020,100
NZL,2021,99.9999956407702
NZL,2022,100
NZL,2023,99.999999971682
NZL,2024,100
OED,2000,97.42025909552265
OED,2001,97.49959077478539
OED,2002,97.65372633754731
OED,2003,97.74077900219605
OED,2004,97.82798035174912
OED,2005,98.1598234577909
OED,2006,98.2276423250239
OED,2007,98.30023752082485
OED,2008,98.36826119357333
OED,2009,98.42554313264606
OED,2010,98.48550904963463
OED,2011,98.54353735063368
OED,2012,98.60302353715045
OED,2013,98.6613167554018
OED,2014,98.72120019062663
OED,2015,98.77767077112269
OED,2016,98.83345976979781
OED,2017,98.88753987912104
OED,2018,98.94054195629482
OED,2019,98.99239921241818
OED,2020,99.04634720187431
OED,2021,99.09196567321186
OED,2022,99.13421576608293
OED,2023,99.15372714542029
OED,2024,99.16310156557778
OMN,2000,85.6380767775356
OMN,2001,85.6337685184132
OMN,2002,85.6294622656884
OMN,2003,85.6251514284285
OMN,2004,85.6936491406229
OMN,2005,86.0602755793835
OMN,2006,86.4235189460014
OMN,2007,86.7831972682
OMN,2008,87.1393591808879
OMN,2009,87.4916215447679
OMN,2010,87.8404432564797
OMN,2011,88.2854889503874
OMN,2012,88.7987968638673
OMN,2013,89.2944813891267
OMN,2014,89.7744741935216
OMN,2015,90.238487505215
OMN,2016,90.6874222506819
OMN,2017,91.1148946068941
OMN,2018,91.5230946241618
OMN,2019,91.8882619028406
OMN,2020,92.1680305395851
OMN,2021,92.3097194594894
OMN,2022,92.4399731975253
OMN,2023,92.559888964675
OMN,2024,92.6702187093673
OSS,2000,87.4566422018549
OSS,2001,87.70191978978387
OSS,2002,84.4009051723454
OSS,2003,84.6835311633361
OSS,2004,85.0767149999497
OSS,2005,85.4487188536768
OSS,2006,86.33661700318652
OSS,2007,86.67813214206026
OSS,2008,87.03863793087886
OSS,2009,87.40983887763868
OSS,2010,87.78456189985224
OSS,2011,88.15847351544393
OSS,2012,88.54295078588301
OSS,2013,88.93200780194985
OSS,2014,89.3277006993487
OSS,2015,89.73063638312135
OSS,2016,90.14418014297202
OSS,2017,90.55543630383092
OSS,2018,90.97377244823267
OSS,2019,91.36648884928448
OSS,2020,91.71691931987293
OSS,2021,92.0453565588759
OSS,2022,92.40677789433428
OSS,2023,92.74412253218262
OSS,2024,93.0569699820654
PAK,2000,87.3443263636155
PAK,2001,87.5860762080419
PAK,2002,87.8248146353087
PAK,2003,88.062537100299
PAK,2004,88.2993740055727
PAK,2005,87.9858227113677
PAK,2006,88.1422644667259
PAK,2007,88.3130427829655
PAK,2008,88.4820319386941
PAK,2009,88.6492343131649
PAK,2010,88.8147345072875
PAK,2011,88.978515573403
PAK,2012,89.1405658210321
PAK,2013,89.3007289268109
PAK,2014,89.4591472805659
PAK,2015,89.6158196961384
PAK,2016,89.7707150440618
PAK,2017,89.9237776878555
PAK,2018,90.0758470234098
PAK,2019,90.2267743289886
PAK,2020,90.3763302585524
PAK,2021,90.5243087608224
PAK,2022,90.6704556362056
PAK,2023,90.6815872292919
PAK,2024,90.6932992273275
PAN,2000,89.6201521615703
PAN,2001,89.9759773021274
PAN,2002,90.3289872671352
PAN,2003,90.6583978938369
PAN,2004,90.866022326398
PAN,2005,91.0627978402199
PAN,2006,91.2562151531688
PAN,2007,91.4461388885148
PAN,2008,91.6329440597259
PAN,2009,91.8164868861301
PAN,2010,91.9966294834708
PAN,2011,92.175026614494
PAN,2012,92.3514556960261
PAN,2013,92.5258725116137
PAN,2014,92.6983815513135
PAN,2015,92.8686371033942
PAN,2016,93.188819816336
PAN,2017,93.5073884501397
PAN,2018,93.8241340868165
PAN,2019,94.1389735045272
PAN,2020,94.4306492571863
PAN,2021,94.6436730326195
PAN,2022,94.85343136421
PAN,2023,95.0598439257546
PAN,2024,95.2628238815705
PER,2000,80.4077059975962
PER,2001,81.1652005641867
PER,2002,81.9120898487203
PER,2003,82.6488673555992
PER,2004,83.3752476996589
PER,2005,84.0910140674012
PER,2006,84.796972001847
PER,2007,85.4925787573111
PER,2008,86.1388730860252
PER,2009,86.7621628336496
PER,2010,87.3815093121049
PER,2011,87.9963640224872
PER,2012,88.6072952219099
PER,2013,89.2138017423285
PER,2014,89.8161834428489
PER,2015,90.4146720652742
PER,2016,91.0088509037893
PER,2017,91.5989672683032
PER,2018,92.1863171590782
PER,2019,92.770492487963807
PER,2020,93.351440846039
PER,2021,93.9287808522473
PER,2022,94.5023037650654
PER,2023,95.0719233240551
PER,2024,95.6370823826383
PHL,2000,86.5149829591624
PHL,2001,86.8671120695057
PHL,2002,87.2412451973365
PHL,2003,87.6160741981153
PHL,2004,87.9916018113597
PHL,2005,88.3678311380432
PHL,2006,88.7447546834869
PHL,2007,89.1223731975384
PHL,2008,89.5006950192922
PHL,2009,89.8798092589211
PHL,2010,90.264011405217
PHL,2011,90.670107052381
PHL,2012,91.0748919479401
PHL,2013,91.4784521468904
PHL,2014,91.8806100613092
PHL,2015,92.2815392767777
PHL,2016,92.6811507144986
PHL,2017,93.0805992720253
PHL,2018,93.4798496793252
PHL,2019,93.8786426296812
PHL,2020,94.2767858134665
PHL,2021,94.6741026690457
PHL,2022,95.070405889347
PHL,2023,95.465506033898
PHL,2024,95.8592214925506
PLW,2000,99.3410767592974
PLW,2001,99.3442874502384
PLW,2002,99.3475993941894
PLW,2003,99.3510199759341
PLW,2004,99.3642473438433
PLW,2005,99.3769813295124
PLW,2006,99.3892669217874
PLW,2007,99.4010959735375
PLW,2008,99.4124857740531
PLW,2009,99.4234283601543
PLW,2010,99.4339340465691
PLW,2011,99.4440153149557
PLW,2012,99.4536903188215
PLW,2013,99.462942387352
PLW,2014,99.4717956107824
PLW,2015,99.4802609974161
PLW,2016,99.4882554515008
PLW,2017,99.4958049799968
PLW,2018,99.5029234836391
PLW,2019,99.5096367882251
PLW,2020,99.5159760034998
PLW,2021,99.5219466683348
PLW,2022,99.5275761001394
PLW,2023,99.5299685485284
PLW,2024,99.5322473497037
PNG,2000,29.7724173309513
PNG,2001,29.7586410519185
PNG,2002,29.7473711837204
PNG,2003,29.7361017887769
PNG,2004,29.7242054629437
PNG,2005,31.1975839865921
PNG,2006,32.6715142031645
PNG,2007,34.1459986588811
PNG,2008,35.6210359201692
PNG,2009,36.8704561758444
PNG,2010,38.0973177449194
PNG,2011,39.3010861598771
PNG,2012,40.4828087269689
PNG,2013,41.6488410056407
PNG,2014,42.7986148436166
PNG,2015,43.9315688336247
PNG,2016,45.0471749676037
PNG,2017,46.144916980198
PNG,2018,47.2247346164126
PNG,2019,48.285710104836
PNG,2020,49.3273961743901
PNG,2021,50.3501518830702
PNG,2022,51.3531330085785
PNG,2023,52.3359168793014
PNG,2024,53.298484868619
POL,2000,NA
POL,2001,NA
POL,2002,NA
POL,2003,NA
POL,2004,NA
POL,2005,98.239082450466
POL,2006,98.2358209800508
POL,2007,98.2325323124188
POL,2008,98.2292078050967
POL,2009,98.2259217196512
POL,2010,97.6879584408668
POL,2011,97.1483620185882
POL,2012,96.6064109843745
POL,2013,96.0626756426039
POL,2014,95.5170444873157
POL,2015,94.9696427851433
POL,2016,94.4224326184484
POL,2017,93.8761307350633
POL,2018,93.3312333762882
POL,2019,92.7883142536668
POL,2020,92.2480567425882
POL,2021,91.710929872632
POL,2022,91.1776289012676
POL,2023,90.648484121514
POL,2024,90.124463310463
PRE,2000,44.27442921323182
PRE,2001,45.0800428674859
PRE,2002,46.02077745490942
PRE,2003,46.9954916110515
PRE,2004,47.99414819473521
PRE,2005,49.05772225262851
PRE,2006,50.08378404987662
PRE,2007,51.07217100698344
PRE,2008,52.14527397467997
PRE,2009,53.24177980638573
PRE,2010,54.33514720074704
PRE,2011,55.237343083403715
PRE,2012,56.32661191110129
PRE,2013,57.41484944610008
PRE,2014,58.49492296438401
PRE,2015,59.56887480819721
PRE,2016,60.630686081846406
PRE,2017,61.72431367782247
PRE,2018,62.77679260472997
PRE,2019,63.80031131137325
PRE,2020,64.80616581913411
PRE,2021,65.78589195938825
PRE,2022,66.71874558426998
PRE,2023,67.71756499783554
PRE,2024,68.62328461453725
PRI,2000,97.2132456329924
PRI,2001,97.3607259079284
PRI,2002,97.5082061828645
PRI,2003,97.6556864578005
PRI,2004,97.8031667327366
PRI,2005,97.9506470076727
PRI,2006,98.0981272826087
PRI,2007,98.2456075575448
PRI,2008,98.3930878324808
PRI,2009,98.5405681074169
PRI,2010,98.688048382353
PRI,2011,98.835528657289
PRI,2012,98.9830089322251
PRI,2013,99.1304892071611
PRI,2014,99.2779694820972
PRI,2015,99.4254497570333
PRI,2016,99.5729300319693
PRI,2017,99.720410306905407
PRI,2018,99.8678905818415
PRI,2019,100
PRI,2020,100
PRI,2021,100
PRI,2022,100
PRI,2023,100
PRI,2024,100
PRK,2000,99.3029365439307
PRK,2001,99.3025425719049
PRK,2002,99.3021526100743
PRK,2003,99.3017595191265
PRK,2004,99.2395038400491
PRK,2005,98.8654741695466
PRK,2006,98.4923401809143
PRK,2007,98.1201000899291
PRK,2008,97.7487538824727
PRK,2009,97.3801763920386
PRK,2010,97.014188853857
PRK,2011,96.6502023193552
PRK,2012,96.2883252948552
PRK,2013,95.9284725238966
PRK,2014,95.5706751338568
PRK,2015,95.2148802388595
PRK,2016,94.8621018158696
PRK,2017,94.5124525053213
PRK,2018,94.166236701267
PRK,2019,93.8236874339691
PRK,2020,93.8438447876847
PRK,2021,93.8651377109975
PRK,2022,93.8875010138071
PRK,2023,93.9109177513255
PRK,2024,NA
PRT,2000,99.2296665594465
PRT,2001,99.2163865594471
PRT,2002,99.2046765501516
PRT,2003,99.1944200706602
PRT,2004,99.1856102233495
PRT,2005,99.1782486155744
PRT,2006,99.1723206497846
PRT,2007,99.1678155368085
PRT,2008,99.1647380215386
PRT,2009,99.163049429434
PRT,2010,99.1627697149576
PRT,2011,99.1638655691721
PRT,2012,99.166331194383
PRT,2013,99.1701146660996
PRT,2014,99.1752179705085
PRT,2015,99.1816068105742
PRT,2016,99.1892660271038
PRT,2017,99.1981706237111
PRT,2018,99.2082778688964
PRT,2019,99.2195921254353
PRT,2020,99.2320711795606
PRT,2021,99.2456792845516
PRT,2022,99.260406703221
PRT,2023,99.2762210572337
PRT,2024,99.287612173499
PRY,2000,76.3911610414799
PRY,2001,77.7732253839347
PRY,2002,79.1178795847731
PRY,2003,80.3547889975801
PRY,2004,81.5575917746236
PRY,2005,82.7470465879878
PRY,2006,83.9229047552195
PRY,2007,85.0852532199197
PRY,2008,86.2343916183711
PRY,2009,87.3701346043735
PRY,2010,88.4925524343049
PRY,2011,89.6017300612008
PRY,2012,90.6978954700582
PRY,2013,91.7766282217671
PRY,2014,92.8421252536178
PRY,2015,93.8962871621524
PRY,2016,94.939272291061
PRY,2017,95.9709683490468
PRY,2018,96.9920505649968
PRY,2019,98.0247086553271
PRY,2020,99.046227094695
PRY,2021,99.3305060939918
PRY,2022,99.5179999015782
PRY,2023,99.6009612348131
PRY,2024,99.6035956651355
PSE,2000,92.3932690944566
PSE,2001,92.8828468337993
PSE,2002,93.3711212063226
PSE,2003,93.8579862818772
PSE,2004,94.343564925414
PSE,2005,94.8277543650199
PSE,2006,95.3106208970364
PSE,2007,95.7922178892891
PSE,2008,96.2724627426521
PSE,2009,96.7516575429854
PSE,2010,97.2297787451688
PSE,2011,97.706730631295
PSE,2012,98.182466002808
PSE,2013,98.5793947721918
PSE,2014,98.968060270875
PSE,2015,99.2037493504784
PSE,2016,99.3094975837185
PSE,2017,99.2241825771885
PSE,2018,99.1372582782546
PSE,2019,99.0486719868248
PSE,2020,98.9584055042094
PSE,2021,98.8663957531696
PSE,2022,98.7809438464901
PSE,2023,98.7763586678986
PSE,2024,98.7717073984261
PSS,2000,87.65444634717613
PSS,2001,87.68283135316305
PSS,2002,87.70349537543302
PSS,2003,87.72467752250739
PSS,2004,87.74825259522437
PSS,2005,87.73713482021458
PSS,2006,87.68170192004595
PSS,2007,87.63033682468203
PSS,2008,87.57467494766294
PSS,2009,87.50836499376783
PSS,2010,87.40598606041252
PSS,2011,87.27406659432675
PSS,2012,87.13848107937561
PSS,2013,87.05362206272342
PSS,2014,86.96522142964297
PSS,2015,86.87289078945788
PSS,2016,86.77517963541591
PSS,2017,86.67938894760367
PSS,2018,86.58338950395655
PSS,2019,86.55036886484024
PSS,2020,86.54138647458666
PSS,2021,86.37826309151295
PSS,2022,86.46806695166752
PSS,2023,86.50335489835719
PSS,2024,86.51859591114439
PST,2000,99.13845465815676
PST,2001,99.15585561547358
PST,2002,99.14741025504745
PST,2003,99.16205115396278
PST,2004,99.14833650629329
PST,2005,99.07041643037188
PST,2006,99.06501948656722
PST,2007,99.06303823361141
PST,2008,99.06130010172966
PST,2009,99.0590674113918
PST,2010,99.0796238882761
PST,2011,99.09877691154979
PST,2012,99.1181462224558
PST,2013,99.15084789851049
PST,2014,99.17215731992704
PST,2015,99.2125871376701
PST,2016,99.25209594056074
PST,2017,99.29101045515874
PST,2018,99.3293961422277
PST,2019,99.36693169899466
PST,2020,99.40390049957638
PST,2021,99.44349767661504
PST,2022,99.49498710932825
PST,2023,99.52633858070847
PST,2024,99.52808729854372
PYF,2000,100
PYF,2001,100
PYF,2002,100
PYF,2003,100
PYF,2004,100
PYF,2005,100
PYF,2006,100
PYF,2007,100
PYF,2008,100
PYF,2009,100
PYF,2010,100
PYF,2011,100
PYF,2012,100
PYF,2013,100
PYF,2014,100
PYF,2015,100
PYF,2016,100
PYF,2017,100
PYF,2018,100
PYF,2019,100
PYF,2020,100
PYF,2021,100
PYF,2022,100
PYF,2023,100
PYF,2024,100
QAT,2000,99.9029247892536
QAT,2001,99.9029247892536
QAT,2002,99.9029247892536
QAT,2003,99.9029247892536
QAT,2004,99.9029247892536
QAT,2005,99.9029247892536
QAT,2006,99.9029247892536
QAT,2007,99.9029247892536
QAT,2008,99.9029247892536
QAT,2009,99.9090710287163
QAT,2010,99.915217268179
QAT,2011,99.9213635076417
QAT,2012,99.9275097471044
QAT,2013,99.9336559865671
QAT,2014,99.9398022260297
QAT,2015,99.9459484654924
QAT,2016,99.9520947049551
QAT,2017,99.9582409444178
QAT,2018,99.9643871838805
QAT,2019,99.9705334233432
QAT,2020,99.9766796628058
QAT,2021,99.9828259022685
QAT,2022,99.9889721417312
QAT,2023,99.9889721417312
QAT,2024,99.9889721417312
ROU,2000,99.9999987242735
ROU,2001,99.9999999643589
ROU,2002,100
ROU,2003,100
ROU,2004,100
ROU,2005,99.9999985637019
ROU,2006,99.9999973631177
ROU,2007,99.9999991390449
ROU,2008,100
ROU,2009,99.9999988230142
ROU,2010,99.999996291155
ROU,2011,100
ROU,2012,100
ROU,2013,99.9999994937801
ROU,2014,100
ROU,2015,99.9999977589851
ROU,2016,99.99999889392
ROU,2017,99.9999969050607
ROU,2018,100
ROU,2019,99.9999999599391
ROU,2020,99.9999987108397
ROU,2021,100
ROU,2022,100
ROU,2023,99.9999974664564
ROU,2024,99.9999994247989
RUS,2000,96.4118385935672
RUS,2001,96.4115548229706
RUS,2002,96.4240617687704
RUS,2003,96.4392520827246
RUS,2004,96.4554492200494
RUS,2005,96.471709178474
RUS,2006,96.4880294929915
RUS,2007,96.5044115144395
RUS,2008,96.5208597996727
RUS,2009,96.5372935100773
RUS,2010,96.5538627864381
RUS,2011,96.5704996927268
RUS,2012,96.5883061212066
RUS,2013,96.6072317213123
RUS,2014,96.6274699098944
RUS,2015,96.6488882039926
RUS,2016,96.6715881856809
RUS,2017,96.6956032384839
RUS,2018,96.7208870647795
RUS,2019,96.7474557360286
RUS,2020,96.7753426009288
RUS,2021,96.8045794762189
RUS,2022,96.8350937043226
RUS,2023,96.8670125138165
RUS,2024,96.9002616074642
RWA,2000,47.5705840769265
RWA,2001,48.3703423230961
RWA,2002,49.1857227790083
RWA,2003,49.7561626350801
RWA,2004,50.2902032669002
RWA,2005,50.8247607465071
RWA,2006,51.3601414899442
RWA,2007,51.89573756501
RWA,2008,52.431851071574
RWA,2009,52.9687937725955
RWA,2010,53.5059466163751
RWA,2011,54.0436163513461
RWA,2012,54.5821211607428
RWA,2013,55.1208311821785
RWA,2014,55.6650639617623
RWA,2015,56.2151798036552
RWA,2016,56.7706115569257
RWA,2017,57.3320450944617
RWA,2018,57.8995436163309
RWA,2019,58.4728536131809
RWA,2020,59.0523587439994
RWA,2021,59.6381227763257
RWA,2022,60.2302194003015
RWA,2023,60.8290423575481
RWA,2024,61.392176021167
SAS,2000,81.20071070985135
SAS,2001,81.72523891657457
SAS,2002,82.35906574980307
SAS,2003,82.99142974174993
SAS,2004,83.62185238078986
SAS,2005,84.25423330541584
SAS,2006,84.88485052420403
SAS,2007,85.51385559372606
SAS,2008,86.14136386929854
SAS,2009,86.76648368082688
SAS,2010,87.38946561701242
SAS,2011,88.01166057428684
SAS,2012,88.63377841865507
SAS,2013,89.2557938947371
SAS,2014,89.87580732593335
SAS,2015,90.49438452681348
SAS,2016,91.11094518381165
SAS,2017,91.72535566391099
SAS,2018,92.33749662975438
SAS,2019,92.94720300282299
SAS,2020,93.55373228273284
SAS,2021,94.15722737847602
SAS,2022,94.75681009631772
SAS,2023,95.35002909138278
SAS,2024,95.9353546635494
SAU,2000,99.0787561449635
SAU,2001,99.0771228125944
SAU,2002,99.0755044509286
SAU,2003,99.0738918579441
SAU,2004,99.0722920952378
SAU,2005,99.0706866241394
SAU,2006,99.0690879620457
SAU,2007,99.0674880275407
SAU,2008,99.06590853272
SAU,2009,99.064350805569
SAU,2010,99.0628033442544
SAU,2011,99.0612486326725
SAU,2012,99.0596929684961
SAU,2013,99.0581282049423
SAU,2014,99.0565545012609
SAU,2015,99.054985329852
SAU,2016,99.0534091692416
SAU,2017,99.05183493953
SAU,2018,99.0502504705906
SAU,2019,99.0486721197549
SAU,2020,99.0470900170106
SAU,2021,99.0455148837977
SAU,2022,99.043936969943
SAU,2023,99.042358768417
SAU,2024,99.0407817713525
SDN,2000,45.7431194646581
SDN,2001,45.7567441742092
SDN,2002,45.770369590651804
SDN,2003,45.7839943368364
SDN,2004,45.797621974813
SDN,2005,46.740256350294
SDN,2006,47.6822962076852
SDN,2007,48.6237396738538
SDN,2008,49.5645926938442
SDN,2009,50.5096584321663
SDN,2010,51.4588123551418
SDN,2011,52.4116810019842
SDN,2012,53.3676832487134
SDN,2013,54.3266708008702
SDN,2014,55.2880772698351
SDN,2015,56.2519336312621
SDN,2016,57.2176665079602
SDN,2017,58.1849054905312
SDN,2018,59.1534610514816
SDN,2019,60.1227730186922
SDN,2020,61.0926356052486
SDN,2021,62.0626646208018
SDN,2022,63.032473791163
SDN,2023,64.0016697422779
SDN,2024,64.8917129502851
SEN,2000,59.7997359655038
SEN,2001,60.9066465806354
SEN,2002,62.0161291286122
SEN,2003,63.1942453922298
SEN,2004,64.4218461577163
SEN,2005,65.6454033379623
SEN,2006,66.865607080287
SEN,2007,68.0818461765574
SEN,2008,69.2939508159691
SEN,2009,70.5013902121975
SEN,2010,71.7047289784237
SEN,2011,72.9034178534763
SEN,2012,74.0969620089046
SEN,2013,75.2855370773077
SEN,2014,76.46896680992
SEN,2015,77.649320243194
SEN,2016,78.8258139339832
SEN,2017,79.9984726874606
SEN,2018,81.1662422601817
SEN,2019,82.3288600505419
SEN,2020,83.4855735664121
SEN,2021,84.636074800772
SEN,2022,85.7796288430834
SEN,2023,86.915566820325
SEN,2024,88.0435670438381
SGP,2000,100
SGP,2001,100
SGP,2002,100
SGP,2003,100
SGP,2004,100
SGP,2005,100
SGP,2006,100
SGP,2007,100
SGP,2008,100
SGP,2009,100
SGP,2010,100
SGP,2011,100
SGP,2012,100
SGP,2013,100
SGP,2014,100
SGP,2015,100
SGP,2016,100
SGP,2017,100
SGP,2018,100
SGP,2019,100
SGP,2020,100
SGP,2021,100
SGP,2022,100
SGP,2023,100
SGP,2024,100
SLB,2000,76.7476885901905
SLB,2001,76.806666574329
SLB,2002,76.8668530163014
SLB,2003,76.9282622438296
SLB,2004,76.9908825274907
SLB,2005,76.7151460783191
SLB,2006,76.2781998781212
SLB,2007,75.8508142514165
SLB,2008,75.4333235805616
SLB,2009,75.0255056296679
SLB,2010,74.6276815743393
SLB,2011,74.2385839861818
SLB,2012,73.8584084824388
SLB,2013,73.4869458643753
SLB,2014,73.1239607321779
SLB,2015,72.7696512554907
SLB,2016,72.42353421812
SLB,2017,72.0857915178444
SLB,2018,71.761506901506
SLB,2019,71.5848927519739
SLB,2020,71.4129793033283
SLB,2021,71.2454871530386
SLB,2022,71.3673843057896
SLB,2023,71.4884718815892
SLB,2024,71.6090318452294
SLE,2000,40.8831188702794
SLE,2001,41.2237067367546
SLE,2002,42.3564018737387
SLE,2003,43.4895263720977
SLE,2004,44.6230449596338
SLE,2005,45.7867241537435
SLE,2006,46.9721511803673
SLE,2007,48.1563137689467
SLE,2008,49.3391346809252
SLE,2009,50.520195051474
SLE,2010,51.6994418329327
SLE,2011,52.8771685676355
SLE,2012,54.0533047771617
SLE,2013,55.2271223321324
SLE,2014,56.3992358539249
SLE,2015,57.5692588907449
SLE,2016,58.7374466065884
SLE,2017,59.9058113970129
SLE,2018,61.0747116605736
SLE,2019,62.2435949536526
SLE,2020,63.4122118828476
SLE,2021,64.5803175608776
SLE,2022,65.7476533121916
SLE,2023,66.9139758718619
SLE,2024,68.0790238061869
SLV,2000,85.7434516377226
SLV,2001,85.8876471763751
SLV,2002,86.6377642417652
SLV,2003,87.3748691864792
SLV,2004,87.8573946803212
SLV,2005,87.4859778413184
SLV,2006,87.0964668490524
SLV,2007,84.8412397168851
SLV,2008,82.7117169093002
SLV,2009,82.3920893796231
SLV,2010,82.263858914026
SLV,2011,83.1302988113916
SLV,2012,83.9776688792965
SLV,2013,84.8055371617931
SLV,2014,85.6145492076128
SLV,2015,86.4045677725112
SLV,2016,87.1729025989856
SLV,2017,87.9197798964632
SLV,2018,88.6461069503319
SLV,2019,89.3527800998874
SLV,2020,89.9923610939187
SLV,2021,90.421388926903
SLV,2022,90.7948411041739
SLV,2023,91.1548543157466
SLV,2024,91.6199927341916
SMR,2000,100
SMR,2001,99.9999973894558
SMR,2002,99.9999980365223
SMR,2003,100
SMR,2004,99.9999993980994
SMR,2005,100
SMR,2006,100
SMR,2007,100
SMR,2008,100
SMR,2009,99.9999973376988
SMR,2010,99.9999986796045
SMR,2011,100
SMR,2012,99.9999971732007
SMR,2013,99.9999985958692
SMR,2014,99.9999972428986
SMR,2015,100
SMR,2016,100
SMR,2017,99.9999955531447
SMR,2018,100
SMR,2019,99.9999963796538
SMR,2020,100
SMR,2021,100
SMR,2022,100
SMR,2023,99.9999988818718
SMR,2024,99.9999961845643
SOM,2000,26.5548279259121
SOM,2001,27.7109662630007
SOM,2002,28.8628866509847
SOM,2003,30.2245772114979
SOM,2004,31.5789442986576
SOM,2005,33.4314329999319
SOM,2006,35.3395798096483
SOM,2007,35.5233098422892
SOM,2008,37.9760688340822
SOM,2009,40.466779744943
SOM,2010,42.9914341026077
SOM,2011,45.5410874380133
SOM,2012,47.6056661225373
SOM,2013,49.7134555846093
SOM,2014,51.8635744481295
SOM,2015,54.0545936900229
SOM,2016,56.284978016248
SOM,2017,58.5524158667796
SOM,2018,60.8552872098573
SOM,2019,63.1909737588395
SOM,2020,65.5578267078208
SOM,2021,67.9535994970856
SOM,2022,70.3763317867306
SOM,2023,72.8240641770805
SOM,2024,75.294796457137707
SRB,2000,89.4192393475068
SRB,2001,89.395392420878
SRB,2002,89.3717200962522
SRB,2003,89.3482829983993
SRB,2004,89.3249064672042
SRB,2005,89.6720082723316
SRB,2006,90.0205820679196
SRB,2007,90.3705744496824
SRB,2008,90.7220873327348
SRB,2009,91.0750720753655
SRB,2010,91.4295629669581
SRB,2011,91.7854914551611
SRB,2012,92.145298947486
SRB,2013,92.5067790597268
SRB,2014,92.8689758961741
SRB,2015,93.2319494038819
SRB,2016,93.5956537011763
SRB,2017,93.9598808103349
SRB,2018,94.3248090621333
SRB,2019,94.6906306889653
SRB,2020,95.0575271243011
SRB,2021,95.4256771978758
SRB,2022,95.4163594509615
SRB,2023,95.4072534956029
SRB,2024,95.39838202106
SSA,2000,48.19214079969136
SSA,2001,48.889722171315896
SSA,2002,49.67608329054093
SSA,2003,50.49923302222786
SSA,2004,51.333535215772294
SSA,2005,52.22614736732359
SSA,2006,53.12436034381013
SSA,2007,54.00104720027923
SSA,2008,54.92095261127519
SSA,2009,55.84623404203407
SSA,2010,56.77410941454553
SSA,2011,57.494348720779605
SSA,2012,58.41139458260986
SSA,2013,59.32749608483834
SSA,2014,60.25362588720044
SSA,2015,61.15554003294523
SSA,2016,62.032430045421265
SSA,2017,62.943391937983414
SSA,2018,63.83090330640179
SSA,2019,64.69074325782154
SSA,2020,65.54528169823365
SSA,2021,66.39984769848812
SSA,2022,67.21491016529978
SSA,2023,68.10279229210708
SSA,2024,68.90449414272807
SSD,2000,NA
SSD,2001,NA
SSD,2002,NA
SSD,2003,NA
SSD,2004,NA
SSD,2005,NA
SSD,2006,NA
SSD,2007,NA
SSD,2008,NA
SSD,2009,NA
SSD,2010,NA
SSD,2011,40.2979213684027
SSD,2012,40.3182204862037
SSD,2013,40.3170036685797
SSD,2014,40.2950996381389
SSD,2015,40.2538150385171
SSD,2016,40.1939250394891
SSD,2017,40.1164221655228
SSD,2018,40.0226124064879
SSD,2019,39.9136238003103
SSD,2020,39.7909332940047
SSD,2021,39.6554918601002
SSD,2022,39.5092288005932
SSD,2023,39.6266422393655
SSD,2024,39.7494391327564
SSF,2000,45.25854927968773
SSF,2001,46.02802553942911
SSF,2002,46.877948220535984
SSF,2003,47.761599706417194
SSF,2004,48.65653541726981
SSF,2005,49.60495834585344
SSF,2006,50.55914392814616
SSF,2007,51.49514875883179
SSF,2008,52.48143982306945
SSF,2009,53.47317320520235
SSF,2010,54.46673369345695
SSF,2011,55.29743405369752
SSF,2012,56.28009123647942
SSF,2013,57.26237722221322
SSF,2014,58.25309313130863
SSF,2015,59.220864929535374
SSF,2016,60.16405934983092
SSF,2017,61.13110077809472
SSF,2018,62.08015548577683
SSF,2019,63.005587452588344
SSF,2020,63.92456263036838
SSF,2021,64.84280843894265
SSF,2022,65.71795695235286
SSF,2023,66.66476235322013
SSF,2024,67.53340700735727
SST,2000,88.45065958991088
SST,2001,88.65344696297596
SST,2002,86.43824855426696
SST,2003,86.66812865203971
SST,2004,86.97571132774951
SST,2005,88.07020524713866
SST,2006,88.55326022909372
SST,2007,88.79149090800078
SST,2008,89.04178504493088
SST,2009,89.29715915661215
SST,2010,89.56276955131416
SST,2011,89.82564630279423
SST,2012,90.0928077570786
SST,2013,90.3664701517685
SST,2014,90.64559792153739
SST,2015,90.92719937725501
SST,2016,91.21372910012896
SST,2017,91.4981416202782
SST,2018,91.74917234544236
SST,2019,92.00618990276588
SST,2020,92.1295408463467
SST,2021,92.3834202024948
SST,2022,92.65459577491697
SST,2023,92.89061086878466
SST,2024,93.10264006766563
STP,2000,69.1887073923262
STP,2001,69.6465271453616
STP,2002,70.122877439146
STP,2003,70.5928591242701
STP,2004,71.0518333467706
STP,2005,71.4990303925917
STP,2006,71.9349975867541
STP,2007,72.3598122085936
STP,2008,72.7735646723353
STP,2009,73.1759256432541
STP,2010,73.5674385311181
STP,2011,73.9480124273014
STP,2012,74.3179711797514
STP,2013,74.6744974780629
STP,2014,75.018493599873
STP,2015,75.3502679497471
STP,2016,75.6703085298352
STP,2017,75.9790930081593
STP,2018,76.2770612146702
STP,2019,76.5646613120149
STP,2020,76.8423036078909
STP,2021,77.1104795429933
STP,2022,77.5574116741511
STP,2023,77.7627440176423
STP,2024,77.957445837032
SUR,2000,89.0616565682896
SUR,2001,89.5297821338861
SUR,2002,89.996030258504
SUR,2003,90.4599421429217
SUR,2004,90.9217521407363
SUR,2005,91.3567891042984
SUR,2006,91.7905024637707
SUR,2007,92.2251674961398
SUR,2008,92.6609808211452
SUR,2009,93.098083849425
SUR,2010,93.5361705637667
SUR,2011,93.9753934172561
SUR,2012,94.415755076208
SUR,2013,94.8572504353224
SUR,2014,95.3013933634171
SUR,2015,95.747692023521
SUR,2016,96.1954574091076
SUR,2017,96.6441085330734
SUR,2018,97.0931070190456
SUR,2019,97.5417727368103
SUR,2020,97.9896319071823
SUR,2021,97.9911262229976
SUR,2022,97.9930097991992
SUR,2023,97.9952348294942
SUR,2024,97.9978493893275
SVK,2000,97.9808934698164
SVK,2001,97.9794231997538
SVK,2002,97.9762727758847
SVK,2003,97.9731193457204
SVK,2004,97.9699700750668
SVK,2005,97.966819867386
SVK,2006,97.9636510753121
SVK,2007,97.9604813763943
SVK,2008,97.9573332015085
SVK,2009,98.2516516843309
SVK,2010,98.6223366381553
SVK,2011,98.9975424818939
SVK,2012,99.3758319231796
SVK,2013,99.5201711980616
SVK,2014,99.7867504210911
SVK,2015,99.7871905460043
SVK,2016,99.7875130290361
SVK,2017,99.7877332249029
SVK,2018,99.7878360952322
SVK,2019,99.7878205729011
SVK,2020,99.787701686845793
SVK,2021,99.7874622291047
SVK,2022,99.7871105591553
SVK,2023,99.7866473599926
SVK,2024,99.7860717473563
SVN,2000,99.689229399328
SVN,2001,99.6842452602705
SVN,2002,99.679261121213
SVN,2003,99.6742769821555
SVN,2004,99.669292843098
SVN,2005,99.6643087040405
SVN,2006,99.6593245649829
SVN,2007,99.6543404259254
SVN,2008,99.6493562868679
SVN,2009,99.6443721478104
SVN,2010,99.6393880087529
SVN,2011,99.6344038696953
SVN,2012,99.6294197306378
SVN,2013,99.6244355915803
SVN,2014,99.6194514525228
SVN,2015,99.6144673134653
SVN,2016,99.6094831744078
SVN,2017,99.6044990353502
SVN,2018,99.5995148962927
SVN,2019,99.5945307572352
SVN,2020,99.5895466181777
SVN,2021,99.5845624791202
SVN,2022,99.5795783400627
SVN,2023,99.5745942010052
SVN,2024,99.5745942010052
SWE,2000,99.4843695619829
SWE,2001,99.4963792681382
SWE,2002,99.5085347124105
SWE,2003,99.5206514635942
SWE,2004,99.5327102571296
SWE,2005,99.5447070775688
SWE,2006,99.5571126332243
SWE,2007,99.5698405523295
SWE,2008,99.5824390950452
SWE,2009,99.5949006103398
SWE,2010,99.6072194103312
SWE,2011,99.6200368706399
SWE,2012,99.6332110988659
SWE,2013,99.6460882913132
SWE,2014,99.6586774345315
SWE,2015,99.6710064082341
SWE,2016,99.6830482298688
SWE,2017,99.694829304649
SWE,2018,99.7063476379423
SWE,2019,99.7175968808231
SWE,2020,99.7286050632105
SWE,2021,99.7393684296399
SWE,2022,99.7499137536867
SWE,2023,99.7602354276088
SWE,2024,99.7607966673045
SWZ,2000,52.3827344327009
SWZ,2001,53.4258407035318
SWZ,2002,54.4752825791537
SWZ,2003,55.5310495688809
SWZ,2004,56.5922875058508
SWZ,2005,57.6602730930279
SWZ,2006,58.7341694131305
SWZ,2007,59.8325678287226
SWZ,2008,61.0508081483967
SWZ,2009,62.2691676110764
SWZ,2010,63.4875943995962
SWZ,2011,64.7063885949655
SWZ,2012,65.8999215766669
SWZ,2013,67.0946646886489
SWZ,2014,68.290236770265
SWZ,2015,69.4869405286673
SWZ,2016,70.6869219395068
SWZ,2017,71.889631274468
SWZ,2018,73.0951527386502
SWZ,2019,74.3032304184965
SWZ,2020,75.5136191882992
SWZ,2021,76.7260694607932
SWZ,2022,77.9405822265556
SWZ,2023,79.1563791861863
SWZ,2024,80.3737107191052
SXM,2000,98.5885136863648
SXM,2001,98.6441033512407
SXM,2002,98.6996930161167
SXM,2003,98.7552826809926
SXM,2004,98.8108723458685
SXM,2005,98.8664620107444
SXM,2006,98.9220516756204
SXM,2007,98.9776413404963
SXM,2008,99.0332310053722
SXM,2009,99.0888206702481
SXM,2010,99.1444103351241
SXM,2011,99.2
SXM,2012,99.2555896648759
SXM,2013,99.3111793297519
SXM,2014,99.3111793297519
SXM,2015,99.3111793297519
SXM,2016,99.3111793297519
SXM,2017,99.3111793297519
SXM,2018,NA
SXM,2019,NA
SXM,2020,NA
SXM,2021,NA
SXM,2022,NA
SXM,2023,NA
SXM,2024,NA
SYC,2000,93.566407764684
SYC,2001,93.7397794837197
SYC,2002,93.9131512027555
SYC,2003,94.0865229217912
SYC,2004,94.259894640827
SYC,2005,94.4332663598628
SYC,2006,94.6066380788986
SYC,2007,94.7800097979343
SYC,2008,94.9533815169701
SYC,2009,95.1267532360059
SYC,2010,95.3001249550416
SYC,2011,95.4734966740774
SYC,2012,95.6468683931132
SYC,2013,95.820240112149
SYC,2014,95.9936118311847
SYC,2015,96.1669835502205
SYC,2016,96.2317404863787
SYC,2017,96.2382549357375
SYC,2018,96.2447469000147
SYC,2019,96.8604704263635
SYC,2020,97.0338421453993
SYC,2021,97.2072138644351
SYC,2022,97.3805855834709
SYC,2023,97.5539573025066
SYC,2024,97.7273290215423
SYR,2000,91.6158541063871
SYR,2001,91.7586218999109
SYR,2002,91.8997721443818
SYR,2003,92.0391528942306
SYR,2004,92.1769036904115
SYR,2005,92.3127500006423
SYR,2006,92.4468435279916
SYR,2007,92.5793268908565
SYR,2008,92.7100619487553
SYR,2009,92.8389950924631
SYR,2010,92.9663113079077
SYR,2011,93.0142407575588
SYR,2012,93.0666090748755
SYR,2013,93.1236567198274
SYR,2014,93.1852908581408
SYR,2015,93.3313690922038
SYR,2016,93.4743194436067
SYR,2017,93.6141078832072
SYR,2018,93.7507061762982
SYR,2019,93.8841397011328
SYR,2020,94.0143506731298
SYR,2021,94.0536912960994
SYR,2022,94.077936305752
SYR,2023,94.1020342428863
SYR,2024,94.1259941580026
TCA,2000,NA
TCA,2001,NA
TCA,2002,NA
TCA,2003,NA
TCA,2004,NA
TCA,2005,NA
TCA,2006,NA
TCA,2007,NA
TCA,2008,NA
TCA,2009,NA
TCA,2010,NA
TCA,2011,NA
TCA,2012,NA
TCA,2013,NA
TCA,2014,NA
TCA,2015,NA
TCA,2016,98.6894074101365
TCA,2017,98.7117916463255
TCA,2018,98.7327474313209
TCA,2019,98.75229483365
TCA,2020,98.7705716728616
TCA,2021,98.7876500176188
TCA,2022,98.8035372363525
TCA,2023,98.8184607523226
TCA,2024,98.8323379770944
TCD,2000,38.6325926482475
TCD,2001,39.2138920881582
TCD,2002,39.797511560643
TCD,2003,40.3843409836693
TCD,2004,40.9739132233023
TCD,2005,41.5662153725752
TCD,2006,42.1612381034332
TCD,2007,42.759391223653
TCD,2008,43.3598104531509
TCD,2009,43.9629137566651
TCD,2010,44.5760310573362
TCD,2011,45.1988546215139
TCD,2012,45.8314573063676
TCD,2013,46.473095846077
TCD,2014,47.123415071397
TCD,2015,47.7824336610333
TCD,2016,48.4497536859394
TCD,2017,49.124967257941
TCD,2018,49.8080053480297
TCD,2019,50.4980631195055
TCD,2020,51.195378612918
TCD,2021,51.8991024750567
TCD,2022,51.9951528405103
TCD,2023,52.0983569633172
TCD,2024,52.2090525523694
TEA,2000,79.62543912287863
TEA,2001,80.10472514090593
TEA,2002,80.99043609858765
TEA,2003,81.87224735317824
TEA,2004,82.73610243772639
TEA,2005,83.58411922082308
TEA,2006,84.40447574154824
TEA,2007,85.20163858394086
TEA,2008,85.98035652635036
TEA,2009,86.73559457241066
TEA,2010,87.45496462936593
TEA,2011,88.10895610049303
TEA,2012,88.73679795198505
TEA,2013,89.34423381789925
TEA,2014,89.93184435408719
TEA,2015,90.4995852704382
TEA,2016,91.04810753868082
TEA,2017,91.5775149728837
TEA,2018,92.09959964950905
TEA,2019,92.58951271949154
TEA,2020,93.04986866676484
TEA,2021,93.66525059388734
TEA,2022,94.31316053094801
TEA,2023,94.76997194636722
TEA,2024,94.81313605565293
TEC,2000,93.8527564505316
TEC,2001,93.93049200875771
TEC,2002,94.04127831099991
TEC,2003,94.15722686553231
TEC,2004,94.22152244158437
TEC,2005,94.64148652561435
TEC,2006,94.71333201918571
TEC,2007,94.7870308451388
TEC,2008,94.85846247086486
TEC,2009,94.93397538956495
TEC,2010,94.96581625490015
TEC,2011,95.0010636107841
TEC,2012,95.0378772818666
TEC,2013,95.10991372442977
TEC,2014,95.1543870722179
TEC,2015,95.25518242862509
TEC,2016,95.35489747271377
TEC,2017,95.45795366307176
TEC,2018,95.5647762485239
TEC,2019,95.67827825627235
TEC,2020,95.78387952380557
TEC,2021,95.86771419625188
TEC,2022,95.96986524910885
TEC,2023,96.02903125537989
TEC,2024,96.0563065663485
TGO,2000,45.8401052749538
TGO,2001,47.2066551581281
TGO,2002,48.548643782428
TGO,2003,49.8657131320708
TGO,2004,51.0022965045224
TGO,2005,51.9453319211915
TGO,2006,52.8533718752421
TGO,2007,53.7264798079458
TGO,2008,54.5651625096366
TGO,2009,55.3677359070846
TGO,2010,56.1360720615008
TGO,2011,56.877895720393
TGO,2012,57.5887896171643
TGO,2013,58.2632949727303
TGO,2014,58.9022839214157
TGO,2015,59.5058666846818
TGO,2016,60.0753126449292
TGO,2017,60.6102462342239
TGO,2018,61.1106166110229
TGO,2019,61.5763879815796
TGO,2020,62.0075237539343
TGO,2021,62.4040009740747
TGO,2022,62.7656132616006
TGO,2023,63.7824051013865
TGO,2024,64.7862455498292
THA,2000,93.7765869713253
THA,2001,94.1405368582414
THA,2002,94.4998959008986
THA,2003,94.8543257310885
THA,2004,95.2036653761552
THA,2005,95.5388009228928
THA,2006,95.8682489978773
THA,2007,96.1916628762461
THA,2008,96.5089112924914
THA,2009,96.8196905562878
THA,2010,97.1240162959277
THA,2011,97.4082908052725
THA,2012,97.6857256811255
THA,2013,97.9592475537445
THA,2014,98.2288774371451
THA,2015,98.4945735276121
THA,2016,98.7563664509808
THA,2017,99.0141678969544
THA,2018,99.2453414879961
THA,2019,99.4287701898312
THA,2020,99.487572734038
THA,2021,99.9512350608319
THA,2022,99.9999987802384
THA,2023,100
THA,2024,100
TJK,2000,55.4730051221322
TJK,2001,56.9482130526026
TJK,2002,58.4307742770428
TJK,2003,59.9206871400257
TJK,2004,61.4175479349986
TJK,2005,62.9221859580014
TJK,2006,64.4341771355512
TJK,2007,65.9535229781878
TJK,2008,67.4802180746637
TJK,2009,69.0142603257663
TJK,2010,70.5556572457132
TJK,2011,72.1041170163843
TJK,2012,73.6660677042202
TJK,2013,75.2394845284164
TJK,2014,76.8237114189289
TJK,2015,78.4172891677318
TJK,2016,80.0192106177573
TJK,2017,81.6282043537707
TJK,2018,83.2428335664729
TJK,2019,84.8621252488683
TJK,2020,86.2958090457045
TJK,2021,87.724619438918
TJK,2022,89.1472350011508
TJK,2023,89.1684391081177
TJK,2024,89.1914749965589
TKM,2000,90.0851084900887
TKM,2001,90.4468711751016
TKM,2002,90.8108818994509
TKM,2003,91.1770647124339
TKM,2004,91.5454676640224
TKM,2005,92.0373759307942
TKM,2006,92.5306501265555
TKM,2007,93.0251197848515
TKM,2008,93.5202593447869
TKM,2009,94.0160473149034
TKM,2010,94.4138672514986
TKM,2011,94.9164818491611
TKM,2012,95.4189411344182
TKM,2013,95.9209538308361
TKM,2014,96.4221394795384
TKM,2015,96.9223218117375
TKM,2016,97.4211611367234
TKM,2017,97.9183405901452
TKM,2018,98.3109148568141
TKM,2019,98.9744384290085
TKM,2020,99.3966548614914
TKM,2021,99.6108510416355
TKM,2022,99.8205720859417
TKM,2023,99.9281577562761
TKM,2024,99.9219552580212
TLA,2000,91.06575431541792
TLA,2001,91.43870403364652
TLA,2002,91.80996875439587
TLA,2003,92.17308555935031
TLA,2004,92.51825020029783
TLA,2005,92.85822497357401
TLA,2006,93.17899511925903
TLA,2007,93.47280658165216
TLA,2008,93.7577155570357
TLA,2009,94.03147825357232
TLA,2010,94.30451959218198
TLA,2011,94.5829786084944
TLA,2012,94.85365584039656
TLA,2013,95.11017864809
TLA,2014,95.36234511637609
TLA,2015,95.60972356557522
TLA,2016,95.84770165156755
TLA,2017,95.8699654719738
TLA,2018,96.17302086139028
TLA,2019,96.42278637767573
TLA,2020,96.70322471226687
TLA,2021,96.99130691460618
TLA,2022,97.20443071717088
TLA,2023,97.43003837939916
TLA,2024,97.58483404476914
TLS,2000,NA
TLS,2001,NA
TLS,2002,49.6179443771692
TLS,2003,51.3108607473429
TLS,2004,53.0007196129337
TLS,2005,54.6754050235907
TLS,2006,56.3470575289693
TLS,2007,58.0156475742205
TLS,2008,59.6817264826487
TLS,2009,61.438249315098
TLS,2010,63.1966745548591
TLS,2011,64.9574170311788
TLS,2012,66.7197738098251
TLS,2013,68.4836127023317
TLS,2014,70.2490467993202
TLS,2015,72.0159260209215
TLS,2016,73.7840931370356
TLS,2017,75.5531586283782
TLS,2018,77.3234209050104
TLS,2019,79.094491992256
TLS,2020,80.8664062920622
TLS,2021,82.6385824192743
TLS,2022,84.411254635514
TLS,2023,85.9414631913499
TLS,2024,87.3296506057336
TMN,2000,84.05872580603712
TMN,2001,84.34964562232206
TMN,2002,84.6077172959834
TMN,2003,84.88370866937241
TMN,2004,85.23810896119195
TMN,2005,85.43059018775719
TMN,2006,85.7795826688405
TMN,2007,86.18360453428623
TMN,2008,86.64020400024019
TMN,2009,86.98640263681558
TMN,2010,87.35150711023546
TMN,2011,87.70177197818005
TMN,2012,88.04748112512927
TMN,2013,88.41409439023674
TMN,2014,88.78369164244917
TMN,2015,89.16515187573005
TMN,2016,89.55542371687532
TMN,2017,89.940785409629
TMN,2018,90.3266352441533
TMN,2019,90.71013063714337
TMN,2020,91.07181292852736
TMN,2021,91.40695999198768
TMN,2022,91.74824008434717
TMN,2023,92.01635010844412
TMN,2024,92.27015584219424
TON,2000,98.5410497914921
TON,2001,98.5407585756614
TON,2002,98.5404796097005
TON,2003,98.540184845287
TON,2004,98.5398938298048
TON,2005,98.5855837440187
TON,2006,98.6313008465176
TON,2007,98.6769462069557
TON,2008,98.7225624072798
TON,2009,98.7682421108779
TON,2010,98.8139923432634
TON,2011,98.8097360298525
TON,2012,98.8058202724573
TON,2013,98.8019244079513
TON,2014,98.7978307642076
TON,2015,98.7935498846236
TON,2016,98.7890715916912
TON,2017,98.7844002121241
TON,2018,98.7796364058123
TON,2019,98.7748337024529
TON,2020,98.7700847369517
TON,2021,98.7654258730206
TON,2022,98.8114765892813
TON,2023,98.8577319664238
TON,2024,98.8583466602623
TSA,2000,81.20071070985135
TSA,2001,81.72523891657457
TSA,2002,82.35906574980308
TSA,2003,82.99142974174993
TSA,2004,83.62185238078986
TSA,2005,84.25423330541584
TSA,2006,84.88485052420401
TSA,2007,85.51385559372608
TSA,2008,86.14136386929853
TSA,2009,86.76648368082688
TSA,2010,87.38946561701243
TSA,2011,88.01166057428684
TSA,2012,88.63377841865507
TSA,2013,89.2557938947371
TSA,2014,89.87580732593334
TSA,2015,90.49438452681348
TSA,2016,91.11094518381162
TSA,2017,91.72535566391099
TSA,2018,92.33749662975438
TSA,2019,92.94720300282299
TSA,2020,93.55373228273284
TSA,2021,94.157227378476
TSA,2022,94.75681009631772
TSA,2023,95.35002909138278
TSA,2024,95.9353546635494
TSS,2000,45.25854927968773
TSS,2001,46.02802553942911
TSS,2002,46.877948220535984
TSS,2003,47.761599706417194
TSS,2004,48.65653541726981
TSS,2005,49.60495834585345
TSS,2006,50.55914392814616
TSS,2007,51.49514875883179
TSS,2008,52.48143982306946
TSS,2009,53.47317320520235
TSS,2010,54.46673369345695
TSS,2011,55.29743405369753
TSS,2012,56.28009123647942
TSS,2013,57.26237722221322
TSS,2014,58.25309313130863
TSS,2015,59.22086492953538
TSS,2016,60.16405934983093
TSS,2017,61.13110077809471
TSS,2018,62.08015548577683
TSS,2019,63.00558745258834
TSS,2020,63.92456263036838
TSS,2021,64.84280843894267
TSS,2022,65.71795695235286
TSS,2023,66.66476235322014
TSS,2024,67.53340700735727
TTO,2000,NA
TTO,2001,NA
TTO,2002,NA
TTO,2003,NA
TTO,2004,NA
TTO,2005,97.3094204121503
TTO,2006,97.3097399307231
TTO,2007,97.3100621994255
TTO,2008,97.3103838303241
TTO,2009,97.3107038668244
TTO,2010,97.440269369761893
TTO,2011,97.5697030865947
TTO,2012,97.6989849398985
TTO,2013,97.828150538828
TTO,2014,97.9572291808289
TTO,2015,98.0862562464858
TTO,2016,98.2152623526831
TTO,2017,98.344276330186
TTO,2018,98.4733339387866
TTO,2019,98.6024616253734
TTO,2020,98.7316957265811
TTO,2021,98.8610651706074
TTO,2022,98.9906054804652
TTO,2023,99.1203415064723
TTO,2024,99.2503077495039
TUN,2000,87.5364530934515
TUN,2001,87.8472449975765
TUN,2002,88.1389782075232
TUN,2003,88.4264953069514
TUN,2004,88.7051137784581
TUN,2005,88.9588512587041
TUN,2006,89.2096520385554
TUN,2007,89.4569801310422
TUN,2008,89.8868255561027
TUN,2009,90.3433938079576
TUN,2010,90.7959166490344
TUN,2011,91.2448200352834
TUN,2012,91.6898273701058
TUN,2013,92.130516839447
TUN,2014,92.5674570508114
TUN,2015,93.0017471400427
TUN,2016,93.4329020352708
TUN,2017,93.8606207367796
TUN,2018,94.2847367416076
TUN,2019,94.7047945067718
TUN,2020,95.120374054685
TUN,2021,95.5312981932344
TUN,2022,95.9372584120703
TUN,2023,96.3377994591756
TUN,2024,96.7327873288014
TUR,2000,92.5207717291777
TUR,2001,92.6069916760716
TUR,2002,92.8175922761901
TUR,2003,93.0240916066264
TUR,2004,93.2266012493425
TUR,2005,93.4249804113802
TUR,2006,93.6194753638319
TUR,2007,93.8100251611177
TUR,2008,93.9967938201436
TUR,2009,94.1796628732745
TUR,2010,94.3588134972971
TUR,2011,94.5342469768029
TUR,2012,94.7061073056509
TUR,2013,94.8740402203655
TUR,2014,95.0383332367469
TUR,2015,95.1990408276222
TUR,2016,95.3562997823
TUR,2017,95.5101526427098
TUR,2018,95.6607630886075
TUR,2019,95.8081999457908
TUR,2020,95.9525757495893
TUR,2021,95.9614082696356
TUR,2022,95.9700345956399
TUR,2023,95.9784417716969
TUR,2024,95.9866257794699
TUV,2000,98.9489058922468
TUV,2001,98.9547762217723
TUV,2002,98.9600772515552
TUV,2003,98.9637268810734
TUV,2004,98.9655447437616
TUV,2005,98.9659492701757
TUV,2006,98.9649313855609
TUV,2007,98.9624863760549
TUV,2008,98.958630738777
TUV,2009,98.953383966919
TUV,2010,98.9467468568781
TUV,2011,98.9387256390915
TUV,2012,98.929330064394
TUV,2013,98.9186170640434
TUV,2014,98.9067978780049
TUV,2015,98.8939303808876
TUV,2016,98.8800941799152
TUV,2017,98.8653597782107
TUV,2018,98.8497651952118
TUV,2019,98.8333705888805
TUV,2020,98.8162535576204
TUV,2021,98.798446877674
TUV,2022,98.7800317187717
TUV,2023,98.7610472591254
TUV,2024,98.7415397759091
TZA,2000,28.6115317838844
TZA,2001,29.8677621346393
TZA,2002,31.1241267343725
TZA,2003,32.4757991553598
TZA,2004,33.9471157006674
TZA,2005,35.4283532789457
TZA,2006,36.9195071413939
TZA,2007,38.4195983532873
TZA,2008,39.9290568171928
TZA,2009,41.4454872812529
TZA,2010,42.9702242043012
TZA,2011,44.5013525843349
TZA,2012,46.0392257141693
TZA,2013,47.5819698290827
TZA,2014,49.1277716374045
TZA,2015,50.6761681803936
TZA,2016,52.2258564710625
TZA,2017,53.7768153446022
TZA,2018,55.3281861083023
TZA,2019,56.8787467857379
TZA,2020,58.4288709914851
TZA,2021,59.9769893426504
TZA,2022,61.5231007781577
TZA,2023,63.0660884066509
TZA,2024,64.6059619473789
UGA,2000,26.2357051861037
UGA,2001,27.5298826781499
UGA,2002,28.8504493952135
UGA,2003,30.1967437598834
UGA,2004,31.5685635634506
UGA,2005,32.9633010331223
UGA,2006,34.3826242141433
UGA,2007,35.824381726143
UGA,2008,37.2887308722368
UGA,2009,38.7739967915564
UGA,2010,40.2802562427772
UGA,2011,41.8062522892618
UGA,2012,43.3515394345294
UGA,2013,44.9140772703055
UGA,2014,46.4945464801436
UGA,2015,48.0912598324733
UGA,2016,49.7026063632453
UGA,2017,51.32772813986
UGA,2018,52.9651082839112
UGA,2019,54.6148662999288
UGA,2020,56.2751724073816
UGA,2021,57.9452003284678
UGA,2022,59.6243670283511
UGA,2023,61.3115234168033
UGA,2024,63.0058015721971
UKR,2000,98.2039141812344
UKR,2001,98.2474033169623
UKR,2002,98.2725981349604
UKR,2003,98.2640372395686
UKR,2004,97.7928382047192
UKR,2005,97.3192965244118
UKR,2006,96.8423737285602
UKR,2007,96.3624898983504
UKR,2008,95.8796583793092
UKR,2009,95.3939041570529
UKR,2010,94.9072076432708
UKR,2011,94.4191011377328
UKR,2012,93.9295625796783
UKR,2013,93.7584244839538
UKR,2014,93.2856866411736
UKR,2015,93.3187311569397
UKR,2016,93.3513783452098
UKR,2017,93.3837080756642
UKR,2018,93.4145409496179
UKR,2019,93.443715883617
UKR,2020,93.4712072863379
UKR,2021,93.4969374195088
UKR,2022,93.5208948630112
UKR,2023,93.517329658926
UKR,2024,93.4790922597539
UMC,2000,84.21068514161512
UMC,2001,84.60740417376267
UMC,2002,85.32651197763145
UMC,2003,86.03113292096631
UMC,2004,86.7125211743491
UMC,2005,87.37535879694671
UMC,2006,88.01900030867128
UMC,2007,88.6352402243304
UMC,2008,89.2436108515971
UMC,2009,89.82112276760706
UMC,2010,90.37143649619601
UMC,2011,90.87139222286984
UMC,2012,91.34831003298984
UMC,2013,91.81328338631188
UMC,2014,92.25712003871898
UMC,2015,92.6809342122917
UMC,2016,93.08664192465737
UMC,2017,93.38834823044512
UMC,2018,93.79434287306907
UMC,2019,94.15520766840156
UMC,2020,94.49740684659795
UMC,2021,94.9533909654877
UMC,2022,95.4529004647785
UMC,2023,95.80046155968695
UMC,2024,95.81178506622373
URY,2000,97.0615629070095
URY,2001,97.1242376171319
URY,2002,97.1962111279597
URY,2003,97.2666556458584
URY,2004,97.3351038717686
URY,2005,97.5328552495879
URY,2006,97.7230375834935
URY,2007,97.9057149846883
URY,2008,98.0813881282661
URY,2009,98.2501537538036
URY,2010,98.4126195447571
URY,2011,98.5688827788453
URY,2012,98.7111485515081
URY,2013,98.8475729341286
URY,2014,98.9811512329588
URY,2015,99.1119536315353
URY,2016,99.240133418196
URY,2017,99.3656002482881
URY,2018,99.4885272637331
URY,2019,99.5545465859782
URY,2020,99.5703038278437
URY,2021,99.5860335482368
URY,2022,99.6016579773198
URY,2023,99.6172068539544
URY,2024,99.6326913879836
USA,2000,NA
USA,2001,NA
USA,2002,NA
USA,2003,NA
USA,2004,NA
USA,2005,98.8969723453507
USA,2006,98.9038126009011
USA,2007,98.9106080907842
USA,2008,98.9173671062071
USA,2009,98.92408685212
USA,2010,99.0106474401103
USA,2011,99.0963699785745
USA,2012,99.1811105889535
USA,2013,99.2648895869455
USA,2014,99.3476415086967
USA,2015,99.4293350987693
USA,2016,99.509898178586
USA,2017,99.5893429085867
USA,2018,99.6675822614626
USA,2019,99.7446316773149
USA,2020,99.820420461272107
USA,2021,99.894943997231
USA,2022,99.9641146737575
USA,2023,99.9804979047021
USA,2024,99.9804443465812
UZB,2000,87.3125968713833
UZB,2001,87.8034451574225
UZB,2002,88.2901754569752
UZB,2003,88.7725462000596
UZB,2004,89.2503477603566
UZB,2005,89.7235443851792
UZB,2006,90.1922179828623
UZB,2007,90.6561809339035
UZB,2008,91.1153784744922
UZB,2009,91.5696691723267
UZB,2010,92.0192259978027
UZB,2011,92.4356757645122
UZB,2012,92.8244223164543
UZB,2013,93.2160214919193
UZB,2014,93.6104838496586
UZB,2015,94.007820761431
UZB,2016,94.4080443889354
UZB,2017,94.8111572515512
UZB,2018,95.2185733603862
UZB,2019,95.6274388152752
UZB,2020,95.9578060001248
UZB,2021,96.2897455645648
UZB,2022,96.6228091774033
UZB,2023,96.9565254047898
UZB,2024,97.2904869756033
VCT,2000,95.4488766672821
VCT,2001,95.605670586011
VCT,2002,95.7631065225404
VCT,2003,95.9211890736685
VCT,2004,96.0799247403839
VCT,2005,96.2393271059169
VCT,2006,96.3994046363042
VCT,2007,96.5601560637543
VCT,2008,96.7215983096393
VCT,2009,96.8837370497035
VCT,2010,97.0465791396489
VCT,2011,97.2101310501317
VCT,2012,97.3744027323459
VCT,2013,97.5393846955351
VCT,2014,97.7051158263288
VCT,2015,97.7108598901837
VCT,2016,97.716640114989
VCT,2017,97.7224514289518
VCT,2018,97.7283062747314
VCT,2019,NA
VCT,2020,NA
VCT,2021,NA
VCT,2022,NA
VCT,2023,NA
VCT,2024,NA
VEN,2000,97.2276979084936
VEN,2001,97.0506030485361
VEN,2002,96.8735081885788
VEN,2003,96.6964133286213
VEN,2004,96.5193184686639
VEN,2005,96.3422236087065
VEN,2006,96.1651287487491
VEN,2007,95.9880338887916
VEN,2008,95.8109390288342
VEN,2009,95.6338441688768
VEN,2010,95.4567493089194
VEN,2011,95.279654448962
VEN,2012,95.1025595890046
VEN,2013,94.9254647290471
VEN,2014,94.7483698690897
VEN,2015,94.5712750091323
VEN,2016,94.3941801491749
VEN,2017,94.2170852892175
VEN,2018,94.0399904292601
VEN,2019,93.8628955693026
VEN,2020,93.6858007093452
VEN,2021,93.5087058493878
VEN,2022,93.3316109894304
VEN,2023,93.3316109894304
VEN,2024,93.3316109894304
VGB,2000,95.3027397260274
VGB,2001,95.6828767123288
VGB,2002,96.0630136986302
VGB,2003,96.4431506849315
VGB,2004,96.8232876712329
VGB,2005,97.2034246575344
VGB,2006,97.5835616438357
VGB,2007,97.9636986301371
VGB,2008,98.3438356164385
VGB,2009,98.7239726027398
VGB,2010,99.1041095890412
VGB,2011,99.4842465753426
VGB,2012,99.8643835616439
VGB,2013,99.8643835616439
VGB,2014,99.8643835616439
VGB,2015,99.8643835616439
VGB,2016,99.8643835616439
VGB,2017,99.8643835616439
VGB,2018,99.8643835616439
VGB,2019,99.8643835616439
VGB,2020,99.8643835616439
VGB,2021,99.8643835616439
VGB,2022,99.8643835616439
VGB,2023,99.8643835616439
VGB,2024,99.8643835616439
VIR,2000,98.4974021270708
VIR,2001,98.5414147711479
VIR,2002,98.5854274152251
VIR,2003,98.6294400593023
VIR,2004,98.6734527033794
VIR,2005,98.7174653474566
VIR,2006,98.7614779915338
VIR,2007,98.805490635611
VIR,2008,98.8495032796881
VIR,2009,98.8935159237653
VIR,2010,98.9375285678425
VIR,2011,98.9815412119196
VIR,2012,99.0255538559968
VIR,2013,99.069566500074
VIR,2014,99.1135791441512
VIR,2015,99.1575917882283
VIR,2016,99.2016044323055
VIR,2017,99.2456170763827
VIR,2018,99.2896297204598
VIR,2019,99.333642364537
VIR,2020,99.3776550086142
VIR,2021,99.4216676526914
VIR,2022,99.4656802967685
VIR,2023,99.4656802967685
VIR,2024,99.4656802967685
VNM,2000,80.6482449440381
VNM,2001,81.4816912239643
VNM,2002,82.3091593236672
VNM,2003,83.1297312995414
VNM,2004,83.9437132071868
VNM,2005,84.7504123379551
VNM,2006,85.5499500318679
VNM,2007,86.3421129091112
VNM,2008,87.1265536349234
VNM,2009,87.9033221889861
VNM,2010,88.6734023519778
VNM,2011,89.4349602173231
VNM,2012,90.1878966419353
VNM,2013,90.9316441418206
VNM,2014,91.6663943913083
VNM,2015,92.3918615614749
VNM,2016,93.1077859229268
VNM,2017,93.8136963360805
VNM,2018,94.8327946840432
VNM,2019,95.6342556825242
VNM,2020,96.2941639364055
VNM,2021,96.9270863481492
VNM,2022,97.5492793224641
VNM,2023,98.160662651459
VNM,2024,98.761246653694
VUT,2000,85.3317599013791
VUT,2001,85.3746035828269
VUT,2002,85.4177585547483
VUT,2003,85.4615236094249
VUT,2004,85.5055935068699
VUT,2005,85.7460412564871
VUT,2006,85.8467063690572
VUT,2007,85.9465127885309
VUT,2008,86.0456045932054
VUT,2009,86.1439821313049
VUT,2010,86.2227390856151
VUT,2011,86.2892357957447
VUT,2012,86.3550557716608
VUT,2013,86.4200452584369
VUT,2014,86.4842118882778
VUT,2015,86.547558622675
VUT,2016,86.6102249410462
VUT,2017,86.6720700625573
VUT,2018,86.734509639606
VUT,2019,86.7973816608414
VUT,2020,86.8609488493879
VUT,2021,86.9249066053473
VUT,2022,86.9895180856083
VUT,2023,87.0544851579831
VUT,2024,87.1200605921327
WLD,2000,80.60842843802102
WLD,2001,80.94597705139041
WLD,2002,81.58234968050189
WLD,2003,82.08013135222177
WLD,2004,82.57480209483808
WLD,2005,83.86517693793607
WLD,2006,84.32701719406492
WLD,2007,84.783279489110555
WLD,2008,85.24687396637351
WLD,2009,85.69278962927496
WLD,2010,86.12813818806325
WLD,2011,86.47983334395192
WLD,2012,86.89295542685338
WLD,2013,87.30393367797463
WLD,2014,87.71087394814158
WLD,2015,88.11579916332794
WLD,2016,88.51428684442958
WLD,2017,88.86232659843746
WLD,2018,89.26229234216687
WLD,2019,89.64285199397332
WLD,2020,90.01527342321688
WLD,2021,90.42114194773899
WLD,2022,90.85222195919982
WLD,2023,91.21889359363932
WLD,2024,91.4491136268126
WSM,2000,87.2425744445138
WSM,2001,87.239587051713
WSM,2002,87.2437553911035
WSM,2003,87.2517446333924
WSM,2004,87.259662979042
WSM,2005,87.4968982222586
WSM,2006,87.7333448331469
WSM,2007,87.9688973034704
WSM,2008,88.203619647933
WSM,2009,88.4375945793653
WSM,2010,88.6708392965086
WSM,2011,88.903392297442
WSM,2012,89.1355150319512
WSM,2013,90.0360750251158
WSM,2014,90.9382375010808
WSM,2015,91.8420321668066
WSM,2016,92.7474260962852
WSM,2017,93.6544245395326
WSM,2018,94.5630996694418
WSM,2019,95.4736980021055
WSM,2020,96.3864371758172
WSM,2021,97.3015545518519
WSM,2022,98.1847056726277
WSM,2023,98.9302348547362
WSM,2024,99.4409290344985
XKX,2000,NA
XKX,2001,NA
XKX,2002,NA
XKX,2003,NA
XKX,2004,NA
XKX,2005,NA
XKX,2006,NA
XKX,2007,NA
XKX,2008,NA
XKX,2009,NA
XKX,2010,NA
XKX,2011,NA
XKX,2012,NA
XKX,2013,NA
XKX,2014,NA
XKX,2015,NA
XKX,2016,NA
XKX,2017,NA
XKX,2018,NA
XKX,2019,NA
XKX,2020,NA
XKX,2021,NA
XKX,2022,NA
XKX,2023,NA
XKX,2024,NA
YEM,2000,40.098879307896
YEM,2001,40.3227907996973
YEM,2002,40.5501471459305
YEM,2003,41.5481868875489
YEM,2004,42.54029809914
YEM,2005,44.0403246300673
YEM,2006,45.5579291881896
YEM,2007,47.0920975832171
YEM,2008,48.6422261965066
YEM,2009,50.2076979867372
YEM,2010,51.787883376695
YEM,2011,53.3817845403545
YEM,2012,54.9887784253918
YEM,2013,56.6085662979194
YEM,2014,58.2398155721422
YEM,2015,59.8822273662307
YEM,2016,61.5348134587161
YEM,2017,63.1969435270972
YEM,2018,64.8676643206495
YEM,2019,66.54663625928
YEM,2020,68.2329200343338
YEM,2021,69.9256117406169
YEM,2022,71.6243517846075
YEM,2023,73.3277642149443
YEM,2024,75.0357620960457
ZAF,2000,85.9559975488844
ZAF,2001,86.4622424726781
ZAF,2002,86.9757383414211
ZAF,2003,87.4856409014173
ZAF,2004,87.9864909045076
ZAF,2005,88.4775318362901
ZAF,2006,88.9593651216847
ZAF,2007,89.4320344752116
ZAF,2008,89.895824706748
ZAF,2009,90.3498541806487
ZAF,2010,90.7948993263466
ZAF,2011,91.2307992186561
ZAF,2012,91.6578231075925
ZAF,2013,92.0754416048639
ZAF,2014,92.4843371456174
ZAF,2015,92.2766813341795
ZAF,2016,92.0633898282653
ZAF,2017,91.844654961916
ZAF,2018,91.6208678269317
ZAF,2019,91.3923995625225
ZAF,2020,91.1598368082793
ZAF,2021,90.9231026021655
ZAF,2022,90.6825361107103
ZAF,2023,90.4386965804708
ZAF,2024,90.1916801364739
ZMB,2000,46.2307991562581
ZMB,2001,47.3291576082813
ZMB,2002,48.5669310132522
ZMB,2003,49.794666240805
ZMB,2004,51.0123240914284
ZMB,2005,52.2193583121082
ZMB,2006,53.4162602894897
ZMB,2007,54.6025079939217
ZMB,2008,55.7790386634547
ZMB,2009,56.943932113866
ZMB,2010,58.0990602531588
ZMB,2011,59.2434638607951
ZMB,2012,60.3793166829556
ZMB,2013,61.5068944546716
ZMB,2014,62.6251910477069
ZMB,2015,63.73489906676
ZMB,2016,64.8350544845437
ZMB,2017,65.9259259812071
ZMB,2018,67.0073710429066
ZMB,2019,68.0788852086192
ZMB,2020,69.1403580014109
ZMB,2021,70.2228298527718
ZMB,2022,71.2958879569683
ZMB,2023,72.3590047817849
ZMB,2024,73.4120376414689
ZWE,2000,67.9217425252817
ZWE,2001,68.0887310014955
ZWE,2002,68.2658520764718
ZWE,2003,68.2300192515317
ZWE,2004,68.1605611787825
ZWE,2005,68.0898216410004
ZWE,2006,68.0173816965522
ZWE,2007,67.943621136193
ZWE,2008,67.8681221478377
ZWE,2009,67.7912667588109
ZWE,2010,67.7126398227238
ZWE,2011,67.6326265386138
ZWE,2012,67.550802949421
ZWE,2013,67.4675567678249
ZWE,2014,67.3943560141551
ZWE,2015,67.3315481450838
ZWE,2016,67.2786727528728
ZWE,2017,67.2356795993569
ZWE,2018,67.2029312965769
ZWE,2019,67.1795926488522
ZWE,2020,67.1664236498224
ZWE,2021,67.162605340134
ZWE,2022,67.1689083918982
ZWE,2023,67.1849190325683
ZWE,2024,67.2110209689938
