iso3,year,female_secondary_enrollment
ABW,2000,91.7377166748047
ABW,2001,97.3598327636719
ABW,2002,98.0552368164062
ABW,2003,101.518623352051
ABW,2004,99.1840209960938
ABW,2005,98.7961730957031
ABW,2006,99.4164505004883
ABW,2007,108.058410644531
ABW,2008,101.330078125
ABW,2009,100.589973449707
ABW,2010,97.9808731079102
ABW,2011,97.4022598266602
ABW,2012,108.883651733398
ABW,2013,NA
ABW,2014,NA
ABW,2015,NA
ABW,2016,NA
ABW,2017,NA
ABW,2018,143.72492980957
ABW,2019,141.99267578125
ABW,2020,142.045455932617
ABW,2021,135.442672729492
ABW,2022,140.441833496094
ABW,2023,NA
ABW,2024,128.74852420307
AFE,2000,25.5485401153564
AFE,2001,26.3633804321289
AFE,2002,26.9570503234863
AFE,2003,27.4211807250977
AFE,2004,28.4966602325439
AFE,2005,29.3665599822998
AFE,2006,30.7157497406006
AFE,2007,31.8105907440186
AFE,2008,33.3657188415527
AFE,2009,34.5432586669922
AFE,2010,35.623420715332
AFE,2011,36.5236701965332
AFE,2012,37.6529693603516
AFE,2013,38.6157493591309
AFE,2014,39.738208770752
AFE,2015,39.6892509460449
AFE,2016,40.2670402526855
AFE,2017,40.8391418457031
AFE,2018,41.1385498046875
AFE,2019,41.6500816345215
AFE,2020,42.3275299072266
AFE,2021,42.7693405151367
AFE,2022,42.9131698608398
AFE,2023,NA
AFE,2024,NA
AFG,2000,NA
AFG,2001,0
AFG,2002,NA
AFG,2003,6.96920013427734
AFG,2004,6.38919019699097
AFG,2005,9.67969036102295
AFG,2006,15.3283004760742
AFG,2007,15.3513603210449
AFG,2008,22.7884502410889
AFG,2009,28.3175792694092
AFG,2010,33.0262413024902
AFG,2011,36.9816284179688
AFG,2012,38.5514297485352
AFG,2013,38.722900390625
AFG,2014,38.5330581665039
AFG,2015,37.8227882385254
AFG,2016,38.5832786560059
AFG,2017,39.937858581543
AFG,2018,41.3507118225098
AFG,2019,NA
AFG,2020,NA
AFG,2021,NA
AFG,2022,NA
AFG,2023,45.1596908569336
AFG,2024,NA
AFW,2000,18.7828693389893
AFW,2001,20.19407081604
AFW,2002,20.6358604431152
AFW,2003,22.5834197998047
AFW,2004,24.1746807098389
AFW,2005,25.2043399810791
AFW,2006,25.3873996734619
AFW,2007,25.3766708374023
AFW,2008,28.1702404022217
AFW,2009,30.8871803283691
AFW,2010,33.9896202087402
AFW,2011,35.5903816223145
AFW,2012,37.8155899047852
AFW,2013,42.5206108093262
AFW,2014,38.7878112792969
AFW,2015,40.3699607849121
AFW,2016,39.0918617248535
AFW,2017,39.740650177002
AFW,2018,40.4764213562012
AFW,2019,42.076530456543
AFW,2020,43.326961517334
AFW,2021,44.3946685791016
AFW,2022,44.9384689331055
AFW,2023,46.1132011413574
AFW,2024,46.0673294067383
AGO,2000,12.1040000915527
AGO,2001,13.2332096099853
AGO,2002,14.7315998077393
AGO,2003,NA
AGO,2004,NA
AGO,2005,NA
AGO,2006,NA
AGO,2007,NA
AGO,2008,19.9174499511719
AGO,2009,21.1587905883789
AGO,2010,22.98756980896
AGO,2011,22.3924407958984
AGO,2012,NA
AGO,2013,NA
AGO,2014,NA
AGO,2015,NA
AGO,2016,42.9851256990708
AGO,2017,NA
AGO,2018,NA
AGO,2019,NA
AGO,2020,NA
AGO,2021,49.4286274279557
AGO,2022,NA
AGO,2023,48.1175394651696
AGO,2024,NA
ALB,2000,66.8600311279297
ALB,2001,69.292106628418
ALB,2002,NA
ALB,2003,NA
ALB,2004,77.1257705688477
ALB,2005,80.9782333374023
ALB,2006,82.5476684570312
ALB,2007,84.5937118530273
ALB,2008,85.9438629150391
ALB,2009,88.4567413330078
ALB,2010,91.1922378540039
ALB,2011,92.2976379394531
ALB,2012,94.2169723510742
ALB,2013,99.1101650982234
ALB,2014,98.9064599746518
ALB,2015,99.0993228142471
ALB,2016,96.6560853943559
ALB,2017,94.9233468518998
ALB,2018,95.8495450622985
ALB,2019,95.5375027821055
ALB,2020,92.2998271538817
ALB,2021,94.3556604734894
ALB,2022,93.2280956589459
ALB,2023,92.6682931237011
ALB,2024,106.71573638916
AND,2000,NA
AND,2001,NA
AND,2002,85.6831817626953
AND,2003,85.3645629882812
AND,2004,81.6305999755859
AND,2005,89.1366195678711
AND,2006,86.9112319946289
AND,2007,85.7791900634766
AND,2008,86.7674026489258
AND,2009,85.9325790405273
AND,2010,89.1314163208008
AND,2011,87.0305709838867
AND,2012,88.2096099853516
AND,2013,87.4892501831055
AND,2014,89.3149490356445
AND,2015,90.8539199829102
AND,2016,95.5604400634766
AND,2017,95.4148483276367
AND,2018,97.8036804199219
AND,2019,95.9698791503906
AND,2020,96.9991226196289
AND,2021,98.0232086181641
AND,2022,98.0160369873047
AND,2023,99.4687423706055
AND,2024,101.475868225098
ARB,2000,56.1960716247559
ARB,2001,57.5917701721191
ARB,2002,58.7111282348633
ARB,2003,60.5331802368164
ARB,2004,61.9100914001465
ARB,2005,61.6643486022949
ARB,2006,61.9617195129395
ARB,2007,61.0592498779297
ARB,2008,61.1059417724609
ARB,2009,62.877799987793
ARB,2010,63.3116188049316
ARB,2011,65.2037963867188
ARB,2012,65.3947219848633
ARB,2013,63.5361595153809
ARB,2014,63.9555587768555
ARB,2015,64.5253677368164
ARB,2016,64.8255615234375
ARB,2017,65.4355316162109
ARB,2018,65.6868133544922
ARB,2019,66.192512512207
ARB,2020,66.1664199829102
ARB,2021,66.8292694091797
ARB,2022,68.3780136108398
ARB,2023,67.6763610839844
ARB,2024,68.0927886962891
ARE,2000,NA
ARE,2001,NA
ARE,2002,NA
ARE,2003,NA
ARE,2004,NA
ARE,2005,NA
ARE,2006,NA
ARE,2007,NA
ARE,2008,NA
ARE,2009,NA
ARE,2010,NA
ARE,2011,NA
ARE,2012,NA
ARE,2013,NA
ARE,2014,NA
ARE,2015,NA
ARE,2016,NA
ARE,2017,NA
ARE,2018,100.131416320801
ARE,2019,101.139777479205
ARE,2020,99.1370929452638
ARE,2021,102.068631287595
ARE,2022,98.9789962768555
ARE,2023,102.195120776205
ARE,2024,100.110276412248
ARG,2000,99.8094177246094
ARG,2001,101.411613464355
ARG,2002,100.75479888916
ARG,2003,100.139373779297
ARG,2004,100.194129943848
ARG,2005,98.7863388061523
ARG,2006,98.0361328125
ARG,2007,98.1988677978516
ARG,2008,99.5787734985352
ARG,2009,102.57689666748
ARG,2010,104.500671386719
ARG,2011,106.733993530273
ARG,2012,107.975830078125
ARG,2013,109.241096496582
ARG,2014,110.363609313965
ARG,2015,111.491546630859
ARG,2016,112.874443054199
ARG,2017,113.530090332031
ARG,2018,112.869537353516
ARG,2019,113.60587310791
ARG,2020,115.878791809082
ARG,2021,119.181510925293
ARG,2022,117.566009521484
ARG,2023,107.980730920017
ARG,2024,NA
ARM,2000,88.5902481079102
ARM,2001,NA
ARM,2002,NA
ARM,2003,NA
ARM,2004,NA
ARM,2005,NA
ARM,2006,NA
ARM,2007,94.7361068725586
ARM,2008,93.9530563354492
ARM,2009,99.4727630615234
ARM,2010,104.280326843262
ARM,2011,92.7371215820312
ARM,2012,NA
ARM,2013,86.4559326171875
ARM,2014,86.6189804077148
ARM,2015,86.1423797607422
ARM,2016,NA
ARM,2017,NA
ARM,2018,82.6929233518222
ARM,2019,86.6098941525282
ARM,2020,87.5163440721926
ARM,2021,89.5961159583451
ARM,2022,90.1215425051106
ARM,2023,88.2232017685754
ARM,2024,90.1346954711088
ASM,2000,NA
ASM,2001,NA
ASM,2002,NA
ASM,2003,NA
ASM,2004,NA
ASM,2005,NA
ASM,2006,NA
ASM,2007,NA
ASM,2008,NA
ASM,2009,NA
ASM,2010,NA
ASM,2011,NA
ASM,2012,NA
ASM,2013,NA
ASM,2014,NA
ASM,2015,NA
ASM,2016,NA
ASM,2017,NA
ASM,2018,NA
ASM,2019,NA
ASM,2020,NA
ASM,2021,NA
ASM,2022,NA
ASM,2023,NA
ASM,2024,NA
ATG,2000,78.4783935546875
ATG,2001,NA
ATG,2002,NA
ATG,2003,NA
ATG,2004,NA
ATG,2005,NA
ATG,2006,NA
ATG,2007,112.965049743652
ATG,2008,121.629211425781
ATG,2009,120.998901367188
ATG,2010,117.978141784668
ATG,2011,116.915008544922
ATG,2012,126.204559326172
ATG,2013,NA
ATG,2014,115.915657043457
ATG,2015,119.018043518066
ATG,2016,NA
ATG,2017,115.81339263916
ATG,2018,119.61092376709
ATG,2019,NA
ATG,2020,NA
ATG,2021,NA
ATG,2022,107.737361282367
ATG,2023,109.004008633981
ATG,2024,NA
AUS,2000,NA
AUS,2001,NA
AUS,2002,NA
AUS,2003,NA
AUS,2004,NA
AUS,2005,NA
AUS,2006,NA
AUS,2007,NA
AUS,2008,NA
AUS,2009,NA
AUS,2010,NA
AUS,2011,NA
AUS,2012,NA
AUS,2013,NA
AUS,2014,NA
AUS,2015,147.584396362305
AUS,2016,144.401290893555
AUS,2017,144.534530639648
AUS,2018,132.354217529297
AUS,2019,139.616836547852
AUS,2020,135.490798950195
AUS,2021,133.347183227539
AUS,2022,130.563079833984
AUS,2023,131.09733581543
AUS,2024,129.089096069336
AUT,2000,NA
AUT,2001,96.7734069824219
AUT,2002,96.4945831298828
AUT,2003,96.9213027954102
AUT,2004,96.5513229370117
AUT,2005,97.7880630493164
AUT,2006,98.4202194213867
AUT,2007,98.1064224243164
AUT,2008,98.0029373168945
AUT,2009,98.306266784668
AUT,2010,98.2814788818359
AUT,2011,97.5853881835938
AUT,2012,98.1663970947266
AUT,2013,99.4306716918945
AUT,2014,99.4170379638672
AUT,2015,99.7147521972656
AUT,2016,99.1238174438477
AUT,2017,98.8336181640625
AUT,2018,98.9431686401367
AUT,2019,100.049346923828
AUT,2020,100.287178039551
AUT,2021,101.08470916748
AUT,2022,100.453628540039
AUT,2023,99.5390701293945
AUT,2024,99.9565505981445
AZE,2000,NA
AZE,2001,NA
AZE,2002,NA
AZE,2003,NA
AZE,2004,NA
AZE,2005,NA
AZE,2006,NA
AZE,2007,NA
AZE,2008,NA
AZE,2009,NA
AZE,2010,NA
AZE,2011,NA
AZE,2012,NA
AZE,2013,NA
AZE,2014,NA
AZE,2015,NA
AZE,2016,NA
AZE,2017,NA
AZE,2018,108.65273695473
AZE,2019,107.552111988747
AZE,2020,90.4353484324383
AZE,2021,90.4878029868337
AZE,2022,88.7876201854696
AZE,2023,90.9502304680864
AZE,2024,89.60752233538
BDI,2000,NA
BDI,2001,NA
BDI,2002,NA
BDI,2003,8.93451976776123
BDI,2004,10.1669101715088
BDI,2005,11.0440502166748
BDI,2006,12.2075300216675
BDI,2007,12.8603200912476
BDI,2008,NA
BDI,2009,17.5529193878174
BDI,2010,19.8866806030273
BDI,2011,22.7597904205322
BDI,2012,25.6550006866455
BDI,2013,30.7229452018777
BDI,2014,37.6532236992696
BDI,2015,42.5848131340896
BDI,2016,47.4670778135604
BDI,2017,49.4867506946943
BDI,2018,48.9246508069948
BDI,2019,44.8293939228029
BDI,2020,49.2576387332398
BDI,2021,NA
BDI,2022,NA
BDI,2023,NA
BDI,2024,NA
BEL,2000,NA
BEL,2001,164.421981811523
BEL,2002,166.829498291016
BEL,2003,166.853012084961
BEL,2004,158.973358154297
BEL,2005,166.336334228516
BEL,2006,168.262008666992
BEL,2007,169.791259765625
BEL,2008,171.841247558594
BEL,2009,171.172912597656
BEL,2010,171.341003417969
BEL,2011,170.005645751953
BEL,2012,171.274078369141
BEL,2013,172.689697265625
BEL,2014,172.866333007812
BEL,2015,174.837173461914
BEL,2016,170.400466918945
BEL,2017,168.216491699219
BEL,2018,165.985092163086
BEL,2019,166.064483642578
BEL,2020,160.896133422852
BEL,2021,150.585006713867
BEL,2022,151.826583862305
BEL,2023,152.577819824219
BEL,2024,NA
BEN,2000,12.5444002151489
BEN,2001,13.908769607544
BEN,2002,15.1186399459839
BEN,2003,15.833459854126
BEN,2004,17.0808696746826
BEN,2005,NA
BEN,2006,NA
BEN,2007,NA
BEN,2008,NA
BEN,2009,NA
BEN,2010,NA
BEN,2011,35.1887283325195
BEN,2012,NA
BEN,2013,41.857421875
BEN,2014,43.0372085571289
BEN,2015,46.0378799438477
BEN,2016,47.7052116394043
BEN,2017,NA
BEN,2018,NA
BEN,2019,NA
BEN,2020,39.4178810119629
BEN,2021,40.2546501159668
BEN,2022,40.2818489074707
BEN,2023,NA
BEN,2024,NA
BFA,2000,7.76679992675781
BFA,2001,7.95838022232056
BFA,2002,NA
BFA,2003,9.13255977630615
BFA,2004,10.11203956604
BFA,2005,11.0454902648926
BFA,2006,11.844220161438
BFA,2007,12.869119644165
BFA,2008,15.2496795654297
BFA,2009,16.4878997802734
BFA,2010,18.2026272062904
BFA,2011,20.1504937591634
BFA,2012,22.4369517647316
BFA,2013,25.1246647585712
BFA,2014,27.3772509415436
BFA,2015,31.3499100869596
BFA,2016,33.8377858408122
BFA,2017,36.4337512769058
BFA,2018,39.4315297671845
BFA,2019,40.517531621348
BFA,2020,40.2090461523707
BFA,2021,40.1334643135395
BFA,2022,36.1300743115017
BFA,2023,33.6455886002101
BFA,2024,33.2389182465594
BGD,2000,47.110969543457
BGD,2001,50.0232887268066
BGD,2002,51.7350006103516
BGD,2003,51.6876182556152
BGD,2004,46.7358283996582
BGD,2005,46.4920997619629
BGD,2006,46.8596611022949
BGD,2007,47.5436897277832
BGD,2008,47.0520896911621
BGD,2009,49.7001609802246
BGD,2010,52.0766891151976
BGD,2011,52.972846971647
BGD,2012,54.6677284240723
BGD,2013,57.4183984304764
BGD,2014,NA
BGD,2015,62.5832710266113
BGD,2016,66.9120125277375
BGD,2017,66.8206080291299
BGD,2018,69.0192069270982
BGD,2019,68.6082490748818
BGD,2020,71.128750711381
BGD,2021,75.089641669915
BGD,2022,72.2731144156835
BGD,2023,71.5461976300242
BGD,2024,70.4720309842244
BGR,2000,NA
BGR,2001,79.96337890625
BGR,2002,83.0525436401367
BGR,2003,87.1275329589844
BGR,2004,88.8367919921875
BGR,2005,89.5286712646484
BGR,2006,90.6530914306641
BGR,2007,91.317008972168
BGR,2008,90.9007110595703
BGR,2009,90.9566192626953
BGR,2010,92.1725463867188
BGR,2011,94.100212097168
BGR,2012,93.2204132080078
BGR,2013,97.8538284301758
BGR,2014,102.488342285156
BGR,2015,101.624610900879
BGR,2016,100.93839263916
BGR,2017,101.615371704102
BGR,2018,102.039916992188
BGR,2019,101.704620361328
BGR,2020,100.332641601562
BGR,2021,97.4684524536133
BGR,2022,95.5302886962891
BGR,2023,94.6070022583008
BGR,2024,93.8516082763672
BHR,2000,99.2775497436523
BHR,2001,101.788238525391
BHR,2002,96.4201431274414
BHR,2003,91.6311111450195
BHR,2004,89.1966781616211
BHR,2005,88.6157684326172
BHR,2006,88.737678527832
BHR,2007,NA
BHR,2008,91.3427200317383
BHR,2009,92.0312271118164
BHR,2010,92.0959724996516
BHR,2011,94.5355703439872
BHR,2012,99.2605924989055
BHR,2013,107.770879230923
BHR,2014,104.944132738695
BHR,2015,100.792652804599
BHR,2016,100.962353094519
BHR,2017,101.66381888082
BHR,2018,100.906915228618
BHR,2019,101.991173149954
BHR,2020,NA
BHR,2021,NA
BHR,2022,106.466008925534
BHR,2023,101.916572717024
BHR,2024,97.5734472078148
BHS,2000,NA
BHS,2001,NA
BHS,2002,96.3615798950195
BHS,2003,NA
BHS,2004,85.6807098388672
BHS,2005,86.6847763061523
BHS,2006,87.0278396606445
BHS,2007,90.9297103881836
BHS,2008,90.2368698120117
BHS,2009,89.9711837768555
BHS,2010,93.3393819715002
BHS,2011,90.580026166594
BHS,2012,95.0642702131211
BHS,2013,87.4039501394502
BHS,2014,93.3709696193691
BHS,2015,77.0907578997387
BHS,2016,86.5407818532819
BHS,2017,94.6372239747634
BHS,2018,84.2835504392608
BHS,2019,80
BHS,2020,NA
BHS,2021,74.0372670807453
BHS,2022,NA
BHS,2023,95.1823072325164
BHS,2024,80.9443303948798
BIH,2000,NA
BIH,2001,NA
BIH,2002,NA
BIH,2003,NA
BIH,2004,NA
BIH,2005,NA
BIH,2006,NA
BIH,2007,82.0863876342773
BIH,2008,86.2433471679688
BIH,2009,88.1162567138672
BIH,2010,86.8139724731445
BIH,2011,89.1719207763672
BIH,2012,92.2725219726562
BIH,2013,94.078239440918
BIH,2014,92.1992111206055
BIH,2015,87.665657043457
BIH,2016,85.0680236816406
BIH,2017,85.6158828735352
BIH,2018,87.8049774169922
BIH,2019,87.5772018432617
BIH,2020,87.7414093017578
BIH,2021,87.8970108032227
BIH,2022,89.2550964355469
BIH,2023,90.4367218017578
BIH,2024,NA
BLR,2000,NA
BLR,2001,NA
BLR,2002,NA
BLR,2003,NA
BLR,2004,NA
BLR,2005,NA
BLR,2006,NA
BLR,2007,NA
BLR,2008,113.924789428711
BLR,2009,111.873641967773
BLR,2010,109.212499250285
BLR,2011,107.11359577607
BLR,2012,105.727632878972
BLR,2013,103.164486990226
BLR,2014,102.551671847254
BLR,2015,102.211121335612
BLR,2016,102.01233919664
BLR,2017,101.583542654067
BLR,2018,100.837960983045
BLR,2019,99.9048197524061
BLR,2020,99.9308910788603
BLR,2021,99.8514568766293
BLR,2022,97.7828329479802
BLR,2023,97.184372562362
BLR,2024,95.0767756373877
BLZ,2000,69.6441192626953
BLZ,2001,71.5002288818359
BLZ,2002,NA
BLZ,2003,77.1278610229492
BLZ,2004,79.1648864746094
BLZ,2005,76.4672164916992
BLZ,2006,77.7098617553711
BLZ,2007,77.4540634155273
BLZ,2008,77.7610168457031
BLZ,2009,77.4153671264648
BLZ,2010,78.3641404805915
BLZ,2011,78.6071233872433
BLZ,2012,80.2218941529101
BLZ,2013,82.749944824542
BLZ,2014,82.7300117898782
BLZ,2015,82.8789389276581
BLZ,2016,88.9483912761822
BLZ,2017,87.3819122314453
BLZ,2018,88.364140080516
BLZ,2019,88.4514778969396
BLZ,2020,87.8505494505495
BLZ,2021,90.1186996190982
BLZ,2022,89.0278593037432
BLZ,2023,84.5732792044884
BLZ,2024,87.4232987312572
BMU,2000,NA
BMU,2001,90.8878479003906
BMU,2002,90.6635818481445
BMU,2003,92.7162399291992
BMU,2004,95.5397262573242
BMU,2005,93.513313293457
BMU,2006,87.4717788696289
BMU,2007,NA
BMU,2008,NA
BMU,2009,NA
BMU,2010,97.601318359375
BMU,2011,96.2374572753906
BMU,2012,94.1572113037109
BMU,2013,92.5261001586914
BMU,2014,91.6382293701172
BMU,2015,92.7939910888672
BMU,2016,NA
BMU,2017,NA
BMU,2018,NA
BMU,2019,NA
BMU,2020,NA
BMU,2021,NA
BMU,2022,NA
BMU,2023,79.9730606079102
BMU,2024,NA
BOL,2000,70.1280364990234
BOL,2001,73.2119827270508
BOL,2002,78.0644607543945
BOL,2003,80.8071975708008
BOL,2004,83.8102722167969
BOL,2005,85.2724075317383
BOL,2006,84.9520263671875
BOL,2007,84.8977508544922
BOL,2008,84.6359786987305
BOL,2009,83.5469284057617
BOL,2010,87.5005794020571
BOL,2011,85.4463613535963
BOL,2012,86.9054153516049
BOL,2013,88.5871712557106
BOL,2014,89.1304081626405
BOL,2015,89.9740673277194
BOL,2016,89.7963617272291
BOL,2017,88.5199336270253
BOL,2018,87.8603570044998
BOL,2019,88.0304372690611
BOL,2020,88.4047972829548
BOL,2021,90.1926069467688
BOL,2022,90.3370506966397
BOL,2023,91.2883197233107
BOL,2024,90.2157592773438
BRA,2000,NA
BRA,2001,NA
BRA,2002,NA
BRA,2003,NA
BRA,2004,NA
BRA,2005,NA
BRA,2006,NA
BRA,2007,NA
BRA,2008,NA
BRA,2009,NA
BRA,2010,NA
BRA,2011,NA
BRA,2012,97.6602020263672
BRA,2013,106.981796264648
BRA,2014,105.905128479004
BRA,2015,103.670433044434
BRA,2016,104.728561401367
BRA,2017,104.489143371582
BRA,2018,106.413528442383
BRA,2019,105.773582458496
BRA,2020,106.353302001953
BRA,2021,110.021629333496
BRA,2022,108.587013244629
BRA,2023,NA
BRA,2024,105.251502990723
BRB,2000,108.796867370605
BRB,2001,107.765472412109
BRB,2002,107.324180603027
BRB,2003,107.501808166504
BRB,2004,108.083801269531
BRB,2005,107.802139282227
BRB,2006,108.45157623291
BRB,2007,109.797866821289
BRB,2008,111.353240966797
BRB,2009,110.057472229004
BRB,2010,106.974426269531
BRB,2011,108.517181396484
BRB,2012,NA
BRB,2013,NA
BRB,2014,109.352897644043
BRB,2015,109.521759033203
BRB,2016,109.759788513184
BRB,2017,110.261192321777
BRB,2018,108.398483276367
BRB,2019,106.941482543945
BRB,2020,105.184692382812
BRB,2021,104.736427307129
BRB,2022,106.201553344727
BRB,2023,104.055282592773
BRB,2024,106.336565096953
BRN,2000,87.9611587524414
BRN,2001,89.8383865356445
BRN,2002,91.2054824829102
BRN,2003,92.2724304199219
BRN,2004,94.7744827270508
BRN,2005,97.0742797851562
BRN,2006,100.890647888184
BRN,2007,101.234901428223
BRN,2008,101.119102478027
BRN,2009,102.777656555176
BRN,2010,103.281120300293
BRN,2011,103.50959777832
BRN,2012,107.718727111816
BRN,2013,105.909843444824
BRN,2014,98.996940612793
BRN,2015,95.8460998535156
BRN,2016,93.33837890625
BRN,2017,91.7844619750977
BRN,2018,92.0042572021484
BRN,2019,91.2721405029297
BRN,2020,89.4443214522913
BRN,2021,NA
BRN,2022,NA
BRN,2023,93.2725572697522
BRN,2024,NA
BTN,2000,27.6800708770752
BTN,2001,31.5314197540283
BTN,2002,NA
BTN,2003,NA
BTN,2004,NA
BTN,2005,42.8833503723145
BTN,2006,45.8921585083008
BTN,2007,50.2554206848145
BTN,2008,54.2678604125977
BTN,2009,61.660530090332
BTN,2010,67.4368286132812
BTN,2011,72.9664916992188
BTN,2012,79.2052764892578
BTN,2013,84.4945220947266
BTN,2014,92.2578125
BTN,2015,92.4895401000977
BTN,2016,93.3539505004883
BTN,2017,93.6836013793945
BTN,2018,94.7654841059746
BTN,2019,97.6848520202403
BTN,2020,97.5008417517849
BTN,2021,100.878047817838
BTN,2022,98.562791614893
BTN,2023,94.91450020137
BTN,2024,94.0369291275477
BWA,2000,77.4799728393555
BWA,2001,76.1001892089844
BWA,2002,77.1014633178711
BWA,2003,77.884407043457
BWA,2004,79.5718383789062
BWA,2005,80.3644027709961
BWA,2006,83.5707702636719
BWA,2007,84.5229568481445
BWA,2008,81.0781402587891
BWA,2009,NA
BWA,2010,NA
BWA,2011,NA
BWA,2012,NA
BWA,2013,NA
BWA,2014,NA
BWA,2015,NA
BWA,2016,NA
BWA,2017,NA
BWA,2018,NA
BWA,2019,NA
BWA,2020,NA
BWA,2021,74.0652465820312
BWA,2022,NA
BWA,2023,NA
BWA,2024,NA
CAF,2000,NA
CAF,2001,7.64059019088745
CAF,2002,NA
CAF,2003,NA
CAF,2004,NA
CAF,2005,NA
CAF,2006,NA
CAF,2007,NA
CAF,2008,NA
CAF,2009,8.72708988189697
CAF,2010,NA
CAF,2011,11.4032897949219
CAF,2012,10.7241497039795
CAF,2013,NA
CAF,2014,NA
CAF,2015,NA
CAF,2016,11.0433397293091
CAF,2017,12.7931003570557
CAF,2018,NA
CAF,2019,NA
CAF,2020,NA
CAF,2021,NA
CAF,2022,NA
CAF,2023,NA
CAF,2024,NA
CAN,2000,103.028327941895
CAN,2001,NA
CAN,2002,NA
CAN,2003,NA
CAN,2004,NA
CAN,2005,99.006706237793
CAN,2006,99.2596435546875
CAN,2007,99.9474716186523
CAN,2008,100.854469299316
CAN,2009,101.66227722168
CAN,2010,101.41626739502
CAN,2011,102.087600708008
CAN,2012,111.17195892334
CAN,2013,111.877288818359
CAN,2014,112.173736572266
CAN,2015,112.104141235352
CAN,2016,111.972282409668
CAN,2017,112.20565032959
CAN,2018,112.037117004395
CAN,2019,111.364883422852
CAN,2020,110.553207397461
CAN,2021,109.483619689941
CAN,2022,108.356742858887
CAN,2023,104.46174621582
CAN,2024,NA
CEB,2000,92.1599731445312
CEB,2001,93.6195373535156
CEB,2002,95.179328918457
CEB,2003,96.3957214355469
CEB,2004,93.8796615600586
CEB,2005,94.5416717529297
CEB,2006,95.7903518676758
CEB,2007,95.3202819824219
CEB,2008,97.6833877563477
CEB,2009,99.450798034668
CEB,2010,99.8252182006836
CEB,2011,99.7757720947266
CEB,2012,98.8466262817383
CEB,2013,103.632446289062
CEB,2014,102.559707641602
CEB,2015,101.608428955078
CEB,2016,100.713256835938
CEB,2017,100.939628601074
CEB,2018,100.836486816406
CEB,2019,100.356903076172
CEB,2020,102.413429260254
CEB,2021,101.258842468262
CEB,2022,99.9802322387695
CEB,2023,99.3405303955078
CEB,2024,99.3405303955078
CHE,2000,91.4543914794922
CHE,2001,92.095100402832
CHE,2002,90.531982421875
CHE,2003,90.4961929321289
CHE,2004,90.2133483886719
CHE,2005,91.0430221557617
CHE,2006,91.4252090454102
CHE,2007,92.7012786865234
CHE,2008,93.4715118408203
CHE,2009,94.0488586425781
CHE,2010,95.2613372802734
CHE,2011,95.6100234985352
CHE,2012,96.7207107543945
CHE,2013,99.7940216064453
CHE,2014,NA
CHE,2015,102.201698303223
CHE,2016,102.22403717041
CHE,2017,102.139213562012
CHE,2018,102.257682800293
CHE,2019,101.935157775879
CHE,2020,102.080001831055
CHE,2021,101.687019348145
CHE,2022,101.519386291504
CHE,2023,101.31884765625
CHE,2024,100.214630126953
CHI,2000,NA
CHI,2001,NA
CHI,2002,NA
CHI,2003,NA
CHI,2004,NA
CHI,2005,NA
CHI,2006,NA
CHI,2007,NA
CHI,2008,NA
CHI,2009,NA
CHI,2010,NA
CHI,2011,NA
CHI,2012,NA
CHI,2013,NA
CHI,2014,NA
CHI,2015,NA
CHI,2016,NA
CHI,2017,NA
CHI,2018,NA
CHI,2019,NA
CHI,2020,NA
CHI,2021,NA
CHI,2022,NA
CHI,2023,NA
CHI,2024,NA
CHL,2000,87.8805084228516
CHL,2001,NA
CHL,2002,90.2218780517578
CHL,2003,91.2260513305664
CHL,2004,91.6760330200195
CHL,2005,92.6120986938477
CHL,2006,92.9499893188477
CHL,2007,92.7402114868164
CHL,2008,92.7565612792969
CHL,2009,91.1818389892578
CHL,2010,92.4085998535156
CHL,2011,92.4001922607422
CHL,2012,91.1228790283203
CHL,2013,99.6723937988281
CHL,2014,100.32071685791
CHL,2015,101.253883361816
CHL,2016,101.831230163574
CHL,2017,102.539222717285
CHL,2018,103.21607208252
CHL,2019,104.032539367676
CHL,2020,103.239501953125
CHL,2021,106.125999450684
CHL,2022,105.129852294922
CHL,2023,104.630210876465
CHL,2024,104.45320892334
CHN,2000,NA
CHN,2001,60.5879211425781
CHN,2002,NA
CHN,2003,62.8477210998535
CHN,2004,NA
CHN,2005,NA
CHN,2006,74.5925979614258
CHN,2007,79.0239715576172
CHN,2008,84.1128692626953
CHN,2009,90.3999099731445
CHN,2010,91.5306159985424
CHN,2011,93.0778922934558
CHN,2012,93.6776786470658
CHN,2013,NA
CHN,2014,NA
CHN,2015,NA
CHN,2016,NA
CHN,2017,NA
CHN,2018,NA
CHN,2019,NA
CHN,2020,NA
CHN,2021,NA
CHN,2022,NA
CHN,2023,NA
CHN,2024,NA
CIV,2000,NA
CIV,2001,NA
CIV,2002,NA
CIV,2003,NA
CIV,2004,NA
CIV,2005,NA
CIV,2006,NA
CIV,2007,NA
CIV,2008,NA
CIV,2009,NA
CIV,2010,NA
CIV,2011,NA
CIV,2012,NA
CIV,2013,NA
CIV,2014,34.3625665088411
CIV,2015,37.982068610823
CIV,2016,40.5872787120579
CIV,2017,43.9337901584799
CIV,2018,46.3947128556196
CIV,2019,49.4831223999723
CIV,2020,51.9265625097734
CIV,2021,54.4109890656109
CIV,2022,52.166846663702
CIV,2023,63.094766197367
CIV,2024,64.4785040152839
CMR,2000,NA
CMR,2001,29.9767608642578
CMR,2002,22.2719993591309
CMR,2003,28.0853691101074
CMR,2004,24.1630897521973
CMR,2005,24.6076393127441
CMR,2006,21.4851398468018
CMR,2007,29.0990791320801
CMR,2008,33.4918212890625
CMR,2009,37.8445510864258
CMR,2010,NA
CMR,2011,45.500515576506
CMR,2012,48.7718363160742
CMR,2013,50.4201711277728
CMR,2014,54.1409312621764
CMR,2015,55.5473133749889
CMR,2016,56.4790090222202
CMR,2017,NA
CMR,2018,NA
CMR,2019,NA
CMR,2020,NA
CMR,2021,42.6115884063623
CMR,2022,43.2072311629303
CMR,2023,42.4944197803389
CMR,2024,NA
COD,2000,NA
COD,2001,NA
COD,2002,NA
COD,2003,NA
COD,2004,NA
COD,2005,NA
COD,2006,NA
COD,2007,23.2989292144775
COD,2008,25.5026206970215
COD,2009,26.7931995391846
COD,2010,26.997859954834
COD,2011,28.7195892333984
COD,2012,28.7509708404541
COD,2013,29.3779392242432
COD,2014,31.4399604797363
COD,2015,32.7438697814941
COD,2016,NA
COD,2017,NA
COD,2018,NA
COD,2019,NA
COD,2020,NA
COD,2021,42.9527015686035
COD,2022,NA
COD,2023,NA
COD,2024,NA
COG,2000,NA
COG,2001,NA
COG,2002,31.5139694213867
COG,2003,30.9671497344971
COG,2004,39.0756301879883
COG,2005,NA
COG,2006,NA
COG,2007,NA
COG,2008,NA
COG,2009,NA
COG,2010,NA
COG,2011,NA
COG,2012,46.8735198974609
COG,2013,NA
COG,2014,NA
COG,2015,NA
COG,2016,NA
COG,2017,NA
COG,2018,NA
COG,2019,NA
COG,2020,NA
COG,2021,NA
COG,2022,NA
COG,2023,NA
COG,2024,NA
COL,2000,79.0934371948242
COL,2001,NA
COL,2002,81.1554718017578
COL,2003,NA
COL,2004,86.3882904052734
COL,2005,90.4880218505859
COL,2006,94.4033432006836
COL,2007,97.2881469726562
COL,2008,98.2433624267578
COL,2009,102.675201416016
COL,2010,104.365089416504
COL,2011,105.441833496094
COL,2012,101.408042907715
COL,2013,102.072303771973
COL,2014,101.245910644531
COL,2015,101.232261657715
COL,2016,101.674926757812
COL,2017,102.081871032715
COL,2018,102.91561126709
COL,2019,104.421806335449
COL,2020,103.599342346191
COL,2021,105.227256774902
COL,2022,103.587738037109
COL,2023,NA
COL,2024,NA
COM,2000,NA
COM,2001,NA
COM,2002,31.1893806457519
COM,2003,34.5227088928223
COM,2004,36.0644111633301
COM,2005,NA
COM,2006,NA
COM,2007,NA
COM,2008,NA
COM,2009,NA
COM,2010,NA
COM,2011,NA
COM,2012,NA
COM,2013,60.1044710048694
COM,2014,63.5484732484643
COM,2015,NA
COM,2016,NA
COM,2017,59.3382174230061
COM,2018,64.5565253389451
COM,2019,NA
COM,2020,NA
COM,2021,NA
COM,2022,56.4125595092773
COM,2023,NA
COM,2024,NA
CPV,2000,NA
CPV,2001,66.4298477172852
CPV,2002,69.4299468994141
CPV,2003,72.023063659668
CPV,2004,72.0146408081055
CPV,2005,76.0318069458008
CPV,2006,89.9302597045898
CPV,2007,89.594841003418
CPV,2008,88.2079620361328
CPV,2009,89.8743209838867
CPV,2010,92.7251093032265
CPV,2011,95.5805200729927
CPV,2012,99.621336354691607
CPV,2013,103.923782348633
CPV,2014,104.643058776855
CPV,2015,105.428949752596
CPV,2016,107.346835625835
CPV,2017,108.513703183866
CPV,2018,104.00895690918
CPV,2019,103.593505622998
CPV,2020,106.038487060385
CPV,2021,104.706914193831
CPV,2022,103.582593697222
CPV,2023,NA
CPV,2024,NA
CRI,2000,NA
CRI,2001,NA
CRI,2002,67.3832092285156
CRI,2003,NA
CRI,2004,79.4942398071289
CRI,2005,80.8845825195312
CRI,2006,88.0462265014648
CRI,2007,88.5167999267578
CRI,2008,90.038932800293
CRI,2009,96.3420486450195
CRI,2010,99.3017730712891
CRI,2011,101.516792297363
CRI,2012,105.142471313477
CRI,2013,111.334037780762
CRI,2014,117.044647216797
CRI,2015,117.688652038574
CRI,2016,120.720222473145
CRI,2017,125.053909301758
CRI,2018,129.916809082031
CRI,2019,137.081527709961
CRI,2020,137.818099975586
CRI,2021,146.792526245117
CRI,2022,138.920425415039
CRI,2023,130.602096557617
CRI,2024,126.321907043457
CSS,2000,84.1384582519531
CSS,2001,85.4113006591797
CSS,2002,86.253303527832
CSS,2003,85.5014877319336
CSS,2004,87.184928894043
CSS,2005,87.0105285644531
CSS,2006,88.0535583496094
CSS,2007,89.0260162353516
CSS,2008,90.3264465332031
CSS,2009,90.5165176391602
CSS,2010,92.3794174194336
CSS,2011,93.7695693969727
CSS,2012,92.6677703857422
CSS,2013,90.9500732421875
CSS,2014,91.1048202514648
CSS,2015,89.8365783691406
CSS,2016,91.5283126831055
CSS,2017,90.4940338134766
CSS,2018,89.5968170166016
CSS,2019,90.3829193115234
CSS,2020,88.2120513916016
CSS,2021,88.1179504394531
CSS,2022,86.8843231201172
CSS,2023,87.5298004150391
CSS,2024,87.1795120239258
CUB,2000,84.1651306152344
CUB,2001,86.8774185180664
CUB,2002,88.5356063842773
CUB,2003,91.2225875854492
CUB,2004,92.1042175292969
CUB,2005,93.3225631713867
CUB,2006,94.1421432495117
CUB,2007,93.2863693237305
CUB,2008,92.9718399047852
CUB,2009,91.8882904052734
CUB,2010,91.8081243138248
CUB,2011,91.5008008947274
CUB,2012,90.8615314533005
CUB,2013,90.8856536605418
CUB,2014,96.875305891987
CUB,2015,97.5443944674153
CUB,2016,99.2363989742163
CUB,2017,99.8315436409602
CUB,2018,100.943717956543
CUB,2019,101.62084197998
CUB,2020,102.091444168153
CUB,2021,99.8342771913984
CUB,2022,104.243159338676
CUB,2023,96.3481332918381
CUB,2024,92.6143549896492
CUW,2000,NA
CUW,2001,NA
CUW,2002,NA
CUW,2003,NA
CUW,2004,NA
CUW,2005,NA
CUW,2006,NA
CUW,2007,NA
CUW,2008,NA
CUW,2009,NA
CUW,2010,NA
CUW,2011,NA
CUW,2012,NA
CUW,2013,90.2323376007587
CUW,2014,NA
CUW,2015,NA
CUW,2016,NA
CUW,2017,NA
CUW,2018,NA
CUW,2019,NA
CUW,2020,139.717813051146
CUW,2021,NA
CUW,2022,NA
CUW,2023,128.630460448642
CUW,2024,94.2307662963867
CYM,2000,92.0926513671875
CYM,2001,82.9303970336914
CYM,2002,81.3360900878906
CYM,2003,NA
CYM,2004,88.0128173828125
CYM,2005,83.8930282592773
CYM,2006,85.9129409790039
CYM,2007,89.0017929077148
CYM,2008,99.2827301025391
CYM,2009,NA
CYM,2010,NA
CYM,2011,93.3884297520661
CYM,2012,91.0924369747899
CYM,2013,91.1194833153929
CYM,2014,NA
CYM,2015,NA
CYM,2016,NA
CYM,2017,NA
CYM,2018,87.5760649087221
CYM,2019,85.8134918212891
CYM,2020,84.5747222900391
CYM,2021,84.5653184565318
CYM,2022,84.132682800293
CYM,2023,86.5183246073298
CYM,2024,84.3549078439777
CYP,2000,NA
CYP,2001,93.900146484375
CYP,2002,97.9807815551758
CYP,2003,98.4973907470703
CYP,2004,97.8886032104492
CYP,2005,95.3425979614258
CYP,2006,94.5044784545898
CYP,2007,94.3996505737305
CYP,2008,93.5492401123047
CYP,2009,92.990852355957
CYP,2010,91.9940032958984
CYP,2011,93.5325469970703
CYP,2012,96.1862869262695
CYP,2013,98.834846496582
CYP,2014,98.3846588134766
CYP,2015,99.2361526489258
CYP,2016,99.3960037231445
CYP,2017,99.9665832519531
CYP,2018,99.575309753418
CYP,2019,101.438819885254
CYP,2020,102.048797607422
CYP,2021,102.309028625488
CYP,2022,103.748672485352
CYP,2023,105.460327148438
CYP,2024,106.717170715332
CZE,2000,NA
CZE,2001,96.0028305053711
CZE,2002,96.5834121704102
CZE,2003,97.2614288330078
CZE,2004,96.1095199584961
CZE,2005,96.7818069458008
CZE,2006,98.0861129760742
CZE,2007,98.2276916503906
CZE,2008,98.6582107543945
CZE,2009,98.4950180053711
CZE,2010,99.010498046875
CZE,2011,99.5668029785156
CZE,2012,99.93798828125
CZE,2013,107.348907470703
CZE,2014,106.452461242676
CZE,2015,105.372566223145
CZE,2016,103.56421661377
CZE,2017,102.751281738281
CZE,2018,102.012992858887
CZE,2019,100.916809082031
CZE,2020,99.9065322875977
CZE,2021,102.618659973145
CZE,2022,103.715873718262
CZE,2023,98.0195083618164
CZE,2024,NA
DEU,2000,NA
DEU,2001,98.947509765625
DEU,2002,100.203979492188
DEU,2003,100.351638793945
DEU,2004,100.461128234863
DEU,2005,100.427360534668
DEU,2006,101.229377746582
DEU,2007,100.871421813965
DEU,2008,101.961143493652
DEU,2009,100.680168151855
DEU,2010,102.300201416016
DEU,2011,102.559692382812
DEU,2012,101.587738037109
DEU,2013,101.26392364502
DEU,2014,100.556137084961
DEU,2015,99.435302734375
DEU,2016,98.584228515625
DEU,2017,98.1771011352539
DEU,2018,97.601936340332
DEU,2019,97.6850433349609
DEU,2020,97.8931121826172
DEU,2021,98.0514907836914
DEU,2022,97.7000427246094
DEU,2023,97.6778869628906
DEU,2024,97.7090530395508
DJI,2000,NA
DJI,2001,NA
DJI,2002,NA
DJI,2003,NA
DJI,2004,NA
DJI,2005,NA
DJI,2006,NA
DJI,2007,NA
DJI,2008,NA
DJI,2009,NA
DJI,2010,NA
DJI,2011,NA
DJI,2012,NA
DJI,2013,NA
DJI,2014,NA
DJI,2015,NA
DJI,2016,NA
DJI,2017,NA
DJI,2018,NA
DJI,2019,NA
DJI,2020,NA
DJI,2021,NA
DJI,2022,NA
DJI,2023,NA
DJI,2024,NA
DMA,2000,109.667503356934
DMA,2001,110.292030334473
DMA,2002,113.493911743164
DMA,2003,118.673797607422
DMA,2004,113.794143676758
DMA,2005,113.61287689209
DMA,2006,112.754333496094
DMA,2007,113.574249267578
DMA,2008,109.499076843262
DMA,2009,113.975158691406
DMA,2010,109.529899597168
DMA,2011,109.063751220703
DMA,2012,99.9667110519308
DMA,2013,NA
DMA,2014,89.9837875366211
DMA,2015,92.5211486816406
DMA,2016,NA
DMA,2017,NA
DMA,2018,NA
DMA,2019,103.694158075601
DMA,2020,103.190559387207
DMA,2021,101.098901098901
DMA,2022,100.132102966309
DMA,2023,96.3274307250977
DMA,2024,NA
DNK,2000,NA
DNK,2001,133.292358398438
DNK,2002,128.355743408203
DNK,2003,128.095794677734
DNK,2004,124.252517700195
DNK,2005,124.212532043457
DNK,2006,120.008277893066
DNK,2007,119.769317626953
DNK,2008,118.893989562988
DNK,2009,118.309303283691
DNK,2010,119.537956237793
DNK,2011,122.875732421875
DNK,2012,125.330131530762
DNK,2013,133.14208984375
DNK,2014,134.744125366211
DNK,2015,136.163803100586
DNK,2016,132.793762207031
DNK,2017,130.848114013672
DNK,2018,129.861923217773
DNK,2019,128.905914306641
DNK,2020,129.851684570312
DNK,2021,131.364761352539
DNK,2022,129.684188842773
DNK,2023,126.258628845215
DNK,2024,124.96704864502
DOM,2000,65.4546279907227
DOM,2001,NA
DOM,2002,74.3092880249023
DOM,2003,NA
DOM,2004,74.4618911743164
DOM,2005,76.9029235839844
DOM,2006,NA
DOM,2007,87.4022064208984
DOM,2008,85.55322265625
DOM,2009,85.7362594604492
DOM,2010,82.6135120660269
DOM,2011,82.1754815446393
DOM,2012,82.4110479058614
DOM,2013,83.5120440264172
DOM,2014,84.1616453624047
DOM,2015,83.8323050910617
DOM,2016,83.7006235554531
DOM,2017,83.2663415112375
DOM,2018,83.2545036540322
DOM,2019,85.3244113670457
DOM,2020,83.4156580342242
DOM,2021,79.2421801882118
DOM,2022,80.1246063749448
DOM,2023,79.048372719494
DOM,2024,80.5245385688015
DZA,2000,67.3292007446289
DZA,2001,72.1403121948242
DZA,2002,76.0977172851562
DZA,2003,79.9414901733398
DZA,2004,84.5551605224609
DZA,2005,87.1950912475586
DZA,2006,88.9450912475586
DZA,2007,77.9382171630859
DZA,2008,83.4692001342773
DZA,2009,99.0396575927734
DZA,2010,104.490663909822
DZA,2011,106.780606139925
DZA,2012,NA
DZA,2013,NA
DZA,2014,NA
DZA,2015,NA
DZA,2016,NA
DZA,2017,NA
DZA,2018,NA
DZA,2019,NA
DZA,2020,NA
DZA,2021,NA
DZA,2022,106.153022766113
DZA,2023,103.220718383789
DZA,2024,106.533807793893
EAP,2000,57.4583702087402
EAP,2001,59.6201210021973
EAP,2002,60.7778282165527
EAP,2003,62.4713592529297
EAP,2004,65.5361480712891
EAP,2005,67.9784088134766
EAP,2006,71.2711868286133
EAP,2007,75.1587600708008
EAP,2008,78.0776062011719
EAP,2009,82.513557434082
EAP,2010,83.5061721801758
EAP,2011,85.043327331543
EAP,2012,85.8580169677734
EAP,2013,86.7732620239258
EAP,2014,86.4382019042969
EAP,2015,86.6689224243164
EAP,2016,86.1764984130859
EAP,2017,86.3374404907227
EAP,2018,87.1004104614258
EAP,2019,88.7187194824219
EAP,2020,89.6240463256836
EAP,2021,90.2519989013672
EAP,2022,91.0241012573242
EAP,2023,91.7414016723633
EAP,2024,91.4979476928711
EAR,2000,46.7289085388184
EAR,2001,47.482608795166
EAR,2002,49.3242111206055
EAR,2003,51.7258796691895
EAR,2004,52.8359489440918
EAR,2005,54.1323089599609
EAR,2006,55.6428298950195
EAR,2007,57.7741012573242
EAR,2008,59.4695892333984
EAR,2009,60.5215606689453
EAR,2010,62.7889289855957
EAR,2011,64.592170715332
EAR,2012,66.4391098022461
EAR,2013,67.96826171875
EAR,2014,71.2105178833008
EAR,2015,71.9440231323242
EAR,2016,73.3005599975586
EAR,2017,72.9086227416992
EAR,2018,74.0610427856445
EAR,2019,74.4964599609375
EAR,2020,75.2726287841797
EAR,2021,76.0862274169922
EAR,2022,77.3045883178711
EAR,2023,77.2803115844727
EAR,2024,77.4464111328125
EAS,2000,60.9457092285156
EAS,2001,62.8622512817383
EAS,2002,63.8230400085449
EAS,2003,65.3064880371094
EAS,2004,68.1626815795898
EAS,2005,70.5025024414062
EAS,2006,73.6256332397461
EAS,2007,77.3227996826172
EAS,2008,80.100212097168
EAS,2009,84.3223571777344
EAS,2010,85.2631530761719
EAS,2011,86.7125930786133
EAS,2012,87.5260620117188
EAS,2013,88.3574523925781
EAS,2014,88.063102722168
EAS,2015,88.283332824707
EAS,2016,87.7668609619141
EAS,2017,87.9111175537109
EAS,2018,88.4812393188477
EAS,2019,90.0556335449219
EAS,2020,90.8184967041016
EAS,2021,91.3720321655273
EAS,2022,92.0620269775391
EAS,2023,92.7077789306641
EAS,2024,92.4702835083008
ECA,2000,81.79931640625
ECA,2001,85.021842956543
ECA,2002,87.0141525268555
ECA,2003,88.7141799926758
ECA,2004,88.3804016113281
ECA,2005,86.3354110717773
ECA,2006,88.6434173583984
ECA,2007,89.9803924560547
ECA,2008,89.9375686645508
ECA,2009,87.5869903564453
ECA,2010,88.9177322387695
ECA,2011,89.6188507080078
ECA,2012,90.1093521118164
ECA,2013,96.7680206298828
ECA,2014,98.4281234741211
ECA,2015,98.3324584960938
ECA,2016,98.6367492675781
ECA,2017,99.5105667114258
ECA,2018,99.7525177001953
ECA,2019,99.3358764648438
ECA,2020,97.725212097168
ECA,2021,97.605842590332
ECA,2022,98.3514022827148
ECA,2023,98.6402130126953
ECA,2024,100.145317077637
ECS,2000,94.383918762207
ECS,2001,95.9396591186523
ECS,2002,96.8896865844727
ECS,2003,97.4431228637695
ECS,2004,95.3501205444336
ECS,2005,95.1080474853516
ECS,2006,95.684700012207
ECS,2007,96.1526184082031
ECS,2008,96.8290634155273
ECS,2009,96.6895370483398
ECS,2010,98.2913665771484
ECS,2011,98.4919281005859
ECS,2012,98.2450714111328
ECS,2013,104.177047729492
ECS,2014,104.560272216797
ECS,2015,104.293327331543
ECS,2016,104.06916809082
ECS,2017,104.589317321777
ECS,2018,104.573738098145
ECS,2019,104.25904083252
ECS,2020,102.877738952637
ECS,2021,102.760871887207
ECS,2022,102.949150085449
ECS,2023,102.52490234375
ECS,2024,103.048332214355
ECU,2000,56.5507011413574
ECU,2001,56.9547691345215
ECU,2002,57.5130805969238
ECU,2003,57.3564300537109
ECU,2004,57.5079383850098
ECU,2005,60.198299407959
ECU,2006,62.4189910888672
ECU,2007,63.8203010559082
ECU,2008,NA
ECU,2009,88.0668182373047
ECU,2010,93.4168090820312
ECU,2011,97.6552200317383
ECU,2012,100.79842376709
ECU,2013,102.665153503418
ECU,2014,104.573356628418
ECU,2015,102.632553100586
ECU,2016,99.4637598671025
ECU,2017,97.4745655657693
ECU,2018,96.3960714193164
ECU,2019,95.28924793166
ECU,2020,96.0492095947266
ECU,2021,95.8818069146481
ECU,2022,95.6203503719702
ECU,2023,94.1827583420861
ECU,2024,NA
EGY,2000,75.2516632080078
EGY,2001,77.1041793823242
EGY,2002,NA
EGY,2003,76.3958587646484
EGY,2004,75.9371719360352
EGY,2005,NA
EGY,2006,NA
EGY,2007,NA
EGY,2008,NA
EGY,2009,63.2690315246582
EGY,2010,64.1232833862305
EGY,2011,72.4007186889648
EGY,2012,72.635009765625
EGY,2013,73.2182236825859
EGY,2014,73.200144841154
EGY,2015,NA
EGY,2016,74.7882619375541
EGY,2017,75.3094821649971
EGY,2018,75.9067103552346
EGY,2019,76.911298614293
EGY,2020,78.4118910481273
EGY,2021,80.3491927630684
EGY,2022,NA
EGY,2023,83.0465220652019
EGY,2024,83.9216814420657
EMU,2000,103.415893554688
EMU,2001,104.726371765137
EMU,2002,105.037162780762
EMU,2003,105.221038818359
EMU,2004,104.333488464355
EMU,2005,106.027038574219
EMU,2006,106.404571533203
EMU,2007,106.536880493164
EMU,2008,107.129707336426
EMU,2009,106.907577514648
EMU,2010,108.396392822266
EMU,2011,108.977081298828
EMU,2012,107.805709838867
EMU,2013,108.607147216797
EMU,2014,107.928291320801
EMU,2015,107.714622497559
EMU,2016,107.162811279297
EMU,2017,107.24112701416
EMU,2018,107.565269470215
EMU,2019,107.41471862793
EMU,2020,108.211967468262
EMU,2021,108.343849182129
EMU,2022,108.541839599609
EMU,2023,108.208801269531
EMU,2024,108.208801269531
ERI,2000,37.1347503662109
ERI,2001,38.0059700012207
ERI,2002,36.5366516113281
ERI,2003,37.1061096191406
ERI,2004,34.2101783752441
ERI,2005,38.3557510375977
ERI,2006,39.934700012207
ERI,2007,41.5399284362793
ERI,2008,42.7360801696777
ERI,2009,43.0703887939453
ERI,2010,44.5370407104492
ERI,2011,45.4227294921875
ERI,2012,46.2857704162598
ERI,2013,45.141300201416
ERI,2014,45.0337791442871
ERI,2015,41.9455795288086
ERI,2016,NA
ERI,2017,42.0257682800293
ERI,2018,43.4416885375977
ERI,2019,NA
ERI,2020,NA
ERI,2021,NA
ERI,2022,40.2760810852051
ERI,2023,NA
ERI,2024,NA
ESP,2000,NA
ESP,2001,118.565773010254
ESP,2002,119.03498840332
ESP,2003,117.701393127441
ESP,2004,118.77808380127
ESP,2005,121.273582458496
ESP,2006,121.005409240723
ESP,2007,121.423683166504
ESP,2008,120.799942016602
ESP,2009,120.13614654541
ESP,2010,124.076477050781
ESP,2011,127.101058959961
ESP,2012,128.53596496582
ESP,2013,127.453941345215
ESP,2014,126.035743713379
ESP,2015,125.209602355957
ESP,2016,124.175399780273
ESP,2017,122.132362365723
ESP,2018,121.294639587402
ESP,2019,121.037368774414
ESP,2020,119.971183776855
ESP,2021,122.149238586426
ESP,2022,122.008041381836
ESP,2023,120.571983337402
ESP,2024,120.838081359863
EST,2000,NA
EST,2001,98.5468215942383
EST,2002,101.218223571777
EST,2003,101.92537689209
EST,2004,103.808959960938
EST,2005,106.102340698242
EST,2006,106.238578796387
EST,2007,107.076751708984
EST,2008,107.321166992188
EST,2009,108.62345123291
EST,2010,110.668418884277
EST,2011,111.414039611816
EST,2012,111.909286499023
EST,2013,109.79280090332
EST,2014,107.761253356934
EST,2015,108.522552490234
EST,2016,112.33544921875
EST,2017,114.632881164551
EST,2018,114.272331237793
EST,2019,114.590209960938
EST,2020,115.08674621582
EST,2021,115.217590332031
EST,2022,114.788101196289
EST,2023,110.660980224609
EST,2024,111.402633666992
ETH,2000,11.7815504074097
ETH,2001,14.0522804260254
ETH,2002,14.9959602355957
ETH,2003,14.5203800201416
ETH,2004,15.9084901809692
ETH,2005,18.1193408966064
ETH,2006,21.5401401519775
ETH,2007,24.6181907653809
ETH,2008,26.6844291687012
ETH,2009,27.9870700836182
ETH,2010,30.1612491607666
ETH,2011,32.4362602233887
ETH,2012,34.5193099975586
ETH,2013,NA
ETH,2014,NA
ETH,2015,33.3210265952712
ETH,2016,NA
ETH,2017,NA
ETH,2018,NA
ETH,2019,NA
ETH,2020,NA
ETH,2021,NA
ETH,2022,NA
ETH,2023,NA
ETH,2024,NA
EUU,2000,101.815292358398
EUU,2001,103.150093078613
EUU,2002,103.708229064941
EUU,2003,104.016456604004
EUU,2004,101.810302734375
EUU,2005,103.165328979492
EUU,2006,103.802017211914
EUU,2007,103.797233581543
EUU,2008,104.980712890625
EUU,2009,105.384651184082
EUU,2010,106.656219482422
EUU,2011,107.169059753418
EUU,2012,106.137130737305
EUU,2013,108.645858764648
EUU,2014,107.979553222656
EUU,2015,107.710403442383
EUU,2016,107.008682250977
EUU,2017,107.164947509766
EUU,2018,107.385391235352
EUU,2019,107.081871032715
EUU,2020,108.042427062988
EUU,2021,107.97386932373
EUU,2022,107.83553314209
EUU,2023,107.276847839355
EUU,2024,107.276863098145
FCS,2000,28.9145698547363
FCS,2001,29.6567497253418
FCS,2002,30.2477302551269
FCS,2003,31.6787796020508
FCS,2004,32.5856590270996
FCS,2005,32.9925918579102
FCS,2006,33.6764984130859
FCS,2007,33.6777687072754
FCS,2008,35.516170501709
FCS,2009,37.0622901916504
FCS,2010,38.7931785583496
FCS,2011,39.6942291259766
FCS,2012,41.1292495727539
FCS,2013,42.6944198608398
FCS,2014,40.790111541748
FCS,2015,41.4105987548828
FCS,2016,40.9391899108887
FCS,2017,41.7020301818848
FCS,2018,42.3339385986328
FCS,2019,42.9953918457031
FCS,2020,43.7159309387207
FCS,2021,44.2586288452148
FCS,2022,44.5880584716797
FCS,2023,44.5917892456055
FCS,2024,44.4160385131836
FIN,2000,NA
FIN,2001,134.663055419922
FIN,2002,136.179000854492
FIN,2003,138.743591308594
FIN,2004,113.423683166504
FIN,2005,113.830627441406
FIN,2006,112.610382080078
FIN,2007,111.485862731934
FIN,2008,110.881446838379
FIN,2009,110.353019714355
FIN,2010,111.196716308594
FIN,2011,111.733192443848
FIN,2012,112.473762512207
FIN,2013,152.21354675293
FIN,2014,154.411575317383
FIN,2015,157.990310668945
FIN,2016,159.691635131836
FIN,2017,161.339553833008
FIN,2018,161.847595214844
FIN,2019,151.423095703125
FIN,2020,149.881484985352
FIN,2021,150.98811340332
FIN,2022,153.241073608398
FIN,2023,151.367446899414
FIN,2024,150.736312866211
FJI,2000,77.9657592773438
FJI,2001,76.3341522216797
FJI,2002,78.0475387573242
FJI,2003,79.5437927246094
FJI,2004,82.2571029663086
FJI,2005,NA
FJI,2006,82.5951385498047
FJI,2007,82.7922592163086
FJI,2008,81.2673568725586
FJI,2009,82.2133331298828
FJI,2010,NA
FJI,2011,86.2617492675781
FJI,2012,85.2120971679688
FJI,2013,NA
FJI,2014,89.439954928784
FJI,2015,89.4052671769281
FJI,2016,90.7946273675174
FJI,2017,NA
FJI,2018,93.1892646769198
FJI,2019,94.1516926967393
FJI,2020,93.3745574951172
FJI,2021,94.6174004192872
FJI,2022,96.1407038662342
FJI,2023,99.1709898140329
FJI,2024,99.1615984606398
FRA,2000,NA
FRA,2001,104.655410766602
FRA,2002,103.38053894043
FRA,2003,103.231269836426
FRA,2004,102.502822875977
FRA,2005,106.991889953613
FRA,2006,106.926139831543
FRA,2007,106.79029083252
FRA,2008,106.61882019043
FRA,2009,106.454376220703
FRA,2010,106.964630126953
FRA,2011,107.088279724121
FRA,2012,106.117530822754
FRA,2013,104.996017456055
FRA,2014,104.223556518555
FRA,2015,103.941093444824
FRA,2016,103.741958618164
FRA,2017,104.159187316895
FRA,2018,104.071128845215
FRA,2019,104.170417785645
FRA,2020,104.657997131348
FRA,2021,104.648162841797
FRA,2022,104.633659362793
FRA,2023,104.395561218262
FRA,2024,104.367149353027
FRO,2000,NA
FRO,2001,NA
FRO,2002,NA
FRO,2003,NA
FRO,2004,NA
FRO,2005,NA
FRO,2006,NA
FRO,2007,NA
FRO,2008,NA
FRO,2009,NA
FRO,2010,NA
FRO,2011,NA
FRO,2012,NA
FRO,2013,NA
FRO,2014,NA
FRO,2015,NA
FRO,2016,NA
FRO,2017,NA
FRO,2018,NA
FRO,2019,NA
FRO,2020,NA
FRO,2021,NA
FRO,2022,NA
FRO,2023,NA
FRO,2024,NA
FSM,2000,NA
FSM,2001,NA
FSM,2002,NA
FSM,2003,NA
FSM,2004,85.8371276855469
FSM,2005,88.0796432495117
FSM,2006,NA
FSM,2007,NA
FSM,2008,NA
FSM,2009,NA
FSM,2010,NA
FSM,2011,NA
FSM,2012,NA
FSM,2013,NA
FSM,2014,NA
FSM,2015,NA
FSM,2016,NA
FSM,2017,NA
FSM,2018,NA
FSM,2019,NA
FSM,2020,NA
FSM,2021,NA
FSM,2022,NA
FSM,2023,NA
FSM,2024,NA
GAB,2000,NA
GAB,2001,NA
GAB,2002,NA
GAB,2003,NA
GAB,2004,NA
GAB,2005,NA
GAB,2006,NA
GAB,2007,NA
GAB,2008,NA
GAB,2009,NA
GAB,2010,NA
GAB,2011,NA
GAB,2012,NA
GAB,2013,NA
GAB,2014,NA
GAB,2015,NA
GAB,2016,NA
GAB,2017,NA
GAB,2018,NA
GAB,2019,72.0510629415333
GAB,2020,NA
GAB,2021,NA
GAB,2022,NA
GAB,2023,NA
GAB,2024,NA
GBR,2000,101.946479797363
GBR,2001,101.883728027344
GBR,2002,103.448120117188
GBR,2003,103.651992797852
GBR,2004,105.841842651367
GBR,2005,106.556312561035
GBR,2006,99.3644409179688
GBR,2007,98.5482711791992
GBR,2008,99.5328369140625
GBR,2009,101.106651306152
GBR,2010,103.691650390625
GBR,2011,94.7179718017578
GBR,2012,92.7410583496094
GBR,2013,129.011032104492
GBR,2014,131.405410766602
GBR,2015,128.079116821289
GBR,2016,NA
GBR,2017,127.764511108398
GBR,2018,122.013656616211
GBR,2019,118.958671569824
GBR,2020,116.565010070801
GBR,2021,115.857772827148
GBR,2022,115.081817626953
GBR,2023,113.658416748047
GBR,2024,NA
GEO,2000,80.0817413330078
GEO,2001,82.9587173461914
GEO,2002,85.5044097900391
GEO,2003,89.1005401611328
GEO,2004,86.4853973388672
GEO,2005,91.160026550293
GEO,2006,96.5612411499023
GEO,2007,NA
GEO,2008,107.212013244629
GEO,2009,NA
GEO,2010,NA
GEO,2011,NA
GEO,2012,NA
GEO,2013,104.884443945013
GEO,2014,103.98407296803
GEO,2015,104.703674077125
GEO,2016,105.340707282856
GEO,2017,106.843781110901
GEO,2018,109.227803680577
GEO,2019,109.182046396768
GEO,2020,105.57885771221
GEO,2021,103.428793170353
GEO,2022,100.530264984786
GEO,2023,99.8475609756098
GEO,2024,97.8280378119792
GHA,2000,28.9962100982666
GHA,2001,27.9841899871826
GHA,2002,29.3423309326172
GHA,2003,30.6779098510742
GHA,2004,32.5887718200684
GHA,2005,34.3779106140137
GHA,2006,36.2336196899414
GHA,2007,40.4977607727051
GHA,2008,42.8381881713867
GHA,2009,44.4520797729492
GHA,2010,NA
GHA,2011,52.0960388183594
GHA,2012,53.1241347690324
GHA,2013,64.3019790649414
GHA,2014,61.2572744110292
GHA,2015,64.5307806759859
GHA,2016,65.3783920673892
GHA,2017,64.9647509332356
GHA,2018,66.9166894213064
GHA,2019,70.2943846951293
GHA,2020,73.2758030599046
GHA,2021,75.6377570946198
GHA,2022,77.9574778013858
GHA,2023,NA
GHA,2024,76.4284133911133
GIB,2000,103.35765838623
GIB,2001,111.911758422852
GIB,2002,NA
GIB,2003,NA
GIB,2004,NA
GIB,2005,NA
GIB,2006,NA
GIB,2007,NA
GIB,2008,110.893852233887
GIB,2009,109.230766296387
GIB,2010,NA
GIB,2011,NA
GIB,2012,NA
GIB,2013,NA
GIB,2014,NA
GIB,2015,NA
GIB,2016,131.354838709677
GIB,2017,130.694275274056
GIB,2018,NA
GIB,2019,98.7607192993164
GIB,2020,98.175178527832
GIB,2021,97.8042068481445
GIB,2022,70.1354675292969
GIB,2023,75.0780762023735
GIB,2024,80.2615203857422
GIN,2000,NA
GIN,2001,10.4426498413086
GIN,2002,12.3354597091675
GIN,2003,14.1111297607422
GIN,2004,15.3069696426392
GIN,2005,19.3124198913574
GIN,2006,22.1961803436279
GIN,2007,NA
GIN,2008,24.3607196807861
GIN,2009,NA
GIN,2010,NA
GIN,2011,28.5025997161865
GIN,2012,NA
GIN,2013,NA
GIN,2014,30.6022090911865
GIN,2015,NA
GIN,2016,NA
GIN,2017,NA
GIN,2018,NA
GIN,2019,NA
GIN,2020,NA
GIN,2021,NA
GIN,2022,NA
GIN,2023,NA
GIN,2024,NA
GMB,2000,NA
GMB,2001,NA
GMB,2002,NA
GMB,2003,NA
GMB,2004,NA
GMB,2005,NA
GMB,2006,NA
GMB,2007,NA
GMB,2008,43.8599510192871
GMB,2009,45.4219284057617
GMB,2010,44.591251373291
GMB,2011,NA
GMB,2012,NA
GMB,2013,NA
GMB,2014,NA
GMB,2015,NA
GMB,2016,NA
GMB,2017,NA
GMB,2018,NA
GMB,2019,NA
GMB,2020,NA
GMB,2021,116.372766553778
GMB,2022,NA
GMB,2023,NA
GMB,2024,NA
GNB,2000,12.7837495803833
GNB,2001,NA
GNB,2002,NA
GNB,2003,NA
GNB,2004,NA
GNB,2005,NA
GNB,2006,NA
GNB,2007,NA
GNB,2008,NA
GNB,2009,NA
GNB,2010,NA
GNB,2011,NA
GNB,2012,NA
GNB,2013,NA
GNB,2014,NA
GNB,2015,NA
GNB,2016,NA
GNB,2017,NA
GNB,2018,NA
GNB,2019,NA
GNB,2020,NA
GNB,2021,NA
GNB,2022,NA
GNB,2023,NA
GNB,2024,NA
GNQ,2000,13.4011402130127
GNQ,2001,NA
GNQ,2002,13.6110897064209
GNQ,2003,NA
GNQ,2004,NA
GNQ,2005,15.326849937439
GNQ,2006,NA
GNQ,2007,NA
GNQ,2008,NA
GNQ,2009,NA
GNQ,2010,NA
GNQ,2011,NA
GNQ,2012,NA
GNQ,2013,NA
GNQ,2014,NA
GNQ,2015,NA
GNQ,2016,NA
GNQ,2017,NA
GNQ,2018,NA
GNQ,2019,NA
GNQ,2020,NA
GNQ,2021,NA
GNQ,2022,NA
GNQ,2023,NA
GNQ,2024,NA
GRC,2000,98.8526763916016
GRC,2001,103.383697509766
GRC,2002,99.013557434082
GRC,2003,94.5704803466797
GRC,2004,92.2558898925781
GRC,2005,95.032829284668
GRC,2006,94.9060592651367
GRC,2007,92.760383605957
GRC,2008,NA
GRC,2009,NA
GRC,2010,104.387901306152
GRC,2011,103.346748352051
GRC,2012,103.870376586914
GRC,2013,105.128707885742
GRC,2014,100.458488464355
GRC,2015,99.8590774536133
GRC,2016,100.793319702148
GRC,2017,101.863510131836
GRC,2018,102.07266998291
GRC,2019,104.780532836914
GRC,2020,102.624420166016
GRC,2021,103.454742431641
GRC,2022,105.123413085938
GRC,2023,104.025230407715
GRC,2024,NA
GRD,2000,NA
GRD,2001,NA
GRD,2002,117.967300415039
GRD,2003,113.498748779297
GRD,2004,112.467987060547
GRD,2005,104.430801391602
GRD,2006,NA
GRD,2007,117.071830749512
GRD,2008,113.521827697754
GRD,2009,110.414993286133
GRD,2010,121.271240234375
GRD,2011,113.734835355286
GRD,2012,NA
GRD,2013,107.174295774648
GRD,2014,107.422493776873
GRD,2015,105.264378478664
GRD,2016,107.677725118483
GRD,2017,106.911551474142
GRD,2018,111.967495690717
GRD,2019,NA
GRD,2020,105.387205387205
GRD,2021,102.901307966706
GRD,2022,NA
GRD,2023,NA
GRD,2024,101.705209063303
GRL,2000,NA
GRL,2001,NA
GRL,2002,NA
GRL,2003,NA
GRL,2004,NA
GRL,2005,NA
GRL,2006,NA
GRL,2007,NA
GRL,2008,NA
GRL,2009,NA
GRL,2010,NA
GRL,2011,NA
GRL,2012,NA
GRL,2013,NA
GRL,2014,NA
GRL,2015,NA
GRL,2016,NA
GRL,2017,NA
GRL,2018,NA
GRL,2019,NA
GRL,2020,NA
GRL,2021,NA
GRL,2022,NA
GRL,2023,NA
GRL,2024,NA
GTM,2000,29.3731899261475
GTM,2001,31.3750190734863
GTM,2002,33.8575096130371
GTM,2003,NA
GTM,2004,37.1055107116699
GTM,2005,39.1436080932617
GTM,2006,41.1204605102539
GTM,2007,43.0145683288574
GTM,2008,44.2082481384277
GTM,2009,47.0550994873047
GTM,2010,50.5112654099543
GTM,2011,50.796282162896
GTM,2012,51.2024295698266
GTM,2013,51.3257665612677
GTM,2014,51.2191175132007
GTM,2015,52.866427490626
GTM,2016,52.5401757423553
GTM,2017,52.2652133739495
GTM,2018,52.3446298715485
GTM,2019,51.0635988036794
GTM,2020,50.8073127066553
GTM,2021,48.1472917509683
GTM,2022,46.8427646987635
GTM,2023,48.2479657338074
GTM,2024,50.4821609334209
GUM,2000,NA
GUM,2001,NA
GUM,2002,NA
GUM,2003,NA
GUM,2004,NA
GUM,2005,NA
GUM,2006,NA
GUM,2007,NA
GUM,2008,NA
GUM,2009,NA
GUM,2010,NA
GUM,2011,NA
GUM,2012,NA
GUM,2013,NA
GUM,2014,NA
GUM,2015,NA
GUM,2016,NA
GUM,2017,NA
GUM,2018,NA
GUM,2019,NA
GUM,2020,NA
GUM,2021,NA
GUM,2022,NA
GUM,2023,NA
GUM,2024,NA
GUY,2000,NA
GUY,2001,95.8699264526367
GUY,2002,NA
GUY,2003,NA
GUY,2004,NA
GUY,2005,86.8446273803711
GUY,2006,NA
GUY,2007,83.9229278564453
GUY,2008,87.4516677856445
GUY,2009,90.4651107788086
GUY,2010,95.4920425415039
GUY,2011,103.002723693848
GUY,2012,103.891082763672
GUY,2013,NA
GUY,2014,NA
GUY,2015,NA
GUY,2016,NA
GUY,2017,NA
GUY,2018,NA
GUY,2019,NA
GUY,2020,90.3541412353516
GUY,2021,89.7333602905273
GUY,2022,NA
GUY,2023,84.2535171508789
GUY,2024,91.9957253539941
HIC,2000,99.3023223876953
HIC,2001,99.7302169799805
HIC,2002,99.9672012329102
HIC,2003,100.244621276855
HIC,2004,98.8796234130859
HIC,2005,99.1143112182617
HIC,2006,98.7770233154297
HIC,2007,98.8493499755859
HIC,2008,99.3857803344727
HIC,2009,100.540420532227
HIC,2010,101.32447052002
HIC,2011,101.351547241211
HIC,2012,101.291976928711
HIC,2013,104.252471923828
HIC,2014,104.591819763184
HIC,2015,104.697738647461
HIC,2016,104.505218505859
HIC,2017,104.842407226562
HIC,2018,104.676200866699
HIC,2019,104.791778564453
HIC,2020,103.970611572266
HIC,2021,104.476928710938
HIC,2022,104.096839904785
HIC,2023,103.020812988281
HIC,2024,103.079360961914
HKG,2000,NA
HKG,2001,78.5087585449219
HKG,2002,79.802360534668
HKG,2003,80.3769378662109
HKG,2004,81.7905578613281
HKG,2005,83.0064697265625
HKG,2006,82.9267272949219
HKG,2007,84.1592788696289
HKG,2008,85.9268798828125
HKG,2009,86.8064117431641
HKG,2010,87.7130156472262
HKG,2011,86.5290014684288
HKG,2012,107.646090534979
HKG,2013,101.180897250362
HKG,2014,103.578616352201
HKG,2015,105.413190529876
HKG,2016,105.614832535885
HKG,2017,104.087170042971
HKG,2018,105.382222222222
HKG,2019,102.312146003776
HKG,2020,97.6744464392579
HKG,2021,97.5304295942721
HKG,2022,103.838896020539
HKG,2023,NA
HKG,2024,105.643880208333
HND,2000,NA
HND,2001,NA
HND,2002,NA
HND,2003,NA
HND,2004,NA
HND,2005,NA
HND,2006,64.3261108398438
HND,2007,66.7260818481445
HND,2008,67.0854873657227
HND,2009,NA
HND,2010,73.3693008422852
HND,2011,72.8045272827148
HND,2012,71.1991729736328
HND,2013,68.2308197021484
HND,2014,53.6911043455277
HND,2015,55.1216519478842
HND,2016,55.2523310583486
HND,2017,54.7623596191406
HND,2018,NA
HND,2019,68.4164123535156
HND,2020,62.3465596528451
HND,2021,60.2124453124399
HND,2022,59.2098503112793
HND,2023,59.4406700134277
HND,2024,56.205606327767
HPC,2000,17.4969902038574
HPC,2001,18.5031394958496
HPC,2002,19.3374290466309
HPC,2003,20.3094291687012
HPC,2004,21.3181400299072
HPC,2005,22.6604804992676
HPC,2006,24.0221900939941
HPC,2007,25.5367603302002
HPC,2008,27.4004592895508
HPC,2009,29.0351104736328
HPC,2010,30.9143104553223
HPC,2011,32.5410385131836
HPC,2012,33.8987503051758
HPC,2013,35.0838508605957
HPC,2014,35.7731018066406
HPC,2015,36.3251991271973
HPC,2016,36.8096504211426
HPC,2017,37.3247604370117
HPC,2018,37.9172706604004
HPC,2019,38.4506301879883
HPC,2020,38.8707695007324
HPC,2021,39.1958198547363
HPC,2022,39.2724304199219
HPC,2023,39.5125999450684
HPC,2024,NA
HRV,2000,NA
HRV,2001,95.7922592163086
HRV,2002,95.9384307861328
HRV,2003,96.3225402832031
HRV,2004,NA
HRV,2005,100.796699523926
HRV,2006,100.721687316895
HRV,2007,100.733200073242
HRV,2008,100.755500793457
HRV,2009,100.785598754883
HRV,2010,102.289459228516
HRV,2011,101.10627746582
HRV,2012,101.08341217041
HRV,2013,103.140029907227
HRV,2014,103.976387023926
HRV,2015,104.907768249512
HRV,2016,105.486587524414
HRV,2017,106.282768249512
HRV,2018,107.253150939941
HRV,2019,107.940246582031
HRV,2020,108.669891357422
HRV,2021,108.876899719238
HRV,2022,108.496017456055
HRV,2023,108.546096801758
HRV,2024,NA
HTI,2000,NA
HTI,2001,NA
HTI,2002,NA
HTI,2003,NA
HTI,2004,NA
HTI,2005,NA
HTI,2006,NA
HTI,2007,NA
HTI,2008,NA
HTI,2009,NA
HTI,2010,NA
HTI,2011,NA
HTI,2012,NA
HTI,2013,NA
HTI,2014,NA
HTI,2015,NA
HTI,2016,NA
HTI,2017,NA
HTI,2018,NA
HTI,2019,NA
HTI,2020,NA
HTI,2021,NA
HTI,2022,NA
HTI,2023,NA
HTI,2024,NA
HUN,2000,NA
HUN,2001,98.6913299560547
HUN,2002,99.9961776733398
HUN,2003,101.836357116699
HUN,2004,95.5287780761719
HUN,2005,96.9495697021484
HUN,2006,97.4231414794922
HUN,2007,97.6521224975586
HUN,2008,97.6947937011719
HUN,2009,99.2112579345703
HUN,2010,101.26692199707
HUN,2011,102.006248474121
HUN,2012,100.345176696777
HUN,2013,107.611831665039
HUN,2014,106.39575958252
HUN,2015,104.925148010254
HUN,2016,103.420066833496
HUN,2017,104.089332580566
HUN,2018,103.239440917969
HUN,2019,102.106719970703
HUN,2020,101.485832214355
HUN,2021,99.3371276855469
HUN,2022,102.312553405762
HUN,2023,104.916549682617
HUN,2024,106.523567199707
IBD,2000,59.1121482849121
IBD,2001,60.1667404174805
IBD,2002,62.3361206054688
IBD,2003,63.9542694091797
IBD,2004,65.6942672729492
IBD,2005,67.4487915039062
IBD,2006,69.0072326660156
IBD,2007,71.6531066894531
IBD,2008,74.0793762207031
IBD,2009,75.9965362548828
IBD,2010,77.7592086791992
IBD,2011,79.2889175415039
IBD,2012,80.5427322387695
IBD,2013,82.6154632568359
IBD,2014,84.5967178344727
IBD,2015,84.4134674072266
IBD,2016,84.9050216674805
IBD,2017,84.423942565918
IBD,2018,85.2913284301758
IBD,2019,85.9744491577148
IBD,2020,86.6853408813477
IBD,2021,87.8183670043945
IBD,2022,88.8826370239258
IBD,2023,88.590690612793
IBD,2024,88.5063400268555
IBT,2000,51.056640625
IBT,2001,52.0582008361816
IBT,2002,53.8102798461914
IBT,2003,55.1889190673828
IBT,2004,56.4517097473145
IBT,2005,57.7212715148926
IBT,2006,58.9379806518555
IBT,2007,60.743579864502
IBT,2008,62.6050682067871
IBT,2009,64.093391418457
IBT,2010,65.5802993774414
IBT,2011,66.7541427612305
IBT,2012,67.8149795532227
IBT,2013,69.4584884643555
IBT,2014,70.5867614746094
IBT,2015,70.6143493652344
IBT,2016,70.935188293457
IBT,2017,70.6176300048828
IBT,2018,71.4286880493164
IBT,2019,71.9366607666016
IBT,2020,72.4409027099609
IBT,2021,73.100212097168
IBT,2022,73.7423477172852
IBT,2023,73.7175903320312
IBT,2024,73.9897689819336
IDA,2000,27.4466495513916
IDA,2001,28.5069808959961
IDA,2002,29.3062896728516
IDA,2003,30.4598007202148
IDA,2004,30.9894790649414
IDA,2005,31.8400897979736
IDA,2006,33.1068687438965
IDA,2007,33.7341003417969
IDA,2008,35.2717094421387
IDA,2009,36.8136787414551
IDA,2010,38.5313606262207
IDA,2011,39.523380279541
IDA,2012,40.8463287353516
IDA,2013,42.2208595275879
IDA,2014,42.069408416748
IDA,2015,43.1467514038086
IDA,2016,43.7213706970215
IDA,2017,44.1494102478027
IDA,2018,45.2876815795898
IDA,2019,45.9995384216309
IDA,2020,46.633918762207
IDA,2021,46.8494491577148
IDA,2022,47.1027297973633
IDA,2023,47.9449806213379
IDA,2024,48.8147583007812
IDB,2000,26.0812206268311
IDB,2001,27.1374492645264
IDB,2002,27.3216209411621
IDB,2003,28.643159866333
IDB,2004,30.3138103485107
IDB,2005,31.0211791992188
IDB,2006,32.7400398254395
IDB,2007,32.8579711914062
IDB,2008,34.6661682128906
IDB,2009,36.3357315063477
IDB,2010,37.729850769043
IDB,2011,38.071418762207
IDB,2012,39.3498802185059
IDB,2013,42.0797996520996
IDB,2014,40.2113990783691
IDB,2015,41.6168518066406
IDB,2016,40.9479103088379
IDB,2017,41.1503791809082
IDB,2018,42.5673599243164
IDB,2019,44.0982284545898
IDB,2020,44.8260612487793
IDB,2021,45.2309188842773
IDB,2022,45.8226890563965
IDB,2023,48.4693908691406
IDB,2024,50.6356391906738
IDN,2000,55.1257095336914
IDN,2001,56.169189453125
IDN,2002,57.8687705993652
IDN,2003,60.981201171875
IDN,2004,63.4045181274414
IDN,2005,61.954891204834
IDN,2006,65.5009613037109
IDN,2007,72.845329284668
IDN,2008,70.6463317871094
IDN,2009,75.0030670166016
IDN,2010,76.5413818359375
IDN,2011,78.8347778320312
IDN,2012,81.492919921875
IDN,2013,80.8373400803378
IDN,2014,83.3549900998268
IDN,2015,88.012649448813
IDN,2016,89.0999579586062
IDN,2017,91.8476348896733
IDN,2018,93.7541308046929
IDN,2019,95.9420767172654
IDN,2020,97.2526258977195
IDN,2021,98.3041172391285
IDN,2022,98.185474262024
IDN,2023,97.4046705284819
IDN,2024,98.6691707526139
IDX,2000,27.9010391235352
IDX,2001,28.9667091369629
IDX,2002,30.1225395202637
IDX,2003,31.1728401184082
IDX,2004,31.0780792236328
IDX,2005,32.0196495056152
IDX,2006,33.0285301208496
IDX,2007,33.9554710388184
IDX,2008,35.3319282531738
IDX,2009,36.7950592041016
IDX,2010,38.6843795776367
IDX,2011,40.0516700744629
IDX,2012,41.4108810424805
IDX,2013,42.0606002807617
IDX,2014,42.9096488952637
IDX,2015,43.8637504577637
IDX,2016,45.1659812927246
IDX,2017,45.7906684875488
IDX,2018,46.8124504089355
IDX,2019,47.1396484375
IDX,2020,47.7692413330078
IDX,2021,47.9491500854492
IDX,2022,47.9579582214355
IDX,2023,48.0615310668945
IDX,2024,48.2256889343262
IMN,2000,NA
IMN,2001,NA
IMN,2002,NA
IMN,2003,NA
IMN,2004,NA
IMN,2005,NA
IMN,2006,NA
IMN,2007,NA
IMN,2008,NA
IMN,2009,NA
IMN,2010,NA
IMN,2011,NA
IMN,2012,NA
IMN,2013,NA
IMN,2014,NA
IMN,2015,NA
IMN,2016,NA
IMN,2017,NA
IMN,2018,NA
IMN,2019,NA
IMN,2020,NA
IMN,2021,NA
IMN,2022,NA
IMN,2023,NA
IMN,2024,NA
IND,2000,38.9118194580078
IND,2001,38.7999687194824
IND,2002,41.3250694274902
IND,2003,45.5992889404297
IND,2004,47.2715797424316
IND,2005,50.2120513916016
IND,2006,51.390209197998
IND,2007,54.4490394592285
IND,2008,58.1668281555176
IND,2009,58.6507301330566
IND,2010,62.3437995910645
IND,2011,64.624397277832
IND,2012,67.4936981201172
IND,2013,69.2553634643555
IND,2014,74.7539901733398
IND,2015,74.3924407958984
IND,2016,75.823371887207
IND,2017,74.2236328125
IND,2018,75.5565032958984
IND,2019,75.6416931152344
IND,2020,76.5541213427966
IND,2021,78.4542146302356
IND,2022,80.4518698611689
IND,2023,78.7503140925354
IND,2024,78.7182686071249
INX,2000,NA
INX,2001,NA
INX,2002,NA
INX,2003,NA
INX,2004,NA
INX,2005,NA
INX,2006,NA
INX,2007,NA
INX,2008,NA
INX,2009,NA
INX,2010,NA
INX,2011,NA
INX,2012,NA
INX,2013,NA
INX,2014,NA
INX,2015,NA
INX,2016,NA
INX,2017,NA
INX,2018,NA
INX,2019,NA
INX,2020,NA
INX,2021,NA
INX,2022,NA
INX,2023,NA
INX,2024,NA
IRL,2000,NA
IRL,2001,109.808570861816
IRL,2002,111.292457580566
IRL,2003,112.472328186035
IRL,2004,113.681762695312
IRL,2005,114.562652587891
IRL,2006,113.762756347656
IRL,2007,115.01000213623
IRL,2008,114.988639831543
IRL,2009,118.528137207031
IRL,2010,121.657470703125
IRL,2011,118.078887939453
IRL,2012,119.381332397461
IRL,2013,NA
IRL,2014,118.297927856445
IRL,2015,118.652038574219
IRL,2016,118.613380432129
IRL,2017,123.970291137695
IRL,2018,164.419372558594
IRL,2019,143.507354736328
IRL,2020,140.086166381836
IRL,2021,138.651184082031
IRL,2022,136.129119873047
IRL,2023,NA
IRL,2024,NA
IRN,2000,71.0602569580078
IRN,2001,70.8468475341797
IRN,2002,71.3788070678711
IRN,2003,71.2510070800781
IRN,2004,72.5664596557617
IRN,2005,73.1008987426758
IRN,2006,75.411491394043
IRN,2007,76.9536514282227
IRN,2008,78.5560073852539
IRN,2009,79.4014663696289
IRN,2010,77.7281036376953
IRN,2011,79.6959381103516
IRN,2012,80.8130187988281
IRN,2013,79.7113418579102
IRN,2014,80.5690994262695
IRN,2015,80.8046798706055
IRN,2016,82.1195220947266
IRN,2017,81.7238006591797
IRN,2018,NA
IRN,2019,NA
IRN,2020,84.9604034423828
IRN,2021,NA
IRN,2022,85.9843673706055
IRN,2023,86.1972427368164
IRN,2024,NA
IRQ,2000,27.8302001953125
IRQ,2001,27.4531402587891
IRQ,2002,NA
IRQ,2003,33.3460884094238
IRQ,2004,35.8271293640137
IRQ,2005,NA
IRQ,2006,NA
IRQ,2007,42.750431060791
IRQ,2008,NA
IRQ,2009,NA
IRQ,2010,NA
IRQ,2011,NA
IRQ,2012,NA
IRQ,2013,NA
IRQ,2014,NA
IRQ,2015,NA
IRQ,2016,NA
IRQ,2017,NA
IRQ,2018,NA
IRQ,2019,NA
IRQ,2020,NA
IRQ,2021,NA
IRQ,2022,NA
IRQ,2023,NA
IRQ,2024,NA
ISL,2000,112.418891906738
ISL,2001,113.251411437988
ISL,2002,116.697853088379
ISL,2003,119.957382202148
ISL,2004,109.347999572754
ISL,2005,109.665580749512
ISL,2006,109.666450500488
ISL,2007,109.764930725098
ISL,2008,108.088829040527
ISL,2009,108.148422241211
ISL,2010,109.966148376465
ISL,2011,110.568481445312
ISL,2012,113.343231201172
ISL,2013,123.816963195801
ISL,2014,122.319847106934
ISL,2015,120.264518737793
ISL,2016,116.968399047852
ISL,2017,114.679817199707
ISL,2018,113.783317565918
ISL,2019,110.045211791992
ISL,2020,108.87816619873
ISL,2021,112.999610900879
ISL,2022,110.178550720215
ISL,2023,106.320831298828
ISL,2024,NA
ISR,2000,NA
ISR,2001,99.0385437011719
ISR,2002,99.633903503418
ISR,2003,98.1695938110352
ISR,2004,97.9283065795898
ISR,2005,97.9647064208984
ISR,2006,97.8787307739258
ISR,2007,97.7012176513672
ISR,2008,97.3704681396484
ISR,2009,96.9526901245117
ISR,2010,98.8364334106445
ISR,2011,98.8685913085938
ISR,2012,98.8610000610352
ISR,2013,99.4867477416992
ISR,2014,99.0864105224609
ISR,2015,98.7219314575195
ISR,2016,99.7816162109375
ISR,2017,98.5735092163086
ISR,2018,98.8978576660156
ISR,2019,98.4972991943359
ISR,2020,98.5995178222656
ISR,2021,99.3400192260742
ISR,2022,98.9096984863281
ISR,2023,99.5341491699219
ISR,2024,98.6831588745117
ITA,2000,NA
ITA,2001,96.097038269043
ITA,2002,97.0359878540039
ITA,2003,98.1742935180664
ITA,2004,98.7184906005859
ITA,2005,98.8290634155273
ITA,2006,99.1188430786133
ITA,2007,99.3631820678711
ITA,2008,99.8315582275391
ITA,2009,99.8766174316406
ITA,2010,101.048370361328
ITA,2011,101.019592285156
ITA,2012,99.9755325317383
ITA,2013,100.541206359863
ITA,2014,100.533279418945
ITA,2015,100.56990814209
ITA,2016,100.321586608887
ITA,2017,100.285293579102
ITA,2018,100.701438903809
ITA,2019,100.929710388184
ITA,2020,101.073577880859
ITA,2021,101.245712280273
ITA,2022,100.924369812012
ITA,2023,100.401916503906
ITA,2024,NA
JAM,2000,82.1989822387695
JAM,2001,82.0432891845703
JAM,2002,82.4636306762695
JAM,2003,82.3553771972656
JAM,2004,86.8673324584961
JAM,2005,86.2242126464844
JAM,2006,NA
JAM,2007,88.4859008789062
JAM,2008,90.2766189575195
JAM,2009,90.9492568969727
JAM,2010,92.5638443679897
JAM,2011,94.7008819580078
JAM,2012,NA
JAM,2013,88.0026753615918
JAM,2014,89.161127286711
JAM,2015,87.8180659010758
JAM,2016,89.5799290253363
JAM,2017,86.0544417661238
JAM,2018,84.739986572276
JAM,2019,86.3051320241406
JAM,2020,83.5566101074219
JAM,2021,86.6220377560584
JAM,2022,82.8671722412109
JAM,2023,85.6044566148171
JAM,2024,84.6436233520508
JOR,2000,85.7906112670898
JOR,2001,NA
JOR,2002,84.959228515625
JOR,2003,85.0584030151367
JOR,2004,84.6306762695312
JOR,2005,85.5384216308594
JOR,2006,88.3580093383789
JOR,2007,89.5034408569336
JOR,2008,90.5130767822266
JOR,2009,NA
JOR,2010,90.1925506591797
JOR,2011,90.5657806396484
JOR,2012,89.996940612793
JOR,2013,90.0058657097509
JOR,2014,91.9826453827636
JOR,2015,NA
JOR,2016,NA
JOR,2017,91.5137035572558
JOR,2018,92.4891451216421
JOR,2019,92.5425629523907
JOR,2020,93.0858429614664
JOR,2021,92.8440273185155
JOR,2022,93.4988532874014
JOR,2023,93.1909358247647
JOR,2024,92.9268253048268
JPN,2000,NA
JPN,2001,NA
JPN,2002,NA
JPN,2003,NA
JPN,2004,NA
JPN,2005,NA
JPN,2006,NA
JPN,2007,NA
JPN,2008,NA
JPN,2009,NA
JPN,2010,NA
JPN,2011,NA
JPN,2012,NA
JPN,2013,101.316276550293
JPN,2014,101.236053466797
JPN,2015,101.829078674316
JPN,2016,101.40486907959
JPN,2017,100.593452453613
JPN,2018,100.685279846191
JPN,2019,100.780563354492
JPN,2020,101.33186340332
JPN,2021,101.723770141602
JPN,2022,101.571006774902
JPN,2023,101.637001037598
JPN,2024,NA
KAZ,2000,89.1025238037109
KAZ,2001,NA
KAZ,2002,NA
KAZ,2003,NA
KAZ,2004,NA
KAZ,2005,NA
KAZ,2006,96.475227355957
KAZ,2007,NA
KAZ,2008,NA
KAZ,2009,NA
KAZ,2010,97.1018374439523
KAZ,2011,97.7360563082277
KAZ,2012,98.2057617758137
KAZ,2013,97.505296092687
KAZ,2014,98.8825340771977
KAZ,2015,99.2999761450382
KAZ,2016,98.0107832338107
KAZ,2017,96.6959328368217
KAZ,2018,96.2488486443621
KAZ,2019,96.758870906544
KAZ,2020,91.6816314447458
KAZ,2021,93.9223187700412
KAZ,2022,93.6981837228001
KAZ,2023,94.8671029040021
KAZ,2024,96.7445196567945
KEN,2000,39.7841300964355
KEN,2001,40.212100982666
KEN,2002,40.7447204589844
KEN,2003,43.9185981750488
KEN,2004,45.2924499511719
KEN,2005,45.9471015930176
KEN,2006,46.934700012207
KEN,2007,47.2512016296387
KEN,2008,54.2933616638184
KEN,2009,54.5718307495117
KEN,2010,NA
KEN,2011,NA
KEN,2012,NA
KEN,2013,NA
KEN,2014,NA
KEN,2015,70.187444140127
KEN,2016,73.1205739030308
KEN,2017,NA
KEN,2018,NA
KEN,2019,NA
KEN,2020,NA
KEN,2021,79.6603133999262
KEN,2022,83.4337197590316
KEN,2023,84.7505339840655
KEN,2024,NA
KGZ,2000,80.0949630737305
KGZ,2001,80.1173477172852
KGZ,2002,79.4984893798828
KGZ,2003,84.7630462646484
KGZ,2004,83.4454879760742
KGZ,2005,82.1718826293945
KGZ,2006,82.4580535888672
KGZ,2007,82.8428421020508
KGZ,2008,NA
KGZ,2009,88.7243728637695
KGZ,2010,87.3795815410487
KGZ,2011,87.4421175040858
KGZ,2012,87.004163224052
KGZ,2013,87.8419677828729
KGZ,2014,89.5127032733476
KGZ,2015,89.3803392348644
KGZ,2016,90.2972623073403
KGZ,2017,89.7482653344435
KGZ,2018,91.0594350779724
KGZ,2019,91.5009835275856
KGZ,2020,92.1680769300161
KGZ,2021,93.1961318508701
KGZ,2022,NA
KGZ,2023,92.1027509613575
KGZ,2024,92.5232415743903
KHM,2000,12.7743301391602
KHM,2001,14.5757503509522
KHM,2002,17.9505195617676
KHM,2003,21.7320804595947
KHM,2004,25.3631000518799
KHM,2005,NA
KHM,2006,34.3806800842285
KHM,2007,37.6149711608887
KHM,2008,40.8487091064453
KHM,2009,NA
KHM,2010,NA
KHM,2011,NA
KHM,2012,NA
KHM,2013,NA
KHM,2014,NA
KHM,2015,NA
KHM,2016,NA
KHM,2017,51.2054747282757
KHM,2018,53.0927446861047
KHM,2019,53.3177080845995
KHM,2020,54.5285415649414
KHM,2021,59.1888520896695
KHM,2022,59.850293235261
KHM,2023,60.3343523907692
KHM,2024,63.098667348683
KIR,2000,68.3258666992188
KIR,2001,81.1455535888672
KIR,2002,85.8114471435547
KIR,2003,93.3157577514648
KIR,2004,93.2632217407227
KIR,2005,89.7085266113281
KIR,2006,89.5072708129883
KIR,2007,88.7881927490234
KIR,2008,85.3749771118164
KIR,2009,NA
KIR,2010,NA
KIR,2011,NA
KIR,2012,NA
KIR,2013,NA
KIR,2014,NA
KIR,2015,NA
KIR,2016,NA
KIR,2017,NA
KIR,2018,NA
KIR,2019,NA
KIR,2020,NA
KIR,2021,93.4636603502039
KIR,2022,95.0484764542936
KIR,2023,100.551571980143
KIR,2024,94.4197769165039
KNA,2000,106.413093566895
KNA,2001,96.7472534179688
KNA,2002,95.0264129638672
KNA,2003,96.1212692260742
KNA,2004,92.4339065551758
KNA,2005,93.4050521850586
KNA,2006,NA
KNA,2007,110.280372619629
KNA,2008,111.532699584961
KNA,2009,110.266731262207
KNA,2010,107.334342956543
KNA,2011,109.34342956543
KNA,2012,92.7716827392578
KNA,2013,128.944717407227
KNA,2014,112.262702941895
KNA,2015,115.620048522949
KNA,2016,118.171806335449
KNA,2017,120.649651972158
KNA,2018,117.739025856885
KNA,2019,112.30303030303
KNA,2020,108.363636363636
KNA,2021,118.408256530762
KNA,2022,115.003099814011
KNA,2023,130.727762803234
KNA,2024,NA
KOR,2000,98.2106094360352
KOR,2001,97.9438171386719
KOR,2002,97.4044876098633
KOR,2003,97.2058563232422
KOR,2004,97.2399368286133
KOR,2005,97.5727310180664
KOR,2006,96.9087905883789
KOR,2007,96.7846374511719
KOR,2008,96.407600402832
KOR,2009,96.9241409301758
KOR,2010,97.3114166259766
KOR,2011,97.4617385864258
KOR,2012,97.2857513427734
KOR,2013,97.6339797973633
KOR,2014,98.3530578613281
KOR,2015,98.3732299804688
KOR,2016,98.453483581543
KOR,2017,98.7714462280273
KOR,2018,98.8866806030273
KOR,2019,97.9251403808594
KOR,2020,96.619010925293
KOR,2021,97.7645034790039
KOR,2022,97.5669174194336
KOR,2023,95.9690704345703
KOR,2024,95.8913192749023
KWT,2000,88.5162506103516
KWT,2001,90.2363891601562
KWT,2002,NA
KWT,2003,98.5272521972656
KWT,2004,103.832092285156
KWT,2005,113.676391601562
KWT,2006,103.89916229248
KWT,2007,102.424270629883
KWT,2008,102.276557922363
KWT,2009,102.015670776367
KWT,2010,101.846071594242
KWT,2011,98.8108291625977
KWT,2012,103.851159711408
KWT,2013,99.4679336547852
KWT,2014,96.9901733398438
KWT,2015,99.7793273925781
KWT,2016,NA
KWT,2017,NA
KWT,2018,NA
KWT,2019,NA
KWT,2020,NA
KWT,2021,NA
KWT,2022,NA
KWT,2023,NA
KWT,2024,NA
LAC,2000,82.2670135498047
LAC,2001,83.4100494384766
LAC,2002,90.7872619628906
LAC,2003,88.2236633300781
LAC,2004,89.9176177978516
LAC,2005,90.2489166259766
LAC,2006,88.4776229858398
LAC,2007,89.8340682983398
LAC,2008,91.1097717285156
LAC,2009,92.0654907226562
LAC,2010,92.9224319458008
LAC,2011,93.2469711303711
LAC,2012,93.0461883544922
LAC,2013,97.587532043457
LAC,2014,97.7162780761719
LAC,2015,97.8051376342773
LAC,2016,98.8219528198242
LAC,2017,99.1099166870117
LAC,2018,100.221862792969
LAC,2019,100.379447937012
LAC,2020,99.8733215332031
LAC,2021,100.721496582031
LAC,2022,100.081932067871
LAC,2023,100.380447387695
LAC,2024,100.766868591309
LAO,2000,27.401819229126
LAO,2001,29.2967090606689
LAO,2002,31.9144496917725
LAO,2003,34.5732192993164
LAO,2004,36.436149597168
LAO,2005,37.047550201416
LAO,2006,36.8837394714355
LAO,2007,37.8355903625488
LAO,2008,39.2269515991211
LAO,2009,40.9841690063477
LAO,2010,42.871711730957
LAO,2011,42.421690482661504
LAO,2012,45.525951385498
LAO,2013,49.4297722584981
LAO,2014,55.2351608276367
LAO,2015,59.772232688381
LAO,2016,62.2666985609989
LAO,2017,63.5469120681911
LAO,2018,63.8298251272908
LAO,2019,62.7755100424821
LAO,2020,60.6465219892194
LAO,2021,58.3834691492585
LAO,2022,55.9171927545616
LAO,2023,53.2568302183413
LAO,2024,50.9977217073246
LBN,2000,65.9806900024414
LBN,2001,64.3623809814453
LBN,2002,66.052490234375
LBN,2003,68.1703186035156
LBN,2004,69.5652008056641
LBN,2005,70.1318969726562
LBN,2006,70.9933471679688
LBN,2007,72.4031066894531
LBN,2008,72.9855270385742
LBN,2009,75.2082824707031
LBN,2010,74.984394389501
LBN,2011,78.0964568809092
LBN,2012,76.1323848482182
LBN,2013,74.7805921960167
LBN,2014,62.1051842337746
LBN,2015,60.3778897955521
LBN,2016,62.351438954916
LBN,2017,66.1201281851679
LBN,2018,68.2192125483757
LBN,2019,69.5287831759035
LBN,2020,70.2938677645431
LBN,2021,71.177412177286
LBN,2022,68.0329956698082
LBN,2023,66.7372772721446
LBN,2024,67.5449829101562
LBR,2000,28.439359664917
LBR,2001,NA
LBR,2002,NA
LBR,2003,NA
LBR,2004,NA
LBR,2005,NA
LBR,2006,NA
LBR,2007,NA
LBR,2008,NA
LBR,2009,NA
LBR,2010,NA
LBR,2011,38.8059883117676
LBR,2012,NA
LBR,2013,NA
LBR,2014,31.7852096557617
LBR,2015,31.3665904998779
LBR,2016,NA
LBR,2017,NA
LBR,2018,NA
LBR,2019,NA
LBR,2020,37.0220985412598
LBR,2021,NA
LBR,2022,NA
LBR,2023,NA
LBR,2024,NA
LBY,2000,NA
LBY,2001,NA
LBY,2002,114.308647155762
LBY,2003,110.30061340332
LBY,2004,NA
LBY,2005,102.042678833008
LBY,2006,105.584159851074
LBY,2007,NA
LBY,2008,NA
LBY,2009,NA
LBY,2010,NA
LBY,2011,NA
LBY,2012,NA
LBY,2013,NA
LBY,2014,NA
LBY,2015,NA
LBY,2016,NA
LBY,2017,NA
LBY,2018,NA
LBY,2019,NA
LBY,2020,NA
LBY,2021,NA
LBY,2022,NA
LBY,2023,NA
LBY,2024,NA
LCA,2000,81.7228775024414
LCA,2001,83.2157287597656
LCA,2002,84.7546691894531
LCA,2003,85.162956237793
LCA,2004,75.5812606811523
LCA,2005,87.2725067138672
LCA,2006,91.7881317138672
LCA,2007,94.5270690917969
LCA,2008,98.5242462158203
LCA,2009,100.330680847168
LCA,2010,98.4699630737305
LCA,2011,97.125129699707
LCA,2012,94.1647262573242
LCA,2013,92.7354431152344
LCA,2014,91.8217620849609
LCA,2015,91.9546737670898
LCA,2016,91.5551681518555
LCA,2017,90.8347015380859
LCA,2018,90.4871978759766
LCA,2019,88.6840362548828
LCA,2020,89.3361511230469
LCA,2021,NA
LCA,2022,91.6141891479492
LCA,2023,90.5332412719727
LCA,2024,91.621762558665
LCN,2000,81.7892074584961
LCN,2001,83.0510101318359
LCN,2002,90.0146865844727
LCN,2003,87.7489395141602
LCN,2004,89.4052276611328
LCN,2005,89.802131652832
LCN,2006,88.2992324829102
LCN,2007,89.54833984375
LCN,2008,90.7860565185547
LCN,2009,91.6666488647461
LCN,2010,92.5485076904297
LCN,2011,92.8820495605469
LCN,2012,92.7997589111328
LCN,2013,97.5087127685547
LCN,2014,97.6046905517578
LCN,2015,97.6465072631836
LCN,2016,98.4324188232422
LCN,2017,98.6545333862305
LCN,2018,99.8022918701172
LCN,2019,100.104858398438
LCN,2020,99.7190017700195
LCN,2021,100.688407897949
LCN,2022,100.203941345215
LCN,2023,100.538856506348
LCN,2024,100.904640197754
LDC,2000,24.198299407959
LDC,2001,25.3782005310059
LDC,2002,26.6117000579834
LDC,2003,27.1357402801514
LDC,2004,26.9196300506592
LDC,2005,27.8581790924072
LDC,2006,28.9091606140137
LDC,2007,29.8134098052979
LDC,2008,31.2559795379639
LDC,2009,32.8286895751953
LDC,2010,34.848518371582
LDC,2011,36.1645698547363
LDC,2012,37.6930084228516
LDC,2013,39.0613098144531
LDC,2014,40.3128509521484
LDC,2015,41.3441314697266
LDC,2016,42.847599029541
LDC,2017,43.5300102233887
LDC,2018,44.5144805908203
LDC,2019,44.7978897094727
LDC,2020,45.5225601196289
LDC,2021,45.6659317016602
LDC,2022,45.675838470459
LDC,2023,45.4348487854004
LDC,2024,45.5513191223145
LIC,2000,19.2532196044922
LIC,2001,19.9996604919434
LIC,2002,20.8379898071289
LIC,2003,22.4006404876709
LIC,2004,23.3115005493164
LIC,2005,24.3522205352783
LIC,2006,25.7542400360107
LIC,2007,26.72825050354
LIC,2008,28.4405002593994
LIC,2009,29.8598594665527
LIC,2010,31.2394199371338
LIC,2011,32.5779609680176
LIC,2012,33.6832504272461
LIC,2013,33.1779518127441
LIC,2014,33.6816101074219
LIC,2015,34.0883712768555
LIC,2016,34.5961303710938
LIC,2017,35.3164710998535
LIC,2018,35.7923583984375
LIC,2019,36.247371673584
LIC,2020,36.8219184875488
LIC,2021,37.4900817871094
LIC,2022,37.7314682006836
LIC,2023,NA
LIC,2024,NA
LIE,2000,NA
LIE,2001,NA
LIE,2002,NA
LIE,2003,103.171249389648
LIE,2004,103.859649658203
LIE,2005,99.6525421142578
LIE,2006,99.6570587158203
LIE,2007,99.3852462768555
LIE,2008,100.270820617676
LIE,2009,97.8465728759766
LIE,2010,100
LIE,2011,101.0673828125
LIE,2012,101.465690612793
LIE,2013,NA
LIE,2014,103.274223327637
LIE,2015,101.72176361084
LIE,2016,101.906776428223
LIE,2017,105.065116882324
LIE,2018,101.641143798828
LIE,2019,110.007469177246
LIE,2020,110.204078674316
LIE,2021,109.090911865234
LIE,2022,NA
LIE,2023,NA
LIE,2024,NA
LKA,2000,NA
LKA,2001,NA
LKA,2002,NA
LKA,2003,NA
LKA,2004,NA
LKA,2005,NA
LKA,2006,NA
LKA,2007,NA
LKA,2008,NA
LKA,2009,NA
LKA,2010,92.7051773071289
LKA,2011,95.112060546875
LKA,2012,97.1849975585938
LKA,2013,97.8860232469157
LKA,2014,96.1411697667469
LKA,2015,97.2124296159383
LKA,2016,96.5253510453528
LKA,2017,97.5062635264586
LKA,2018,99.2050919963165
LKA,2019,NA
LKA,2020,NA
LKA,2021,91.9800637956542
LKA,2022,90.6491955714904
LKA,2023,90.4491165297148
LKA,2024,NA
LMC,2000,39.2242393493652
LMC,2001,39.7521591186523
LMC,2002,41.4319915771484
LMC,2003,43.9703102111816
LMC,2004,45.0138206481934
LMC,2005,46.6362800598145
LMC,2006,47.5838317871094
LMC,2007,49.2178916931152
LMC,2008,51.493278503418
LMC,2009,52.3352088928223
LMC,2010,54.8984184265137
LMC,2011,56.6165008544922
LMC,2012,58.6043815612793
LMC,2013,60.5203018188477
LMC,2014,62.8911285400391
LMC,2015,63.3554496765137
LMC,2016,64.3369522094727
LMC,2017,63.751091003418
LMC,2018,64.9927520751953
LMC,2019,65.5440673828125
LMC,2020,66.4716873168945
LMC,2021,67.2521286010742
LMC,2022,68.3247604370117
LMC,2023,68.203498840332
LMC,2024,68.2359008789062
LMY,2000,50.636531829834
LMY,2001,51.6389389038086
LMY,2002,53.3950119018555
LMY,2003,54.7974700927734
LMY,2004,56.1129112243652
LMY,2005,57.3966217041016
LMY,2006,58.6218414306641
LMY,2007,60.4590797424316
LMY,2008,62.315128326416
LMY,2009,63.8080902099609
LMY,2010,65.3059005737305
LMY,2011,66.4967269897461
LMY,2012,67.5718078613281
LMY,2013,69.1495895385742
LMY,2014,70.3158111572266
LMY,2015,70.3628463745117
LMY,2016,70.7101593017578
LMY,2017,70.3994216918945
LMY,2018,71.2089767456055
LMY,2019,71.7132110595703
LMY,2020,72.1600036621094
LMY,2021,72.8236770629883
LMY,2022,73.4827575683594
LMY,2023,73.4478607177734
LMY,2024,73.6635131835938
LSO,2000,32.2869987487793
LSO,2001,33.5986404418945
LSO,2002,34.8072319030762
LSO,2003,35.6447906494141
LSO,2004,38.172981262207
LSO,2005,40.7864608764648
LSO,2006,42.6532783508301
LSO,2007,46.9338684082031
LSO,2008,51.0167694091797
LSO,2009,56.7846603393555
LSO,2010,62.8373908996582
LSO,2011,65.863037109375
LSO,2012,68.1460800170898
LSO,2013,65.9366836547852
LSO,2014,66.7313219029994
LSO,2015,67.8270774378415
LSO,2016,65.0972290039062
LSO,2017,68.1387518596821
LSO,2018,NA
LSO,2019,NA
LSO,2020,NA
LSO,2021,NA
LSO,2022,NA
LSO,2023,NA
LSO,2024,NA
LTE,2000,68.7858200073242
LTE,2001,70.5072784423828
LTE,2002,72.5507507324219
LTE,2003,72.5063323974609
LTE,2004,74.6520309448242
LTE,2005,76.9773025512695
LTE,2006,79.0702819824219
LTE,2007,82.0606231689453
LTE,2008,85.3041305541992
LTE,2009,89.2734603881836
LTE,2010,90.2441329956055
LTE,2011,91.5452575683594
LTE,2012,91.7002334594727
LTE,2013,93.9377288818359
LTE,2014,93.0754318237305
LTE,2015,92.0840072631836
LTE,2016,91.4169616699219
LTE,2017,91.2339096069336
LTE,2018,92.1066589355469
LTE,2019,93.1583633422852
LTE,2020,93.2326507568359
LTE,2021,94.1037292480469
LTE,2022,94.3606567382812
LTE,2023,94.5393371582031
LTE,2024,94.8991470336914
LTU,2000,NA
LTU,2001,99.2935409545898
LTU,2002,101.328956604004
LTU,2003,103.705223083496
LTU,2004,102.579322814941
LTU,2005,104.165756225586
LTU,2006,106.662200927734
LTU,2007,106.777969360352
LTU,2008,106.165969848633
LTU,2009,104.750190734863
LTU,2010,104.120399475098
LTU,2011,104.555450439453
LTU,2012,104.154022216797
LTU,2013,106.272689819336
LTU,2014,105.459228515625
LTU,2015,104.869941711426
LTU,2016,104.289833068848
LTU,2017,105.108963012695
LTU,2018,105.096572875977
LTU,2019,105.323661804199
LTU,2020,105.823112487793
LTU,2021,104.426818847656
LTU,2022,105.173408508301
LTU,2023,104.355499267578
LTU,2024,103.863700866699
LUX,2000,NA
LUX,2001,98.185302734375
LUX,2002,97.9495086669922
LUX,2003,97.5937271118164
LUX,2004,97.0481719970703
LUX,2005,96.6965484619141
LUX,2006,96.5267333984375
LUX,2007,96.6558380126953
LUX,2008,97.3021469116211
LUX,2009,NA
LUX,2010,101.503318786621
LUX,2011,101.81990814209
LUX,2012,102.334587097168
LUX,2013,104.802833557129
LUX,2014,105.43293762207
LUX,2015,106.386573791504
LUX,2016,107.912910461426
LUX,2017,108.230567932129
LUX,2018,108.786758422852
LUX,2019,107.631690979004
LUX,2020,107.652420043945
LUX,2021,107.486389160156
LUX,2022,109.018447875977
LUX,2023,108.685668945312
LUX,2024,109.880676269531
LVA,2000,NA
LVA,2001,93.5370712280273
LVA,2002,95.328987121582
LVA,2003,96.0678863525391
LVA,2004,98.8323669433594
LVA,2005,102.411727905273
LVA,2006,103.948348999023
LVA,2007,105.011726379395
LVA,2008,105.759788513184
LVA,2009,99.7813491821289
LVA,2010,102.114990234375
LVA,2011,103.978866577148
LVA,2012,104.845741271973
LVA,2013,112.935676574707
LVA,2014,112.199729919434
LVA,2015,111.17414855957
LVA,2016,110.434066772461
LVA,2017,110.162521362305
LVA,2018,108.584571838379
LVA,2019,107.570869445801
LVA,2020,106.199699401855
LVA,2021,106.540283203125
LVA,2022,105.172348022461
LVA,2023,102.485107421875
LVA,2024,102.101348876953
MAC,2000,NA
MAC,2001,83.9162292480469
MAC,2002,87.1809692382812
MAC,2003,90.6741409301758
MAC,2004,94.2692565917969
MAC,2005,93.4739303588867
MAC,2006,93.9249725341797
MAC,2007,94.6795425415039
MAC,2008,90.4638900756836
MAC,2009,90.1166305541992
MAC,2010,91.4267465854378
MAC,2011,94.6152226550163
MAC,2012,96.9751489935905
MAC,2013,97.0595238095238
MAC,2014,100.927631578947
MAC,2015,101.774647887324
MAC,2016,101.977941176471
MAC,2017,98.5185185185185
MAC,2018,93.8029197080292
MAC,2019,91.8175182481752
MAC,2020,89.9859154929577
MAC,2021,88.92
MAC,2022,89.5705128205128
MAC,2023,91.7987421383648
MAC,2024,94.5308641975309
MAF,2000,NA
MAF,2001,NA
MAF,2002,NA
MAF,2003,NA
MAF,2004,NA
MAF,2005,NA
MAF,2006,NA
MAF,2007,NA
MAF,2008,NA
MAF,2009,NA
MAF,2010,NA
MAF,2011,NA
MAF,2012,NA
MAF,2013,NA
MAF,2014,NA
MAF,2015,NA
MAF,2016,NA
MAF,2017,NA
MAF,2018,NA
MAF,2019,NA
MAF,2020,NA
MAF,2021,NA
MAF,2022,NA
MAF,2023,NA
MAF,2024,NA
MAR,2000,35.1672592163086
MAR,2001,36.7545204162598
MAR,2002,38.5802192687988
MAR,2003,40.5255088806152
MAR,2004,43.4972381591797
MAR,2005,45.7038993835449
MAR,2006,48.9838714599609
MAR,2007,52.1271018981934
MAR,2008,54.1733512878418
MAR,2009,56.9432411193848
MAR,2010,59.2141571815954
MAR,2011,61.6058418206276
MAR,2012,63.780614962939
MAR,2013,NA
MAR,2014,NA
MAR,2015,NA
MAR,2016,NA
MAR,2017,74.2546979867675
MAR,2018,75.2608385790025
MAR,2019,76.5740050948519
MAR,2020,78.1902667388164
MAR,2021,79.2970919837523
MAR,2022,83.2706329144956
MAR,2023,87.2227171713839
MAR,2024,91.2537211746273
MCO,2000,162.065216064453
MCO,2001,NA
MCO,2002,NA
MCO,2003,NA
MCO,2004,NA
MCO,2005,NA
MCO,2006,NA
MCO,2007,NA
MCO,2008,145.866943359375
MCO,2009,NA
MCO,2010,NA
MCO,2011,NA
MCO,2012,NA
MCO,2013,NA
MCO,2014,NA
MCO,2015,NA
MCO,2016,151.901138305664
MCO,2017,NA
MCO,2018,NA
MCO,2019,NA
MCO,2020,NA
MCO,2021,NA
MCO,2022,NA
MCO,2023,NA
MCO,2024,159.421646118164
MDA,2000,NA
MDA,2001,NA
MDA,2002,NA
MDA,2003,NA
MDA,2004,NA
MDA,2005,NA
MDA,2006,NA
MDA,2007,NA
MDA,2008,NA
MDA,2009,NA
MDA,2010,89.0274736504044
MDA,2011,88.667058859956
MDA,2012,88.9615898046282
MDA,2013,88.9174917032512
MDA,2014,105.129838400056
MDA,2015,105.821275331092
MDA,2016,106.359346502359
MDA,2017,94.1081275473507
MDA,2018,95.4169685647691
MDA,2019,95.0363793316069
MDA,2020,95.901275750102
MDA,2021,96.2182041066503
MDA,2022,97.3920322268435
MDA,2023,96.9969097488181
MDA,2024,99.3201300620751
MDG,2000,NA
MDG,2001,NA
MDG,2002,NA
MDG,2003,NA
MDG,2004,NA
MDG,2005,20.1245708465576
MDG,2006,22.5522499084473
MDG,2007,24.8774700164795
MDG,2008,26.9826602935791
MDG,2009,28.0163993835449
MDG,2010,NA
MDG,2011,33.6389503479004
MDG,2012,34.9519919864486
MDG,2013,NA
MDG,2014,35.8271514538676
MDG,2015,36.2567596435547
MDG,2016,36.2822418212891
MDG,2017,35.2360569008275
MDG,2018,35.3710327591243
MDG,2019,33.6142692093689
MDG,2020,NA
MDG,2021,35.2580222250234
MDG,2022,NA
MDG,2023,NA
MDG,2024,NA
MDV,2000,55.1308898925781
MDV,2001,65.1399536132812
MDV,2002,67.695426940918
MDV,2003,73.7963104248047
MDV,2004,74.3923034667969
MDV,2005,NA
MDV,2006,NA
MDV,2007,NA
MDV,2008,NA
MDV,2009,NA
MDV,2010,79.9723518230517
MDV,2011,84.0012033694344
MDV,2012,79.41343067531
MDV,2013,75.8327847267939
MDV,2014,79.8635047566524
MDV,2015,80.7421762848119
MDV,2016,78.7856349500185
MDV,2017,79.1508430806623
MDV,2018,76.8313327177593
MDV,2019,75.7793948678667
MDV,2020,77.4476047904192
MDV,2021,NA
MDV,2022,79.1463748290014
MDV,2023,84.9893523087311
MDV,2024,NA
MEA,2000,46.2440986633301
MEA,2001,46.6951484680176
MEA,2002,47.1025695800781
MEA,2003,47.8145904541016
MEA,2004,48.8658218383789
MEA,2005,48.9622802734375
MEA,2006,50.9403991699219
MEA,2007,50.944751739502
MEA,2008,51.2119216918945
MEA,2009,52.2615699768066
MEA,2010,52.1970100402832
MEA,2011,53.5247993469238
MEA,2012,53.5537109375
MEA,2013,52.0718307495117
MEA,2014,53.0181198120117
MEA,2015,53.8907585144043
MEA,2016,54.9065208435059
MEA,2017,55.0110015869141
MEA,2018,56.3839988708496
MEA,2019,57.3141708374023
MEA,2020,57.9312705993652
MEA,2021,58.5643081665039
MEA,2022,59.6928901672363
MEA,2023,61.6829414367676
MEA,2024,63.667781829834
MEX,2000,71.6285171508789
MEX,2001,73.8780212402344
MEX,2002,76.8405380249023
MEX,2003,81.2989120483398
MEX,2004,82.1962890625
MEX,2005,83.1119232177734
MEX,2006,85.4489822387695
MEX,2007,87.0050735473633
MEX,2008,89.310188293457
MEX,2009,89.4026565551758
MEX,2010,90.5796508789062
MEX,2011,91.5306701660156
MEX,2012,93.8122711181641
MEX,2013,96.0909271240234
MEX,2014,100.276077270508
MEX,2015,104.495323181152
MEX,2016,106.824447631836
MEX,2017,109.083389282227
MEX,2018,110.51097869873
MEX,2019,110.386650085449
MEX,2020,107.480339050293
MEX,2021,103.972526550293
MEX,2022,104.8212890625
MEX,2023,108.700912475586
MEX,2024,109.978668212891
MHL,2000,NA
MHL,2001,NA
MHL,2002,79.4897689819336
MHL,2003,76.2464065551758
MHL,2004,79.4486923217773
MHL,2005,73.9568328857422
MHL,2006,79.8606872558594
MHL,2007,83.4545974731445
MHL,2008,88.787483215332
MHL,2009,86.5034713745117
MHL,2010,NA
MHL,2011,NA
MHL,2012,NA
MHL,2013,NA
MHL,2014,NA
MHL,2015,87.4442319949012
MHL,2016,89.3410852713178
MHL,2017,NA
MHL,2018,NA
MHL,2019,97.886393659181
MHL,2020,99.9664654594232
MHL,2021,101.538987688099
MHL,2022,97.5043334960938
MHL,2023,96.0382030420941
MHL,2024,91.2586144359811
MIC,2000,53.3627395629883
MIC,2001,54.4348182678223
MIC,2002,56.3313598632812
MIC,2003,57.836181640625
MIC,2004,59.2899703979492
MIC,2005,60.7172584533691
MIC,2006,62.0681991577148
MIC,2007,64.1449127197266
MIC,2008,66.1744079589844
MIC,2009,67.8443374633789
MIC,2010,69.507698059082
MIC,2011,70.79248046875
MIC,2012,71.9878921508789
MIC,2013,74.0031890869141
MIC,2014,75.2885513305664
MIC,2015,75.4128112792969
MIC,2016,75.8613662719727
MIC,2017,75.5017318725586
MIC,2018,76.4620666503906
MIC,2019,77.0973892211914
MIC,2020,77.6914901733398
MIC,2021,78.4491119384766
MIC,2022,79.257942199707
MIC,2023,79.3529586791992
MIC,2024,79.569450378418
MKD,2000,82.1956787109375
MKD,2001,83.0360412597656
MKD,2002,82.9886322021484
MKD,2003,82.7274703979492
MKD,2004,82.2482604980469
MKD,2005,82.7081069946289
MKD,2006,NA
MKD,2007,82.7487411499023
MKD,2008,82.3995666503906
MKD,2009,82.8811874389648
MKD,2010,84.7018814086914
MKD,2011,NA
MKD,2012,85.5202713012695
MKD,2013,83.0644989013672
MKD,2014,82.9123382568359
MKD,2015,84.5505599975586
MKD,2016,NA
MKD,2017,83.6312866210938
MKD,2018,82.5274887084961
MKD,2019,81.7043609619141
MKD,2020,81.9225616455078
MKD,2021,84.2663116455078
MKD,2022,91.6712875366211
MKD,2023,90.173713684082
MKD,2024,NA
MLI,2000,11.1826200485229
MLI,2001,NA
MLI,2002,NA
MLI,2003,13.8911600112915
MLI,2004,15.979700088501
MLI,2005,17.6681499481201
MLI,2006,19.1023693084717
MLI,2007,21.8998508453369
MLI,2008,24.2745304107666
MLI,2009,26.8929100036621
MLI,2010,29.8736858622313
MLI,2011,31.8513100718496
MLI,2012,NA
MLI,2013,34.540257437417
MLI,2014,35.12660954853
MLI,2015,34.4988647258526
MLI,2016,34.1917935715776
MLI,2017,34.447973185326
MLI,2018,34.2633935963908
MLI,2019,NA
MLI,2020,NA
MLI,2021,NA
MLI,2022,NA
MLI,2023,37.1307560416794
MLI,2024,NA
MLT,2000,NA
MLT,2001,88.7702178955078
MLT,2002,90.5345077514648
MLT,2003,92.9309234619141
MLT,2004,101.232261657715
MLT,2005,99.2456588745117
MLT,2006,95.9733276367188
MLT,2007,97.9540481567383
MLT,2008,99.778923034668
MLT,2009,NA
MLT,2010,99.7307586669922
MLT,2011,94.6769409179688
MLT,2012,96.5823593139648
MLT,2013,98.3424301147461
MLT,2014,98.7345886230469
MLT,2015,98.229377746582
MLT,2016,96.0018768310547
MLT,2017,101.760231018066
MLT,2018,102.913093566895
MLT,2019,103.863830566406
MLT,2020,102.992401123047
MLT,2021,102.578468322754
MLT,2022,102.699798583984
MLT,2023,103.851119995117
MLT,2024,NA
MMR,2000,41.076789855957
MMR,2001,39.8251609802246
MMR,2002,41.0750617980957
MMR,2003,41.4488716125488
MMR,2004,44.0865783691406
MMR,2005,45.826358795166
MMR,2006,47.8843383789062
MMR,2007,48.29541015625
MMR,2008,NA
MMR,2009,51.3885917663574
MMR,2010,53.1574516296387
MMR,2011,NA
MMR,2012,NA
MMR,2013,NA
MMR,2014,58.9736404418945
MMR,2015,NA
MMR,2016,72.2770767211914
MMR,2017,77.0976104736328
MMR,2018,81.8814926147461
MMR,2019,NA
MMR,2020,NA
MMR,2021,NA
MMR,2022,NA
MMR,2023,NA
MMR,2024,NA
MNA,2000,NA
MNA,2001,NA
MNA,2002,NA
MNA,2003,NA
MNA,2004,NA
MNA,2005,NA
MNA,2006,NA
MNA,2007,NA
MNA,2008,NA
MNA,2009,NA
MNA,2010,NA
MNA,2011,NA
MNA,2012,NA
MNA,2013,NA
MNA,2014,NA
MNA,2015,NA
MNA,2016,NA
MNA,2017,NA
MNA,2018,NA
MNA,2019,NA
MNA,2020,NA
MNA,2021,NA
MNA,2022,NA
MNA,2023,NA
MNA,2024,NA
MNE,2000,NA
MNE,2001,NA
MNE,2002,NA
MNE,2003,92.3401794433594
MNE,2004,90.9389038085938
MNE,2005,92.1368026733398
MNE,2006,93.0442962646484
MNE,2007,93.1621780395508
MNE,2008,99.4987716674805
MNE,2009,96.1962509155273
MNE,2010,99.5941162109375
MNE,2011,93.3568115234375
MNE,2012,92.932731628418
MNE,2013,NA
MNE,2014,NA
MNE,2015,92.0022735595703
MNE,2016,90.6202926635742
MNE,2017,90.5475234985352
MNE,2018,91.4177093505859
MNE,2019,92.1967697143555
MNE,2020,92.7898330688477
MNE,2021,93.8239974975586
MNE,2022,93.450813293457
MNE,2023,95.1452331542969
MNE,2024,NA
MNG,2000,67.8152618408203
MNG,2001,74.9323806762695
MNG,2002,79.7449417114258
MNG,2003,86.7754516601562
MNG,2004,92.5285034179688
MNG,2005,96.3413619995117
MNG,2006,96.3707962036133
MNG,2007,NA
MNG,2008,NA
MNG,2009,101.966873168945
MNG,2010,94.4007186889648
MNG,2011,NA
MNG,2012,NA
MNG,2013,NA
MNG,2014,NA
MNG,2015,NA
MNG,2016,NA
MNG,2017,NA
MNG,2018,93.3913463704946
MNG,2019,91.1179790787994
MNG,2020,99.0120395114876
MNG,2021,101.767368447062
MNG,2022,96.3042193568297
MNG,2023,99.3672996596348
MNG,2024,NA
MNP,2000,NA
MNP,2001,NA
MNP,2002,NA
MNP,2003,NA
MNP,2004,NA
MNP,2005,NA
MNP,2006,NA
MNP,2007,NA
MNP,2008,NA
MNP,2009,NA
MNP,2010,NA
MNP,2011,NA
MNP,2012,NA
MNP,2013,NA
MNP,2014,NA
MNP,2015,NA
MNP,2016,NA
MNP,2017,NA
MNP,2018,NA
MNP,2019,NA
MNP,2020,NA
MNP,2021,NA
MNP,2022,NA
MNP,2023,NA
MNP,2024,NA
MOZ,2000,4.54680013656616
MOZ,2001,5.15360021591187
MOZ,2002,6.49581003189087
MOZ,2003,NA
MOZ,2004,8.65153980255127
MOZ,2005,10.5513401031494
MOZ,2006,12.6779804229736
MOZ,2007,15.0729103088379
MOZ,2008,17.2325000762939
MOZ,2009,20.2017803192139
MOZ,2010,22.5305413242969
MOZ,2011,24.072161852572
MOZ,2012,24.0955956725326
MOZ,2013,32.5833282470703
MOZ,2014,32.2183418273926
MOZ,2015,32.985279083252
MOZ,2016,NA
MOZ,2017,35.2994499206543
MOZ,2018,NA
MOZ,2019,NA
MOZ,2020,NA
MOZ,2021,NA
MOZ,2022,NA
MOZ,2023,NA
MOZ,2024,NA
MRT,2000,15.1392002105713
MRT,2001,17.7171096801758
MRT,2002,17.8554096221924
MRT,2003,19.2371807098389
MRT,2004,20.1336193084717
MRT,2005,20.7180900573731
MRT,2006,20.9435291290283
MRT,2007,NA
MRT,2008,17.1987209320068
MRT,2009,17.876070022583
MRT,2010,18.2780303955078
MRT,2011,20.1222400665283
MRT,2012,23.9687918780301
MRT,2013,27.9143759343964
MRT,2014,28.0396485304939
MRT,2015,28.8231465861958
MRT,2016,30.5243563459821
MRT,2017,30.7430804973383
MRT,2018,34.754930908232
MRT,2019,37.5735638620028
MRT,2020,36.1789325617578
MRT,2021,NA
MRT,2022,NA
MRT,2023,NA
MRT,2024,NA
MUS,2000,74.4722366333008
MUS,2001,79.2426376342773
MUS,2002,82.4899520874023
MUS,2003,85.3790588378906
MUS,2004,85.8464736938477
MUS,2005,87.766487121582
MUS,2006,88.2761993408203
MUS,2007,88.2235717773438
MUS,2008,87.8380432128906
MUS,2009,88.413818359375
MUS,2010,88.7164688110352
MUS,2011,90.4235763549805
MUS,2012,94.0829963073677
MUS,2013,95.0431976318359
MUS,2014,97.9171913191615
MUS,2015,95.9186994275233
MUS,2016,96.6578558308319
MUS,2017,95.6264935299157
MUS,2018,93.8197294421645
MUS,2019,94.0894965817278
MUS,2020,91.3439926033381
MUS,2021,NA
MUS,2022,NA
MUS,2023,NA
MUS,2024,93.386946088039707
MWI,2000,26.2098903656006
MWI,2001,27.5069007873535
MWI,2002,26.6317901611328
MWI,2003,NA
MWI,2004,24.9910697937012
MWI,2005,24.8580207824707
MWI,2006,26.8940505981445
MWI,2007,26.4809303283691
MWI,2008,28.9009094238281
MWI,2009,30.1589107513428
MWI,2010,31.2023279228704
MWI,2011,32.4309158727431
MWI,2012,32.3157881419039
MWI,2013,35.4070171986027
MWI,2014,37.2084539407515
MWI,2015,37.6379016435624
MWI,2016,35.6916809082031
MWI,2017,39.0289251751713
MWI,2018,38.1734496554461
MWI,2019,31.9471376555901
MWI,2020,43.9545178667563
MWI,2021,36.1013396035833
MWI,2022,35.8626281732909
MWI,2023,37.2564052253575
MWI,2024,NA
MYS,2000,80.8184204101562
MYS,2001,80.0183334350586
MYS,2002,80.0127487182617
MYS,2003,86.7379989624023
MYS,2004,87.0565872192383
MYS,2005,81.4064178466797
MYS,2006,80.2904510498047
MYS,2007,78.2031784057617
MYS,2008,78.7946472167969
MYS,2009,78.8667907714844
MYS,2010,81.1128234863281
MYS,2011,81.9482421875
MYS,2012,84.8274688720703
MYS,2013,85.4070587158203
MYS,2014,88.8742599487305
MYS,2015,87.3510665893555
MYS,2016,84.7308502197266
MYS,2017,83.2714004516602
MYS,2018,79.4510116577148
MYS,2019,79.9411773681641
MYS,2020,77.4047622680664
MYS,2021,78.5013407999187
MYS,2022,82.2986504789168
MYS,2023,82.6422941806466
MYS,2024,81.5357622372136
NAC,2000,95.5698165893555
NAC,2001,95.1561889648438
NAC,2002,94.7082214355469
NAC,2003,95.5795364379883
NAC,2004,96.4445114135742
NAC,2005,96.2285079956055
NAC,2006,94.9494400024414
NAC,2007,95.1765670776367
NAC,2008,95.4206085205078
NAC,2009,96.4992523193359
NAC,2010,96.5648193359375
NAC,2011,96.6986389160156
NAC,2012,97.5537719726562
NAC,2013,97.6731033325195
NAC,2014,98.7799606323242
NAC,2015,99.368782043457
NAC,2016,99.6349105834961
NAC,2017,99.8584365844727
NAC,2018,99.9377136230469
NAC,2019,100.248710632324
NAC,2020,100.397407531738
NAC,2021,102.064552307129
NAC,2022,99.5094299316406
NAC,2023,97.2571105957031
NAC,2024,97.55322265625
NAM,2000,66.3425064086914
NAM,2001,70.4965362548828
NAM,2002,68.4618530273438
NAM,2003,67.7303466796875
NAM,2004,67.1026916503906
NAM,2005,65.8467407226562
NAM,2006,65.4616622924805
NAM,2007,66.3780670166016
NAM,2008,NA
NAM,2009,NA
NAM,2010,71.5850049614779
NAM,2011,75.9020999319308
NAM,2012,77.4235835218031
NAM,2013,79.1245312674155
NAM,2014,79.8738123230912
NAM,2015,81.7415343444417
NAM,2016,82.4628831856333
NAM,2017,82.9187287944073
NAM,2018,82.4447917914626
NAM,2019,83.3997206880115
NAM,2020,87.2617411950085
NAM,2021,87.1498788500333
NAM,2022,86.1980083129179
NAM,2023,86.2067962132394
NAM,2024,86.3728889011327
NCL,2000,NA
NCL,2001,NA
NCL,2002,NA
NCL,2003,NA
NCL,2004,NA
NCL,2005,NA
NCL,2006,NA
NCL,2007,NA
NCL,2008,NA
NCL,2009,NA
NCL,2010,NA
NCL,2011,NA
NCL,2012,NA
NCL,2013,NA
NCL,2014,NA
NCL,2015,NA
NCL,2016,NA
NCL,2017,NA
NCL,2018,NA
NCL,2019,NA
NCL,2020,NA
NCL,2021,NA
NCL,2022,NA
NCL,2023,NA
NCL,2024,NA
NER,2000,4.98891019821167
NER,2001,4.9542498588562
NER,2002,4.93831014633179
NER,2003,5.46088981628418
NER,2004,6.5729398727417
NER,2005,7.39444017410278
NER,2006,8.45728969573975
NER,2007,8.04238986968994
NER,2008,8.25140953063965
NER,2009,8.63199996948242
NER,2010,10.5467544710513
NER,2011,10.916829239485
NER,2012,12.1001362710247
NER,2013,13.1905159332884
NER,2014,15.0409626668381
NER,2015,16.6576291122559
NER,2016,19.4438558469203
NER,2017,20.3042793946679
NER,2018,NA
NER,2019,NA
NER,2020,NA
NER,2021,NA
NER,2022,NA
NER,2023,20.6873224974982
NER,2024,19.5379934744263
NGA,2000,21.7487506866455
NGA,2001,23.8450603485107
NGA,2002,24.8241996765137
NGA,2003,NA
NGA,2004,30.0385608673096
NGA,2005,30.5882091522217
NGA,2006,29.7225399017334
NGA,2007,26.4539299011231
NGA,2008,30.5725002288818
NGA,2009,34.5709915161133
NGA,2010,39.0084915161133
NGA,2011,39.6406402587891
NGA,2012,42.4270210266113
NGA,2013,50.3317909240723
NGA,2014,40.3631896972656
NGA,2015,41.8675918579102
NGA,2016,37.2762603759766
NGA,2017,NA
NGA,2018,39.4427909851074
NGA,2019,NA
NGA,2020,43.9140815734863
NGA,2021,45.1787605285645
NGA,2022,NA
NGA,2023,47.4061508178711
NGA,2024,NA
NIC,2000,56.8607711791992
NIC,2001,60.0477981567383
NIC,2002,64.3938293457031
NIC,2003,NA
NIC,2004,68.6075820922852
NIC,2005,71.9072418212891
NIC,2006,72.6188430786133
NIC,2007,75.9113464355469
NIC,2008,74.748046875
NIC,2009,NA
NIC,2010,74.4894104003906
NIC,2011,NA
NIC,2012,NA
NIC,2013,NA
NIC,2014,NA
NIC,2015,NA
NIC,2016,NA
NIC,2017,NA
NIC,2018,NA
NIC,2019,NA
NIC,2020,NA
NIC,2021,NA
NIC,2022,NA
NIC,2023,70.6665573120117
NIC,2024,NA
NLD,2000,NA
NLD,2001,121.740753173828
NLD,2002,119.29337310791
NLD,2003,119.250862121582
NLD,2004,116.085929870605
NLD,2005,116.514122009277
NLD,2006,117.278106689453
NLD,2007,118.606109619141
NLD,2008,120.38207244873
NLD,2009,121.743392944336
NLD,2010,123.655319213867
NLD,2011,128.919281005859
NLD,2012,110.343353271484
NLD,2013,NA
NLD,2014,NA
NLD,2015,114.759147644043
NLD,2016,113.61457824707
NLD,2017,115.796371459961
NLD,2018,114.827590942383
NLD,2019,115.097122192383
NLD,2020,136.940444946289
NLD,2021,136.865417480469
NLD,2022,140.989440917969
NLD,2023,140.839157104492
NLD,2024,NA
NOR,2000,NA
NOR,2001,116.061431884766
NOR,2002,114.660079956055
NOR,2003,114.726753234863
NOR,2004,115.898513793945
NOR,2005,112.202201843262
NOR,2006,111.259620666504
NOR,2007,110.908531188965
NOR,2008,110.293609619141
NOR,2009,109.753890991211
NOR,2010,112.210998535156
NOR,2011,112.686630249023
NOR,2012,111.270492553711
NOR,2013,112.620422363281
NOR,2014,111.358840942383
NOR,2015,113.49649810791
NOR,2016,114.915069580078
NOR,2017,115.061729431152
NOR,2018,115.596313476562
NOR,2019,116.849769592285
NOR,2020,117.254188537598
NOR,2021,117.828887939453
NOR,2022,117.932258605957
NOR,2023,116.642189025879
NOR,2024,115.499160766602
NPL,2000,28.1299896240234
NPL,2001,30.6444206237793
NPL,2002,34.2659187316895
NPL,2003,35.8331108093262
NPL,2004,NA
NPL,2005,40.9631500244141
NPL,2006,39.2674293518066
NPL,2007,39.5153884887695
NPL,2008,45.707649230957
NPL,2009,46.5078506469727
NPL,2010,55.0515098571777
NPL,2011,59.230411529541
NPL,2012,64.4251327514648
NPL,2013,67.1050796508789
NPL,2014,69.3774108886719
NPL,2015,70.6879119873047
NPL,2016,73.9553375244141
NPL,2017,77.7481231689453
NPL,2018,NA
NPL,2019,84.223991394043
NPL,2020,87.491828918457
NPL,2021,85.6409873713909
NPL,2022,84.9171356280891
NPL,2023,90.7214299008772
NPL,2024,90.8899312933145
NRU,2000,50.7757415771484
NRU,2001,45.1008605957031
NRU,2002,45.6166381835938
NRU,2003,49.0196113586426
NRU,2004,39.701488494873
NRU,2005,45.1038589477539
NRU,2006,62.7421798706055
NRU,2007,54.3778800964355
NRU,2008,66.8789825439453
NRU,2009,NA
NRU,2010,NA
NRU,2011,NA
NRU,2012,81.6326522827148
NRU,2013,NA
NRU,2014,84.7058792114258
NRU,2015,NA
NRU,2016,79.6178283691406
NRU,2017,NA
NRU,2018,NA
NRU,2019,91.0581207275391
NRU,2020,86.9172897338867
NRU,2021,NA
NRU,2022,100.421348571777
NRU,2023,93.0666732788086
NRU,2024,92.8211595890451
NZL,2000,115.455337524414
NZL,2001,NA
NZL,2002,121.638671875
NZL,2003,123.209617614746
NZL,2004,118.753517150879
NZL,2005,122.798377990723
NZL,2006,120.178230285645
NZL,2007,120.425506591797
NZL,2008,120.224601745605
NZL,2009,126.98787689209
NZL,2010,121.578903198242
NZL,2011,121.213340759277
NZL,2012,120.056953430176
NZL,2013,119.244888305664
NZL,2014,119.416603088379
NZL,2015,118.08772277832
NZL,2016,117.256340026855
NZL,2017,116.713752746582
NZL,2018,116.203987121582
NZL,2019,123.941261291504
NZL,2020,120.29231262207
NZL,2021,120.655471801758
NZL,2022,117.863876342773
NZL,2023,117.271408081055
NZL,2024,118.336837768555
OED,2000,94.2024307250977
OED,2001,95.4742736816406
OED,2002,96.2150573730469
OED,2003,97.2690963745117
OED,2004,97.0134887695312
OED,2005,97.7831192016602
OED,2006,97.8382797241211
OED,2007,98.331901550293
OED,2008,98.85888671875
OED,2009,98.6575469970703
OED,2010,99.7328720092773
OED,2011,99.9333724975586
OED,2012,99.7415237426758
OED,2013,104.245811462402
OED,2014,105.319473266602
OED,2015,105.935737609863
OED,2016,106.198120117188
OED,2017,106.952301025391
OED,2018,106.945007324219
OED,2019,106.935211181641
OED,2020,106.777572631836
OED,2021,107.016960144043
OED,2022,106.403388977051
OED,2023,106.005500793457
OED,2024,106.082550048828
OMN,2000,77.7238235473633
OMN,2001,79.8200912475586
OMN,2002,80.8610305786133
OMN,2003,82.2718811035156
OMN,2004,NA
OMN,2005,85.8983535766602
OMN,2006,88.3451995849609
OMN,2007,90.8690490722656
OMN,2008,92.0375289916992
OMN,2009,96.9309463500977
OMN,2010,NA
OMN,2011,115.394191525237
OMN,2012,111.024270475116
OMN,2013,110.312770028392
OMN,2014,NA
OMN,2015,101.587336228658
OMN,2016,100.638573236813
OMN,2017,101.150822367266
OMN,2018,103.041481138997
OMN,2019,101.22554053215
OMN,2020,93.5329595650697
OMN,2021,93.2710477870208
OMN,2022,91.191469277966
OMN,2023,NA
OMN,2024,94.5394515991211
OSS,2000,52.5268592834473
OSS,2001,53.4910202026367
OSS,2002,54.5168190002441
OSS,2003,57.3695793151855
OSS,2004,57.1097793579102
OSS,2005,58.4451484680176
OSS,2006,59.8727684020996
OSS,2007,61.3556213378906
OSS,2008,62.1403312683105
OSS,2009,63.6232299804688
OSS,2010,66.5085067749023
OSS,2011,65.3746337890625
OSS,2012,67.0391082763672
OSS,2013,68.0531921386719
OSS,2014,69.3246002197266
OSS,2015,70.2543182373047
OSS,2016,71.1938934326172
OSS,2017,72.4134902954102
OSS,2018,73.3735961914062
OSS,2019,74.3477325439453
OSS,2020,74.9267196655273
OSS,2021,75.5489273071289
OSS,2022,75.7426071166992
OSS,2023,NA
OSS,2024,NA
PAK,2000,NA
PAK,2001,NA
PAK,2002,NA
PAK,2003,NA
PAK,2004,NA
PAK,2005,NA
PAK,2006,23.8528308868408
PAK,2007,25.1138095855713
PAK,2008,25.1925296783447
PAK,2009,25.688850402832
PAK,2010,25.4582159212789
PAK,2011,25.3949380688813
PAK,2012,25.7528705596924
PAK,2013,26.3995425354199
PAK,2014,28.5600893522118
PAK,2015,30.3251040463428
PAK,2016,31.73991038953
PAK,2017,31.2563221783058
PAK,2018,33.7539426003326
PAK,2019,35.5736865644319
PAK,2020,NA
PAK,2021,36.7848892672203
PAK,2022,37.4490104990348
PAK,2023,39.5879695501278
PAK,2024,46.4835415439493
PAN,2000,66.3138732910156
PAN,2001,68.7314834594727
PAN,2002,70.0393371582031
PAN,2003,NA
PAN,2004,69.9115905761719
PAN,2005,70.0244979858398
PAN,2006,70.2012710571289
PAN,2007,70.260612487793
PAN,2008,71.5468597412109
PAN,2009,73.2163925170898
PAN,2010,74.4197850576201
PAN,2011,74.7238313177595
PAN,2012,NA
PAN,2013,79.2133026123047
PAN,2014,79.2297592163086
PAN,2015,79.0192337036133
PAN,2016,84.1366882324219
PAN,2017,79.0785217285156
PAN,2018,NA
PAN,2019,NA
PAN,2020,NA
PAN,2021,NA
PAN,2022,NA
PAN,2023,NA
PAN,2024,NA
PER,2000,77.7910308837891
PER,2001,80.6675033569336
PER,2002,81.8630523681641
PER,2003,75.7539367675781
PER,2004,80.4402313232422
PER,2005,81.2227935791016
PER,2006,84.4381866455078
PER,2007,87.3102722167969
PER,2008,88.6442031860352
PER,2009,91.3245620727539
PER,2010,93.7324676513672
PER,2011,94.8989334106445
PER,2012,92.8410034179688
PER,2013,98.5790786743164
PER,2014,97.2061767578125
PER,2015,98.0674209594727
PER,2016,100.164909362793
PER,2017,99.50537109375
PER,2018,98.6696395874023
PER,2019,98.8904113769531
PER,2020,100.080932617188
PER,2021,102.32568359375
PER,2022,103.652191162109
PER,2023,113.164916992188
PER,2024,108.98267364502
PHL,2000,NA
PHL,2001,74.767219543457
PHL,2002,79.5809020996094
PHL,2003,81.6581802368164
PHL,2004,83.6550674438477
PHL,2005,83.67626953125
PHL,2006,82.1593627929688
PHL,2007,81.8686599731445
PHL,2008,82.4900894165039
PHL,2009,84.3866271972656
PHL,2010,NA
PHL,2011,NA
PHL,2012,NA
PHL,2013,NA
PHL,2014,85.4555672434059
PHL,2015,85.5248692113886
PHL,2016,86.0883666592253
PHL,2017,84.2528228759766
PHL,2018,82.4822175600847
PHL,2019,87.6308727761127
PHL,2020,89.6099009594054
PHL,2021,87.9361520075232
PHL,2022,93.8565182415521
PHL,2023,92.2052107888903
PHL,2024,86.1154588164975
PLW,2000,91.9273529052734
PLW,2001,NA
PLW,2002,NA
PLW,2003,NA
PLW,2004,97.8632507324219
PLW,2005,NA
PLW,2006,NA
PLW,2007,NA
PLW,2008,NA
PLW,2009,NA
PLW,2010,NA
PLW,2011,NA
PLW,2012,NA
PLW,2013,109.33332824707
PLW,2014,112.464589235128
PLW,2015,NA
PLW,2016,NA
PLW,2017,NA
PLW,2018,NA
PLW,2019,NA
PLW,2020,160.326889038086
PLW,2021,105.06512301013
PLW,2022,88.5593220338983
PLW,2023,97.6190476190476
PLW,2024,94.839609483961
PNG,2000,NA
PNG,2001,NA
PNG,2002,NA
PNG,2003,NA
PNG,2004,NA
PNG,2005,NA
PNG,2006,NA
PNG,2007,NA
PNG,2008,NA
PNG,2009,NA
PNG,2010,NA
PNG,2011,NA
PNG,2012,32.6879479913319
PNG,2013,NA
PNG,2014,NA
PNG,2015,NA
PNG,2016,NA
PNG,2017,NA
PNG,2018,40.4233467116333
PNG,2019,41.5678577082811
PNG,2020,40.4603408609418
PNG,2021,48.9409565731442
PNG,2022,NA
PNG,2023,48.1780291095574
PNG,2024,NA
POL,2000,NA
POL,2001,100.486572265625
POL,2002,102.079460144043
POL,2003,104.052558898926
POL,2004,99.0511016845703
POL,2005,100.700813293457
POL,2006,99.7898635864258
POL,2007,99.5984573364258
POL,2008,99.4151229858398
POL,2009,99.1387176513672
POL,2010,99.6203994750977
POL,2011,99.9345169067383
POL,2012,99.8879928588867
POL,2013,109.392158508301
POL,2014,107.965179443359
POL,2015,107.555976867676
POL,2016,107.49730682373
POL,2017,108.001609802246
POL,2018,109.459831237793
POL,2019,108.760276794434
POL,2020,112.317840576172
POL,2021,109.834098815918
POL,2022,107.567939758301
POL,2023,107.910926818848
POL,2024,107.191352844238
PRE,2000,18.4421291351318
PRE,2001,19.4840602874756
PRE,2002,20.2954196929932
PRE,2003,21.8995800018311
PRE,2004,23.1740303039551
PRE,2005,24.1649799346924
PRE,2006,24.8874893188477
PRE,2007,25.1443195343018
PRE,2008,27.7371292114258
PRE,2009,29.8313694000244
PRE,2010,31.8350296020508
PRE,2011,32.9029388427734
PRE,2012,34.4295501708984
PRE,2013,37.1601486206055
PRE,2014,35.9321403503418
PRE,2015,36.8539009094238
PRE,2016,36.6112899780273
PRE,2017,37.5345191955566
PRE,2018,38.3734588623047
PRE,2019,39.3805389404297
PRE,2020,40.4143104553223
PRE,2021,41.0802612304688
PRE,2022,41.452709197998
PRE,2023,41.9789581298828
PRE,2024,42.2162017822266
PRI,2000,NA
PRI,2001,NA
PRI,2002,NA
PRI,2003,NA
PRI,2004,NA
PRI,2005,NA
PRI,2006,NA
PRI,2007,NA
PRI,2008,NA
PRI,2009,90.4561462402344
PRI,2010,89.8547134399414
PRI,2011,85.3739318847656
PRI,2012,88.7678070068359
PRI,2013,90.6086273193359
PRI,2014,92.2278671264648
PRI,2015,99.7742919921875
PRI,2016,87.7187728881836
PRI,2017,NA
PRI,2018,90.4226531982422
PRI,2019,NA
PRI,2020,NA
PRI,2021,NA
PRI,2022,NA
PRI,2023,112.479949951172
PRI,2024,82.970628221555
PRK,2000,NA
PRK,2001,NA
PRK,2002,NA
PRK,2003,NA
PRK,2004,NA
PRK,2005,NA
PRK,2006,NA
PRK,2007,NA
PRK,2008,NA
PRK,2009,NA
PRK,2010,NA
PRK,2011,NA
PRK,2012,NA
PRK,2013,NA
PRK,2014,NA
PRK,2015,94.8986968994141
PRK,2016,NA
PRK,2017,NA
PRK,2018,NA
PRK,2019,NA
PRK,2020,NA
PRK,2021,NA
PRK,2022,NA
PRK,2023,NA
PRK,2024,NA
PRT,2000,NA
PRT,2001,111.711250305176
PRT,2002,112.623863220215
PRT,2003,113.136199951172
PRT,2004,100.022537231445
PRT,2005,101.168586730957
PRT,2006,99.9085464477539
PRT,2007,103.064010620117
PRT,2008,104.721168518066
PRT,2009,107.557548522949
PRT,2010,109.032386779785
PRT,2011,109.955856323242
PRT,2012,110.881690979004
PRT,2013,119.206550598145
PRT,2014,114.940048217773
PRT,2015,116.3916015625
PRT,2016,115.198280334473
PRT,2017,117.064079284668
PRT,2018,118.86946105957
PRT,2019,120.158042907715
PRT,2020,118.972717285156
PRT,2021,119.506401062012
PRT,2022,121.729446411133
PRT,2023,121.013473510742
PRT,2024,NA
PRY,2000,65.8415679931641
PRY,2001,69.342658996582
PRY,2002,70.7528381347656
PRY,2003,68.4177780151367
PRY,2004,69.9641571044922
PRY,2005,70.1815185546875
PRY,2006,70.2643737792969
PRY,2007,70.6646575927734
PRY,2008,72.4440612792969
PRY,2009,73.5109176635742
PRY,2010,75.320072641356
PRY,2011,78.1639709472656
PRY,2012,85.5904312133789
PRY,2013,NA
PRY,2014,NA
PRY,2015,NA
PRY,2016,84.2714777594267
PRY,2017,NA
PRY,2018,NA
PRY,2019,NA
PRY,2020,88.6356499895332
PRY,2021,91.6603622436523
PRY,2022,87.3263168334961
PRY,2023,81.5245895544797
PRY,2024,80.8023312507795
PSE,2000,77.6240234375
PSE,2001,80.3880081176758
PSE,2002,82.0936126708984
PSE,2003,84.433952331543
PSE,2004,87.8212738037109
PSE,2005,89.1882629394531
PSE,2006,91.1926574707031
PSE,2007,91.6056976318359
PSE,2008,91.2910003662109
PSE,2009,91.1607971191406
PSE,2010,90.614418241199
PSE,2011,90.4789097664676
PSE,2012,89.7635136812524
PSE,2013,89.3845067710673
PSE,2014,89.2406335817968
PSE,2015,89.9287548247777
PSE,2016,90.2320188949519
PSE,2017,91.1514747935572
PSE,2018,91.43948440818
PSE,2019,92.1069779946866
PSE,2020,92.3509100224999
PSE,2021,92.9705244906805
PSE,2022,92.7547421358175
PSE,2023,92.1529721719084
PSE,2024,NA
PSS,2000,62.3544082641602
PSS,2001,62.2972602844238
PSS,2002,64.8164520263672
PSS,2003,65.9099807739258
PSS,2004,66.4432373046875
PSS,2005,66.5287170410156
PSS,2006,68.0545272827148
PSS,2007,67.9842300415039
PSS,2008,69.6907501220703
PSS,2009,72.1379470825195
PSS,2010,74.0303497314453
PSS,2011,74.1887435913086
PSS,2012,73.3126983642578
PSS,2013,73.6747207641602
PSS,2014,74.1507873535156
PSS,2015,74.3910293579102
PSS,2016,74.3553085327148
PSS,2017,74.5658721923828
PSS,2018,74.8235778808594
PSS,2019,75.1147079467773
PSS,2020,75.3268508911133
PSS,2021,76.0806198120117
PSS,2022,80.4202423095703
PSS,2023,85.149528503418
PSS,2024,84.8050689697266
PST,2000,100.875579833984
PST,2001,101.341667175293
PST,2002,101.486572265625
PST,2003,101.905502319336
PST,2004,101.426467895508
PST,2005,101.675567626953
PST,2006,101.169761657715
PST,2007,101.323890686035
PST,2008,101.652656555176
PST,2009,102.090309143066
PST,2010,102.783782958984
PST,2011,102.406517028809
PST,2012,102.461280822754
PST,2013,105.584037780762
PST,2014,105.992668151855
PST,2015,105.723571777344
PST,2016,105.410469055176
PST,2017,105.532516479492
PST,2018,104.895156860352
PST,2019,104.926292419434
PST,2020,104.928176879883
PST,2021,105.48853302002
PST,2022,104.618598937988
PST,2023,103.374778747559
PST,2024,103.405113220215
PYF,2000,NA
PYF,2001,NA
PYF,2002,NA
PYF,2003,NA
PYF,2004,NA
PYF,2005,NA
PYF,2006,NA
PYF,2007,NA
PYF,2008,NA
PYF,2009,NA
PYF,2010,NA
PYF,2011,NA
PYF,2012,NA
PYF,2013,NA
PYF,2014,NA
PYF,2015,NA
PYF,2016,NA
PYF,2017,NA
PYF,2018,NA
PYF,2019,NA
PYF,2020,NA
PYF,2021,NA
PYF,2022,NA
PYF,2023,NA
PYF,2024,NA
QAT,2000,NA
QAT,2001,98.1914596557617
QAT,2002,98.5448684692383
QAT,2003,100.580139160156
QAT,2004,101.124069213867
QAT,2005,102.335876464844
QAT,2006,101.799743652344
QAT,2007,100.888458251953
QAT,2008,102.374160766602
QAT,2009,99.5016098022461
QAT,2010,99.4061618062088
QAT,2011,96.5915891409608
QAT,2012,102.69592476489
QAT,2013,100.272006631781
QAT,2014,97.8229904174805
QAT,2015,102.855682373047
QAT,2016,101.471275105091
QAT,2017,102.250071204785
QAT,2018,101.167953667954
QAT,2019,106.114051818848
QAT,2020,104.936542983826
QAT,2021,94.4009874257502
QAT,2022,103.828099708644
QAT,2023,100.555801391602
QAT,2024,99.5586624145508
ROU,2000,NA
ROU,2001,83.997932434082
ROU,2002,85.8472137451172
ROU,2003,85.0776214599609
ROU,2004,83.237922668457
ROU,2005,81.6252365112305
ROU,2006,85.9666519165039
ROU,2007,83.9815826416016
ROU,2008,94.1028213500977
ROU,2009,103.092918395996
ROU,2010,101.837959289551
ROU,2011,99.8830795288086
ROU,2012,96.6138229370117
ROU,2013,94.7376480102539
ROU,2014,92.9854202270508
ROU,2015,91.041862487793
ROU,2016,88.5227890014648
ROU,2017,88.4959869384766
ROU,2018,86.5674591064453
ROU,2019,86.5128479003906
ROU,2020,86.8440933227539
ROU,2021,86.4143218994141
ROU,2022,83.2872314453125
ROU,2023,81.8756637573242
ROU,2024,NA
RUS,2000,NA
RUS,2001,NA
RUS,2002,NA
RUS,2003,94.4848098754883
RUS,2004,87.7309417724609
RUS,2005,86.1054534912109
RUS,2006,85.6202087402344
RUS,2007,85.5552978515625
RUS,2008,85.5771331787109
RUS,2009,88.4459609985352
RUS,2010,NA
RUS,2011,93.4703613490167
RUS,2012,94.4915054288516
RUS,2013,95.1585451333232
RUS,2014,94.7123193518247
RUS,2015,95.5388063257807
RUS,2016,95.5642562629198
RUS,2017,96.9046880348653
RUS,2018,98.3779350439121
RUS,2019,99.6904540870663
RUS,2020,91.1345354950116
RUS,2021,91.4263276032683
RUS,2022,91.9435067815037
RUS,2023,91.6148817164136
RUS,2024,NA
RWA,2000,9.83563995361328
RWA,2001,10.7198896408081
RWA,2002,11.7095804214478
RWA,2003,12.5666799545288
RWA,2004,14.3445196151733
RWA,2005,15.3492403030396
RWA,2006,17.1692695617676
RWA,2007,19.1066493988037
RWA,2008,20.7493991851807
RWA,2009,25.5202293395996
RWA,2010,32.039680480957
RWA,2011,36.7639312744141
RWA,2012,31.5941295623779
RWA,2013,31.6404940535794
RWA,2014,43.2179310615644
RWA,2015,40.5258619158058
RWA,2016,39.8630035289782
RWA,2017,41.5758285639592
RWA,2018,43.2482338226061
RWA,2019,46.5223774240521
RWA,2020,NA
RWA,2021,47.0146410981496
RWA,2022,47.5004278023246
RWA,2023,48.7785157251447
RWA,2024,53.3234802182678
SAS,2000,40.5729293823242
SAS,2001,40.8564796447754
SAS,2002,43.2442016601562
SAS,2003,46.8258094787598
SAS,2004,47.6684112548828
SAS,2005,50.1592597961426
SAS,2006,51.1434783935547
SAS,2007,53.7980499267578
SAS,2008,57.021728515625
SAS,2009,57.7675285339355
SAS,2010,61.3690986633301
SAS,2011,63.5410003662109
SAS,2012,66.3012619018555
SAS,2013,68.1774368286133
SAS,2014,73.1499404907227
SAS,2015,73.1828765869141
SAS,2016,74.9855804443359
SAS,2017,73.732780456543
SAS,2018,75.2186279296875
SAS,2019,75.2787170410156
SAS,2020,76.702880859375
SAS,2021,78.1247634887695
SAS,2022,79.9995727539062
SAS,2023,78.5853118896484
SAS,2024,78.1734237670898
SAU,2000,NA
SAU,2001,NA
SAU,2002,NA
SAU,2003,NA
SAU,2004,NA
SAU,2005,98.349739074707
SAU,2006,NA
SAU,2007,NA
SAU,2008,NA
SAU,2009,106.745018005371
SAU,2010,NA
SAU,2011,NA
SAU,2012,NA
SAU,2013,93.2386305984536
SAU,2014,98.8259666809098
SAU,2015,103.193475670071
SAU,2016,106.195082803448
SAU,2017,107.213197631228
SAU,2018,106.805095615016
SAU,2019,104.201619656228
SAU,2020,103.703644184464
SAU,2021,102.31567264971
SAU,2022,120.79801594321
SAU,2023,NA
SAU,2024,110.795878250097
SDN,2000,NA
SDN,2001,29.0130805969238
SDN,2002,31.4626502990723
SDN,2003,31.7940292358398
SDN,2004,34.8905601501465
SDN,2005,34.6907081604004
SDN,2006,33.4989814758301
SDN,2007,32.034049987793
SDN,2008,33.5710983276367
SDN,2009,36.356689453125
SDN,2010,36.596378326416
SDN,2011,33.5257797241211
SDN,2012,36.8792190551758
SDN,2013,39.7228088378906
SDN,2014,40.006519317627
SDN,2015,42.1506309509277
SDN,2016,40.467399597168
SDN,2017,43.3027687072754
SDN,2018,42.4490699768066
SDN,2019,44.8803787231445
SDN,2020,NA
SDN,2021,NA
SDN,2022,NA
SDN,2023,NA
SDN,2024,NA
SEN,2000,11.979640007019
SEN,2001,12.332010269165
SEN,2002,13.5592498779297
SEN,2003,NA
SEN,2004,16.6612892150879
SEN,2005,18.9345207214356
SEN,2006,20.7912902832031
SEN,2007,NA
SEN,2008,27.028829574585
SEN,2009,NA
SEN,2010,34.5189208984375
SEN,2011,40.7124286126975
SEN,2012,44.9835760823554
SEN,2013,48.301600402966
SEN,2014,50.5133794878854
SEN,2015,NA
SEN,2016,NA
SEN,2017,NA
SEN,2018,NA
SEN,2019,47.6122826558931
SEN,2020,48.7408134468399
SEN,2021,50.1069716907194
SEN,2022,51.0293572947889
SEN,2023,50.2150531512901
SEN,2024,NA
SGP,2000,NA
SGP,2001,NA
SGP,2002,NA
SGP,2003,NA
SGP,2004,NA
SGP,2005,NA
SGP,2006,NA
SGP,2007,NA
SGP,2008,NA
SGP,2009,NA
SGP,2010,NA
SGP,2011,NA
SGP,2012,NA
SGP,2013,NA
SGP,2014,NA
SGP,2015,NA
SGP,2016,107.364959262144
SGP,2017,106.88839463636
SGP,2018,105.214493204689
SGP,2019,104.181057515607
SGP,2020,102.619251241336
SGP,2021,102.820483763331
SGP,2022,102.73547410258
SGP,2023,102.676070813741
SGP,2024,NA
SLB,2000,16.835599899292
SLB,2001,20.6115093231201
SLB,2002,26.704740524292
SLB,2003,NA
SLB,2004,NA
SLB,2005,27.2854099273682
SLB,2006,31.7271194458008
SLB,2007,32.7333793640137
SLB,2008,NA
SLB,2009,NA
SLB,2010,47.2111701965332
SLB,2011,47.1220817565918
SLB,2012,47.6625213623047
SLB,2013,NA
SLB,2014,NA
SLB,2015,NA
SLB,2016,NA
SLB,2017,NA
SLB,2018,NA
SLB,2019,NA
SLB,2020,NA
SLB,2021,NA
SLB,2022,NA
SLB,2023,NA
SLB,2024,NA
SLE,2000,NA
SLE,2001,21.2856006622314
SLE,2002,NA
SLE,2003,NA
SLE,2004,NA
SLE,2005,NA
SLE,2006,NA
SLE,2007,NA
SLE,2008,NA
SLE,2009,NA
SLE,2010,NA
SLE,2011,34.7692489624023
SLE,2012,41.3290214538574
SLE,2013,36.7521209716797
SLE,2014,NA
SLE,2015,37.5164985656738
SLE,2016,40.7735595703125
SLE,2017,41.1011695861816
SLE,2018,42.5191192626953
SLE,2019,60.979808807373
SLE,2020,62.9357109069824
SLE,2021,74.4143295288086
SLE,2022,NA
SLE,2023,91.7119293212891
SLE,2024,NA
SLV,2000,53.2483711242676
SLV,2001,55.8607711791992
SLV,2002,59.3954086303711
SLV,2003,63.2922401428223
SLV,2004,67.1742630004883
SLV,2005,67.4095611572266
SLV,2006,67.9830932617188
SLV,2007,68.2611923217773
SLV,2008,67.0742568969727
SLV,2009,67.4736785888672
SLV,2010,68.8328162271063
SLV,2011,70.2541252159409
SLV,2012,71.454258159429
SLV,2013,73.3605507980312
SLV,2014,72.7385537934052
SLV,2015,72.0438162131663
SLV,2016,69.2825794984198
SLV,2017,66.9212075557367
SLV,2018,67.797487363072
SLV,2019,66.123873218959
SLV,2020,66.5137094782116
SLV,2021,67.7409182456172
SLV,2022,68.410512155513
SLV,2023,68.5344206950006
SLV,2024,61.1295384065253
SMR,2000,49.2416610717773
SMR,2001,NA
SMR,2002,NA
SMR,2003,NA
SMR,2004,NA
SMR,2005,NA
SMR,2006,NA
SMR,2007,NA
SMR,2008,63.7246208190918
SMR,2009,64.4038314819336
SMR,2010,66.8350219726562
SMR,2011,67.8209533691406
SMR,2012,64.1434326171875
SMR,2013,NA
SMR,2014,NA
SMR,2015,NA
SMR,2016,NA
SMR,2017,NA
SMR,2018,57.6923076923077
SMR,2019,59.4113090627421
SMR,2020,59.9095704596835
SMR,2021,59.5874713521772
SMR,2022,59.4007490636704
SMR,2023,59.8075499629904
SMR,2024,59.5952023988006
SOM,2000,NA
SOM,2001,NA
SOM,2002,NA
SOM,2003,NA
SOM,2004,NA
SOM,2005,NA
SOM,2006,NA
SOM,2007,3.84326004981995
SOM,2008,NA
SOM,2009,NA
SOM,2010,NA
SOM,2011,NA
SOM,2012,NA
SOM,2013,NA
SOM,2014,NA
SOM,2015,NA
SOM,2016,NA
SOM,2017,NA
SOM,2018,NA
SOM,2019,NA
SOM,2020,NA
SOM,2021,NA
SOM,2022,NA
SOM,2023,2.75847005844116
SOM,2024,NA
SRB,2000,92.3186569213867
SRB,2001,90.9246368408203
SRB,2002,90.5492401123047
SRB,2003,90.9021224975586
SRB,2004,89.8924789428711
SRB,2005,90.3657913208008
SRB,2006,91.3711624145508
SRB,2007,91.5406799316406
SRB,2008,92.2437896728516
SRB,2009,93.3237915039062
SRB,2010,93.4530868530273
SRB,2011,95.416130065918
SRB,2012,96.4776000976562
SRB,2013,96.5699691772461
SRB,2014,95.795036315918
SRB,2015,97.9315490722656
SRB,2016,97.4025421142578
SRB,2017,95.9280700683594
SRB,2018,95.5111312866211
SRB,2019,94.8361511230469
SRB,2020,93.3936004638672
SRB,2021,93.580436706543
SRB,2022,95.2010726928711
SRB,2023,NA
SRB,2024,88.5398788452148
SSA,2000,22.6678905487061
SSA,2001,23.7459506988525
SSA,2002,24.284460067749
SSA,2003,25.3785400390625
SSA,2004,26.6732807159424
SSA,2005,27.6099700927734
SSA,2006,28.4692993164062
SSA,2007,29.0852508544922
SSA,2008,31.1639308929443
SSA,2009,32.9944610595703
SSA,2010,34.9302597045898
SSA,2011,36.127140045166
SSA,2012,37.7186889648438
SSA,2013,40.247688293457
SSA,2014,39.3362312316895
SSA,2015,39.9736595153809
SSA,2016,39.7671089172363
SSA,2017,40.3692207336426
SSA,2018,40.8536911010742
SSA,2019,41.8304290771484
SSA,2020,42.7509613037109
SSA,2021,43.4608612060547
SSA,2022,43.7772483825684
SSA,2023,44.2103118896484
SSA,2024,44.4859504699707
SSD,2000,NA
SSD,2001,NA
SSD,2002,NA
SSD,2003,NA
SSD,2004,NA
SSD,2005,NA
SSD,2006,NA
SSD,2007,NA
SSD,2008,NA
SSD,2009,NA
SSD,2010,NA
SSD,2011,7.3020601272583
SSD,2012,NA
SSD,2013,NA
SSD,2014,NA
SSD,2015,8.0513801574707
SSD,2016,NA
SSD,2017,NA
SSD,2018,NA
SSD,2019,NA
SSD,2020,NA
SSD,2021,NA
SSD,2022,NA
SSD,2023,NA
SSD,2024,110.429168701172
SSF,2000,22.6744499206543
SSF,2001,23.7513294219971
SSF,2002,24.2899494171143
SSF,2003,25.3840808868408
SSF,2004,26.6784706115723
SSF,2005,27.6153392791748
SSF,2006,28.4737796783447
SSF,2007,29.0900192260742
SSF,2008,31.1681404113769
SSF,2009,32.9982681274414
SSF,2010,34.9334907531738
SSF,2011,36.1298713684082
SSF,2012,37.7216110229492
SSF,2013,40.2503395080566
SSF,2014,39.3387718200684
SSF,2015,39.976261138916
SSF,2016,39.7697906494141
SSF,2017,40.371768951416
SSF,2018,40.8560485839844
SSF,2019,41.8325309753418
SSF,2020,42.7530403137207
SSF,2021,43.4628715515137
SSF,2022,43.7793312072754
SSF,2023,44.2121391296387
SSF,2024,44.4877815246582
SST,2000,59.5752296447754
SST,2001,60.3716316223145
SST,2002,61.3390197753906
SST,2003,63.2497787475586
SST,2004,63.3338203430176
SST,2005,64.2955093383789
SST,2006,65.6151428222656
SST,2007,66.8766021728516
SST,2008,67.7862396240234
SST,2009,69.0761337280273
SST,2010,71.6559371948242
SST,2011,70.9572906494141
SST,2012,71.8961410522461
SST,2013,72.3302307128906
SST,2014,73.2717437744141
SST,2015,73.7108535766602
SST,2016,74.6144866943359
SST,2017,75.3346328735352
SST,2018,75.903190612793
SST,2019,76.7563323974609
SST,2020,76.861701965332
SST,2021,77.3530426025391
SST,2022,77.6589813232422
SST,2023,78.010009765625
SST,2024,79.3243103027344
STP,2000,NA
STP,2001,NA
STP,2002,NA
STP,2003,39.3140983581543
STP,2004,40.7657203674316
STP,2005,44.7436714172363
STP,2006,NA
STP,2007,48.4593505859375
STP,2008,45.365550994873
STP,2009,52.2087516784668
STP,2010,50.9835586547852
STP,2011,52.2642288208008
STP,2012,59.7818183898926
STP,2013,66.1306762695312
STP,2014,77.0031433105469
STP,2015,85.4740676879883
STP,2016,87.7800827026367
STP,2017,95.1290435791016
STP,2018,NA
STP,2019,NA
STP,2020,NA
STP,2021,NA
STP,2022,NA
STP,2023,NA
STP,2024,NA
SUR,2000,NA
SUR,2001,75.541130065918
SUR,2002,83.0842208862305
SUR,2003,NA
SUR,2004,NA
SUR,2005,78.6488189697266
SUR,2006,81.0094223022461
SUR,2007,81.8407363891602
SUR,2008,80.975456237793
SUR,2009,76.6016998291016
SUR,2010,78.9992418498863
SUR,2011,77.7834641191857
SUR,2012,77.8469800143941
SUR,2013,77.4462459869965
SUR,2014,76.9391174316406
SUR,2015,78.6041488647461
SUR,2016,84.818447575667
SUR,2017,NA
SUR,2018,NA
SUR,2019,82.830275343503
SUR,2020,NA
SUR,2021,70.7176818847656
SUR,2022,78.089997077636
SUR,2023,NA
SUR,2024,NA
SVK,2000,NA
SVK,2001,88.1246337890625
SVK,2002,89.0171585083008
SVK,2003,91.3358383178711
SVK,2004,94.4136505126953
SVK,2005,95.744010925293
SVK,2006,95.871223449707
SVK,2007,95.7360076904297
SVK,2008,95.2825317382812
SVK,2009,95.0532531738281
SVK,2010,95.2302780151367
SVK,2011,95.2902526855469
SVK,2012,95.3833312988281
SVK,2013,94.3745574951172
SVK,2014,93.4395599365234
SVK,2015,92.5494537353516
SVK,2016,92.0748672485352
SVK,2017,91.9410705566406
SVK,2018,92.4617462158203
SVK,2019,92.1884994506836
SVK,2020,91.6913375854492
SVK,2021,91.8019866943359
SVK,2022,92.8732299804688
SVK,2023,93.5071716308594
SVK,2024,93.8056869506836
SVN,2000,NA
SVN,2001,109.847099304199
SVN,2002,109.827102661133
SVN,2003,110.677322387695
SVN,2004,98.9839782714844
SVN,2005,98.4201812744141
SVN,2006,97.2961807250977
SVN,2007,99.123893737793
SVN,2008,99.6752166748047
SVN,2009,98.8639907836914
SVN,2010,98.0620422363281
SVN,2011,97.9105606079102
SVN,2012,97.7083282470703
SVN,2013,110.404258728027
SVN,2014,110.249092102051
SVN,2015,109.984649658203
SVN,2016,116.400497436523
SVN,2017,115.774978637695
SVN,2018,114.688491821289
SVN,2019,112.492553710938
SVN,2020,111.227478027344
SVN,2021,108.541328430176
SVN,2022,108.789093017578
SVN,2023,108.57103729248
SVN,2024,NA
SWE,2000,NA
SWE,2001,165.631896972656
SWE,2002,158.776672363281
SWE,2003,148.485015869141
SWE,2004,103.179138183594
SWE,2005,101.34204864502
SWE,2006,101.008438110352
SWE,2007,100.787086486816
SWE,2008,101.293617248535
SWE,2009,101.153099060059
SWE,2010,101.71981048584
SWE,2011,101.528671264648
SWE,2012,102.479888916016
SWE,2013,141.469116210938
SWE,2014,142.575439453125
SWE,2015,146.889114379883
SWE,2016,145.599060058594
SWE,2017,148.528549194336
SWE,2018,147.598724365234
SWE,2019,142.982864379883
SWE,2020,143.369766235352
SWE,2021,146.834045410156
SWE,2022,148.988021850586
SWE,2023,143.316436767578
SWE,2024,141.029846191406
SWZ,2000,42.7815818786621
SWZ,2001,42.9482002258301
SWZ,2002,43.8290100097656
SWZ,2003,43.1537284851074
SWZ,2004,45.834659576416
SWZ,2005,48.8366012573242
SWZ,2006,52.9540214538574
SWZ,2007,53.4239311218262
SWZ,2008,NA
SWZ,2009,57.9981803894043
SWZ,2010,62.7447319030762
SWZ,2011,64.7975387573242
SWZ,2012,66.9680328369141
SWZ,2013,69.7378005981445
SWZ,2014,73.5833206176758
SWZ,2015,76.7041397094727
SWZ,2016,82.1736533366008
SWZ,2017,NA
SWZ,2018,NA
SWZ,2019,NA
SWZ,2020,NA
SWZ,2021,NA
SWZ,2022,NA
SWZ,2023,NA
SWZ,2024,NA
SXM,2000,NA
SXM,2001,NA
SXM,2002,NA
SXM,2003,NA
SXM,2004,NA
SXM,2005,NA
SXM,2006,NA
SXM,2007,NA
SXM,2008,NA
SXM,2009,NA
SXM,2010,NA
SXM,2011,NA
SXM,2012,121.167315175097
SXM,2013,NA
SXM,2014,106.940063091483
SXM,2015,NA
SXM,2016,NA
SXM,2017,NA
SXM,2018,NA
SXM,2019,NA
SXM,2020,NA
SXM,2021,NA
SXM,2022,NA
SXM,2023,NA
SXM,2024,NA
SYC,2000,89.2084808349609
SYC,2001,80.8181381225586
SYC,2002,76.393440246582
SYC,2003,79.4021224975586
SYC,2004,80.9912414550781
SYC,2005,87.5332717895508
SYC,2006,80.9504013061523
SYC,2007,90.0347366333008
SYC,2008,88.1114273071289
SYC,2009,87.4722290039062
SYC,2010,77.6830291748047
SYC,2011,76.9048643994834
SYC,2012,84.1715316772461
SYC,2013,89.2255892255892
SYC,2014,90.5354919053549
SYC,2015,94.5454545454545
SYC,2016,101.458499071864
SYC,2017,113.519952352591
SYC,2018,106.99716713881
SYC,2019,100.954458685574
SYC,2020,102.862543883338
SYC,2021,104.61993016384601
SYC,2022,78.1369548584545
SYC,2023,75.8835758835759
SYC,2024,73.0632629394531
SYR,2000,41.8427505493164
SYR,2001,42.4856414794922
SYR,2002,43.8788604736328
SYR,2003,58.0821113586426
SYR,2004,60.973819732666
SYR,2005,64.111328125
SYR,2006,65.7816696166992
SYR,2007,67.0424194335938
SYR,2008,67.7757873535156
SYR,2009,69.3705520629883
SYR,2010,70.5109329223633
SYR,2011,71.8534393310547
SYR,2012,72.8255767822266
SYR,2013,47.3244400024414
SYR,2014,NA
SYR,2015,NA
SYR,2016,NA
SYR,2017,NA
SYR,2018,NA
SYR,2019,NA
SYR,2020,40.9866714477539
SYR,2021,41.2969818115234
SYR,2022,42.0501708984375
SYR,2023,42.0292587280273
SYR,2024,41.8100318908691
TCA,2000,83.0188674926758
TCA,2001,NA
TCA,2002,NA
TCA,2003,80.0256118774414
TCA,2004,85.5878601074219
TCA,2005,93.9393920898438
TCA,2006,NA
TCA,2007,NA
TCA,2008,NA
TCA,2009,107.745780944824
TCA,2010,NA
TCA,2011,NA
TCA,2012,NA
TCA,2013,NA
TCA,2014,70.3932189941406
TCA,2015,78.5111281657713
TCA,2016,69.2889561270802
TCA,2017,80.772142316427
TCA,2018,86.8580093383789
TCA,2019,83.3458929917106
TCA,2020,81.2965722801788
TCA,2021,87.9500427246094
TCA,2022,95.5202331542969
TCA,2023,101.720430107527
TCA,2024,112.647058823529
TCD,2000,4.86319017410278
TCD,2001,5.92101001739502
TCD,2002,6.716139793396
TCD,2003,7.23851013183594
TCD,2004,7.58640003204346
TCD,2005,7.99178981781006
TCD,2006,8.39060974121094
TCD,2007,11.3585796356201
TCD,2008,12.1731004714966
TCD,2009,13.3485803604126
TCD,2010,13.3503582919367
TCD,2011,13.9537990672367
TCD,2012,13.9380247654593
TCD,2013,15.5360282192823
TCD,2014,14.2828502655029
TCD,2015,13.880263310419
TCD,2016,14.2798381653045
TCD,2017,14.0123630025093
TCD,2018,13.9039225599097
TCD,2019,14.1967132658225
TCD,2020,NA
TCD,2021,17.2672329408201
TCD,2022,NA
TCD,2023,19.2402040168684
TCD,2024,19.4390107130432
TEA,2000,57.0315093994141
TEA,2001,59.2179107666016
TEA,2002,60.3938217163086
TEA,2003,62.1098098754883
TEA,2004,65.2021179199219
TEA,2005,67.6620712280273
TEA,2006,70.9818725585938
TEA,2007,74.9075927734375
TEA,2008,77.8543090820312
TEA,2009,82.3411712646484
TEA,2010,83.34423828125
TEA,2011,84.9011993408203
TEA,2012,85.726921081543
TEA,2013,86.6558074951172
TEA,2014,86.3143920898438
TEA,2015,86.5495834350586
TEA,2016,86.0514678955078
TEA,2017,86.2188720703125
TEA,2018,86.9969024658203
TEA,2019,88.6385192871094
TEA,2020,89.5575103759766
TEA,2021,90.1944808959961
TEA,2022,90.9774169921875
TEA,2023,91.7039489746094
TEA,2024,91.4581985473633
TEC,2000,87.6772766113281
TEC,2001,89.4204711914062
TEC,2002,90.6718521118164
TEC,2003,91.4140014648438
TEC,2004,88.7538833618164
TEC,2005,87.1847305297852
TEC,2006,88.5636291503906
TEC,2007,89.2510299682617
TEC,2008,89.7542266845703
TEC,2009,89.4047393798828
TEC,2010,90.8484420776367
TEC,2011,91.8245391845703
TEC,2012,92.2141799926758
TEC,2013,97.1514587402344
TEC,2014,97.9911727905273
TEC,2015,97.9764862060547
TEC,2016,98.0270080566406
TEC,2017,98.9324569702148
TEC,2018,99.4584503173828
TEC,2019,99.4928283691406
TEC,2020,96.9749603271484
TEC,2021,96.7162628173828
TEC,2022,96.9985275268555
TEC,2023,96.8232421875
TEC,2024,97.7441177368164
TGO,2000,19.6559391021729
TGO,2001,21.8023300170898
TGO,2002,25.0553398132324
TGO,2003,27.0041999816894
TGO,2004,28.7924709320068
TGO,2005,30.9342098236084
TGO,2006,32.7757911682129
TGO,2007,29.8247108459473
TGO,2008,NA
TGO,2009,NA
TGO,2010,NA
TGO,2011,NA
TGO,2012,NA
TGO,2013,NA
TGO,2014,NA
TGO,2015,NA
TGO,2016,NA
TGO,2017,51.5055745468098
TGO,2018,NA
TGO,2019,NA
TGO,2020,NA
TGO,2021,56.962123807999
TGO,2022,NA
TGO,2023,59.0849653049812
TGO,2024,NA
THA,2000,NA
THA,2001,63.7907905578613
THA,2002,66.2131118774414
THA,2003,NA
THA,2004,70.2931900024414
THA,2005,74.191291809082
THA,2006,74.3672103881836
THA,2007,79.398323059082
THA,2008,78.9311370849609
THA,2009,80.728889465332
THA,2010,86.182746887207
THA,2011,89.8197708129883
THA,2012,88.4013214111328
THA,2013,87.5384979248047
THA,2014,126.830101013184
THA,2015,121.944808959961
THA,2016,122.222442626953
THA,2017,86.0704322494438
THA,2018,87.3145736498592
THA,2019,85.5828342157346
THA,2020,86.5028787913307
THA,2021,88.4176900305973
THA,2022,94.929673800743
THA,2023,96.6361035696829
THA,2024,94.0628144371624
TJK,2000,63.1059913635254
TJK,2001,63.6778411865234
TJK,2002,65.0725173950195
TJK,2003,67.4764785766602
TJK,2004,68.9734802246094
TJK,2005,69.2418670654297
TJK,2006,69.8144989013672
TJK,2007,70.9309921264648
TJK,2008,73.0743865966797
TJK,2009,74.3436737060547
TJK,2010,74.2631072998047
TJK,2011,75.5782928466797
TJK,2012,78.0864105224609
TJK,2013,79.1657104492188
TJK,2014,NA
TJK,2015,NA
TJK,2016,NA
TJK,2017,NA
TJK,2018,NA
TJK,2019,NA
TJK,2020,84.0353803669802
TJK,2021,84.6863463051504
TJK,2022,85.1438254472206
TJK,2023,83.7874636593437
TJK,2024,82.8936127916098
TKM,2000,NA
TKM,2001,NA
TKM,2002,NA
TKM,2003,NA
TKM,2004,NA
TKM,2005,NA
TKM,2006,NA
TKM,2007,NA
TKM,2008,NA
TKM,2009,NA
TKM,2010,NA
TKM,2011,NA
TKM,2012,NA
TKM,2013,NA
TKM,2014,NA
TKM,2015,NA
TKM,2016,NA
TKM,2017,NA
TKM,2018,NA
TKM,2019,85.1072153533862
TKM,2020,87.9286483161618
TKM,2021,90.9738998413086
TKM,2022,93.1647186279297
TKM,2023,NA
TKM,2024,94.7373803445767
TLA,2000,81.6936492919922
TLA,2001,82.9421920776367
TLA,2002,90.0301666259766
TLA,2003,87.6782684326172
TLA,2004,89.3608474731445
TLA,2005,89.7480316162109
TLA,2006,88.2021179199219
TLA,2007,89.4879989624023
TLA,2008,90.7566299438477
TLA,2009,91.6688919067383
TLA,2010,92.5695877075195
TLA,2011,92.9363327026367
TLA,2012,92.8396377563477
TLA,2013,97.6307601928711
TLA,2014,97.6352081298828
TLA,2015,97.6419296264648
TLA,2016,98.4624328613281
TLA,2017,98.6692733764648
TLA,2018,99.8246307373047
TLA,2019,100.109489440918
TLA,2020,99.6935195922852
TLA,2021,100.692810058594
TLA,2022,100.131057739258
TLA,2023,100.539413452148
TLA,2024,100.964630126953
TLS,2000,NA
TLS,2001,NA
TLS,2002,NA
TLS,2003,NA
TLS,2004,57.4367485046387
TLS,2005,59.5954513549805
TLS,2006,NA
TLS,2007,NA
TLS,2008,57.0424880981445
TLS,2009,66.6238479614258
TLS,2010,68.6269372897248
TLS,2011,71.4300991899046
TLS,2012,71.6261633919338
TLS,2013,69.9035409795258
TLS,2014,72.1954898017811
TLS,2015,75.7349709712488
TLS,2016,80.4793824903514
TLS,2017,84.7672794199171
TLS,2018,87.2436736474694
TLS,2019,89.6775720031834
TLS,2020,89.3942621030436
TLS,2021,NA
TLS,2022,NA
TLS,2023,NA
TLS,2024,NA
TMN,2000,NA
TMN,2001,NA
TMN,2002,NA
TMN,2003,NA
TMN,2004,NA
TMN,2005,NA
TMN,2006,NA
TMN,2007,NA
TMN,2008,NA
TMN,2009,NA
TMN,2010,NA
TMN,2011,NA
TMN,2012,NA
TMN,2013,NA
TMN,2014,NA
TMN,2015,NA
TMN,2016,NA
TMN,2017,NA
TMN,2018,NA
TMN,2019,NA
TMN,2020,NA
TMN,2021,NA
TMN,2022,NA
TMN,2023,NA
TMN,2024,NA
TON,2000,102.80802154541
TON,2001,99.6704864501953
TON,2002,104.751586914062
TON,2003,NA
TON,2004,NA
TON,2005,NA
TON,2006,99.0016174316406
TON,2007,86.3509674072266
TON,2008,107.204528808594
TON,2009,119.411682128906
TON,2010,110.511276245117
TON,2011,106.433456420898
TON,2012,97.7831802368164
TON,2013,98.4293899536133
TON,2014,102.685864599197
TON,2015,108.722566122679
TON,2016,NA
TON,2017,NA
TON,2018,NA
TON,2019,101.290988897495
TON,2020,96.1400359066427
TON,2021,106.296201886311
TON,2022,101.076767164935
TON,2023,97.895246159429007
TON,2024,96.0905349794239
TSA,2000,40.5729293823242
TSA,2001,40.8564796447754
TSA,2002,43.2442016601562
TSA,2003,46.8258094787598
TSA,2004,47.6684112548828
TSA,2005,50.1592597961426
TSA,2006,51.1434783935547
TSA,2007,53.7980499267578
TSA,2008,57.021728515625
TSA,2009,57.7675285339355
TSA,2010,61.3690986633301
TSA,2011,63.5410003662109
TSA,2012,66.3012619018555
TSA,2013,68.1774368286133
TSA,2014,73.1499404907227
TSA,2015,73.1828765869141
TSA,2016,74.9855804443359
TSA,2017,73.732780456543
TSA,2018,75.2186279296875
TSA,2019,75.2787170410156
TSA,2020,76.702880859375
TSA,2021,78.1247634887695
TSA,2022,79.9995727539062
TSA,2023,78.5853118896484
TSA,2024,78.1734237670898
TSS,2000,22.6744499206543
TSS,2001,23.7513294219971
TSS,2002,24.2899494171143
TSS,2003,25.3840808868408
TSS,2004,26.6784706115723
TSS,2005,27.6153392791748
TSS,2006,28.4737796783447
TSS,2007,29.0900192260742
TSS,2008,31.1681404113769
TSS,2009,32.9982681274414
TSS,2010,34.9334907531738
TSS,2011,36.1298713684082
TSS,2012,37.7216110229492
TSS,2013,40.2503395080566
TSS,2014,39.3387718200684
TSS,2015,39.976261138916
TSS,2016,39.7697906494141
TSS,2017,40.371768951416
TSS,2018,40.8560485839844
TSS,2019,41.8325309753418
TSS,2020,42.7530403137207
TSS,2021,43.4628715515137
TSS,2022,43.7793312072754
TSS,2023,44.2121391296387
TSS,2024,44.4877815246582
TTO,2000,NA
TTO,2001,NA
TTO,2002,NA
TTO,2003,NA
TTO,2004,87.3486480712891
TTO,2005,NA
TTO,2006,NA
TTO,2007,NA
TTO,2008,NA
TTO,2009,NA
TTO,2010,NA
TTO,2011,NA
TTO,2012,NA
TTO,2013,NA
TTO,2014,NA
TTO,2015,NA
TTO,2016,NA
TTO,2017,NA
TTO,2018,NA
TTO,2019,NA
TTO,2020,NA
TTO,2021,NA
TTO,2022,NA
TTO,2023,95.1876678466797
TTO,2024,98.4770166223362
TUN,2000,74.7923202514648
TUN,2001,77.1083908081055
TUN,2002,78.3930435180664
TUN,2003,79.2942810058594
TUN,2004,NA
TUN,2005,87.7173919677734
TUN,2006,90.072380065918
TUN,2007,NA
TUN,2008,94.3590087890625
TUN,2009,91.7849884033203
TUN,2010,90.7552108764648
TUN,2011,90.9749908447266
TUN,2012,NA
TUN,2013,NA
TUN,2014,NA
TUN,2015,NA
TUN,2016,95.4877166748047
TUN,2017,NA
TUN,2018,NA
TUN,2019,NA
TUN,2020,NA
TUN,2021,NA
TUN,2022,NA
TUN,2023,NA
TUN,2024,NA
TUR,2000,63.1940116882324
TUR,2001,72.3898696899414
TUR,2002,76.3927612304688
TUR,2003,78.0895462036133
TUR,2004,77.7478103637695
TUR,2005,78.0205230712891
TUR,2006,81.7884063720703
TUR,2007,84.3841094970703
TUR,2008,84.4206237792969
TUR,2009,77.3252868652344
TUR,2010,81.3065490722656
TUR,2011,84.8130187988281
TUR,2012,83.5451507568359
TUR,2013,101.523071289062
TUR,2014,105.464340209961
TUR,2015,106.707969665527
TUR,2016,108.04418182373
TUR,2017,110.961929321289
TUR,2018,111.409126281738
TUR,2019,110.276336669922
TUR,2020,111.511711120605
TUR,2021,113.14852142334
TUR,2022,114.45539855957
TUR,2023,116.872711181641
TUR,2024,NA
TUV,2000,NA
TUV,2001,79.1353378295898
TUV,2002,NA
TUV,2003,NA
TUV,2004,NA
TUV,2005,NA
TUV,2006,NA
TUV,2007,NA
TUV,2008,NA
TUV,2009,NA
TUV,2010,NA
TUV,2011,NA
TUV,2012,NA
TUV,2013,NA
TUV,2014,86.5306091308594
TUV,2015,96.6386566162109
TUV,2016,85.5491333007812
TUV,2017,NA
TUV,2018,86.4122085571289
TUV,2019,85.4070663452148
TUV,2020,79.6899224806202
TUV,2021,96.5023847376789
TUV,2022,100
TUV,2023,104.873949579832
TUV,2024,104.399323181049
TZA,2000,NA
TZA,2001,NA
TZA,2002,NA
TZA,2003,NA
TZA,2004,NA
TZA,2005,NA
TZA,2006,NA
TZA,2007,NA
TZA,2008,NA
TZA,2009,NA
TZA,2010,28.6016407012939
TZA,2011,NA
TZA,2012,NA
TZA,2013,31.0077818769829
TZA,2014,29.0062999725342
TZA,2015,25.9106006622314
TZA,2016,25.6934364827346
TZA,2017,26.6423516825531
TZA,2018,29.1602013185307
TZA,2019,31.1972029418227
TZA,2020,32.1652787700855
TZA,2021,29.2047595977783
TZA,2022,NA
TZA,2023,NA
TZA,2024,NA
UGA,2000,NA
UGA,2001,NA
UGA,2002,NA
UGA,2003,NA
UGA,2004,16.8686599731445
UGA,2005,NA
UGA,2006,NA
UGA,2007,21.5002498626709
UGA,2008,NA
UGA,2009,NA
UGA,2010,NA
UGA,2011,NA
UGA,2012,NA
UGA,2013,NA
UGA,2014,NA
UGA,2015,NA
UGA,2016,NA
UGA,2017,NA
UGA,2018,NA
UGA,2019,NA
UGA,2020,NA
UGA,2021,NA
UGA,2022,NA
UGA,2023,NA
UGA,2024,NA
UKR,2000,98.193229675293
UKR,2001,98.8703765869141
UKR,2002,100.236778259277
UKR,2003,101.120651245117
UKR,2004,98.2237396240234
UKR,2005,91.2730178833008
UKR,2006,96.4371032714844
UKR,2007,97.5493469238281
UKR,2008,96.8652420043945
UKR,2009,96.3311386108398
UKR,2010,96.942228683639
UKR,2011,94.7154860488778
UKR,2012,98.4852773037302
UKR,2013,98.0469615030478
UKR,2014,97.3614608821971
UKR,2015,89.8863449960325
UKR,2016,88.2942638037531
UKR,2017,86.8121857927259
UKR,2018,85.9279826554464
UKR,2019,84.7468835528529
UKR,2020,84.7870132572542
UKR,2021,85.0508078338962
UKR,2022,NA
UKR,2023,87.33740234375
UKR,2024,86.3840713500977
UMC,2000,66.2597122192383
UMC,2001,68.3133697509766
UMC,2002,70.6292572021484
UMC,2003,71.2107620239258
UMC,2004,73.840202331543
UMC,2005,75.7810897827148
UMC,2006,78.3796768188477
UMC,2007,81.7421188354492
UMC,2008,84.385009765625
UMC,2009,87.9890213012695
UMC,2010,88.9938888549805
UMC,2011,90.385612487793
UMC,2012,90.9012832641602
UMC,2013,93.5033798217773
UMC,2014,93.6200866699219
UMC,2015,93.5445327758789
UMC,2016,93.4494018554688
UMC,2017,93.6901931762695
UMC,2018,94.4231109619141
UMC,2019,95.2726516723633
UMC,2020,95.6853103637695
UMC,2021,96.4112930297852
UMC,2022,96.6962585449219
UMC,2023,97.1281433105469
UMC,2024,97.5216217041016
URY,2000,102.627563476562
URY,2001,106.713279724121
URY,2002,111.768592834473
URY,2003,117.109466552734
URY,2004,115.683738708496
URY,2005,109.80770111084
URY,2006,109.769859313965
URY,2007,92.125846862793
URY,2008,93.4709930419922
URY,2009,94.7426071166992
URY,2010,106.562271118164
URY,2011,NA
URY,2012,NA
URY,2013,NA
URY,2014,NA
URY,2015,NA
URY,2016,NA
URY,2017,122.787338256836
URY,2018,124.153419494629
URY,2019,126.343617174679
URY,2020,123.152969360352
URY,2021,127.390487491348
URY,2022,128.742960061751
URY,2023,125.241045093642
URY,2024,NA
USA,2000,NA
USA,2001,NA
USA,2002,NA
USA,2003,NA
USA,2004,NA
USA,2005,95.9484786987305
USA,2006,NA
USA,2007,NA
USA,2008,NA
USA,2009,NA
USA,2010,NA
USA,2011,NA
USA,2012,NA
USA,2013,96.3090591430664
USA,2014,97.5130462646484
USA,2015,98.1735763549805
USA,2016,98.4747085571289
USA,2017,98.695556640625
USA,2018,98.7960586547852
USA,2019,99.189453125
USA,2020,99.4142990112305
USA,2021,101.344367980957
USA,2022,98.6511611938477
USA,2023,NA
USA,2024,NA
UZB,2000,83.9072113037109
UZB,2001,NA
UZB,2002,NA
UZB,2003,93.6033630371094
UZB,2004,94.2597122192383
UZB,2005,86.4646072387695
UZB,2006,87.5898895263672
UZB,2007,89.1888122558594
UZB,2008,87.9145126342773
UZB,2009,89.0407485961914
UZB,2010,89.7888793945312
UZB,2011,89.2128524780273
UZB,2012,91.5890082905573
UZB,2013,91.6004685595298
UZB,2014,91.3187707069968
UZB,2015,91.938963197135
UZB,2016,92.4681516255333
UZB,2017,93.5591792866064
UZB,2018,94.8141255682856
UZB,2019,96.2599029541016
UZB,2020,90.407816338473
UZB,2021,96.6067427080091
UZB,2022,96.8054259764286
UZB,2023,97.0191649872622
UZB,2024,96.4939184204858
VCT,2000,91.9645767211914
VCT,2001,NA
VCT,2002,91.8197937011719
VCT,2003,91.2639083862305
VCT,2004,100.018661499023
VCT,2005,102.079788208008
VCT,2006,NA
VCT,2007,113.044311523438
VCT,2008,117.714179992676
VCT,2009,116.112533569336
VCT,2010,115.479309082031
VCT,2011,108.105308532715
VCT,2012,107.489356994629
VCT,2013,110.041656494141
VCT,2014,113.528747558594
VCT,2015,116.049102783203
VCT,2016,NA
VCT,2017,NA
VCT,2018,NA
VCT,2019,129.843918191604
VCT,2020,129.2984869326
VCT,2021,130.800877674164
VCT,2022,130.509846236849
VCT,2023,126.988335100742
VCT,2024,125.951193912359
VEN,2000,64.4638214111328
VEN,2001,68.3014984130859
VEN,2002,72.3493194580078
VEN,2003,73.3737564086914
VEN,2004,75.9502868652344
VEN,2005,78.2394714355469
VEN,2006,80.8675308227539
VEN,2007,83.1648788452148
VEN,2008,84.4423980712891
VEN,2009,85.081657409668
VEN,2010,85.0954513549805
VEN,2011,85.9672698974609
VEN,2012,88.2607498168945
VEN,2013,96.2343673706055
VEN,2014,94.9835891723633
VEN,2015,92.9153289794922
VEN,2016,89.12158203125
VEN,2017,87.9344787597656
VEN,2018,NA
VEN,2019,NA
VEN,2020,NA
VEN,2021,NA
VEN,2022,100.249549865723
VEN,2023,101.692710876465
VEN,2024,102.248580932617
VGB,2000,98.7146530151367
VGB,2001,98.8943481445312
VGB,2002,92.8406524658203
VGB,2003,98.5393295288086
VGB,2004,98.6696166992188
VGB,2005,112.334800720215
VGB,2006,114.175819396973
VGB,2007,113.267539978027
VGB,2008,NA
VGB,2009,106.144073486328
VGB,2010,106.113990783691
VGB,2011,97.9529170931423
VGB,2012,97.4103585657371
VGB,2013,98.6381322957199
VGB,2014,99.0403071017274
VGB,2015,99.1428571428571
VGB,2016,98.3240223463687
VGB,2017,91.5360501567398
VGB,2018,67.0731707317073
VGB,2019,71.2076583210604
VGB,2020,71.6428571428571
VGB,2021,71.9810040705563
VGB,2022,70.318733215332
VGB,2023,67.6392572944297
VGB,2024,73.7792587280273
VIR,2000,NA
VIR,2001,NA
VIR,2002,NA
VIR,2003,NA
VIR,2004,NA
VIR,2005,NA
VIR,2006,NA
VIR,2007,NA
VIR,2008,NA
VIR,2009,NA
VIR,2010,NA
VIR,2011,NA
VIR,2012,NA
VIR,2013,NA
VIR,2014,NA
VIR,2015,NA
VIR,2016,NA
VIR,2017,NA
VIR,2018,NA
VIR,2019,NA
VIR,2020,NA
VIR,2021,NA
VIR,2022,NA
VIR,2023,NA
VIR,2024,NA
VNM,2000,NA
VNM,2001,NA
VNM,2002,NA
VNM,2003,NA
VNM,2004,NA
VNM,2005,NA
VNM,2006,NA
VNM,2007,NA
VNM,2008,NA
VNM,2009,NA
VNM,2010,NA
VNM,2011,NA
VNM,2012,NA
VNM,2013,NA
VNM,2014,NA
VNM,2015,83.8337492903167
VNM,2016,86.3064277183873
VNM,2017,87.6304773371075
VNM,2018,88.6447461101443
VNM,2019,89.7093994425268
VNM,2020,89.4501554566878
VNM,2021,90.3080638471257
VNM,2022,90.5445572317873
VNM,2023,NA
VNM,2024,NA
VUT,2000,36.3795394897461
VUT,2001,32.9031410217285
VUT,2002,36.6023406982422
VUT,2003,34.7020416259766
VUT,2004,37.1137084960938
VUT,2005,NA
VUT,2006,NA
VUT,2007,NA
VUT,2008,NA
VUT,2009,NA
VUT,2010,54.8430037539749
VUT,2011,NA
VUT,2012,NA
VUT,2013,NA
VUT,2014,NA
VUT,2015,56.5349197387695
VUT,2016,NA
VUT,2017,NA
VUT,2018,NA
VUT,2019,NA
VUT,2020,62.0561790466309
VUT,2021,64.2566909790039
VUT,2022,82.8080237164725
VUT,2023,134.925790252936
VUT,2024,NA
WLD,2000,56.860279083252
WLD,2001,57.7146911621094
WLD,2002,59.2128295898438
WLD,2003,60.4301910400391
WLD,2004,61.512378692627
WLD,2005,62.6939315795898
WLD,2006,63.7244415283203
WLD,2007,65.3435592651367
WLD,2008,67.0329208374023
WLD,2009,68.4285202026367
WLD,2010,69.7701110839844
WLD,2011,70.7247619628906
WLD,2012,71.6249618530273
WLD,2013,73.3740463256836
WLD,2014,74.414909362793
WLD,2015,74.425422668457
WLD,2016,74.671012878418
WLD,2017,74.3800277709961
WLD,2018,75.0290069580078
WLD,2019,75.4552917480469
WLD,2020,75.8665008544922
WLD,2021,76.4972991943359
WLD,2022,77.0481109619141
WLD,2023,76.9081802368164
WLD,2024,77.0922470092773
WSM,2000,81.926628112793
WSM,2001,82.3564071655273
WSM,2002,81.641471862793
WSM,2003,85.8196029663086
WSM,2004,86.1043395996094
WSM,2005,85.8627319335938
WSM,2006,86.554328918457
WSM,2007,85.619270324707
WSM,2008,NA
WSM,2009,87.5538177490234
WSM,2010,88.332774874133
WSM,2011,87.1387577185788
WSM,2012,85.6477162580853
WSM,2013,NA
WSM,2014,91.6336007221516
WSM,2015,91.2186009453888
WSM,2016,91.1509944232257
WSM,2017,NA
WSM,2018,NA
WSM,2019,NA
WSM,2020,NA
WSM,2021,NA
WSM,2022,NA
WSM,2023,NA
WSM,2024,NA
XKX,2000,NA
XKX,2001,NA
XKX,2002,NA
XKX,2003,NA
XKX,2004,NA
XKX,2005,NA
XKX,2006,NA
XKX,2007,NA
XKX,2008,NA
XKX,2009,NA
XKX,2010,NA
XKX,2011,NA
XKX,2012,NA
XKX,2013,NA
XKX,2014,NA
XKX,2015,NA
XKX,2016,NA
XKX,2017,NA
XKX,2018,NA
XKX,2019,NA
XKX,2020,NA
XKX,2021,NA
XKX,2022,NA
XKX,2023,NA
XKX,2024,NA
YEM,2000,NA
YEM,2001,23.0503101348877
YEM,2002,NA
YEM,2003,25.1074199676514
YEM,2004,26.5026092529297
YEM,2005,26.5409603118896
YEM,2006,NA
YEM,2007,NA
YEM,2008,27.4409694671631
YEM,2009,NA
YEM,2010,29.9233703613281
YEM,2011,31.534610748291
YEM,2012,32.4077186584473
YEM,2013,34.822811126709
YEM,2014,NA
YEM,2015,NA
YEM,2016,36.8241691589355
YEM,2017,NA
YEM,2018,NA
YEM,2019,NA
YEM,2020,NA
YEM,2021,NA
YEM,2022,NA
YEM,2023,NA
YEM,2024,NA
ZAF,2000,78.8097229003906
ZAF,2001,78.0145492553711
ZAF,2002,77.7871627807617
ZAF,2003,78.6594009399414
ZAF,2004,81.676643371582
ZAF,2005,83.6589126586914
ZAF,2006,86.9986190795898
ZAF,2007,88.3999176025391
ZAF,2008,86.5697708129883
ZAF,2009,88.9015884399414
ZAF,2010,89.7639740301445
ZAF,2011,92.0261077880859
ZAF,2012,95.4333724975586
ZAF,2013,NA
ZAF,2014,106.209579467773
ZAF,2015,104.541397395068
ZAF,2016,109.660301208496
ZAF,2017,110.607490539551
ZAF,2018,105.538677930271
ZAF,2019,107.597072310067
ZAF,2020,108.468464029139
ZAF,2021,111.094585540701
ZAF,2022,108.68396751263
ZAF,2023,107.464974022043
ZAF,2024,NA
ZMB,2000,NA
ZMB,2001,NA
ZMB,2002,NA
ZMB,2003,NA
ZMB,2004,NA
ZMB,2005,NA
ZMB,2006,NA
ZMB,2007,NA
ZMB,2008,NA
ZMB,2009,NA
ZMB,2010,NA
ZMB,2011,NA
ZMB,2012,NA
ZMB,2013,NA
ZMB,2014,NA
ZMB,2015,NA
ZMB,2016,NA
ZMB,2017,NA
ZMB,2018,NA
ZMB,2019,NA
ZMB,2020,NA
ZMB,2021,NA
ZMB,2022,NA
ZMB,2023,NA
ZMB,2024,59.0707702636719
ZWE,2000,36.0074195861816
ZWE,2001,38.1507797241211
ZWE,2002,37.539421081543
ZWE,2003,35.9403114318848
ZWE,2004,NA
ZWE,2005,NA
ZWE,2006,NA
ZWE,2007,NA
ZWE,2008,NA
ZWE,2009,NA
ZWE,2010,NA
ZWE,2011,NA
ZWE,2012,73.0986641244537
ZWE,2013,50.8856201171875
ZWE,2014,NA
ZWE,2015,NA
ZWE,2016,NA
ZWE,2017,NA
ZWE,2018,NA
ZWE,2019,NA
ZWE,2020,NA
ZWE,2021,NA
ZWE,2022,NA
ZWE,2023,NA
ZWE,2024,NA
