iso3,year,fertility
ABW,2000,1.845
ABW,2001,1.813
ABW,2002,1.8
ABW,2003,1.808
ABW,2004,1.819
ABW,2005,1.844
ABW,2006,1.862
ABW,2007,1.881
ABW,2008,1.889
ABW,2009,1.875
ABW,2010,1.855
ABW,2011,1.858
ABW,2012,1.907
ABW,2013,1.944
ABW,2014,1.944
ABW,2015,1.899
ABW,2016,1.848
ABW,2017,1.785
ABW,2018,1.732
ABW,2019,1.701
ABW,2020,1.662
ABW,2021,1.631
ABW,2022,1.615
ABW,2023,1.602
ABW,2024,1.606
AFE,2000,5.549893018950133
AFE,2001,5.501766093659847
AFE,2002,5.4496957712057466
AFE,2003,5.407327920135451
AFE,2004,5.38130825995291
AFE,2005,5.350398519320968
AFE,2006,5.305920472429557
AFE,2007,5.253984801032769
AFE,2008,5.219403495337566
AFE,2009,5.142535441797308
AFE,2010,5.066491306948193
AFE,2011,4.98101022132388
AFE,2012,4.899627175279481
AFE,2013,4.819579317433963
AFE,2014,4.748087976693783
AFE,2015,4.676522670895813
AFE,2016,4.615756407082289
AFE,2017,4.5699152535805565
AFE,2018,4.521453514694671
AFE,2019,4.471350936409921
AFE,2020,4.412998740220405
AFE,2021,4.350690764908697
AFE,2022,4.287079891512355
AFE,2023,4.2238605772753335
AFE,2024,4.1640437912511095
AFG,2000,7.566
AFG,2001,7.453
AFG,2002,7.32
AFG,2003,7.174
AFG,2004,7.018
AFG,2005,6.858
AFG,2006,6.686
AFG,2007,6.508
AFG,2008,6.392
AFG,2009,6.295
AFG,2010,6.195
AFG,2011,6.094
AFG,2012,5.985
AFG,2013,5.879
AFG,2014,5.77
AFG,2015,5.652
AFG,2016,5.542
AFG,2017,5.433
AFG,2018,5.327
AFG,2019,5.238
AFG,2020,5.145
AFG,2021,5.039
AFG,2022,4.932
AFG,2023,4.84
AFG,2024,4.761
AFW,2000,6.022146626938357
AFW,2001,5.990074297957009
AFW,2002,5.956199611277055
AFW,2003,5.923572271727394
AFW,2004,5.8955079223439455
AFW,2005,5.871766905570454
AFW,2006,5.846032152183479
AFW,2007,5.8096508666880675
AFW,2008,5.785477294980181
AFW,2009,5.751125441373299
AFW,2010,5.712902231770102
AFW,2011,5.665671587225032
AFW,2012,5.596795476030778
AFW,2013,5.515460804845959
AFW,2014,5.44001087472848
AFW,2015,5.346587555018487
AFW,2016,5.228975134139819
AFW,2017,5.098889708827972
AFW,2018,4.962572036698459
AFW,2019,4.829142130268045
AFW,2020,4.707404635309481
AFW,2021,4.6377384603442176
AFW,2022,4.563357400490721
AFW,2023,4.49771421640594
AFW,2024,4.41598323738392
AGO,2000,6.639
AGO,2001,6.601
AGO,2002,6.567
AGO,2003,6.533
AGO,2004,6.499
AGO,2005,6.461
AGO,2006,6.419
AGO,2007,6.372
AGO,2008,6.32
AGO,2009,6.26
AGO,2010,6.194
AGO,2011,6.12
AGO,2012,6.039
AGO,2013,5.953
AGO,2014,5.864
AGO,2015,5.774
AGO,2016,5.686
AGO,2017,5.6
AGO,2018,5.519
AGO,2019,5.442
AGO,2020,5.371
AGO,2021,5.304
AGO,2022,5.209
AGO,2023,5.124
AGO,2024,5.048
ALB,2000,2.217
ALB,2001,2.141
ALB,2002,2.002
ALB,2003,2.006
ALB,2004,1.889
ALB,2005,1.787
ALB,2006,1.686
ALB,2007,1.633
ALB,2008,1.616
ALB,2009,1.638
ALB,2010,1.653
ALB,2011,1.677
ALB,2012,1.719
ALB,2013,1.741
ALB,2014,1.721
ALB,2015,1.631
ALB,2016,1.555
ALB,2017,1.486
ALB,2018,1.415
ALB,2019,1.395
ALB,2020,1.371
ALB,2021,1.365
ALB,2022,1.355
ALB,2023,1.348
ALB,2024,1.341
AND,2000,1.273
AND,2001,1.305
AND,2002,1.265
AND,2003,1.18
AND,2004,1.229
AND,2005,1.224
AND,2006,1.234
AND,2007,1.189
AND,2008,1.25
AND,2009,1.208
AND,2010,1.275
AND,2011,1.321
AND,2012,1.26
AND,2013,1.142
AND,2014,1.168
AND,2015,1.223
AND,2016,1.184
AND,2017,1.129
AND,2018,1.053
AND,2019,1.045
AND,2020,1.028
AND,2021,1.058
AND,2022,1.071
AND,2023,1.082
AND,2024,1.087
ARB,2000,3.9347492341924797
ARB,2001,3.8584496826232524
ARB,2002,3.781000749105279
ARB,2003,3.72725438909958
ARB,2004,3.679650701554302
ARB,2005,3.6433356042584992
ARB,2006,3.6192284959691405
ARB,2007,3.6042847671164853
ARB,2008,3.5802852065566118
ARB,2009,3.5711860770288104
ARB,2010,3.5718607348387934
ARB,2011,3.565975890318818
ARB,2012,3.5821603197912855
ARB,2013,3.574127169893304
ARB,2014,3.5621263347277465
ARB,2015,3.53244359112271
ARB,2016,3.462988078120245
ARB,2017,3.425198221454844
ARB,2018,3.3242687561468345
ARB,2019,3.255093078570634
ARB,2020,3.208268656984841
ARB,2021,3.1455884270171492
ARB,2022,3.107766744810512
ARB,2023,3.0897508376237415
ARB,2024,3.057414579152157
ARE,2000,2.733
ARE,2001,2.622
ARE,2002,2.541
ARE,2003,2.491
ARE,2004,2.385
ARE,2005,2.232
ARE,2006,1.958
ARE,2007,1.792
ARE,2008,1.516
ARE,2009,1.582
ARE,2010,1.565
ARE,2011,1.539
ARE,2012,1.532
ARE,2013,1.527
ARE,2014,1.483
ARE,2015,1.417
ARE,2016,1.366
ARE,2017,1.35
ARE,2018,1.288
ARE,2019,1.247
ARE,2020,1.289
ARE,2021,1.162
ARE,2022,1.148
ARE,2023,1.2
ARE,2024,1.213
ARG,2000,2.591
ARG,2001,2.531
ARG,2002,2.493
ARG,2003,2.451
ARG,2004,2.43
ARG,2005,2.426
ARG,2006,2.4
ARG,2007,2.37
ARG,2008,2.432
ARG,2009,2.4
ARG,2010,2.411
ARG,2011,2.393
ARG,2012,2.304
ARG,2013,2.335
ARG,2014,2.386
ARG,2015,2.35
ARG,2016,2.241
ARG,2017,2.168
ARG,2018,2.067
ARG,2019,1.882
ARG,2020,1.601
ARG,2021,1.585
ARG,2022,1.482
ARG,2023,1.5
ARG,2024,1.504
ARM,2000,1.3
ARM,2001,1.2
ARM,2002,1.2
ARM,2003,1.3
ARM,2004,1.4
ARM,2005,1.3
ARM,2006,1.3
ARM,2007,1.4
ARM,2008,1.4
ARM,2009,1.5
ARM,2010,1.5
ARM,2011,1.5
ARM,2012,1.6
ARM,2013,1.6
ARM,2014,1.7
ARM,2015,1.6
ARM,2016,1.6
ARM,2017,1.6
ARM,2018,1.6
ARM,2019,1.6
ARM,2020,1.7
ARM,2021,1.7
ARM,2022,1.7
ARM,2023,1.9
ARM,2024,1.7
ASM,2000,3.89
ASM,2001,3.87
ASM,2002,3.866
ASM,2003,3.91
ASM,2004,3.945
ASM,2005,3.863
ASM,2006,3.685
ASM,2007,3.509
ASM,2008,3.42
ASM,2009,3.359
ASM,2010,3.292
ASM,2011,3.169
ASM,2012,3.043
ASM,2013,2.932
ASM,2014,2.852
ASM,2015,2.78
ASM,2016,2.699
ASM,2017,2.598
ASM,2018,2.494
ASM,2019,2.404
ASM,2020,2.36
ASM,2021,2.327
ASM,2022,2.305
ASM,2023,2.286
ASM,2024,2.267
ATG,2000,2.196
ATG,2001,2.018
ATG,2002,1.94
ATG,2003,1.887
ATG,2004,1.852
ATG,2005,1.832
ATG,2006,1.831
ATG,2007,1.86
ATG,2008,2.042
ATG,2009,2.006
ATG,2010,1.785
ATG,2011,1.746
ATG,2012,1.655
ATG,2013,1.537
ATG,2014,1.526
ATG,2015,1.567
ATG,2016,1.458
ATG,2017,1.485
ATG,2018,1.371
ATG,2019,1.468
ATG,2020,1.569
ATG,2021,1.58
ATG,2022,1.58
ATG,2023,1.578
ATG,2024,1.582
AUS,2000,1.756
AUS,2001,1.739
AUS,2002,1.756
AUS,2003,1.748
AUS,2004,1.768
AUS,2005,1.807
AUS,2006,1.908
AUS,2007,1.959
AUS,2008,1.984
AUS,2009,1.971
AUS,2010,1.928
AUS,2011,1.926
AUS,2012,1.92
AUS,2013,1.855
AUS,2014,1.826
AUS,2015,1.814
AUS,2016,1.752
AUS,2017,1.741
AUS,2018,1.74
AUS,2019,1.657
AUS,2020,1.581
AUS,2021,1.7
AUS,2022,1.63
AUS,2023,1.499
AUS,2024,1.481
AUT,2000,1.36
AUT,2001,1.33
AUT,2002,1.39
AUT,2003,1.38
AUT,2004,1.42
AUT,2005,1.41
AUT,2006,1.41
AUT,2007,1.38
AUT,2008,1.42
AUT,2009,1.39
AUT,2010,1.44
AUT,2011,1.43
AUT,2012,1.44
AUT,2013,1.44
AUT,2014,1.46
AUT,2015,1.49
AUT,2016,1.53
AUT,2017,1.52
AUT,2018,1.47
AUT,2019,1.46
AUT,2020,1.44
AUT,2021,1.48
AUT,2022,1.41
AUT,2023,1.32
AUT,2024,1.31
AZE,2000,2
AZE,2001,1.8
AZE,2002,1.8
AZE,2003,1.9
AZE,2004,2.0535
AZE,2005,2
AZE,2006,1.97
AZE,2007,1.97
AZE,2008,1.9
AZE,2009,1.82
AZE,2010,1.92
AZE,2011,1.96
AZE,2012,2
AZE,2013,1.98
AZE,2014,1.97
AZE,2015,1.94
AZE,2016,1.9
AZE,2017,1.75
AZE,2018,1.73
AZE,2019,1.81
AZE,2020,1.7
AZE,2021,1.52
AZE,2022,1.67
AZE,2023,1.55
AZE,2024,1.43
BDI,2000,6.872
BDI,2001,6.849
BDI,2002,6.819
BDI,2003,6.785
BDI,2004,6.746
BDI,2005,6.708
BDI,2006,6.659
BDI,2007,6.588
BDI,2008,6.515
BDI,2009,6.409
BDI,2010,6.26
BDI,2011,6.108
BDI,2012,5.991
BDI,2013,5.889
BDI,2014,5.794
BDI,2015,5.695
BDI,2016,5.587
BDI,2017,5.481
BDI,2018,5.38
BDI,2019,5.271
BDI,2020,5.177
BDI,2021,5.078
BDI,2022,4.98
BDI,2023,4.878
BDI,2024,4.789
BEL,2000,1.67
BEL,2001,1.67
BEL,2002,1.65
BEL,2003,1.67
BEL,2004,1.72
BEL,2005,1.76
BEL,2006,1.8
BEL,2007,1.82
BEL,2008,1.85
BEL,2009,1.84
BEL,2010,1.86
BEL,2011,1.81
BEL,2012,1.8
BEL,2013,1.76
BEL,2014,1.74
BEL,2015,1.7
BEL,2016,1.68
BEL,2017,1.65
BEL,2018,1.62
BEL,2019,1.6
BEL,2020,1.55
BEL,2021,1.6
BEL,2022,1.53
BEL,2023,1.47
BEL,2024,1.44
BEN,2000,5.937
BEN,2001,5.848
BEN,2002,5.793
BEN,2003,5.763
BEN,2004,5.718
BEN,2005,5.692
BEN,2006,5.673
BEN,2007,5.627
BEN,2008,5.548
BEN,2009,5.491
BEN,2010,5.452
BEN,2011,5.436
BEN,2012,5.429
BEN,2013,5.41
BEN,2014,5.374
BEN,2015,5.32
BEN,2016,5.254
BEN,2017,5.155
BEN,2018,5.031
BEN,2019,4.9
BEN,2020,4.795
BEN,2021,4.707
BEN,2022,4.634
BEN,2023,4.556
BEN,2024,4.48
BFA,2000,6.519
BFA,2001,6.431
BFA,2002,6.339
BFA,2003,6.28
BFA,2004,6.216
BFA,2005,6.182
BFA,2006,6.17
BFA,2007,6.11
BFA,2008,6.05
BFA,2009,5.992
BFA,2010,5.936
BFA,2011,5.869
BFA,2012,5.793
BFA,2013,5.697
BFA,2014,5.595
BFA,2015,5.478
BFA,2016,5.331
BFA,2017,5.17
BFA,2018,4.921
BFA,2019,4.681
BFA,2020,4.44
BFA,2021,4.361
BFA,2022,4.275
BFA,2023,4.186
BFA,2024,4.11
BGD,2000,3.279
BGD,2001,3.203
BGD,2002,3.126
BGD,2003,3.029
BGD,2004,2.94
BGD,2005,2.846
BGD,2006,2.755
BGD,2007,2.666
BGD,2008,2.577
BGD,2009,2.484
BGD,2010,2.38
BGD,2011,2.309
BGD,2012,2.263
BGD,2013,2.247
BGD,2014,2.228
BGD,2015,2.227
BGD,2016,2.227
BGD,2017,2.205
BGD,2018,2.193
BGD,2019,2.18
BGD,2020,2.175
BGD,2021,2.173
BGD,2022,2.179
BGD,2023,2.163
BGD,2024,2.138
BGR,2000,1.26
BGR,2001,1.21
BGR,2002,1.23
BGR,2003,1.26
BGR,2004,1.33
BGR,2005,1.37
BGR,2006,1.44
BGR,2007,1.49
BGR,2008,1.56
BGR,2009,1.66
BGR,2010,1.57
BGR,2011,1.51
BGR,2012,1.5
BGR,2013,1.54
BGR,2014,1.62
BGR,2015,1.64
BGR,2016,1.67
BGR,2017,1.71
BGR,2018,1.73
BGR,2019,1.79
BGR,2020,1.77
BGR,2021,1.8
BGR,2022,1.78
BGR,2023,1.81
BGR,2024,1.72
BHR,2000,2.798
BHR,2001,2.653
BHR,2002,2.699
BHR,2003,2.778
BHR,2004,2.774
BHR,2005,2.67
BHR,2006,2.464
BHR,2007,2.282
BHR,2008,2.152
BHR,2009,2.047
BHR,2010,1.987
BHR,2011,2.025
BHR,2012,2.11
BHR,2013,2.166
BHR,2014,2.149
BHR,2015,2.113
BHR,2016,2.042
BHR,2017,1.984
BHR,2018,1.911
BHR,2019,1.843
BHR,2020,1.86
BHR,2021,1.852
BHR,2022,1.839
BHR,2023,1.824
BHR,2024,1.805
BHS,2000,2.06
BHS,2001,2.02
BHS,2002,1.984
BHS,2003,1.971
BHS,2004,1.98
BHS,2005,2.008
BHS,2006,2.019
BHS,2007,2.035
BHS,2008,1.999
BHS,2009,2.011
BHS,2010,1.837
BHS,2011,1.791
BHS,2012,1.761
BHS,2013,1.738
BHS,2014,1.687
BHS,2015,1.574
BHS,2016,1.495
BHS,2017,1.424
BHS,2018,1.404
BHS,2019,1.397
BHS,2020,1.386
BHS,2021,1.382
BHS,2022,1.379
BHS,2023,1.373
BHS,2024,1.374
BIH,2000,1.282
BIH,2001,1.23
BIH,2002,1.231
BIH,2003,1.219
BIH,2004,1.221
BIH,2005,1.203
BIH,2006,1.18
BIH,2007,1.19
BIH,2008,1.21
BIH,2009,1.267
BIH,2010,1.26
BIH,2011,1.209
BIH,2012,1.252
BIH,2013,1.278
BIH,2014,1.262
BIH,2015,1.322
BIH,2016,1.36
BIH,2017,1.419
BIH,2018,1.504
BIH,2019,1.509
BIH,2020,1.515
BIH,2021,1.49
BIH,2022,1.481
BIH,2023,1.486
BIH,2024,1.492
BLR,2000,1.317
BLR,2001,1.286
BLR,2002,1.24
BLR,2003,1.232
BLR,2004,1.233
BLR,2005,1.252
BLR,2006,1.335
BLR,2007,1.429
BLR,2008,1.488
BLR,2009,1.509
BLR,2010,1.494
BLR,2011,1.515
BLR,2012,1.62
BLR,2013,1.668
BLR,2014,1.696
BLR,2015,1.724
BLR,2016,1.733
BLR,2017,1.541
BLR,2018,1.448
BLR,2019,1.382
BLR,2020,1.369
BLR,2021,1.371
BLR,2022,1.326
BLR,2023,1.208
BLR,2024,1.217
BLZ,2000,3.633
BLZ,2001,3.526
BLZ,2002,3.43
BLZ,2003,3.335
BLZ,2004,3.252
BLZ,2005,3.173
BLZ,2006,3.021
BLZ,2007,2.885
BLZ,2008,2.78
BLZ,2009,2.659
BLZ,2010,2.552
BLZ,2011,2.531
BLZ,2012,2.51
BLZ,2013,2.498
BLZ,2014,2.474
BLZ,2015,2.433
BLZ,2016,2.396
BLZ,2017,2.368
BLZ,2018,2.343
BLZ,2019,2.142
BLZ,2020,2.04
BLZ,2021,1.837
BLZ,2022,1.949
BLZ,2023,2.007
BLZ,2024,2.021
BMU,2000,1.738
BMU,2001,1.861
BMU,2002,1.815
BMU,2003,1.79
BMU,2004,1.76
BMU,2005,1.782
BMU,2006,1.79
BMU,2007,1.934
BMU,2008,1.86
BMU,2009,1.853
BMU,2010,1.767
BMU,2011,1.569
BMU,2012,1.528
BMU,2013,1.522
BMU,2014,1.42
BMU,2015,1.44
BMU,2016,1.45
BMU,2017,1.419
BMU,2018,1.374
BMU,2019,1.383
BMU,2020,1.451
BMU,2021,1.389
BMU,2022,1.397
BMU,2023,1.401
BMU,2024,1.405
BOL,2000,3.991
BOL,2001,3.89
BOL,2002,3.802
BOL,2003,3.721
BOL,2004,3.633
BOL,2005,3.558
BOL,2006,3.533
BOL,2007,3.447
BOL,2008,3.364
BOL,2009,3.287
BOL,2010,3.213
BOL,2011,3.143
BOL,2012,3.076
BOL,2013,3.01
BOL,2014,2.947
BOL,2015,2.886
BOL,2016,2.829
BOL,2017,2.777
BOL,2018,2.73
BOL,2019,2.688
BOL,2020,2.651
BOL,2021,2.618
BOL,2022,2.584
BOL,2023,2.547
BOL,2024,2.523
BRA,2000,2.247
BRA,2001,2.162
BRA,2002,2.081
BRA,2003,2.006
BRA,2004,1.973
BRA,2005,1.942
BRA,2006,1.896
BRA,2007,1.854
BRA,2008,1.815
BRA,2009,1.799
BRA,2010,1.786
BRA,2011,1.777
BRA,2012,1.766
BRA,2013,1.761
BRA,2014,1.775
BRA,2015,1.777
BRA,2016,1.727
BRA,2017,1.74
BRA,2018,1.744
BRA,2019,1.705
BRA,2020,1.653
BRA,2021,1.638
BRA,2022,1.629
BRA,2023,1.619
BRA,2024,1.614
BRB,2000,1.933
BRB,2001,1.955
BRB,2002,1.862
BRB,2003,1.856
BRB,2004,1.797
BRB,2005,1.738
BRB,2006,1.702
BRB,2007,1.755
BRB,2008,1.756
BRB,2009,1.77
BRB,2010,1.785
BRB,2011,1.758
BRB,2012,1.731
BRB,2013,1.729
BRB,2014,1.727
BRB,2015,1.726
BRB,2016,1.724
BRB,2017,1.724
BRB,2018,1.72
BRB,2019,1.715
BRB,2020,1.708
BRB,2021,1.709
BRB,2022,1.712
BRB,2023,1.708
BRB,2024,1.708
BRN,2000,2.398
BRN,2001,2.337
BRN,2002,2.264
BRN,2003,2.185
BRN,2004,2.104
BRN,2005,2.024
BRN,2006,1.969
BRN,2007,1.933
BRN,2008,1.918
BRN,2009,1.921
BRN,2010,1.937
BRN,2011,1.957
BRN,2012,1.973
BRN,2013,1.978
BRN,2014,1.969
BRN,2015,1.947
BRN,2016,1.915
BRN,2017,1.881
BRN,2018,1.848
BRN,2019,1.819
BRN,2020,1.796
BRN,2021,1.778
BRN,2022,1.764
BRN,2023,1.747
BRN,2024,1.731
BTN,2000,3.378
BTN,2001,3.188
BTN,2002,3.012
BTN,2003,2.865
BTN,2004,2.781
BTN,2005,2.726
BTN,2006,2.66
BTN,2007,2.589
BTN,2008,2.481
BTN,2009,2.364
BTN,2010,2.252
BTN,2011,2.155
BTN,2012,2.068
BTN,2013,2
BTN,2014,1.923
BTN,2015,1.835
BTN,2016,1.738
BTN,2017,1.621
BTN,2018,1.517
BTN,2019,1.448
BTN,2020,1.502
BTN,2021,1.488
BTN,2022,1.478
BTN,2023,1.462
BTN,2024,1.449
BWA,2000,3.294
BWA,2001,3.248
BWA,2002,3.175
BWA,2003,3.106
BWA,2004,3.063
BWA,2005,3.082
BWA,2006,3.114
BWA,2007,3.127
BWA,2008,3.131
BWA,2009,3.133
BWA,2010,3.135
BWA,2011,3.103
BWA,2012,3.07
BWA,2013,3.045
BWA,2014,3.027
BWA,2015,3.008
BWA,2016,2.99
BWA,2017,2.969
BWA,2018,2.941
BWA,2019,2.906
BWA,2020,2.861
BWA,2021,2.827
BWA,2022,2.785
BWA,2023,2.732
BWA,2024,2.703
CAF,2000,5.851
CAF,2001,5.807
CAF,2002,5.785
CAF,2003,5.799
CAF,2004,5.784
CAF,2005,5.812
CAF,2006,5.84
CAF,2007,5.867
CAF,2008,5.902
CAF,2009,5.936
CAF,2010,5.963
CAF,2011,6.009
CAF,2012,6.047
CAF,2013,6.075
CAF,2014,6.099
CAF,2015,6.126
CAF,2016,6.126
CAF,2017,6.127
CAF,2018,6.108
CAF,2019,6.09
CAF,2020,6.059
CAF,2021,6.052
CAF,2022,6.023
CAF,2023,6.012
CAF,2024,5.954
CAN,2000,1.51
CAN,2001,1.54
CAN,2002,1.52
CAN,2003,1.55
CAN,2004,1.56
CAN,2005,1.58
CAN,2006,1.63
CAN,2007,1.67
CAN,2008,1.7
CAN,2009,1.69
CAN,2010,1.65
CAN,2011,1.63
CAN,2012,1.63
CAN,2013,1.61
CAN,2014,1.61
CAN,2015,1.6
CAN,2016,1.59
CAN,2017,1.55
CAN,2018,1.51
CAN,2019,1.47
CAN,2020,1.41
CAN,2021,1.44
CAN,2022,1.34
CAN,2023,1.27
CAN,2024,1.25
CEB,2000,1.3177716237695636
CEB,2001,1.2754714348285108
CEB,2002,1.2533647469042013
CEB,2003,1.2510659253921457
CEB,2004,1.2764470903796967
CEB,2005,1.3126692421689652
CEB,2006,1.341989255712867
CEB,2007,1.3812177153077063
CEB,2008,1.463503386002424
CEB,2009,1.4876130376320351
CEB,2010,1.4618344812175663
CEB,2011,1.3933610504725022
CEB,2012,1.416013517241165
CEB,2013,1.392412772970501
CEB,2014,1.4476872074213283
CEB,2015,1.467835941710494
CEB,2016,1.5303457143616432
CEB,2017,1.591012932199323
CEB,2018,1.5838033847933226
CEB,2019,1.581126079430465
CEB,2020,1.5693554563457857
CEB,2021,1.570011598529297
CEB,2022,1.4949103871239595
CEB,2023,1.3966719113541777
CEB,2024,1.3091254433819868
CHE,2000,1.5
CHE,2001,1.38
CHE,2002,1.39
CHE,2003,1.39
CHE,2004,1.42
CHE,2005,1.42
CHE,2006,1.44
CHE,2007,1.46
CHE,2008,1.48
CHE,2009,1.5
CHE,2010,1.52
CHE,2011,1.52
CHE,2012,1.52
CHE,2013,1.52
CHE,2014,1.54
CHE,2015,1.54
CHE,2016,1.54
CHE,2017,1.52
CHE,2018,1.52
CHE,2019,1.48
CHE,2020,1.46
CHE,2021,1.52
CHE,2022,1.39
CHE,2023,1.33
CHE,2024,1.29
CHI,2000,1.49
CHI,2001,1.48
CHI,2002,1.47
CHI,2003,1.51
CHI,2004,1.5
CHI,2005,1.46
CHI,2006,1.47
CHI,2007,1.53
CHI,2008,1.56
CHI,2009,1.57
CHI,2010,1.58
CHI,2011,1.59
CHI,2012,1.58
CHI,2013,1.56
CHI,2014,1.54
CHI,2015,1.5
CHI,2016,1.46
CHI,2017,1.41
CHI,2018,1.37
CHI,2019,1.35
CHI,2020,1.33
CHI,2021,1.36
CHI,2022,1.37
CHI,2023,1.37
CHI,2024,1.37
CHL,2000,2.046
CHL,2001,2.007
CHL,2002,1.934
CHL,2003,1.885
CHL,2004,1.844
CHL,2005,1.825
CHL,2006,1.798
CHL,2007,1.826
CHL,2008,1.85
CHL,2009,1.855
CHL,2010,1.844
CHL,2011,1.823
CHL,2012,1.798
CHL,2013,1.786
CHL,2014,1.774
CHL,2015,1.737
CHL,2016,1.686
CHL,2017,1.563
CHL,2018,1.543
CHL,2019,1.43
CHL,2020,1.307
CHL,2021,1.176
CHL,2022,1.255
CHL,2023,1.167
CHL,2024,1.14
CHN,2000,1.628
CHN,2001,1.563
CHN,2002,1.566
CHN,2003,1.57
CHN,2004,1.605
CHN,2005,1.624
CHN,2006,1.644
CHN,2007,1.666
CHN,2008,1.701
CHN,2009,1.714
CHN,2010,1.687
CHN,2011,1.668
CHN,2012,1.798
CHN,2013,1.714
CHN,2014,1.769
CHN,2015,1.67
CHN,2016,1.772
CHN,2017,1.795
CHN,2018,1.539
CHN,2019,1.496
CHN,2020,1.236
CHN,2021,1.117
CHN,2022,1.034
CHN,2023,0.999
CHN,2024,1.013
CIV,2000,5.773
CIV,2001,5.704
CIV,2002,5.641
CIV,2003,5.572
CIV,2004,5.527
CIV,2005,5.499
CIV,2006,5.448
CIV,2007,5.403
CIV,2008,5.357
CIV,2009,5.332
CIV,2010,5.292
CIV,2011,5.244
CIV,2012,5.19
CIV,2013,5.135
CIV,2014,5.071
CIV,2015,4.97
CIV,2016,4.873
CIV,2017,4.757
CIV,2018,4.596
CIV,2019,4.523
CIV,2020,4.461
CIV,2021,4.411
CIV,2022,4.349
CIV,2023,4.283
CIV,2024,4.23
CMR,2000,5.514
CMR,2001,5.441
CMR,2002,5.435
CMR,2003,5.432
CMR,2004,5.436
CMR,2005,5.421
CMR,2006,5.369
CMR,2007,5.343
CMR,2008,5.294
CMR,2009,5.236
CMR,2010,5.154
CMR,2011,5.052
CMR,2012,4.982
CMR,2013,4.905
CMR,2014,4.844
CMR,2015,4.841
CMR,2016,4.842
CMR,2017,4.804
CMR,2018,4.74
CMR,2019,4.651
CMR,2020,4.557
CMR,2021,4.468
CMR,2022,4.397
CMR,2023,4.322
CMR,2024,4.261
COD,2000,6.702
COD,2001,6.663
COD,2002,6.606
COD,2003,6.549
COD,2004,6.53
COD,2005,6.526
COD,2006,6.547
COD,2007,6.559
COD,2008,6.58
COD,2009,6.591
COD,2010,6.587
COD,2011,6.582
COD,2012,6.559
COD,2013,6.527
COD,2014,6.483
COD,2015,6.437
COD,2016,6.392
COD,2017,6.349
COD,2018,6.302
COD,2019,6.253
COD,2020,6.206
COD,2021,6.156
COD,2022,6.106
COD,2023,6.051
COD,2024,5.981
COG,2000,4.724
COG,2001,4.67
COG,2002,4.697
COG,2003,4.696
COG,2004,4.69
COG,2005,4.669
COG,2006,4.651
COG,2007,4.649
COG,2008,4.726
COG,2009,4.808
COG,2010,4.851
COG,2011,4.826
COG,2012,4.785
COG,2013,4.731
COG,2014,4.665
COG,2015,4.607
COG,2016,4.546
COG,2017,4.496
COG,2018,4.442
COG,2019,4.38
COG,2020,4.329
COG,2021,4.28
COG,2022,4.215
COG,2023,4.157
COG,2024,4.109
COL,2000,2.574
COL,2001,2.522
COL,2002,2.489
COL,2003,2.45
COL,2004,2.384
COL,2005,2.309
COL,2006,2.241
COL,2007,2.195
COL,2008,2.155
COL,2009,2.096
COL,2010,2.01
COL,2011,1.938
COL,2012,1.899
COL,2013,1.86
COL,2014,1.822
COL,2015,1.771
COL,2016,1.719
COL,2017,1.717
COL,2018,1.715
COL,2019,1.71
COL,2020,1.694
COL,2021,1.68
COL,2022,1.663
COL,2023,1.645
COL,2024,1.634
COM,2000,5.227
COM,2001,5.195
COM,2002,5.155
COM,2003,5.115
COM,2004,5.065
COM,2005,5.012
COM,2006,4.934
COM,2007,4.859
COM,2008,4.805
COM,2009,4.778
COM,2010,4.755
COM,2011,4.722
COM,2012,4.652
COM,2013,4.572
COM,2014,4.489
COM,2015,4.42
COM,2016,4.348
COM,2017,4.278
COM,2018,4.208
COM,2019,4.138
COM,2020,4.071
COM,2021,3.999
COM,2022,3.935
COM,2023,3.878
COM,2024,3.822
CPV,2000,3.545
CPV,2001,3.366
CPV,2002,3.192
CPV,2003,3.033
CPV,2004,2.9
CPV,2005,2.726
CPV,2006,2.555
CPV,2007,2.409
CPV,2008,2.298
CPV,2009,2.246
CPV,2010,2.329
CPV,2011,2.329
CPV,2012,2.153
CPV,2013,2.067
CPV,2014,2.031
CPV,2015,1.968
CPV,2016,1.966
CPV,2017,1.93
CPV,2018,1.804
CPV,2019,1.698
CPV,2020,1.591
CPV,2021,1.554
CPV,2022,1.533
CPV,2023,1.522
CPV,2024,1.511
CRI,2000,2.413
CRI,2001,2.312
CRI,2002,2.162
CRI,2003,2.084
CRI,2004,2.028
CRI,2005,2.038
CRI,2006,1.937
CRI,2007,1.954
CRI,2008,1.98
CRI,2009,1.953
CRI,2010,1.827
CRI,2011,1.877
CRI,2012,1.851
CRI,2013,1.779
CRI,2014,1.8
CRI,2015,1.797
CRI,2016,1.746
CRI,2017,1.714
CRI,2018,1.706
CRI,2019,1.6
CRI,2020,1.448
CRI,2021,1.353
CRI,2022,1.335
CRI,2023,1.33
CRI,2024,1.318
CSS,2000,2.351377804399359
CSS,2001,2.3106699790052527
CSS,2002,2.2398242926491854
CSS,2003,2.1852528394754045
CSS,2004,2.139705077240176
CSS,2005,2.1284538139482594
CSS,2006,2.1201342457926318
CSS,2007,2.1187769469756437
CSS,2008,2.1148507133973657
CSS,2009,2.1082844701000307
CSS,2010,2.071737089763258
CSS,2011,2.052888303722614
CSS,2012,2.047529116227275
CSS,2013,2.040209867525505
CSS,2014,2.025658755806178
CSS,2015,1.999183011322129
CSS,2016,1.9695623172878307
CSS,2017,1.937264196976598
CSS,2018,1.920452214481247
CSS,2019,1.8917930636499938
CSS,2020,1.8703615383850207
CSS,2021,1.8396718940956989
CSS,2022,1.8384852300809675
CSS,2023,1.8316800860028746
CSS,2024,1.8297681396882597
CUB,2000,1.608
CUB,2001,1.595
CUB,2002,1.645
CUB,2003,1.627
CUB,2004,1.546
CUB,2005,1.486
CUB,2006,1.402
CUB,2007,1.436
CUB,2008,1.576
CUB,2009,1.678
CUB,2010,1.673
CUB,2011,1.734
CUB,2012,1.668
CUB,2013,1.678
CUB,2014,1.655
CUB,2015,1.685
CUB,2016,1.6
CUB,2017,1.585
CUB,2018,1.607
CUB,2019,1.54
CUB,2020,1.489
CUB,2021,1.427
CUB,2022,1.412
CUB,2023,1.439
CUB,2024,1.445
CUW,2000,2.342
CUW,2001,2.405
CUW,2002,2.3
CUW,2003,2.191
CUW,2004,2.099
CUW,2005,2.037
CUW,2006,2.1
CUW,2007,2
CUW,2008,2.2
CUW,2009,2.1
CUW,2010,2.2
CUW,2011,2.1
CUW,2012,2.2
CUW,2013,2.1
CUW,2014,2
CUW,2015,1.9
CUW,2016,1.7
CUW,2017,1.5
CUW,2018,1.7
CUW,2019,1.6
CUW,2020,1.4
CUW,2021,1.4
CUW,2022,1.4
CUW,2023,1.3
CUW,2024,1.4
CYM,2000,1.707
CYM,2001,1.697
CYM,2002,1.681
CYM,2003,1.672
CYM,2004,1.671
CYM,2005,1.665
CYM,2006,1.665
CYM,2007,1.681
CYM,2008,1.703
CYM,2009,1.723
CYM,2010,1.694
CYM,2011,1.637
CYM,2012,1.531
CYM,2013,1.445
CYM,2014,1.334
CYM,2015,1.269
CYM,2016,1.231
CYM,2017,1.222
CYM,2018,1.277
CYM,2019,1.508
CYM,2020,1.554
CYM,2021,1.551
CYM,2022,1.541
CYM,2023,1.531
CYM,2024,1.525
CYP,2000,1.638
CYP,2001,1.566
CYP,2002,1.497
CYP,2003,1.505
CYP,2004,1.512
CYP,2005,1.479
CYP,2006,1.509
CYP,2007,1.449
CYP,2008,1.479
CYP,2009,1.475
CYP,2010,1.434
CYP,2011,1.36
CYP,2012,1.382
CYP,2013,1.304
CYP,2014,1.312
CYP,2015,1.323
CYP,2016,1.357
CYP,2017,1.323
CYP,2018,1.319
CYP,2019,1.33
CYP,2020,1.361
CYP,2021,1.392
CYP,2022,1.393
CYP,2023,1.389
CYP,2024,1.38
CZE,2000,1.15
CZE,2001,1.15
CZE,2002,1.17
CZE,2003,1.18
CZE,2004,1.23
CZE,2005,1.29
CZE,2006,1.34
CZE,2007,1.45
CZE,2008,1.51
CZE,2009,1.51
CZE,2010,1.51
CZE,2011,1.43
CZE,2012,1.45
CZE,2013,1.46
CZE,2014,1.53
CZE,2015,1.57
CZE,2016,1.63
CZE,2017,1.69
CZE,2018,1.71
CZE,2019,1.71
CZE,2020,1.74
CZE,2021,1.83
CZE,2022,1.64
CZE,2023,1.46
CZE,2024,1.36
DEU,2000,1.38
DEU,2001,1.35
DEU,2002,1.34
DEU,2003,1.34
DEU,2004,1.36
DEU,2005,1.34
DEU,2006,1.33
DEU,2007,1.37
DEU,2008,1.38
DEU,2009,1.36
DEU,2010,1.39
DEU,2011,1.39
DEU,2012,1.41
DEU,2013,1.42
DEU,2014,1.47
DEU,2015,1.5
DEU,2016,1.6
DEU,2017,1.57
DEU,2018,1.57
DEU,2019,1.54
DEU,2020,1.53
DEU,2021,1.58
DEU,2022,1.455
DEU,2023,1.39
DEU,2024,1.36
DJI,2000,4.601
DJI,2001,4.518
DJI,2002,4.41
DJI,2003,4.296
DJI,2004,4.162
DJI,2005,4.035
DJI,2006,3.899
DJI,2007,3.756
DJI,2008,3.621
DJI,2009,3.521
DJI,2010,3.431
DJI,2011,3.341
DJI,2012,3.255
DJI,2013,3.187
DJI,2014,3.116
DJI,2015,3.041
DJI,2016,2.969
DJI,2017,2.916
DJI,2018,2.858
DJI,2019,2.798
DJI,2020,2.745
DJI,2021,2.699
DJI,2022,2.653
DJI,2023,2.609
DJI,2024,2.618
DMA,2000,2.346
DMA,2001,2.399
DMA,2002,2.16
DMA,2003,2.075
DMA,2004,2.023
DMA,2005,1.998
DMA,2006,2.074
DMA,2007,2.022
DMA,2008,1.968
DMA,2009,1.918
DMA,2010,1.887
DMA,2011,1.861
DMA,2012,1.827
DMA,2013,1.778
DMA,2014,1.713
DMA,2015,1.648
DMA,2016,1.581
DMA,2017,1.54
DMA,2018,1.517
DMA,2019,1.504
DMA,2020,1.495
DMA,2021,1.484
DMA,2022,1.482
DMA,2023,1.484
DMA,2024,1.48
DNK,2000,1.77
DNK,2001,1.74
DNK,2002,1.72
DNK,2003,1.76
DNK,2004,1.78
DNK,2005,1.8
DNK,2006,1.85
DNK,2007,1.84
DNK,2008,1.89
DNK,2009,1.84
DNK,2010,1.87
DNK,2011,1.75
DNK,2012,1.73
DNK,2013,1.67
DNK,2014,1.69
DNK,2015,1.71
DNK,2016,1.79
DNK,2017,1.75
DNK,2018,1.73
DNK,2019,1.7
DNK,2020,1.68
DNK,2021,1.72
DNK,2022,1.55
DNK,2023,1.5
DNK,2024,1.47
DOM,2000,2.869
DOM,2001,2.827
DOM,2002,2.764
DOM,2003,2.703
DOM,2004,2.641
DOM,2005,2.574
DOM,2006,2.508
DOM,2007,2.51
DOM,2008,2.546
DOM,2009,2.574
DOM,2010,2.556
DOM,2011,2.527
DOM,2012,2.497
DOM,2013,2.474
DOM,2014,2.451
DOM,2015,2.43
DOM,2016,2.41
DOM,2017,2.398
DOM,2018,2.397
DOM,2019,2.366
DOM,2020,2.329
DOM,2021,2.294
DOM,2022,2.267
DOM,2023,2.243
DOM,2024,2.222
DZA,2000,2.59
DZA,2001,2.519
DZA,2002,2.429
DZA,2003,2.451
DZA,2004,2.5
DZA,2005,2.562
DZA,2006,2.628
DZA,2007,2.704
DZA,2008,2.785
DZA,2009,2.825
DZA,2010,2.875
DZA,2011,2.899
DZA,2012,2.996
DZA,2013,2.997
DZA,2014,3.084
DZA,2015,3.091
DZA,2016,3.091
DZA,2017,3.09
DZA,2018,3.019
DZA,2019,2.997
DZA,2020,2.94
DZA,2021,2.87
DZA,2022,2.817
DZA,2023,2.766
DZA,2024,2.723
EAP,2000,1.9173000642930622
EAP,2001,1.8645265487618607
EAP,2002,1.8570246904892973
EAP,2003,1.8514268616626297
EAP,2004,1.8690565064061797
EAP,2005,1.8764427568017246
EAP,2006,1.8905558018873603
EAP,2007,1.9075841346400522
EAP,2008,1.9288125026463339
EAP,2009,1.934779527917172
EAP,2010,1.9134999322180273
EAP,2011,1.9053022932125756
EAP,2012,1.9910776587011532
EAP,2013,1.9221824900928044
EAP,2014,1.952156890378724
EAP,2015,1.8785333007030522
EAP,2016,1.9284533212800894
EAP,2017,1.9258311130755472
EAP,2018,1.740434750804936
EAP,2019,1.7048043006112634
EAP,2020,1.527896895035688
EAP,2021,1.4404934680795987
EAP,2022,1.3855264886508118
EAP,2023,1.3614044988915592
EAP,2024,1.3682919369180904
EAR,2000,3.391239051062796
EAR,2001,3.3307873975337077
EAR,2002,3.2530521647969803
EAR,2003,3.1786841458478925
EAR,2004,3.115006277226581
EAR,2005,3.0577445556332967
EAR,2006,3.006105368368793
EAR,2007,2.953671857364809
EAR,2008,2.911765701230542
EAR,2009,2.873071562904046
EAR,2010,2.8207226195273667
EAR,2011,2.77693436477876
EAR,2012,2.7363659654295476
EAR,2013,2.686929618904052
EAR,2014,2.6268235532816373
EAR,2015,2.6060636092790044
EAR,2016,2.575438289298978
EAR,2017,2.515369028801173
EAR,2018,2.4821594527749826
EAR,2019,2.4277956178820403
EAR,2020,2.3732509700690936
EAR,2021,2.34167487073807
EAR,2022,2.3189517975754037
EAR,2023,2.298166545865791
EAR,2024,2.2801968226138962
EAS,2000,1.8703013186966455
EAS,2001,1.8139280158305158
EAS,2002,1.8036084211982917
EAS,2003,1.7965954890358453
EAS,2004,1.8122527039700274
EAS,2005,1.816201681623037
EAS,2006,1.8344975959752599
EAS,2007,1.8547344068262281
EAS,2008,1.873871554433009
EAS,2009,1.87816877219437
EAS,2010,1.8603357816582131
EAS,2011,1.8557528749253287
EAS,2012,1.9384700565733353
EAS,2013,1.8707970286389526
EAS,2014,1.899013372424058
EAS,2015,1.8342708683694073
EAS,2016,1.8765898859301524
EAS,2017,1.8701027953344649
EAS,2018,1.6991575113317796
EAS,2019,1.6621056301060027
EAS,2020,1.4967471229281477
EAS,2021,1.4168039964309629
EAS,2022,1.362748922229107
EAS,2023,1.3355905599418094
EAS,2024,1.3408848867290635
ECA,2000,2.0047415035136162
ECA,2001,1.9568209636343719
ECA,2002,1.9260719897295655
ECA,2003,1.9272132706439913
ECA,2004,1.9592280907033415
ECA,2005,1.9516624017449085
ECA,2006,1.9857727477490628
ECA,2007,2.018441993059954
ECA,2008,2.0658604997388355
ECA,2009,2.059148763832741
ECA,2010,2.0483813037004404
ECA,2011,2.0368787809144315
ECA,2012,2.086133045574652
ECA,2013,2.1056000963471924
ECA,2014,2.1589942449566264
ECA,2015,2.1434787226222625
ECA,2016,2.124548020603505
ECA,2017,2.0775573087350785
ECA,2018,2.0716481533443383
ECA,2019,2.0585392721062665
ECA,2020,2.0494818892778475
ECA,2021,2.054122193256397
ECA,2022,1.9984236538587195
ECA,2023,1.9842465635133515
ECA,2024,1.9618810271345004
ECS,2000,1.559720976695109
ECS,2001,1.5427762297756644
ECS,2002,1.5461514958065008
ECS,2003,1.5634948604745231
ECS,2004,1.5924284648856195
ECS,2005,1.5883221283636841
ECS,2006,1.6183726917496988
ECS,2007,1.6601781411542609
ECS,2008,1.7166187276934277
ECS,2009,1.7182308272402553
ECS,2010,1.7257097489305506
ECS,2011,1.7095186728174274
ECS,2012,1.7442372502908976
ECS,2013,1.7360491377265896
ECS,2014,1.7720621535945444
ECS,2015,1.7731028862561071
ECS,2016,1.7792609974838045
ECS,2017,1.7365553215766776
ECS,2018,1.7163010742893434
ECS,2019,1.6881874137571047
ECS,2020,1.6707502269053536
ECS,2021,1.6838411538931544
ECS,2022,1.6169799650562993
ECS,2023,1.5780023839519388
ECS,2024,1.5533982727417175
ECU,2000,3.102
ECU,2001,3.037
ECU,2002,2.972
ECU,2003,2.911
ECU,2004,2.853
ECU,2005,2.8
ECU,2006,2.753
ECU,2007,2.704
ECU,2008,2.688
ECU,2009,2.678
ECU,2010,2.615
ECU,2011,2.605
ECU,2012,2.509
ECU,2013,2.362
ECU,2014,2.274
ECU,2015,2.209
ECU,2016,2.122
ECU,2017,2.128
ECU,2018,2.111
ECU,2019,2.035
ECU,2020,1.967
ECU,2021,1.909
ECU,2022,1.861
ECU,2023,1.823
ECU,2024,1.806
EGY,2000,3.505
EGY,2001,3.46
EGY,2002,3.412
EGY,2003,3.352
EGY,2004,3.283
EGY,2005,3.254
EGY,2006,3.223
EGY,2007,3.237
EGY,2008,3.238
EGY,2009,3.259
EGY,2010,3.296
EGY,2011,3.311
EGY,2012,3.4
EGY,2013,3.49
EGY,2014,3.49
EGY,2015,3.5
EGY,2016,3.35
EGY,2017,3.31
EGY,2018,3.02
EGY,2019,2.87
EGY,2020,2.85
EGY,2021,2.75
EGY,2022,2.75
EGY,2023,2.75
EGY,2024,2.735
EMU,2000,1.4700045032635933
EMU,2001,1.457104145723345
EMU,2002,1.459227872985893
EMU,2003,1.4732455662941506
EMU,2004,1.4957103896906991
EMU,2005,1.498612969561544
EMU,2006,1.5231110605528442
EMU,2007,1.538305569952392
EMU,2008,1.5781021569535187
EMU,2009,1.5618080537080767
EMU,2010,1.5751173868037507
EMU,2011,1.5560401473682977
EMU,2012,1.551794854706354
EMU,2013,1.5294285821829412
EMU,2014,1.5521447788991414
EMU,2015,1.5497702604595718
EMU,2016,1.570071649819036
EMU,2017,1.5456524063226822
EMU,2018,1.5262615523506706
EMU,2019,1.5033446185670187
EMU,2020,1.4770087467906903
EMU,2021,1.505314664925608
EMU,2022,1.4403803829036794
EMU,2023,1.3769428953477416
EMU,2024,1.3466793084840356
ERI,2000,5.397
ERI,2001,5.306
ERI,2002,5.233
ERI,2003,5.143
ERI,2004,5.036
ERI,2005,4.934
ERI,2006,4.881
ERI,2007,4.812
ERI,2008,4.737
ERI,2009,4.656
ERI,2010,4.571
ERI,2011,4.486
ERI,2012,4.407
ERI,2013,4.335
ERI,2014,4.273
ERI,2015,4.217
ERI,2016,4.164
ERI,2017,4.112
ERI,2018,4.056
ERI,2019,3.997
ERI,2020,3.933
ERI,2021,3.867
ERI,2022,3.786
ERI,2023,3.713
ERI,2024,3.68
ESP,2000,1.22
ESP,2001,1.23
ESP,2002,1.25
ESP,2003,1.3
ESP,2004,1.31
ESP,2005,1.33
ESP,2006,1.36
ESP,2007,1.38
ESP,2008,1.45
ESP,2009,1.38
ESP,2010,1.37
ESP,2011,1.34
ESP,2012,1.32
ESP,2013,1.27
ESP,2014,1.32
ESP,2015,1.33
ESP,2016,1.33
ESP,2017,1.31
ESP,2018,1.26
ESP,2019,1.23
ESP,2020,1.18
ESP,2021,1.18
ESP,2022,1.16
ESP,2023,1.12
ESP,2024,1.1
EST,2000,1.36
EST,2001,1.32
EST,2002,1.36
EST,2003,1.37
EST,2004,1.47
EST,2005,1.52
EST,2006,1.58
EST,2007,1.69
EST,2008,1.72
EST,2009,1.7
EST,2010,1.72
EST,2011,1.61
EST,2012,1.56
EST,2013,1.52
EST,2014,1.54
EST,2015,1.58
EST,2016,1.6
EST,2017,1.59
EST,2018,1.67
EST,2019,1.66
EST,2020,1.58
EST,2021,1.61
EST,2022,1.41
EST,2023,1.31
EST,2024,1.18
ETH,2000,6.654
ETH,2001,6.579
ETH,2002,6.499
ETH,2003,6.4
ETH,2004,6.301
ETH,2005,6.194
ETH,2006,6.047
ETH,2007,5.887
ETH,2008,5.695
ETH,2009,5.488
ETH,2010,5.282
ETH,2011,5.08
ETH,2012,4.887
ETH,2013,4.708
ETH,2014,4.605
ETH,2015,4.529
ETH,2016,4.473
ETH,2017,4.401
ETH,2018,4.371
ETH,2019,4.347
ETH,2020,4.274
ETH,2021,4.177
ETH,2022,4.082
ETH,2023,3.989
ETH,2024,3.909
EUU,2000,1.4413597757676155
EUU,2001,1.4230539285118609
EUU,2002,1.421192523437002
EUU,2003,1.4325240917551814
EUU,2004,1.4560584904386493
EUU,2005,1.466607156044137
EUU,2006,1.4945554526857583
EUU,2007,1.5151566756709025
EUU,2008,1.5650154994322634
EUU,2009,1.5574067448630682
EUU,2010,1.5634616186115968
EUU,2011,1.5295940714160525
EUU,2012,1.5316154700871467
EUU,2013,1.5082501387145877
EUU,2014,1.5381573440447593
EUU,2015,1.5403161903069211
EUU,2016,1.5706018228083145
EUU,2017,1.5646647320074687
EUU,2018,1.5472031858454862
EUU,2019,1.5276703195904426
EUU,2020,1.5040948925250412
EUU,2021,1.5243239889960691
EUU,2022,1.4548683470047967
EUU,2023,1.3837480486422002
EUU,2024,1.340870006715972
FCS,2000,5.191424021846794
FCS,2001,5.161386948317087
FCS,2002,5.131294469679366
FCS,2003,5.0987329653096705
FCS,2004,5.0682239017579285
FCS,2005,5.033720734489694
FCS,2006,5.0101159802420145
FCS,2007,4.978129866010579
FCS,2008,4.959748678293992
FCS,2009,4.933681860910579
FCS,2010,4.8959233094295955
FCS,2011,4.860162194170425
FCS,2012,4.813154952713814
FCS,2013,4.755997460205784
FCS,2014,4.709106828492925
FCS,2015,4.652802787891773
FCS,2016,4.589011393429679
FCS,2017,4.518258592936663
FCS,2018,4.454354453625296
FCS,2019,4.392651668701994
FCS,2020,4.326624428069549
FCS,2021,4.275451137471264
FCS,2022,4.220918234824879
FCS,2023,4.181662072727265
FCS,2024,4.121712497361633
FIN,2000,1.73
FIN,2001,1.73
FIN,2002,1.72
FIN,2003,1.76
FIN,2004,1.8
FIN,2005,1.8
FIN,2006,1.84
FIN,2007,1.83
FIN,2008,1.85
FIN,2009,1.86
FIN,2010,1.87
FIN,2011,1.83
FIN,2012,1.8
FIN,2013,1.75
FIN,2014,1.71
FIN,2015,1.65
FIN,2016,1.57
FIN,2017,1.49
FIN,2018,1.41
FIN,2019,1.35
FIN,2020,1.37
FIN,2021,1.46
FIN,2022,1.32
FIN,2023,1.26
FIN,2024,1.25
FJI,2000,2.992
FJI,2001,2.973
FJI,2002,2.968
FJI,2003,2.957
FJI,2004,2.941
FJI,2005,2.917
FJI,2006,2.905
FJI,2007,2.872
FJI,2008,2.819
FJI,2009,2.76
FJI,2010,2.696
FJI,2011,2.631
FJI,2012,2.612
FJI,2013,2.604
FJI,2014,2.591
FJI,2015,2.567
FJI,2016,2.518
FJI,2017,2.461
FJI,2018,2.419
FJI,2019,2.385
FJI,2020,2.357
FJI,2021,2.332
FJI,2022,2.305
FJI,2023,2.281
FJI,2024,2.27
FRA,2000,1.89
FRA,2001,1.9
FRA,2002,1.88
FRA,2003,1.89
FRA,2004,1.92
FRA,2005,1.94
FRA,2006,2
FRA,2007,1.98
FRA,2008,2.01
FRA,2009,2
FRA,2010,2.03
FRA,2011,2.01
FRA,2012,2.01
FRA,2013,1.99
FRA,2014,2
FRA,2015,1.96
FRA,2016,1.92
FRA,2017,1.89
FRA,2018,1.87
FRA,2019,1.86
FRA,2020,1.82
FRA,2021,1.83
FRA,2022,1.78
FRA,2023,1.66
FRA,2024,1.61
FRO,2000,2.5604
FRO,2001,2.297
FRO,2002,2.5436
FRO,2003,2.5267
FRO,2004,2.5775
FRO,2005,2.6115
FRO,2006,2.4764
FRO,2007,2.5395
FRO,2008,2.5294
FRO,2009,2.3435
FRO,2010,2.5033
FRO,2011,2.2832
FRO,2012,2.5311
FRO,2013,2.5099
FRO,2014,2.5485
FRO,2015,2.411
FRO,2016,2.6078
FRO,2017,2.4684
FRO,2018,2.5015
FRO,2019,2.4187
FRO,2020,2.3301
FRO,2021,2.3109
FRO,2022,2.0788
FRO,2023,1.8676
FRO,2024,1.9129
FSM,2000,4.217
FSM,2001,4.084
FSM,2002,3.934
FSM,2003,3.785
FSM,2004,3.681
FSM,2005,3.595
FSM,2006,3.514
FSM,2007,3.439
FSM,2008,3.368
FSM,2009,3.313
FSM,2010,3.271
FSM,2011,3.223
FSM,2012,3.18
FSM,2013,3.133
FSM,2014,3.091
FSM,2015,3.049
FSM,2016,3.001
FSM,2017,2.957
FSM,2018,2.922
FSM,2019,2.883
FSM,2020,2.852
FSM,2021,2.818
FSM,2022,2.785
FSM,2023,2.748
FSM,2024,2.743
GAB,2000,4.469
GAB,2001,4.417
GAB,2002,4.36
GAB,2003,4.299
GAB,2004,4.252
GAB,2005,4.21
GAB,2006,4.17
GAB,2007,4.142
GAB,2008,4.118
GAB,2009,4.138
GAB,2010,4.153
GAB,2011,4.151
GAB,2012,4.086
GAB,2013,4.019
GAB,2014,3.953
GAB,2015,3.921
GAB,2016,3.921
GAB,2017,3.913
GAB,2018,3.908
GAB,2019,3.884
GAB,2020,3.831
GAB,2021,3.776
GAB,2022,3.712
GAB,2023,3.647
GAB,2024,3.592
GBR,2000,1.64
GBR,2001,1.63
GBR,2002,1.63
GBR,2003,1.7
GBR,2004,1.75
GBR,2005,1.76
GBR,2006,1.82
GBR,2007,1.86
GBR,2008,1.91
GBR,2009,1.89
GBR,2010,1.92
GBR,2011,1.91
GBR,2012,1.92
GBR,2013,1.83
GBR,2014,1.81
GBR,2015,1.8
GBR,2016,1.79
GBR,2017,1.74
GBR,2018,1.68
GBR,2019,1.632
GBR,2020,1.571
GBR,2021,1.583
GBR,2022,1.56
GBR,2023,1.56
GBR,2024,1.551
GEO,2000,1.609
GEO,2001,1.579
GEO,2002,1.571
GEO,2003,1.552
GEO,2004,1.566
GEO,2005,1.583
GEO,2006,1.617
GEO,2007,1.697
GEO,2008,1.832
GEO,2009,1.993
GEO,2010,1.973
GEO,2011,1.915
GEO,2012,1.929
GEO,2013,1.993
GEO,2014,2.18
GEO,2015,2.214
GEO,2016,2.228
GEO,2017,2.136
GEO,2018,2.093
GEO,2019,2.021
GEO,2020,1.976
GEO,2021,1.98
GEO,2022,1.82
GEO,2023,1.81
GEO,2024,1.802
GHA,2000,4.827
GHA,2001,4.768
GHA,2002,4.687
GHA,2003,4.597
GHA,2004,4.504
GHA,2005,4.496
GHA,2006,4.399
GHA,2007,4.288
GHA,2008,4.217
GHA,2009,4.179
GHA,2010,4.181
GHA,2011,4.177
GHA,2012,4.154
GHA,2013,4.114
GHA,2014,4.029
GHA,2015,3.982
GHA,2016,3.873
GHA,2017,3.715
GHA,2018,3.65
GHA,2019,3.593
GHA,2020,3.541
GHA,2021,3.492
GHA,2022,3.434
GHA,2023,3.397
GHA,2024,3.344
GIB,2000,2.185
GIB,2001,2.104
GIB,2002,1.683
GIB,2003,1.634
GIB,2004,1.689
GIB,2005,1.754
GIB,2006,1.802
GIB,2007,1.852
GIB,2008,1.903
GIB,2009,1.926
GIB,2010,1.954
GIB,2011,1.974
GIB,2012,1.999
GIB,2013,2.099
GIB,2014,2.084
GIB,2015,2.074
GIB,2016,1.94
GIB,2017,1.93
GIB,2018,1.921
GIB,2019,1.912
GIB,2020,1.907
GIB,2021,1.899
GIB,2022,1.895
GIB,2023,1.888
GIB,2024,1.885
GIN,2000,5.918
GIN,2001,5.834
GIN,2002,5.781
GIN,2003,5.744
GIN,2004,5.733
GIN,2005,5.727
GIN,2006,5.704
GIN,2007,5.664
GIN,2008,5.596
GIN,2009,5.528
GIN,2010,5.435
GIN,2011,5.337
GIN,2012,5.232
GIN,2013,5.151
GIN,2014,5.07
GIN,2015,5.002
GIN,2016,4.915
GIN,2017,4.793
GIN,2018,4.669
GIN,2019,4.576
GIN,2020,4.489
GIN,2021,4.399
GIN,2022,4.303
GIN,2023,4.217
GIN,2024,4.131
GMB,2000,5.716
GMB,2001,5.67
GMB,2002,5.656
GMB,2003,5.656
GMB,2004,5.683
GMB,2005,5.708
GMB,2006,5.736
GMB,2007,5.685
GMB,2008,5.625
GMB,2009,5.574
GMB,2010,5.558
GMB,2011,5.542
GMB,2012,5.519
GMB,2013,5.392
GMB,2014,5.197
GMB,2015,5.003
GMB,2016,4.809
GMB,2017,4.614
GMB,2018,4.42
GMB,2019,4.33
GMB,2020,4.248
GMB,2021,4.165
GMB,2022,4.078
GMB,2023,4.006
GMB,2024,3.907
GNB,2000,5.786
GNB,2001,5.688
GNB,2002,5.634
GNB,2003,5.577
GNB,2004,5.5
GNB,2005,5.46
GNB,2006,5.406
GNB,2007,5.365
GNB,2008,5.266
GNB,2009,5.176
GNB,2010,5.111
GNB,2011,5.067
GNB,2012,5.003
GNB,2013,4.93
GNB,2014,4.79
GNB,2015,4.661
GNB,2016,4.519
GNB,2017,4.347
GNB,2018,4.241
GNB,2019,4.153
GNB,2020,4.075
GNB,2021,3.998
GNB,2022,3.911
GNB,2023,3.836
GNB,2024,3.757
GNQ,2000,5.834
GNQ,2001,5.785
GNQ,2002,5.731
GNQ,2003,5.675
GNQ,2004,5.618
GNQ,2005,5.559
GNQ,2006,5.498
GNQ,2007,5.433
GNQ,2008,5.363
GNQ,2009,5.288
GNQ,2010,5.209
GNQ,2011,5.126
GNQ,2012,5.04
GNQ,2013,4.952
GNQ,2014,4.863
GNQ,2015,4.774
GNQ,2016,4.686
GNQ,2017,4.599
GNQ,2018,4.513
GNQ,2019,4.429
GNQ,2020,4.346
GNQ,2021,4.266
GNQ,2022,4.17
GNQ,2023,4.081
GNQ,2024,4.116
GRC,2000,1.25
GRC,2001,1.25
GRC,2002,1.28
GRC,2003,1.29
GRC,2004,1.31
GRC,2005,1.34
GRC,2006,1.4
GRC,2007,1.41
GRC,2008,1.5
GRC,2009,1.5
GRC,2010,1.48
GRC,2011,1.4
GRC,2012,1.34
GRC,2013,1.29
GRC,2014,1.3
GRC,2015,1.33
GRC,2016,1.38
GRC,2017,1.35
GRC,2018,1.35
GRC,2019,1.34
GRC,2020,1.39
GRC,2021,1.43
GRC,2022,1.32
GRC,2023,1.26
GRC,2024,1.24
GRD,2000,2.441
GRD,2001,2.421
GRD,2002,2.378
GRD,2003,2.332
GRD,2004,2.285
GRD,2005,2.242
GRD,2006,2.195
GRD,2007,2.154
GRD,2008,2.116
GRD,2009,2.078
GRD,2010,2.038
GRD,2011,2.006
GRD,2012,1.967
GRD,2013,1.913
GRD,2014,1.799
GRD,2015,1.715
GRD,2016,1.616
GRD,2017,1.438
GRD,2018,1.53
GRD,2019,1.542
GRD,2020,1.532
GRD,2021,1.517
GRD,2022,1.502
GRD,2023,1.487
GRD,2024,1.472
GRL,2000,2.406
GRL,2001,2.506
GRL,2002,2.613
GRL,2003,2.328
GRL,2004,2.442
GRL,2005,2.326
GRL,2006,2.28
GRL,2007,2.223
GRL,2008,2.249
GRL,2009,2.344
GRL,2010,2.184
GRL,2011,2.097
GRL,2012,2.006
GRL,2013,2.069
GRL,2014,1.987
GRL,2015,2.116
GRL,2016,2.066
GRL,2017,2.125
GRL,2018,2.024
GRL,2019,2.115
GRL,2020,2.109
GRL,2021,1.82
GRL,2022,1.818
GRL,2023,1.769
GRL,2024,1.706
GTM,2000,4.583
GTM,2001,4.502
GTM,2002,4.371
GTM,2003,4.25
GTM,2004,4.134
GTM,2005,3.974
GTM,2006,3.845
GTM,2007,3.716
GTM,2008,3.571
GTM,2009,3.465
GTM,2010,3.375
GTM,2011,3.292
GTM,2012,3.219
GTM,2013,3.151
GTM,2014,3.088
GTM,2015,3.029
GTM,2016,2.973
GTM,2017,2.857
GTM,2018,2.743
GTM,2019,2.593
GTM,2020,2.47
GTM,2021,2.388
GTM,2022,2.343
GTM,2023,2.311
GTM,2024,2.287
GUM,2000,2.915
GUM,2001,2.817
GUM,2002,2.582
GUM,2003,2.657
GUM,2004,2.772
GUM,2005,2.638
GUM,2006,2.807
GUM,2007,2.905
GUM,2008,2.905
GUM,2009,2.891
GUM,2010,2.973
GUM,2011,2.876
GUM,2012,3.117
GUM,2013,2.883
GUM,2014,2.946
GUM,2015,2.933
GUM,2016,3.171
GUM,2017,3.088
GUM,2018,2.995
GUM,2019,2.938
GUM,2020,2.895
GUM,2021,2.856
GUM,2022,2.819
GUM,2023,2.781
GUM,2024,2.748
GUY,2000,3.057
GUY,2001,2.958
GUY,2002,2.844
GUY,2003,2.75
GUY,2004,2.681
GUY,2005,2.648
GUY,2006,2.659
GUY,2007,2.681
GUY,2008,2.697
GUY,2009,2.694
GUY,2010,2.684
GUY,2011,2.694
GUY,2012,2.701
GUY,2013,2.711
GUY,2014,2.695
GUY,2015,2.667
GUY,2016,2.634
GUY,2017,2.593
GUY,2018,2.553
GUY,2019,2.521
GUY,2020,2.491
GUY,2021,2.462
GUY,2022,2.437
GUY,2023,2.412
GUY,2024,2.395
HIC,2000,1.6352167190131222
HIC,2001,1.6062139900288563
HIC,2002,1.5994941190000012
HIC,2003,1.610345947594015
HIC,2004,1.6212773251210952
HIC,2005,1.6139315334874338
HIC,2006,1.650195388965216
HIC,2007,1.6865072394294822
HIC,2008,1.7049883459488806
HIC,2009,1.6873307449462513
HIC,2010,1.676089786406202
HIC,2011,1.6626040180896797
HIC,2012,1.6833698171467248
HIC,2013,1.6564476554238274
HIC,2014,1.675012540866082
HIC,2015,1.6766289268985501
HIC,2016,1.6731181669288926
HIC,2017,1.629407245471643
HIC,2018,1.598994574007033
HIC,2019,1.5589017331761044
HIC,2020,1.5144347066388453
HIC,2021,1.5220844234604354
HIC,2022,1.474928958702588
HIC,2023,1.4348963917942932
HIC,2024,1.424954134289357
HKG,2000,1.032
HKG,2001,0.931
HKG,2002,0.941
HKG,2003,0.901
HKG,2004,0.922
HKG,2005,0.959
HKG,2006,0.984
HKG,2007,1.028
HKG,2008,1.064
HKG,2009,1.055
HKG,2010,1.127
HKG,2011,1.204
HKG,2012,1.285
HKG,2013,1.125
HKG,2014,1.235
HKG,2015,1.196
HKG,2016,1.205
HKG,2017,1.128
HKG,2018,1.08
HKG,2019,1.064
HKG,2020,0.883
HKG,2021,0.772
HKG,2022,0.701
HKG,2023,0.751
HKG,2024,0.841
HND,2000,4.289
HND,2001,4.153
HND,2002,4
HND,2003,3.844
HND,2004,3.71
HND,2005,3.577
HND,2006,3.449
HND,2007,3.351
HND,2008,3.26
HND,2009,3.173
HND,2010,3.078
HND,2011,2.998
HND,2012,2.927
HND,2013,2.855
HND,2014,2.793
HND,2015,2.746
HND,2016,2.704
HND,2017,2.663
HND,2018,2.645
HND,2019,2.611
HND,2020,2.577
HND,2021,2.548
HND,2022,2.522
HND,2023,2.5
HND,2024,2.476
HPC,2000,6.083328862584648
HPC,2001,6.017709355857832
HPC,2002,5.956862758785167
HPC,2003,5.8999371346052065
HPC,2004,5.849692093925865
HPC,2005,5.800796991410615
HPC,2006,5.73901969230947
HPC,2007,5.667871468236769
HPC,2008,5.601328232073491
HPC,2009,5.5360059310966925
HPC,2010,5.46352248972891
HPC,2011,5.379362252993216
HPC,2012,5.29780728876556
HPC,2013,5.215865855726133
HPC,2014,5.134819026258244
HPC,2015,5.059560751342225
HPC,2016,4.990103818531007
HPC,2017,4.914973485293158
HPC,2018,4.840069609526458
HPC,2019,4.767411652412009
HPC,2020,4.692652749335786
HPC,2021,4.617901367756723
HPC,2022,4.54630826984637
HPC,2023,4.477363066515501
HPC,2024,4.409398181350917
HRV,2000,1.39
HRV,2001,1.46
HRV,2002,1.42
HRV,2003,1.41
HRV,2004,1.43
HRV,2005,1.5
HRV,2006,1.47
HRV,2007,1.48
HRV,2008,1.47
HRV,2009,1.5
HRV,2010,1.46
HRV,2011,1.41
HRV,2012,1.52
HRV,2013,1.46
HRV,2014,1.46
HRV,2015,1.41
HRV,2016,1.43
HRV,2017,1.42
HRV,2018,1.47
HRV,2019,1.47
HRV,2020,1.48
HRV,2021,1.62
HRV,2022,1.53
HRV,2023,1.46
HRV,2024,1.46
HTI,2000,4.39
HTI,2001,4.248
HTI,2002,4.125
HTI,2003,4.047
HTI,2004,3.943
HTI,2005,3.835
HTI,2006,3.761
HTI,2007,3.687
HTI,2008,3.621
HTI,2009,3.565
HTI,2010,3.497
HTI,2011,3.431
HTI,2012,3.321
HTI,2013,3.221
HTI,2014,3.164
HTI,2015,3.11
HTI,2016,3.054
HTI,2017,2.985
HTI,2018,2.924
HTI,2019,2.862
HTI,2020,2.804
HTI,2021,2.748
HTI,2022,2.699
HTI,2023,2.656
HTI,2024,2.625
HUN,2000,1.32
HUN,2001,1.31
HUN,2002,1.3
HUN,2003,1.27
HUN,2004,1.28
HUN,2005,1.31
HUN,2006,1.34
HUN,2007,1.32
HUN,2008,1.35
HUN,2009,1.32
HUN,2010,1.25
HUN,2011,1.23
HUN,2012,1.34
HUN,2013,1.36
HUN,2014,1.45
HUN,2015,1.46
HUN,2016,1.55
HUN,2017,1.56
HUN,2018,1.57
HUN,2019,1.58
HUN,2020,1.61
HUN,2021,1.63
HUN,2022,1.57
HUN,2023,1.55
HUN,2024,1.41
IBD,2000,2.37429108795755
IBD,2001,2.3275180916894573
IBD,2002,2.295122843594685
IBD,2003,2.2664528601417624
IBD,2004,2.2579824131603208
IBD,2005,2.23842034148353
IBD,2006,2.2229711952115436
IBD,2007,2.2121524626074778
IBD,2008,2.21436756794014
IBD,2009,2.2087919017654882
IBD,2010,2.181291722336431
IBD,2011,2.162544191296499
IBD,2012,2.194353641887658
IBD,2013,2.1469365654214094
IBD,2014,2.1367715224096835
IBD,2015,2.0996690688906403
IBD,2016,2.1100891810140414
IBD,2017,2.0738038646391312
IBD,2018,1.9784934711697375
IBD,2019,1.9303355794154136
IBD,2020,1.8243493338428458
IBD,2021,1.7729357773993577
IBD,2022,1.7360484586157021
IBD,2023,1.7169551203745488
IBD,2024,1.714072153482722
IBT,2000,2.9281591894995245
IBT,2001,2.8825391815019246
IBT,2002,2.8484186812586616
IBT,2003,2.8179123250426463
IBT,2004,2.8022771915264357
IBT,2005,2.7805585514170956
IBT,2006,2.765797761932954
IBT,2007,2.7548036303588566
IBT,2008,2.754235701144302
IBT,2009,2.7455869559697312
IBT,2010,2.716885575280577
IBT,2011,2.6932956844082114
IBT,2012,2.7094224939591323
IBT,2013,2.667207335509879
IBT,2014,2.654986940383426
IBT,2015,2.622032637033591
IBT,2016,2.623474800921072
IBT,2017,2.5912515686607738
IBT,2018,2.5155664454136875
IBT,2019,2.4753322022865403
IBT,2020,2.3927648760403515
IBT,2021,2.3538117544001036
IBT,2022,2.324482678165873
IBT,2023,2.3079097988422275
IBT,2024,2.3001000247650945
IDA,2000,5.123569028390786
IDA,2001,5.055188184781431
IDA,2002,4.9867855619093735
IDA,2003,4.920878051853161
IDA,2004,4.84997737382873
IDA,2005,4.791667888334561
IDA,2006,4.748160549315697
IDA,2007,4.700131462179718
IDA,2008,4.654066136718474
IDA,2009,4.602405088200855
IDA,2010,4.538681287772305
IDA,2011,4.469555327195321
IDA,2012,4.404941319753965
IDA,2013,4.350532058590436
IDA,2014,4.300998362645347
IDA,2015,4.250175871536288
IDA,2016,4.191822248785905
IDA,2017,4.13947814164617
IDA,2018,4.08721232777325
IDA,2019,4.032801761313877
IDA,2020,3.9780721537914085
IDA,2021,3.9350022218608056
IDA,2022,3.8884404230526783
IDA,2023,3.842134215117354
IDA,2024,3.788617926674895
IDB,2000,5.341855838525711
IDB,2001,5.260944453966644
IDB,2002,5.178319033059901
IDB,2003,5.109301984845632
IDB,2004,5.012790811085955
IDB,2005,4.954611181393862
IDB,2006,4.938700790207955
IDB,2007,4.917370929315407
IDB,2008,4.898901821466529
IDB,2009,4.8581806944770465
IDB,2010,4.798092126196713
IDB,2011,4.722169461578771
IDB,2012,4.634037821140902
IDB,2013,4.560497341133226
IDB,2014,4.502077481935004
IDB,2015,4.429495291730262
IDB,2016,4.33403379404732
IDB,2017,4.269018868212737
IDB,2018,4.1932058925592255
IDB,2019,4.1181258293125
IDB,2020,4.047504199969747
IDB,2021,4.011091272987104
IDB,2022,3.9581889336203195
IDB,2023,3.9068998694071815
IDB,2024,3.841440007007475
IDN,2000,2.503
IDN,2001,2.466
IDN,2002,2.436
IDN,2003,2.41
IDN,2004,2.415
IDN,2005,2.452
IDN,2006,2.457
IDN,2007,2.476
IDN,2008,2.44
IDN,2009,2.442
IDN,2010,2.462
IDN,2011,2.515
IDN,2012,2.514
IDN,2013,2.441
IDN,2014,2.393
IDN,2015,2.346
IDN,2016,2.311
IDN,2017,2.253
IDN,2018,2.219
IDN,2019,2.205
IDN,2020,2.189
IDN,2021,2.166
IDN,2022,2.149
IDN,2023,2.127
IDN,2024,2.115
IDX,2000,5.010242209663481
IDX,2001,4.947790116480793
IDX,2002,4.886495278846645
IDX,2003,4.821971768775938
IDX,2004,4.764195851351878
IDX,2005,4.705532719303076
IDX,2006,4.647198027142463
IDX,2007,4.58460415422269
IDX,2008,4.523306782951435
IDX,2009,4.465343924409024
IDX,2010,4.399369898620967
IDX,2011,4.333871428670694
IDX,2012,4.282102505608627
IDX,2013,4.238130758226409
IDX,2014,4.193632277120347
IDX,2015,4.154782396496853
IDX,2016,4.116562827047121
IDX,2017,4.071228300559573
IDX,2018,4.031570697749775
IDX,2019,3.988184817393217
IDX,2020,3.941864212167528
IDX,2021,3.8953625114284662
IDX,2022,3.852119367971516
IDX,2023,3.808436697330713
IDX,2024,3.761141259307214
IMN,2000,1.866
IMN,2001,1.87
IMN,2002,1.863
IMN,2003,1.84
IMN,2004,1.826
IMN,2005,1.863
IMN,2006,1.905
IMN,2007,1.927
IMN,2008,1.941
IMN,2009,1.937
IMN,2010,1.928
IMN,2011,1.903
IMN,2012,1.864
IMN,2013,1.824
IMN,2014,1.79
IMN,2015,1.748
IMN,2016,1.713
IMN,2017,1.674
IMN,2018,1.636
IMN,2019,1.606
IMN,2020,1.585
IMN,2021,1.569
IMN,2022,1.556
IMN,2023,1.548
IMN,2024,1.544
IND,2000,3.35
IND,2001,3.303
IND,2002,3.217
IND,2003,3.122
IND,2004,3.046
IND,2005,2.958
IND,2006,2.867
IND,2007,2.775
IND,2008,2.711
IND,2009,2.674
IND,2010,2.598
IND,2011,2.532
IND,2012,2.47
IND,2013,2.399
IND,2014,2.293
IND,2015,2.289
IND,2016,2.284
IND,2017,2.193
IND,2018,2.184
IND,2019,2.12
IND,2020,2.047
IND,2021,2.014
IND,2022,1.994
IND,2023,1.975
IND,2024,1.962
INX,2000,NA
INX,2001,NA
INX,2002,NA
INX,2003,NA
INX,2004,NA
INX,2005,NA
INX,2006,NA
INX,2007,NA
INX,2008,NA
INX,2009,NA
INX,2010,NA
INX,2011,NA
INX,2012,NA
INX,2013,NA
INX,2014,NA
INX,2015,NA
INX,2016,NA
INX,2017,NA
INX,2018,NA
INX,2019,NA
INX,2020,NA
INX,2021,NA
INX,2022,NA
INX,2023,NA
INX,2024,NA
IRL,2000,1.89
IRL,2001,1.94
IRL,2002,1.97
IRL,2003,1.96
IRL,2004,1.93
IRL,2005,1.86
IRL,2006,1.91
IRL,2007,2.01
IRL,2008,2.06
IRL,2009,2.06
IRL,2010,2.05
IRL,2011,2.03
IRL,2012,1.98
IRL,2013,1.93
IRL,2014,1.89
IRL,2015,1.85
IRL,2016,1.81
IRL,2017,1.76
IRL,2018,1.74
IRL,2019,1.69
IRL,2020,1.6
IRL,2021,1.72
IRL,2022,1.51
IRL,2023,1.5
IRL,2024,1.47
IRN,2000,1.999
IRN,2001,1.918
IRN,2002,1.836
IRN,2003,1.801
IRN,2004,1.78
IRN,2005,1.756
IRN,2006,1.755
IRN,2007,1.748
IRN,2008,1.743
IRN,2009,1.74
IRN,2010,1.749
IRN,2011,1.792
IRN,2012,1.851
IRN,2013,1.913
IRN,2014,1.975
IRN,2015,2.017
IRN,2016,2.054
IRN,2017,2.023
IRN,2018,1.919
IRN,2019,1.766
IRN,2020,1.7
IRN,2021,1.709
IRN,2022,1.704
IRN,2023,1.695
IRN,2024,1.684
IRQ,2000,4.92
IRQ,2001,4.799
IRQ,2002,4.668
IRQ,2003,4.581
IRQ,2004,4.527
IRQ,2005,4.446
IRQ,2006,4.459
IRQ,2007,4.404
IRQ,2008,4.373
IRQ,2009,4.378
IRQ,2010,4.457
IRQ,2011,4.588
IRQ,2012,4.544
IRQ,2013,4.441
IRQ,2014,4.31
IRQ,2015,4.08
IRQ,2016,3.843
IRQ,2017,3.64
IRQ,2018,3.547
IRQ,2019,3.48
IRQ,2020,3.419
IRQ,2021,3.358
IRQ,2022,3.294
IRQ,2023,3.249
IRQ,2024,3.221
ISL,2000,2.08
ISL,2001,1.95
ISL,2002,1.93
ISL,2003,1.99
ISL,2004,2.04
ISL,2005,2.05
ISL,2006,2.08
ISL,2007,2.09
ISL,2008,2.15
ISL,2009,2.23
ISL,2010,2.2
ISL,2011,2.02
ISL,2012,2.04
ISL,2013,1.93
ISL,2014,1.93
ISL,2015,1.8
ISL,2016,1.74
ISL,2017,1.71
ISL,2018,1.71
ISL,2019,1.74
ISL,2020,1.72
ISL,2021,1.82
ISL,2022,1.589
ISL,2023,1.55
ISL,2024,1.56
ISR,2000,2.95
ISR,2001,2.92
ISR,2002,2.89
ISR,2003,2.95
ISR,2004,2.9
ISR,2005,2.84
ISR,2006,2.88
ISR,2007,2.9
ISR,2008,2.96
ISR,2009,2.96
ISR,2010,3.03
ISR,2011,2.98
ISR,2012,3.05
ISR,2013,3.03
ISR,2014,3.08
ISR,2015,3.09
ISR,2016,3.11
ISR,2017,3.11
ISR,2018,3.09
ISR,2019,3.01
ISR,2020,2.9
ISR,2021,3
ISR,2022,2.89
ISR,2023,2.85
ISR,2024,2.87
ITA,2000,1.26
ITA,2001,1.25
ITA,2002,1.27
ITA,2003,1.29
ITA,2004,1.34
ITA,2005,1.33
ITA,2006,1.37
ITA,2007,1.39
ITA,2008,1.44
ITA,2009,1.44
ITA,2010,1.44
ITA,2011,1.42
ITA,2012,1.42
ITA,2013,1.39
ITA,2014,1.38
ITA,2015,1.36
ITA,2016,1.36
ITA,2017,1.34
ITA,2018,1.31
ITA,2019,1.27
ITA,2020,1.24
ITA,2021,1.25
ITA,2022,1.24
ITA,2023,1.21
ITA,2024,1.18
JAM,2000,2.345
JAM,2001,2.296
JAM,2002,2.271
JAM,2003,2.244
JAM,2004,2.198
JAM,2005,2.148
JAM,2006,2.089
JAM,2007,2.023
JAM,2008,1.953
JAM,2009,1.879
JAM,2010,1.799
JAM,2011,1.717
JAM,2012,1.648
JAM,2013,1.591
JAM,2014,1.544
JAM,2015,1.508
JAM,2016,1.464
JAM,2017,1.428
JAM,2018,1.4
JAM,2019,1.39
JAM,2020,1.383
JAM,2021,1.378
JAM,2022,1.372
JAM,2023,1.358
JAM,2024,1.351
JOR,2000,3.864
JOR,2001,3.803
JOR,2002,3.805
JOR,2003,3.816
JOR,2004,3.729
JOR,2005,3.653
JOR,2006,3.711
JOR,2007,3.797
JOR,2008,3.876
JOR,2009,3.841
JOR,2010,3.78
JOR,2011,3.69
JOR,2012,3.568
JOR,2013,3.449
JOR,2014,3.302
JOR,2015,3.141
JOR,2016,3.072
JOR,2017,2.994
JOR,2018,2.923
JOR,2019,2.855
JOR,2020,2.791
JOR,2021,2.735
JOR,2022,2.679
JOR,2023,2.639
JOR,2024,2.604
JPN,2000,1.36
JPN,2001,1.33
JPN,2002,1.32
JPN,2003,1.29
JPN,2004,1.29
JPN,2005,1.26
JPN,2006,1.32
JPN,2007,1.34
JPN,2008,1.37
JPN,2009,1.37
JPN,2010,1.39
JPN,2011,1.39
JPN,2012,1.41
JPN,2013,1.43
JPN,2014,1.42
JPN,2015,1.45
JPN,2016,1.44
JPN,2017,1.43
JPN,2018,1.42
JPN,2019,1.36
JPN,2020,1.33
JPN,2021,1.3
JPN,2022,1.26
JPN,2023,1.2
JPN,2024,1.15
KAZ,2000,1.898
KAZ,2001,1.906
KAZ,2002,1.956
KAZ,2003,2.075
KAZ,2004,2.201
KAZ,2005,2.274
KAZ,2006,2.38
KAZ,2007,2.49
KAZ,2008,2.616
KAZ,2009,2.58
KAZ,2010,2.61
KAZ,2011,2.605
KAZ,2012,2.64
KAZ,2013,2.67
KAZ,2014,2.76
KAZ,2015,2.755
KAZ,2016,2.795
KAZ,2017,2.745
KAZ,2018,2.845
KAZ,2019,2.89
KAZ,2020,3.13
KAZ,2021,3.32
KAZ,2022,3.05
KAZ,2023,3.012
KAZ,2024,2.984
KEN,2000,5.136
KEN,2001,5.094
KEN,2002,5.027
KEN,2003,4.937
KEN,2004,4.861
KEN,2005,4.801
KEN,2006,4.754
KEN,2007,4.718
KEN,2008,4.66
KEN,2009,4.567
KEN,2010,4.446
KEN,2011,4.284
KEN,2012,4.116
KEN,2013,3.955
KEN,2014,3.843
KEN,2015,3.766
KEN,2016,3.689
KEN,2017,3.609
KEN,2018,3.536
KEN,2019,3.433
KEN,2020,3.364
KEN,2021,3.312
KEN,2022,3.262
KEN,2023,3.208
KEN,2024,3.167
KGZ,2000,2.4
KGZ,2001,2.4
KGZ,2002,2.4
KGZ,2003,2.5
KGZ,2004,2.6
KGZ,2005,2.5
KGZ,2006,2.7
KGZ,2007,2.7
KGZ,2008,2.8
KGZ,2009,2.9
KGZ,2010,3.1
KGZ,2011,3.1
KGZ,2012,3.2
KGZ,2013,3.1
KGZ,2014,3.2
KGZ,2015,3.2
KGZ,2016,3.1
KGZ,2017,3
KGZ,2018,3.3
KGZ,2019,3.3
KGZ,2020,3.1
KGZ,2021,2.89
KGZ,2022,2.8
KGZ,2023,2.7
KGZ,2024,2.6
KHM,2000,3.794
KHM,2001,3.687
KHM,2002,3.57
KHM,2003,3.429
KHM,2004,3.307
KHM,2005,3.238
KHM,2006,3.175
KHM,2007,3.13
KHM,2008,3.048
KHM,2009,2.971
KHM,2010,2.859
KHM,2011,2.782
KHM,2012,2.751
KHM,2013,2.742
KHM,2014,2.734
KHM,2015,2.729
KHM,2016,2.725
KHM,2017,2.719
KHM,2018,2.724
KHM,2019,2.725
KHM,2020,2.699
KHM,2021,2.664
KHM,2022,2.616
KHM,2023,2.579
KHM,2024,2.548
KIR,2000,4.071
KIR,2001,3.957
KIR,2002,3.814
KIR,2003,3.702
KIR,2004,3.734
KIR,2005,3.76
KIR,2006,3.815
KIR,2007,3.865
KIR,2008,3.899
KIR,2009,3.905
KIR,2010,3.898
KIR,2011,3.878
KIR,2012,3.768
KIR,2013,3.643
KIR,2014,3.521
KIR,2015,3.438
KIR,2016,3.375
KIR,2017,3.339
KIR,2018,3.318
KIR,2019,3.29
KIR,2020,3.254
KIR,2021,3.219
KIR,2022,3.182
KIR,2023,3.147
KIR,2024,3.124
KNA,2000,2.126
KNA,2001,2.082
KNA,2002,2.038
KNA,2003,2.004
KNA,2004,1.964
KNA,2005,1.931
KNA,2006,1.902
KNA,2007,1.871
KNA,2008,1.833
KNA,2009,1.8
KNA,2010,1.762
KNA,2011,1.74
KNA,2012,1.713
KNA,2013,1.682
KNA,2014,1.665
KNA,2015,1.643
KNA,2016,1.633
KNA,2017,1.61
KNA,2018,1.587
KNA,2019,1.568
KNA,2020,1.55
KNA,2021,1.531
KNA,2022,1.512
KNA,2023,1.505
KNA,2024,1.526
KOR,2000,1.48
KOR,2001,1.309
KOR,2002,1.178
KOR,2003,1.191
KOR,2004,1.164
KOR,2005,1.085
KOR,2006,1.132
KOR,2007,1.259
KOR,2008,1.192
KOR,2009,1.149
KOR,2010,1.226
KOR,2011,1.244
KOR,2012,1.297
KOR,2013,1.187
KOR,2014,1.205
KOR,2015,1.239
KOR,2016,1.172
KOR,2017,1.052
KOR,2018,0.977
KOR,2019,0.918
KOR,2020,0.837
KOR,2021,0.808
KOR,2022,0.778
KOR,2023,0.721
KOR,2024,0.748
KWT,2000,2.887
KWT,2001,2.839
KWT,2002,2.795
KWT,2003,2.771
KWT,2004,2.762
KWT,2005,2.731
KWT,2006,2.589
KWT,2007,2.412
KWT,2008,2.266
KWT,2009,2.155
KWT,2010,2.044
KWT,2011,1.956
KWT,2012,1.99
KWT,2013,1.968
KWT,2014,2.06
KWT,2015,2.03
KWT,2016,2.061
KWT,2017,2.16
KWT,2018,2.118
KWT,2019,2.082
KWT,2020,2.033
KWT,2021,2.148
KWT,2022,1.546
KWT,2023,1.524
KWT,2024,1.56
LAC,2000,2.629665767011479
LAC,2001,2.558769591033446
LAC,2002,2.497146921582805
LAC,2003,2.435206384819965
LAC,2004,2.3929704288152647
LAC,2005,2.350537818781679
LAC,2006,2.3041505417628096
LAC,2007,2.2645898161045035
LAC,2008,2.2372902472057947
LAC,2009,2.2122123069160122
LAC,2010,2.184240148867553
LAC,2011,2.163275580915164
LAC,2012,2.131343870161595
LAC,2013,2.111073947562642
LAC,2014,2.094140596449306
LAC,2015,2.0634438536051247
LAC,2016,2.0097799076190297
LAC,2017,1.9901831826045568
LAC,2018,1.9740140076210444
LAC,2019,1.9311820063074272
LAC,2020,1.8727744226137988
LAC,2021,1.8511217849926163
LAC,2022,1.8257526079818682
LAC,2023,1.810336249890921
LAC,2024,1.8008776928142352
LAO,2000,4.429
LAO,2001,4.29
LAO,2002,4.132
LAO,2003,4.024
LAO,2004,3.898
LAO,2005,3.685
LAO,2006,3.559
LAO,2007,3.438
LAO,2008,3.331
LAO,2009,3.229
LAO,2010,3.137
LAO,2011,3.049
LAO,2012,2.953
LAO,2013,2.872
LAO,2014,2.802
LAO,2015,2.796
LAO,2016,2.744
LAO,2017,2.691
LAO,2018,2.633
LAO,2019,2.589
LAO,2020,2.535
LAO,2021,2.494
LAO,2022,2.455
LAO,2023,2.421
LAO,2024,2.397
LBN,2000,2.6
LBN,2001,2.576
LBN,2002,2.523
LBN,2003,2.457
LBN,2004,2.378
LBN,2005,2.291
LBN,2006,2.244
LBN,2007,2.201
LBN,2008,2.172
LBN,2009,2.191
LBN,2010,2.256
LBN,2011,2.32
LBN,2012,2.345
LBN,2013,2.361
LBN,2014,2.375
LBN,2015,2.382
LBN,2016,2.39
LBN,2017,2.372
LBN,2018,2.347
LBN,2019,2.327
LBN,2020,2.308
LBN,2021,2.283
LBN,2022,2.263
LBN,2023,2.239
LBN,2024,2.227
LBR,2000,5.875
LBR,2001,5.774
LBR,2002,5.653
LBR,2003,5.547
LBR,2004,5.506
LBR,2005,5.519
LBR,2006,5.53
LBR,2007,5.462
LBR,2008,5.328
LBR,2009,5.174
LBR,2010,5.058
LBR,2011,4.97
LBR,2012,4.881
LBR,2013,4.749
LBR,2014,4.622
LBR,2015,4.523
LBR,2016,4.461
LBR,2017,4.396
LBR,2018,4.336
LBR,2019,4.257
LBR,2020,4.174
LBR,2021,4.089
LBR,2022,4.016
LBR,2023,3.95
LBR,2024,3.864
LBY,2000,2.906
LBY,2001,2.866
LBY,2002,2.831
LBY,2003,2.797
LBY,2004,2.773
LBY,2005,2.765
LBY,2006,2.699
LBY,2007,2.648
LBY,2008,2.599
LBY,2009,2.556
LBY,2010,2.603
LBY,2011,2.646
LBY,2012,2.68
LBY,2013,2.716
LBY,2014,2.754
LBY,2015,2.711
LBY,2016,2.673
LBY,2017,2.626
LBY,2018,2.581
LBY,2019,2.539
LBY,2020,2.507
LBY,2021,2.462
LBY,2022,2.402
LBY,2023,2.355
LBY,2024,2.298
LCA,2000,2.207
LCA,2001,2.125
LCA,2002,2.032
LCA,2003,1.939
LCA,2004,1.863
LCA,2005,1.807
LCA,2006,1.765
LCA,2007,1.7
LCA,2008,1.7
LCA,2009,1.735
LCA,2010,1.673
LCA,2011,1.5
LCA,2012,1.5
LCA,2013,1.5
LCA,2014,1.485
LCA,2015,1.473
LCA,2016,1.461
LCA,2017,1.448
LCA,2018,1.436
LCA,2019,1.424
LCA,2020,1.411
LCA,2021,1.399
LCA,2022,1.387
LCA,2023,1.379
LCA,2024,1.385
LCN,2000,2.6090299165196367
LCN,2001,2.5422297926308355
LCN,2002,2.481212538534168
LCN,2003,2.4214250682750227
LCN,2004,2.3791751931006875
LCN,2005,2.3403506416428184
LCN,2006,2.2953288899053312
LCN,2007,2.2573528569940096
LCN,2008,2.2316712379708634
LCN,2009,2.206659526530102
LCN,2010,2.1788850732598397
LCN,2011,2.1599679404601795
LCN,2012,2.129510082383591
LCN,2013,2.1080093682771466
LCN,2014,2.090618350995339
LCN,2015,2.0595084169201283
LCN,2016,2.0068807973841425
LCN,2017,1.9821732503800318
LCN,2018,1.9638855645532547
LCN,2019,1.918332630365061
LCN,2020,1.858758281563025
LCN,2021,1.8336905709945328
LCN,2022,1.8121066367052046
LCN,2023,1.795094160896166
LCN,2024,1.7855735104914872
LDC,2000,5.244535405187651
LDC,2001,5.178376556583939
LDC,2002,5.115958132972777
LDC,2003,5.0503511581189855
LDC,2004,4.99046337046796
LDC,2005,4.929280391809155
LDC,2006,4.867263973664211
LDC,2007,4.802400945135271
LDC,2008,4.738131481731142
LDC,2009,4.675082273012547
LDC,2010,4.601458970758362
LDC,2011,4.528765975077745
LDC,2012,4.46934101906033
LDC,2013,4.416587005797491
LDC,2014,4.365649162172617
LDC,2015,4.3217992632464535
LDC,2016,4.283222632363556
LDC,2017,4.238729718590644
LDC,2018,4.19438441605187
LDC,2019,4.148704343345818
LDC,2020,4.101113786886649
LDC,2021,4.053139505596655
LDC,2022,4.007723686847093
LDC,2023,3.961277117348884
LDC,2024,3.9110430519325208
LIC,2000,5.961042251897256
LIC,2001,5.905045900864313
LIC,2002,5.8468937188034396
LIC,2003,5.792081626838384
LIC,2004,5.744066231411089
LIC,2005,5.694734805449892
LIC,2006,5.651911385469061
LIC,2007,5.597833890246888
LIC,2008,5.557389737064405
LIC,2009,5.5156386296896835
LIC,2010,5.456038299489872
LIC,2011,5.386429381993314
LIC,2012,5.329420623072938
LIC,2013,5.2783830573511015
LIC,2014,5.225360082322035
LIC,2015,5.170987715099752
LIC,2016,5.110318694359213
LIC,2017,5.052674116435363
LIC,2018,4.9841636764710415
LIC,2019,4.9104784421477055
LIC,2020,4.842235062440147
LIC,2021,4.776749511381826
LIC,2022,4.71387647903248
LIC,2023,4.650422230699546
LIC,2024,4.5810985552664425
LIE,2000,1.57
LIE,2001,1.52
LIE,2002,1.47
LIE,2003,1.36
LIE,2004,1.44
LIE,2005,1.49
LIE,2006,1.43
LIE,2007,1.42
LIE,2008,1.43
LIE,2009,1.71
LIE,2010,1.4
LIE,2011,1.69
LIE,2012,1.51
LIE,2013,1.45
LIE,2014,1.59
LIE,2015,1.4
LIE,2016,1.61
LIE,2017,1.44
LIE,2018,1.58
LIE,2019,1.48
LIE,2020,1.46
LIE,2021,1.53
LIE,2022,1.47
LIE,2023,1.45
LIE,2024,1.37
LKA,2000,2.213
LKA,2001,2.283
LKA,2002,2.31
LKA,2003,2.301
LKA,2004,2.271
LKA,2005,2.263
LKA,2006,2.292
LKA,2007,2.295
LKA,2008,2.232
LKA,2009,2.179
LKA,2010,2.134
LKA,2011,2.144
LKA,2012,2.173
LKA,2013,2.178
LKA,2014,2.134
LKA,2015,2.09
LKA,2016,2.062
LKA,2017,2.044
LKA,2018,2.033
LKA,2019,2.022
LKA,2020,2.007
LKA,2021,1.995
LKA,2022,1.984
LKA,2023,1.974
LKA,2024,1.952
LMC,2000,3.7569754559047164
LMC,2001,3.7053582761328943
LMC,2002,3.632158054650487
LMC,2003,3.557375378547549
LMC,2004,3.4869621237803288
LMC,2005,3.41647980509805
LMC,2006,3.3596785504789457
LMC,2007,3.3021827472059315
LMC,2008,3.2603407455302182
LMC,2009,3.2270818904867844
LMC,2010,3.170917501036904
LMC,2011,3.117367355745192
LMC,2012,3.0680825514484344
LMC,2013,3.0166715378544953
LMC,2014,2.9480314554232496
LMC,2015,2.9274872646448213
LMC,2016,2.889517429568661
LMC,2017,2.819551826127484
LMC,2018,2.7780838811951813
LMC,2019,2.7201017266184624
LMC,2020,2.662702658037116
LMC,2021,2.628840061174205
LMC,2022,2.6072112564346313
LMC,2023,2.5860093327295988
LMC,2024,2.5631633548164316
LMY,2000,2.961951838032958
LMY,2001,2.912602843391675
LMY,2002,2.874531511460685
LMY,2003,2.8408495527068
LMY,2004,2.8226858790415283
LMY,2005,2.7997033865807786
LMY,2006,2.7835421331663386
LMY,2007,2.76851043099354
LMY,2008,2.7652777927633605
LMY,2009,2.755602434282235
LMY,2010,2.7259974270364733
LMY,2011,2.702669778929865
LMY,2012,2.717763785104871
LMY,2013,2.674702717677193
LMY,2014,2.6605156418520615
LMY,2015,2.625195268084195
LMY,2016,2.6262493890115852
LMY,2017,2.595148824163906
LMY,2018,2.515976707581043
LMY,2019,2.4749277774824847
LMY,2020,2.388703155296919
LMY,2021,2.3488077329168697
LMY,2022,2.320783594146331
LMY,2023,2.3053458223680128
LMY,2024,2.2983377729630954
LSO,2000,3.605
LSO,2001,3.63
LSO,2002,3.682
LSO,2003,3.619
LSO,2004,3.508
LSO,2005,3.428
LSO,2006,3.414
LSO,2007,3.442
LSO,2008,3.392
LSO,2009,3.309
LSO,2010,3.25
LSO,2011,3.343
LSO,2012,3.296
LSO,2013,3.283
LSO,2014,3.239
LSO,2015,3.217
LSO,2016,3.18
LSO,2017,3.105
LSO,2018,3.016
LSO,2019,2.924
LSO,2020,2.846
LSO,2021,2.769
LSO,2022,2.716
LSO,2023,2.694
LSO,2024,2.664
LTE,2000,1.7392309696566062
LTE,2001,1.6869131472687882
LTE,2002,1.6804782020229398
LTE,2003,1.6780156094128817
LTE,2004,1.6969474916279217
LTE,2005,1.6965082177594235
LTE,2006,1.705216105068566
LTE,2007,1.7255959018034621
LTE,2008,1.753644033347949
LTE,2009,1.7612061312509624
LTE,2010,1.7415441329788404
LTE,2011,1.727844466500201
LTE,2012,1.8156891627494847
LTE,2013,1.7608746067816778
LTE,2014,1.803699529323476
LTE,2015,1.741817921086436
LTE,2016,1.7903242758752687
LTE,2017,1.7921088455383862
LTE,2018,1.628867106401773
LTE,2019,1.5944264854820478
LTE,2020,1.431837084371502
LTE,2021,1.3545614426483918
LTE,2022,1.294781388857065
LTE,2023,1.2686495718054538
LTE,2024,1.272282480348836
LTU,2000,1.39
LTU,2001,1.29
LTU,2002,1.23
LTU,2003,1.26
LTU,2004,1.27
LTU,2005,1.29
LTU,2006,1.33
LTU,2007,1.36
LTU,2008,1.45
LTU,2009,1.5
LTU,2010,1.5
LTU,2011,1.55
LTU,2012,1.6
LTU,2013,1.59
LTU,2014,1.57
LTU,2015,1.63
LTU,2016,1.63
LTU,2017,1.57
LTU,2018,1.53
LTU,2019,1.43
LTU,2020,1.36
LTU,2021,1.36
LTU,2022,1.27
LTU,2023,1.18
LTU,2024,1.11
LUX,2000,1.76
LUX,2001,1.66
LUX,2002,1.63
LUX,2003,1.62
LUX,2004,1.66
LUX,2005,1.63
LUX,2006,1.65
LUX,2007,1.61
LUX,2008,1.61
LUX,2009,1.59
LUX,2010,1.63
LUX,2011,1.52
LUX,2012,1.57
LUX,2013,1.55
LUX,2014,1.5
LUX,2015,1.47
LUX,2016,1.41
LUX,2017,1.39
LUX,2018,1.38
LUX,2019,1.34
LUX,2020,1.36
LUX,2021,1.38
LUX,2022,1.31
LUX,2023,1.25
LUX,2024,1.25
LVA,2000,1.25
LVA,2001,1.22
LVA,2002,1.26
LVA,2003,1.32
LVA,2004,1.29
LVA,2005,1.39
LVA,2006,1.46
LVA,2007,1.54
LVA,2008,1.58
LVA,2009,1.46
LVA,2010,1.36
LVA,2011,1.33
LVA,2012,1.44
LVA,2013,1.52
LVA,2014,1.65
LVA,2015,1.7
LVA,2016,1.74
LVA,2017,1.69
LVA,2018,1.6
LVA,2019,1.61
LVA,2020,1.55
LVA,2021,1.57
LVA,2022,1.47
LVA,2023,1.36
LVA,2024,1.24
MAC,2000,0.933
MAC,2001,0.818
MAC,2002,0.813
MAC,2003,0.837
MAC,2004,0.855
MAC,2005,0.912
MAC,2006,0.954
MAC,2007,1.008
MAC,2008,0.979
MAC,2009,1.004
MAC,2010,1.07
MAC,2011,1.15
MAC,2012,1.357
MAC,2013,1.15
MAC,2014,1.224
MAC,2015,1.142
MAC,2016,1.138
MAC,2017,1.021
MAC,2018,0.915
MAC,2019,0.899
MAC,2020,0.841
MAC,2021,0.756
MAC,2022,0.68
MAC,2023,0.586
MAC,2024,0.582
MAF,2000,2.876
MAF,2001,2.897
MAF,2002,2.896
MAF,2003,2.872
MAF,2004,2.827
MAF,2005,2.779
MAF,2006,2.711
MAF,2007,2.633
MAF,2008,2.55
MAF,2009,2.464
MAF,2010,2.4
MAF,2011,2.424
MAF,2012,2.773
MAF,2013,2.719
MAF,2014,2.707
MAF,2015,2.665
MAF,2016,2.643
MAF,2017,2.657
MAF,2018,2.725
MAF,2019,2.791
MAF,2020,2.829
MAF,2021,2.804
MAF,2022,2.763
MAF,2023,2.718
MAF,2024,2.673
MAR,2000,2.774
MAR,2001,2.686
MAR,2002,2.617
MAR,2003,2.606
MAR,2004,2.611
MAR,2005,2.613
MAR,2006,2.611
MAR,2007,2.618
MAR,2008,2.612
MAR,2009,2.624
MAR,2010,2.629
MAR,2011,2.595
MAR,2012,2.543
MAR,2013,2.478
MAR,2014,2.425
MAR,2015,2.406
MAR,2016,2.396
MAR,2017,2.375
MAR,2018,2.354
MAR,2019,2.342
MAR,2020,2.32
MAR,2021,2.288
MAR,2022,2.256
MAR,2023,2.23
MAR,2024,2.208
MCO,2000,2.082
MCO,2001,2.176
MCO,2002,2.006
MCO,2003,1.914
MCO,2004,1.994
MCO,2005,2.006
MCO,2006,2.101
MCO,2007,2.206
MCO,2008,2.384
MCO,2009,2.397
MCO,2010,2.385
MCO,2011,2.22
MCO,2012,2.294
MCO,2013,2.313
MCO,2014,2.485
MCO,2015,2.503
MCO,2016,2.578
MCO,2017,2.418
MCO,2018,2.485
MCO,2019,2.403
MCO,2020,2.38
MCO,2021,2.122
MCO,2022,2.114
MCO,2023,2.11
MCO,2024,2.102
MDA,2000,1.496
MDA,2001,1.471
MDA,2002,1.448
MDA,2003,1.479
MDA,2004,1.543
MDA,2005,1.528
MDA,2006,1.537
MDA,2007,1.575
MDA,2008,1.638
MDA,2009,1.719
MDA,2010,1.703
MDA,2011,1.65
MDA,2012,1.661
MDA,2013,1.622
MDA,2014,1.82
MDA,2015,1.87
MDA,2016,1.89
MDA,2017,1.81
MDA,2018,1.81
MDA,2019,1.78
MDA,2020,1.77
MDA,2021,1.751
MDA,2022,1.694
MDA,2023,1.731
MDA,2024,1.726
MDG,2000,5.665
MDG,2001,5.528
MDG,2002,5.412
MDG,2003,5.329
MDG,2004,5.264
MDG,2005,5.195
MDG,2006,5.133
MDG,2007,5.083
MDG,2008,5.043
MDG,2009,5.003
MDG,2010,4.896
MDG,2011,4.737
MDG,2012,4.613
MDG,2013,4.527
MDG,2014,4.421
MDG,2015,4.335
MDG,2016,4.285
MDG,2017,4.259
MDG,2018,4.246
MDG,2019,4.221
MDG,2020,4.17
MDG,2021,4.104
MDG,2022,4.036
MDG,2023,3.972
MDG,2024,3.912
MDV,2000,2.691
MDV,2001,2.532
MDV,2002,2.425
MDV,2003,2.342
MDV,2004,2.262
MDV,2005,2.199
MDV,2006,2.204
MDV,2007,2.293
MDV,2008,2.371
MDV,2009,2.39
MDV,2010,2.349
MDV,2011,2.307
MDV,2012,2.254
MDV,2013,2.174
MDV,2014,2.089
MDV,2015,2.004
MDV,2016,1.903
MDV,2017,1.798
MDV,2018,1.71
MDV,2019,1.64
MDV,2020,1.613
MDV,2021,1.599
MDV,2022,1.583
MDV,2023,1.575
MDV,2024,1.56
MEA,2000,4.014826070483107
MEA,2001,3.900855223732915
MEA,2002,3.793951382430586
MEA,2003,3.726301633657936
MEA,2004,3.6307007311268737
MEA,2005,3.5781111431629267
MEA,2006,3.563779305735613
MEA,2007,3.545009274231238
MEA,2008,3.5242225268088254
MEA,2009,3.5091334497908755
MEA,2010,3.4962786810276936
MEA,2011,3.4774409964919313
MEA,2012,3.471038419270515
MEA,2013,3.454583781987765
MEA,2014,3.4376982541324876
MEA,2015,3.4046770997131133
MEA,2016,3.3443352298297273
MEA,2017,3.3182065123725404
MEA,2018,3.2336761791751076
MEA,2019,3.1620694387531794
MEA,2020,3.1168808641896195
MEA,2021,3.072990859389022
MEA,2022,3.033442966011439
MEA,2023,3.0081011072648716
MEA,2024,2.975973533061971
MEX,2000,2.714
MEX,2001,2.671
MEX,2002,2.633
MEX,2003,2.579
MEX,2004,2.536
MEX,2005,2.495
MEX,2006,2.456
MEX,2007,2.421
MEX,2008,2.391
MEX,2009,2.364
MEX,2010,2.34
MEX,2011,2.317
MEX,2012,2.294
MEX,2013,2.269
MEX,2014,2.211
MEX,2015,2.137
MEX,2016,2.086
MEX,2017,2.041
MEX,2018,2.03
MEX,2019,2.02
MEX,2020,1.99
MEX,2021,1.97
MEX,2022,1.94
MEX,2023,1.91
MEX,2024,1.892
MHL,2000,4.695
MHL,2001,4.583
MHL,2002,4.488
MHL,2003,4.418
MHL,2004,4.34
MHL,2005,4.276
MHL,2006,4.197
MHL,2007,4.09
MHL,2008,3.967
MHL,2009,3.83
MHL,2010,3.673
MHL,2011,3.527
MHL,2012,3.382
MHL,2013,3.247
MHL,2014,3.18
MHL,2015,3.131
MHL,2016,3.091
MHL,2017,3.064
MHL,2018,3.038
MHL,2019,3.012
MHL,2020,2.989
MHL,2021,2.964
MHL,2022,2.936
MHL,2023,2.919
MHL,2024,2.864
MIC,2000,2.7730182148393343
MIC,2001,2.7222809696210453
MIC,2002,2.6829372164339658
MIC,2003,2.6477960490247683
MIC,2004,2.6289037007935163
MIC,2005,2.6048164292721356
MIC,2006,2.5870138339941464
MIC,2007,2.570787750598502
MIC,2008,2.566509961546588
MIC,2009,2.555629058936988
MIC,2010,2.5246658063652934
MIC,2011,2.5012594508729533
MIC,2012,2.518383643762317
MIC,2013,2.4726328579198493
MIC,2014,2.4581540218351448
MIC,2015,2.4206316542219413
MIC,2016,2.4222820384289236
MIC,2017,2.3886011367612636
MIC,2018,2.3031709414528034
MIC,2019,2.259072913680626
MIC,2020,2.165374510083928
MIC,2021,2.122195854944478
MIC,2022,2.091752696296008
MIC,2023,2.074888214523721
MIC,2024,2.068311900091172
MKD,2000,1.863
MKD,2001,1.729
MKD,2002,1.786
MKD,2003,1.745
MKD,2004,1.524
MKD,2005,1.5
MKD,2006,1.46
MKD,2007,1.46
MKD,2008,1.47
MKD,2009,1.5
MKD,2010,1.6
MKD,2011,1.46
MKD,2012,1.5
MKD,2013,1.5
MKD,2014,1.5
MKD,2015,1.49
MKD,2016,1.5
MKD,2017,1.43
MKD,2018,1.42
MKD,2019,1.34
MKD,2020,1.31
MKD,2021,1.6
MKD,2022,1.6
MKD,2023,1.5
MKD,2024,1.4
MLI,2000,6.886
MLI,2001,6.852
MLI,2002,6.819
MLI,2003,6.783
MLI,2004,6.741
MLI,2005,6.708
MLI,2006,6.677
MLI,2007,6.647
MLI,2008,6.624
MLI,2009,6.592
MLI,2010,6.579
MLI,2011,6.545
MLI,2012,6.523
MLI,2013,6.491
MLI,2014,6.441
MLI,2015,6.385
MLI,2016,6.319
MLI,2017,6.251
MLI,2018,6.118
MLI,2019,5.892
MLI,2020,5.85
MLI,2021,5.779
MLI,2022,5.692
MLI,2023,5.614
MLI,2024,5.51
MLT,2000,1.68
MLT,2001,1.48
MLT,2002,1.45
MLT,2003,1.48
MLT,2004,1.4
MLT,2005,1.38
MLT,2006,1.36
MLT,2007,1.35
MLT,2008,1.43
MLT,2009,1.42
MLT,2010,1.36
MLT,2011,1.45
MLT,2012,1.42
MLT,2013,1.36
MLT,2014,1.38
MLT,2015,1.37
MLT,2016,1.37
MLT,2017,1.26
MLT,2018,1.23
MLT,2019,1.14
MLT,2020,1.14
MLT,2021,1.13
MLT,2022,1.08
MLT,2023,1.06
MLT,2024,1.01
MMR,2000,2.813
MMR,2001,2.793
MMR,2002,2.765
MMR,2003,2.68
MMR,2004,2.588
MMR,2005,2.515
MMR,2006,2.471
MMR,2007,2.447
MMR,2008,2.404
MMR,2009,2.369
MMR,2010,2.335
MMR,2011,2.306
MMR,2012,2.276
MMR,2013,2.264
MMR,2014,2.252
MMR,2015,2.266
MMR,2016,2.27
MMR,2017,2.252
MMR,2018,2.228
MMR,2019,2.206
MMR,2020,2.179
MMR,2021,2.158
MMR,2022,2.131
MMR,2023,2.115
MMR,2024,2.098
MNA,2000,4.041378909056391
MNA,2001,3.930576404322684
MNA,2002,3.8271235820187948
MNA,2003,3.7635472612892245
MNA,2004,3.671005307275938
MNA,2005,3.621821954587924
MNA,2006,3.610031204863101
MNA,2007,3.5944135350858564
MNA,2008,3.5813040658126756
MNA,2009,3.5717797239237443
MNA,2010,3.562828942712893
MNA,2011,3.5461040603572096
MNA,2012,3.541062460263351
MNA,2013,3.5301592960199275
MNA,2014,3.512352304249411
MNA,2015,3.4821994913754306
MNA,2016,3.4186613503036885
MNA,2017,3.389935078365568
MNA,2018,3.2999810388615956
MNA,2019,3.231978702002494
MNA,2020,3.194263202791691
MNA,2021,3.1492781508572008
MNA,2022,3.1158508094019846
MNA,2023,3.084299332417371
MNA,2024,3.0496174773234697
MNE,2000,1.903
MNE,2001,1.855
MNE,2002,1.813
MNE,2003,1.804
MNE,2004,1.734
MNE,2005,1.69
MNE,2006,1.73
MNE,2007,1.8
MNE,2008,1.89
MNE,2009,1.98
MNE,2010,1.7
MNE,2011,1.65
MNE,2012,1.72
MNE,2013,1.73
MNE,2014,1.75
MNE,2015,1.7
MNE,2016,1.8
MNE,2017,1.8
MNE,2018,1.8
MNE,2019,1.8
MNE,2020,1.75
MNE,2021,1.75
MNE,2022,1.8
MNE,2023,1.74
MNE,2024,1.8
MNG,2000,2.2
MNG,2001,2.2
MNG,2002,2.1
MNG,2003,2
MNG,2004,2
MNG,2005,2
MNG,2006,2.1
MNG,2007,2.3
MNG,2008,2.6
MNG,2009,2.8
MNG,2010,2.4
MNG,2011,2.6
MNG,2012,2.7
MNG,2013,3
MNG,2014,3.1
MNG,2015,3
MNG,2016,3
MNG,2017,2.8
MNG,2018,2.9
MNG,2019,3
MNG,2020,2.9
MNG,2021,2.8
MNG,2022,2.7
MNG,2023,2.7
MNG,2024,2.5
MNP,2000,1.64
MNP,2001,1.736
MNP,2002,1.678
MNP,2003,1.893
MNP,2004,2.066
MNP,2005,2.256
MNP,2006,2.613
MNP,2007,2.786
MNP,2008,2.815
MNP,2009,2.736
MNP,2010,2.982
MNP,2011,3.208
MNP,2012,3.328
MNP,2013,3.535
MNP,2014,3.372
MNP,2015,3.134
MNP,2016,2.923
MNP,2017,2.762
MNP,2018,2.643
MNP,2019,2.559
MNP,2020,2.494
MNP,2021,2.441
MNP,2022,2.388
MNP,2023,2.348
MNP,2024,2.324
MOZ,2000,5.83
MOZ,2001,5.755
MOZ,2002,5.667
MOZ,2003,5.6
MOZ,2004,5.551
MOZ,2005,5.5
MOZ,2006,5.452
MOZ,2007,5.466
MOZ,2008,5.598
MOZ,2009,5.681
MOZ,2010,5.66
MOZ,2011,5.599
MOZ,2012,5.518
MOZ,2013,5.43
MOZ,2014,5.304
MOZ,2015,5.245
MOZ,2016,5.188
MOZ,2017,5.128
MOZ,2018,5.07
MOZ,2019,5.016
MOZ,2020,4.959
MOZ,2021,4.905
MOZ,2022,4.84
MOZ,2023,4.763
MOZ,2024,4.69
MRT,2000,5.456
MRT,2001,5.407
MRT,2002,5.373
MRT,2003,5.364
MRT,2004,5.374
MRT,2005,5.376
MRT,2006,5.404
MRT,2007,5.426
MRT,2008,5.436
MRT,2009,5.406
MRT,2010,5.384
MRT,2011,5.38
MRT,2012,5.352
MRT,2013,5.317
MRT,2014,5.261
MRT,2015,5.211
MRT,2016,5.157
MRT,2017,5.106
MRT,2018,5.044
MRT,2019,4.984
MRT,2020,4.912
MRT,2021,4.848
MRT,2022,4.77
MRT,2023,4.697
MRT,2024,4.625
MUS,2000,1.99
MUS,2001,1.91
MUS,2002,1.94
MUS,2003,1.87
MUS,2004,1.92
MUS,2005,1.88
MUS,2006,1.77
MUS,2007,1.74
MUS,2008,1.67
MUS,2009,1.59
MUS,2010,1.57
MUS,2011,1.55
MUS,2012,1.56
MUS,2013,1.45
MUS,2014,1.44
MUS,2015,1.37
MUS,2016,1.41
MUS,2017,1.46
MUS,2018,1.42
MUS,2019,1.41
MUS,2020,1.46
MUS,2021,1.42
MUS,2022,1.33
MUS,2023,1.4
MUS,2024,1.44
MWI,2000,6.002
MWI,2001,5.943
MWI,2002,5.903
MWI,2003,5.875
MWI,2004,5.864
MWI,2005,5.848
MWI,2006,5.802
MWI,2007,5.724
MWI,2008,5.609
MWI,2009,5.453
MWI,2010,5.263
MWI,2011,5.083
MWI,2012,4.902
MWI,2013,4.759
MWI,2014,4.569
MWI,2015,4.384
MWI,2016,4.216
MWI,2017,4.113
MWI,2018,4.021
MWI,2019,3.952
MWI,2020,3.877
MWI,2021,3.791
MWI,2022,3.72
MWI,2023,3.648
MWI,2024,3.59
MYS,2000,2.942
MYS,2001,2.807
MYS,2002,2.658
MYS,2003,2.601
MYS,2004,2.493
MYS,2005,2.391
MYS,2006,2.308
MYS,2007,2.252
MYS,2008,2.262
MYS,2009,2.223
MYS,2010,2.144
MYS,2011,2.153
MYS,2012,2.117
MYS,2013,2.07
MYS,2014,2.058
MYS,2015,2.008
MYS,2016,1.942
MYS,2017,1.893
MYS,2018,1.838
MYS,2019,1.777
MYS,2020,1.68
MYS,2021,1.555
MYS,2022,1.55
MYS,2023,1.55
MYS,2024,1.543
NAC,2000,2.0010444528626623
NAC,2001,1.981115590222419
NAC,2002,1.9700375880981862
NAC,2003,1.9973357672636993
NAC,2004,2.001953578685067
NAC,2005,2.0089182791254303
NAC,2006,2.0597828020449773
NAC,2007,2.0745873806970048
NAC,2008,2.0343646244201183
NAC,2009,1.9703381823366488
NAC,2010,1.9024104554046144
NAC,2011,1.8675458768426745
NAC,2012,1.854970209076376
NAC,2013,1.832325463397477
NAC,2014,1.8368887028612926
NAC,2015,1.8189473630459183
NAC,2016,1.7972781907877269
NAC,2017,1.7437191604550502
NAC,2018,1.7071458462208264
NAC,2019,1.6817681110091378
NAC,2020,1.6176283647381822
NAC,2021,1.6408534379995843
NAC,2022,1.623426593777068
NAC,2023,1.5794880966204277
NAC,2024,1.585523369516572
NAM,2000,3.991
NAM,2001,3.827
NAM,2002,3.693
NAM,2003,3.58
NAM,2004,3.545
NAM,2005,3.571
NAM,2006,3.601
NAM,2007,3.608
NAM,2008,3.616
NAM,2009,3.633
NAM,2010,3.657
NAM,2011,3.658
NAM,2012,3.676
NAM,2013,3.653
NAM,2014,3.635
NAM,2015,3.604
NAM,2016,3.574
NAM,2017,3.511
NAM,2018,3.462
NAM,2019,3.404
NAM,2020,3.349
NAM,2021,3.303
NAM,2022,3.248
NAM,2023,3.212
NAM,2024,3.211
NCL,2000,2.509
NCL,2001,2.422
NCL,2002,2.347
NCL,2003,2.268
NCL,2004,2.243
NCL,2005,2.227
NCL,2006,2.241
NCL,2007,2.215
NCL,2008,2.204
NCL,2009,2.194
NCL,2010,2.187
NCL,2011,2.2
NCL,2012,2.202
NCL,2013,2.167
NCL,2014,2.118
NCL,2015,2.079
NCL,2016,2.078
NCL,2017,2.043
NCL,2018,2.041
NCL,2019,2.05
NCL,2020,2.022
NCL,2021,2.012
NCL,2022,1.998
NCL,2023,1.98
NCL,2024,1.964
NER,2000,7.829
NER,2001,7.81
NER,2002,7.797
NER,2003,7.789
NER,2004,7.777
NER,2005,7.769
NER,2006,7.744
NER,2007,7.726
NER,2008,7.702
NER,2009,7.679
NER,2010,7.64
NER,2011,7.592
NER,2012,7.527
NER,2013,7.445
NER,2014,7.342
NER,2015,7.215
NER,2016,7.043
NER,2017,6.874
NER,2018,6.706
NER,2019,6.537
NER,2020,6.369
NER,2021,6.2
NER,2022,6.135
NER,2023,6.061
NER,2024,5.935
NGA,2000,6.124
NGA,2001,6.128
NGA,2002,6.116
NGA,2003,6.1
NGA,2004,6.09
NGA,2005,6.063
NGA,2006,6.053
NGA,2007,6.027
NGA,2008,6.024
NGA,2009,5.993
NGA,2010,5.948
NGA,2011,5.893
NGA,2012,5.797
NGA,2013,5.694
NGA,2014,5.622
NGA,2015,5.503
NGA,2016,5.343
NGA,2017,5.182
NGA,2018,5.021
NGA,2019,4.861
NGA,2020,4.7
NGA,2021,4.636
NGA,2022,4.552
NGA,2023,4.482
NGA,2024,4.382
NIC,2000,3.12
NIC,2001,2.996
NIC,2002,2.887
NIC,2003,2.827
NIC,2004,2.784
NIC,2005,2.765
NIC,2006,2.733
NIC,2007,2.697
NIC,2008,2.66
NIC,2009,2.626
NIC,2010,2.596
NIC,2011,2.558
NIC,2012,2.527
NIC,2013,2.492
NIC,2014,2.463
NIC,2015,2.434
NIC,2016,2.407
NIC,2017,2.378
NIC,2018,2.347
NIC,2019,2.321
NIC,2020,2.299
NIC,2021,2.265
NIC,2022,2.24
NIC,2023,2.218
NIC,2024,2.206
NLD,2000,1.72
NLD,2001,1.71
NLD,2002,1.73
NLD,2003,1.75
NLD,2004,1.72
NLD,2005,1.71
NLD,2006,1.72
NLD,2007,1.72
NLD,2008,1.77
NLD,2009,1.79
NLD,2010,1.79
NLD,2011,1.76
NLD,2012,1.72
NLD,2013,1.68
NLD,2014,1.71
NLD,2015,1.66
NLD,2016,1.66
NLD,2017,1.62
NLD,2018,1.59
NLD,2019,1.57
NLD,2020,1.54
NLD,2021,1.62
NLD,2022,1.49
NLD,2023,1.43
NLD,2024,1.43
NOR,2000,1.85
NOR,2001,1.78
NOR,2002,1.75
NOR,2003,1.8
NOR,2004,1.83
NOR,2005,1.84
NOR,2006,1.9
NOR,2007,1.9
NOR,2008,1.96
NOR,2009,1.98
NOR,2010,1.95
NOR,2011,1.88
NOR,2012,1.85
NOR,2013,1.78
NOR,2014,1.75
NOR,2015,1.72
NOR,2016,1.71
NOR,2017,1.62
NOR,2018,1.56
NOR,2019,1.53
NOR,2020,1.48
NOR,2021,1.55
NOR,2022,1.41
NOR,2023,1.4
NOR,2024,1.45
NPL,2000,3.984
NPL,2001,3.793
NPL,2002,3.604
NPL,2003,3.439
NPL,2004,3.279
NPL,2005,3.115
NPL,2006,2.967
NPL,2007,2.857
NPL,2008,2.737
NPL,2009,2.63
NPL,2010,2.541
NPL,2011,2.462
NPL,2012,2.42
NPL,2013,2.36
NPL,2014,2.319
NPL,2015,2.273
NPL,2016,2.226
NPL,2017,2.173
NPL,2018,2.12
NPL,2019,2.08
NPL,2020,2.051
NPL,2021,2.025
NPL,2022,2.002
NPL,2023,1.984
NPL,2024,1.961
NRU,2000,3.543
NRU,2001,3.461
NRU,2002,3.4
NRU,2003,3.388
NRU,2004,3.378
NRU,2005,3.377
NRU,2006,3.4
NRU,2007,3.504
NRU,2008,3.665
NRU,2009,3.847
NRU,2010,4.019
NRU,2011,4.117
NRU,2012,4.115
NRU,2013,4.098
NRU,2014,4.085
NRU,2015,4.075
NRU,2016,4.027
NRU,2017,3.879
NRU,2018,3.683
NRU,2019,3.531
NRU,2020,3.466
NRU,2021,3.425
NRU,2022,3.379
NRU,2023,3.331
NRU,2024,3.29
NZL,2000,1.98
NZL,2001,1.97
NZL,2002,1.89
NZL,2003,1.93
NZL,2004,1.98
NZL,2005,1.97
NZL,2006,2.01
NZL,2007,2.18
NZL,2008,2.19
NZL,2009,2.13
NZL,2010,2.17
NZL,2011,2.09
NZL,2012,2.1
NZL,2013,2.01
NZL,2014,1.92
NZL,2015,1.99
NZL,2016,1.87
NZL,2017,1.81
NZL,2018,1.71
NZL,2019,1.72
NZL,2020,1.62
NZL,2021,1.65
NZL,2022,1.67
NZL,2023,1.57
NZL,2024,1.57
OED,2000,1.8345977515869933
OED,2001,1.8028917737110166
OED,2002,1.7819246355093887
OED,2003,1.785029803233594
OED,2004,1.7898466386826546
OED,2005,1.783816736120077
OED,2006,1.813624691638649
OED,2007,1.829708537918253
OED,2008,1.833875008145561
OED,2009,1.8042435164078567
OED,2010,1.7911408975842025
OED,2011,1.7677860546971758
OED,2012,1.77018851627096
OED,2013,1.7459953886887136
OED,2014,1.7528805624269765
OED,2015,1.740792219968419
OED,2016,1.7275893879645643
OED,2017,1.693862684659553
OED,2018,1.6659674907851727
OED,2019,1.6314271161088647
OED,2020,1.5820343255988363
OED,2021,1.5867077277874602
OED,2022,1.546928533760388
OED,2023,1.49322323455303
OED,2024,1.4774883157819652
OMN,2000,3.852
OMN,2001,3.662
OMN,2002,3.51
OMN,2003,3.371
OMN,2004,3.2
OMN,2005,3.029
OMN,2006,2.879
OMN,2007,2.761
OMN,2008,2.762
OMN,2009,2.829
OMN,2010,2.973
OMN,2011,2.955
OMN,2012,2.928
OMN,2013,2.954
OMN,2014,2.97
OMN,2015,2.965
OMN,2016,2.949
OMN,2017,2.923
OMN,2018,2.81
OMN,2019,2.696
OMN,2020,2.638
OMN,2021,2.588
OMN,2022,2.449
OMN,2023,2.525
OMN,2024,2.508
OSS,2000,2.9248316272269106
OSS,2001,2.8691498875094252
OSS,2002,2.8479230731387077
OSS,2003,2.8150753245335594
OSS,2004,2.793200889786753
OSS,2005,2.750751693013556
OSS,2006,2.710287830593597
OSS,2007,2.6857177049251804
OSS,2008,2.664608943911432
OSS,2009,2.6274356438024866
OSS,2010,2.5707013712123534
OSS,2011,2.515484204701191
OSS,2012,2.476097120503902
OSS,2013,2.412903935195649
OSS,2014,2.3774848357367495
OSS,2015,2.3248012560649522
OSS,2016,2.2971690514612004
OSS,2017,2.2507796588998903
OSS,2018,2.2095179445637667
OSS,2019,2.168877993310569
OSS,2020,2.14456415435879
OSS,2021,2.1255372272708737
OSS,2022,2.06944285024068
OSS,2023,2.039987318406459
OSS,2024,2.015966679948343
PAK,2000,5.352
PAK,2001,5.182
PAK,2002,5.012
PAK,2003,4.894
PAK,2004,4.685
PAK,2005,4.595
PAK,2006,4.589
PAK,2007,4.554
PAK,2008,4.515
PAK,2009,4.465
PAK,2010,4.398
PAK,2011,4.305
PAK,2012,4.204
PAK,2013,4.125
PAK,2014,4.055
PAK,2015,3.988
PAK,2016,3.902
PAK,2017,3.9
PAK,2018,3.855
PAK,2019,3.81
PAK,2020,3.765
PAK,2021,3.72
PAK,2022,3.662
PAK,2023,3.605
PAK,2024,3.547
PAN,2000,2.744
PAN,2001,2.72
PAN,2002,2.698
PAN,2003,2.679
PAN,2004,2.68
PAN,2005,2.643
PAN,2006,2.62
PAN,2007,2.612
PAN,2008,2.608
PAN,2009,2.593
PAN,2010,2.587
PAN,2011,2.604
PAN,2012,2.591
PAN,2013,2.569
PAN,2014,2.552
PAN,2015,2.53
PAN,2016,2.502
PAN,2017,2.462
PAN,2018,2.402
PAN,2019,2.288
PAN,2020,2.184
PAN,2021,2.152
PAN,2022,2.139
PAN,2023,2.119
PAN,2024,2.106
PER,2000,2.845
PER,2001,2.744
PER,2002,2.693
PER,2003,2.661
PER,2004,2.673
PER,2005,2.643
PER,2006,2.619
PER,2007,2.583
PER,2008,2.528
PER,2009,2.48
PER,2010,2.421
PER,2011,2.413
PER,2012,2.356
PER,2013,2.317
PER,2014,2.271
PER,2015,2.229
PER,2016,2.189
PER,2017,2.152
PER,2018,2.118
PER,2019,2.086
PER,2020,2.056
PER,2021,2.029
PER,2022,2.004
PER,2023,1.98
PER,2024,1.965
PHL,2000,3.754
PHL,2001,3.719
PHL,2002,3.651
PHL,2003,3.591
PHL,2004,3.524
PHL,2005,3.448
PHL,2006,3.466
PHL,2007,3.403
PHL,2008,3.401
PHL,2009,3.376
PHL,2010,3.315
PHL,2011,3.236
PHL,2012,3.143
PHL,2013,3.042
PHL,2014,2.894
PHL,2015,2.829
PHL,2016,2.679
PHL,2017,2.525
PHL,2018,2.378
PHL,2019,2.215
PHL,2020,2.075
PHL,2021,1.95
PHL,2022,1.929
PHL,2023,1.916
PHL,2024,1.894
PLW,2000,1.819
PLW,2001,1.87
PLW,2002,1.923
PLW,2003,1.962
PLW,2004,1.989
PLW,2005,2.017
PLW,2006,1.996
PLW,2007,1.968
PLW,2008,1.947
PLW,2009,1.935
PLW,2010,1.937
PLW,2011,1.965
PLW,2012,2.006
PLW,2013,2.054
PLW,2014,2.032
PLW,2015,2.002
PLW,2016,2.055
PLW,2017,2.019
PLW,2018,1.97
PLW,2019,1.984
PLW,2020,1.972
PLW,2021,1.95
PLW,2022,1.927
PLW,2023,1.907
PLW,2024,1.883
PNG,2000,4.525
PNG,2001,4.469
PNG,2002,4.419
PNG,2003,4.362
PNG,2004,4.283
PNG,2005,4.22
PNG,2006,4.148
PNG,2007,4.076
PNG,2008,4.015
PNG,2009,3.941
PNG,2010,3.883
PNG,2011,3.816
PNG,2012,3.746
PNG,2013,3.684
PNG,2014,3.625
PNG,2015,3.558
PNG,2016,3.495
PNG,2017,3.432
PNG,2018,3.382
PNG,2019,3.322
PNG,2020,3.274
PNG,2021,3.215
PNG,2022,3.165
PNG,2023,3.099
PNG,2024,3.072
POL,2000,1.37
POL,2001,1.31
POL,2002,1.25
POL,2003,1.22
POL,2004,1.23
POL,2005,1.24
POL,2006,1.27
POL,2007,1.31
POL,2008,1.39
POL,2009,1.4
POL,2010,1.41
POL,2011,1.33
POL,2012,1.33
POL,2013,1.29
POL,2014,1.32
POL,2015,1.32
POL,2016,1.39
POL,2017,1.48
POL,2018,1.46
POL,2019,1.44
POL,2020,1.39
POL,2021,1.33
POL,2022,1.29
POL,2023,1.2
POL,2024,1.14
PRE,2000,6.108725807639148
PRE,2001,6.060521472252444
PRE,2002,6.0119924560120825
PRE,2003,5.96757174193078
PRE,2004,5.932827137362663
PRE,2005,5.892697233571201
PRE,2006,5.858618317397519
PRE,2007,5.8145853121233495
PRE,2008,5.779728102737239
PRE,2009,5.738183928864398
PRE,2010,5.687405773557804
PRE,2011,5.623921463788398
PRE,2012,5.544519310993617
PRE,2013,5.4590553692568555
PRE,2014,5.374301588833157
PRE,2015,5.277339313797141
PRE,2016,5.176188382520015
PRE,2017,5.076055982458832
PRE,2018,4.9726303585523555
PRE,2019,4.870146489948546
PRE,2020,4.774044275782687
PRE,2021,4.702408399227917
PRE,2022,4.628415328943733
PRE,2023,4.559293288330349
PRE,2024,4.485185018093764
PRI,2000,2.0485
PRI,2001,1.9346
PRI,2002,1.8317
PRI,2003,1.7624
PRI,2004,1.7822
PRI,2005,1.7702
PRI,2006,1.7123
PRI,2007,1.6505
PRI,2008,1.6516
PRI,2009,1.6528
PRI,2010,1.6235
PRI,2011,1.5965
PRI,2012,1.5425
PRI,2013,1.47
PRI,2014,1.432
PRI,2015,1.3365
PRI,2016,1.2425
PRI,2017,1.101
PRI,2018,1.035
PRI,2019,0.982
PRI,2020,0.922
PRI,2021,0.907
PRI,2022,0.914
PRI,2023,0.92
PRI,2024,0.92
PRK,2000,1.941
PRK,2001,1.94
PRK,2002,1.919
PRK,2003,1.909
PRK,2004,1.899
PRK,2005,1.872
PRK,2006,1.936
PRK,2007,1.943
PRK,2008,1.97
PRK,2009,1.905
PRK,2010,1.89
PRK,2011,1.883
PRK,2012,1.882
PRK,2013,1.877
PRK,2014,1.874
PRK,2015,1.863
PRK,2016,1.856
PRK,2017,1.848
PRK,2018,1.834
PRK,2019,1.825
PRK,2020,1.821
PRK,2021,1.806
PRK,2022,1.797
PRK,2023,1.78
PRK,2024,1.784
PRT,2000,1.55
PRT,2001,1.45
PRT,2002,1.46
PRT,2003,1.44
PRT,2004,1.4
PRT,2005,1.41
PRT,2006,1.37
PRT,2007,1.35
PRT,2008,1.39
PRT,2009,1.34
PRT,2010,1.39
PRT,2011,1.35
PRT,2012,1.28
PRT,2013,1.21
PRT,2014,1.24
PRT,2015,1.31
PRT,2016,1.37
PRT,2017,1.38
PRT,2018,1.42
PRT,2019,1.44
PRT,2020,1.42
PRT,2021,1.35
PRT,2022,1.43
PRT,2023,1.45
PRT,2024,1.41
PRY,2000,3.508
PRY,2001,3.361
PRY,2002,3.233
PRY,2003,3.123
PRY,2004,3.053
PRY,2005,2.973
PRY,2006,2.889
PRY,2007,2.823
PRY,2008,2.792
PRY,2009,2.757
PRY,2010,2.695
PRY,2011,2.667
PRY,2012,2.658
PRY,2013,2.636
PRY,2014,2.646
PRY,2015,2.645
PRY,2016,2.624
PRY,2017,2.591
PRY,2018,2.561
PRY,2019,2.525
PRY,2020,2.497
PRY,2021,2.469
PRY,2022,2.444
PRY,2023,2.422
PRY,2024,2.416
PSE,2000,5.457
PSE,2001,5.342
PSE,2002,5.216
PSE,2003,5.062
PSE,2004,4.971
PSE,2005,4.867
PSE,2006,4.739
PSE,2007,4.627
PSE,2008,4.509
PSE,2009,4.44
PSE,2010,4.434
PSE,2011,4.305
PSE,2012,4.154
PSE,2013,4.049
PSE,2014,3.995
PSE,2015,3.977
PSE,2016,3.887
PSE,2017,3.771
PSE,2018,3.674
PSE,2019,3.591
PSE,2020,3.511
PSE,2021,3.442
PSE,2022,3.375
PSE,2023,3.311
PSE,2024,3.25
PSS,2000,3.8167159507382262
PSS,2001,3.7703242563436747
PSS,2002,3.727823136041954
PSS,2003,3.6883469532162323
PSS,2004,3.652983690009106
PSS,2005,3.620763176743996
PSS,2006,3.6050881012102582
PSS,2007,3.5889047245520262
PSS,2008,3.569306766299012
PSS,2009,3.543919508803041
PSS,2010,3.51570587097517
PSS,2011,3.488205628776062
PSS,2012,3.4717247393336805
PSS,2013,3.456544277897576
PSS,2014,3.4481935933192203
PSS,2015,3.410857002002532
PSS,2016,3.3598274086753093
PSS,2017,3.294018402984429
PSS,2018,3.2372619244172003
PSS,2019,3.17968996269514
PSS,2020,3.1447759920452003
PSS,2021,3.1097409827950373
PSS,2022,3.0672987063962287
PSS,2023,3.028003943391783
PSS,2024,3.00590037111189
PST,2000,1.6156905623237665
PST,2001,1.5889209744441042
PST,2002,1.581329657996117
PST,2003,1.5982496478935029
PST,2004,1.612512009719267
PST,2005,1.6120114071554554
PST,2006,1.657441640353419
PST,2007,1.685451748327418
PST,2008,1.6981163842683964
PST,2009,1.6724558748924836
PST,2010,1.6607904288545952
PST,2011,1.644714299501641
PST,2012,1.651743684160021
PST,2013,1.6253509687865575
PST,2014,1.633110462358218
PST,2015,1.6286368894785297
PST,2016,1.6223158231477157
PST,2017,1.5802812545205869
PST,2018,1.5502345221157423
PST,2019,1.5191683352085539
PST,2020,1.474643364711838
PST,2021,1.4890303157334328
PST,2022,1.4415144042267036
PST,2023,1.3972392364959667
PST,2024,1.3861901674130443
PYF,2000,2.596
PYF,2001,2.523
PYF,2002,2.425
PYF,2003,2.26
PYF,2004,2.198
PYF,2005,2.181
PYF,2006,2.217
PYF,2007,2.122
PYF,2008,2.195
PYF,2009,2.148
PYF,2010,2.165
PYF,2011,2.061
PYF,2012,2.026
PYF,2013,1.937
PYF,2014,1.957
PYF,2015,1.872
PYF,2016,1.763
PYF,2017,1.669
PYF,2018,1.645
PYF,2019,1.567
PYF,2020,1.57
PYF,2021,1.532
PYF,2022,1.515
PYF,2023,1.501
PYF,2024,1.491
QAT,2000,3.073
QAT,2001,3.08
QAT,2002,3.011
QAT,2003,2.925
QAT,2004,2.794
QAT,2005,2.635
QAT,2006,2.509
QAT,2007,2.438
QAT,2008,2.369
QAT,2009,2.254
QAT,2010,2.137
QAT,2011,2.07
QAT,2012,2.04
QAT,2013,2.032
QAT,2014,2.03
QAT,2015,1.976
QAT,2016,1.856
QAT,2017,1.834
QAT,2018,1.756
QAT,2019,1.731
QAT,2020,1.675
QAT,2021,1.605
QAT,2022,1.739
QAT,2023,1.729
QAT,2024,1.717
ROU,2000,1.31
ROU,2001,1.27
ROU,2002,1.27
ROU,2003,1.3
ROU,2004,1.33
ROU,2005,1.4
ROU,2006,1.42
ROU,2007,1.45
ROU,2008,1.6
ROU,2009,1.66
ROU,2010,1.59
ROU,2011,1.47
ROU,2012,1.52
ROU,2013,1.46
ROU,2014,1.56
ROU,2015,1.62
ROU,2016,1.69
ROU,2017,1.78
ROU,2018,1.76
ROU,2019,1.77
ROU,2020,1.8
ROU,2021,1.81
ROU,2022,1.71
ROU,2023,1.54
ROU,2024,1.39
RUS,2000,1.195
RUS,2001,1.223
RUS,2002,1.286
RUS,2003,1.319
RUS,2004,1.344
RUS,2005,1.294
RUS,2006,1.305
RUS,2007,1.416
RUS,2008,1.502
RUS,2009,1.542
RUS,2010,1.567
RUS,2011,1.582
RUS,2012,1.691
RUS,2013,1.707
RUS,2014,1.75
RUS,2015,1.777
RUS,2016,1.762
RUS,2017,1.621
RUS,2018,1.579
RUS,2019,1.504
RUS,2020,1.505
RUS,2021,1.505
RUS,2022,1.416
RUS,2023,1.41
RUS,2024,1.418
RWA,2000,5.967
RWA,2001,5.893
RWA,2002,5.816
RWA,2003,5.737
RWA,2004,5.64
RWA,2005,5.5
RWA,2006,5.335
RWA,2007,5.141
RWA,2008,4.922
RWA,2009,4.707
RWA,2010,4.522
RWA,2011,4.332
RWA,2012,4.201
RWA,2013,4.136
RWA,2014,4.117
RWA,2015,4.108
RWA,2016,4.106
RWA,2017,4.084
RWA,2018,4.047
RWA,2019,3.985
RWA,2020,3.913
RWA,2021,3.841
RWA,2022,3.778
RWA,2023,3.698
RWA,2024,3.645
SAS,2000,3.3339535609072497
SAS,2001,3.2830838840058787
SAS,2002,3.198283540940268
SAS,2003,3.1034343310219836
SAS,2004,3.025416283488479
SAS,2005,2.936879897226141
SAS,2006,2.8469728538189902
SAS,2007,2.756696545214091
SAS,2008,2.6890508251575462
SAS,2009,2.644431807276806
SAS,2010,2.5657477903097714
SAS,2011,2.500225143663022
SAS,2012,2.4417782399693593
SAS,2013,2.3782720652908114
SAS,2014,2.28396274115946
SAS,2015,2.278910705778888
SAS,2016,2.273306013515504
SAS,2017,2.1915817190329814
SAS,2018,2.181340599242965
SAS,2019,2.1240762325639304
SAS,2020,2.0601938222645657
SAS,2021,2.0310299036198813
SAS,2022,2.0140117130997486
SAS,2023,1.995564419989333
SAS,2024,1.980991877975989
SAU,2000,4.206
SAU,2001,3.964
SAU,2002,3.709
SAU,2003,3.465
SAU,2004,3.264
SAU,2005,3.161
SAU,2006,3.176
SAU,2007,3.185
SAU,2008,3.074
SAU,2009,2.95
SAU,2010,2.81
SAU,2011,2.8
SAU,2012,2.78
SAU,2013,2.67
SAU,2014,2.68
SAU,2015,2.63
SAU,2016,2.65
SAU,2017,2.67
SAU,2018,2.67
SAU,2019,2.49
SAU,2020,2.27
SAU,2021,2.17
SAU,2022,2.14
SAU,2023,2.28
SAU,2024,2.308
SDN,2000,5.596
SDN,2001,5.562
SDN,2002,5.531
SDN,2003,5.489
SDN,2004,5.455
SDN,2005,5.397
SDN,2006,5.332
SDN,2007,5.27
SDN,2008,5.212
SDN,2009,5.173
SDN,2010,5.141
SDN,2011,5.087
SDN,2012,5.031
SDN,2013,4.965
SDN,2014,4.912
SDN,2015,4.898
SDN,2016,4.829
SDN,2017,4.761
SDN,2018,4.681
SDN,2019,4.617
SDN,2020,4.542
SDN,2021,4.457
SDN,2022,4.384
SDN,2023,4.323
SDN,2024,4.264
SEN,2000,5.498
SEN,2001,5.397
SEN,2002,5.301
SEN,2003,5.246
SEN,2004,5.192
SEN,2005,5.133
SEN,2006,5.064
SEN,2007,5.018
SEN,2008,5.024
SEN,2009,5.025
SEN,2010,5.055
SEN,2011,5.099
SEN,2012,5.129
SEN,2013,5.049
SEN,2014,4.884
SEN,2015,4.751
SEN,2016,4.648
SEN,2017,4.489
SEN,2018,4.294
SEN,2019,4.1
SEN,2020,4.003
SEN,2021,3.936
SEN,2022,3.864
SEN,2023,3.818
SEN,2024,3.765
SGP,2000,1.6
SGP,2001,1.41
SGP,2002,1.37
SGP,2003,1.27
SGP,2004,1.26
SGP,2005,1.26
SGP,2006,1.28
SGP,2007,1.29
SGP,2008,1.28
SGP,2009,1.22
SGP,2010,1.15
SGP,2011,1.2
SGP,2012,1.29
SGP,2013,1.19
SGP,2014,1.25
SGP,2015,1.24
SGP,2016,1.2
SGP,2017,1.16
SGP,2018,1.14
SGP,2019,1.14
SGP,2020,1.1
SGP,2021,1.12
SGP,2022,1.04
SGP,2023,0.97
SGP,2024,0.97
SLB,2000,4.757
SLB,2001,4.673
SLB,2002,4.602
SLB,2003,4.539
SLB,2004,4.466
SLB,2005,4.411
SLB,2006,4.39
SLB,2007,4.372
SLB,2008,4.358
SLB,2009,4.349
SLB,2010,4.341
SLB,2011,4.335
SLB,2012,4.332
SLB,2013,4.325
SLB,2014,4.36
SLB,2015,4.291
SLB,2016,4.2
SLB,2017,4.06
SLB,2018,3.93
SLB,2019,3.8
SLB,2020,3.749
SLB,2021,3.694
SLB,2022,3.62
SLB,2023,3.557
SLB,2024,3.513
SLE,2000,6.355
SLE,2001,6.305
SLE,2002,6.23
SLE,2003,6.087
SLE,2004,5.919
SLE,2005,5.807
SLE,2006,5.737
SLE,2007,5.643
SLE,2008,5.563
SLE,2009,5.448
SLE,2010,5.327
SLE,2011,5.209
SLE,2012,5.064
SLE,2013,4.873
SLE,2014,4.703
SLE,2015,4.548
SLE,2016,4.466
SLE,2017,4.389
SLE,2018,4.294
SLE,2019,4.192
SLE,2020,4.08
SLE,2021,3.978
SLE,2022,3.876
SLE,2023,3.791
SLE,2024,3.703
SLV,2000,3.076
SLV,2001,2.93
SLV,2002,2.775
SLV,2003,2.636
SLV,2004,2.516
SLV,2005,2.44
SLV,2006,2.395
SLV,2007,2.354
SLV,2008,2.291
SLV,2009,2.261
SLV,2010,2.239
SLV,2011,2.224
SLV,2012,2.187
SLV,2013,2.154
SLV,2014,2.126
SLV,2015,2.067
SLV,2016,1.965
SLV,2017,1.896
SLV,2018,1.849
SLV,2019,1.838
SLV,2020,1.819
SLV,2021,1.803
SLV,2022,1.785
SLV,2023,1.775
SLV,2024,1.768
SMR,2000,1.404
SMR,2001,1.519
SMR,2002,1.432
SMR,2003,1.296
SMR,2004,1.298
SMR,2005,1.198
SMR,2006,1.242
SMR,2007,1.257
SMR,2008,1.521
SMR,2009,1.358
SMR,2010,1.459
SMR,2011,1.456
SMR,2012,1.289
SMR,2013,1.483
SMR,2014,1.259
SMR,2015,1.196
SMR,2016,1.127
SMR,2017,1.054
SMR,2018,1.077
SMR,2019,1.096
SMR,2020,1.113
SMR,2021,1.125
SMR,2022,1.136
SMR,2023,1.149
SMR,2024,1.158
SOM,2000,7.645
SOM,2001,7.636
SOM,2002,7.626
SOM,2003,7.603
SOM,2004,7.568
SOM,2005,7.527
SOM,2006,7.49
SOM,2007,7.457
SOM,2008,7.415
SOM,2009,7.376
SOM,2010,7.322
SOM,2011,7.268
SOM,2012,7.211
SOM,2013,7.14
SOM,2014,7.061
SOM,2015,6.975
SOM,2016,6.878
SOM,2017,6.766
SOM,2018,6.662
SOM,2019,6.56
SOM,2020,6.453
SOM,2021,6.353
SOM,2022,6.255
SOM,2023,6.132
SOM,2024,6.013
SRB,2000,1.48
SRB,2001,1.58
SRB,2002,1.57
SRB,2003,1.59
SRB,2004,1.57
SRB,2005,1.45
SRB,2006,1.43
SRB,2007,1.38
SRB,2008,1.4
SRB,2009,1.44
SRB,2010,1.4
SRB,2011,1.4
SRB,2012,1.45
SRB,2013,1.43
SRB,2014,1.46
SRB,2015,1.46
SRB,2016,1.46
SRB,2017,1.49
SRB,2018,1.49
SRB,2019,1.52
SRB,2020,1.48
SRB,2021,1.52
SRB,2022,1.59
SRB,2023,1.62
SRB,2024,1.64
SSA,2000,5.644515626955124
SSA,2001,5.606398761950682
SSA,2002,5.565139532432632
SSA,2003,5.532726151410387
SSA,2004,5.513185844829057
SSA,2005,5.493113322444535
SSA,2006,5.467326306306658
SSA,2007,5.433221015716623
SSA,2008,5.419616185288867
SSA,2009,5.375275854348927
SSA,2010,5.329867478287955
SSA,2011,5.27395117863213
SSA,2012,5.210347316007754
SSA,2013,5.140610487934511
SSA,2014,5.0709789151570455
SSA,2015,4.990318499798327
SSA,2016,4.904062861907819
SSA,2017,4.82408682008231
SSA,2018,4.734484292281105
SSA,2019,4.644365719543797
SSA,2020,4.559631991804084
SSA,2021,4.4981089694756715
SSA,2022,4.433504695594123
SSA,2023,4.372857595493733
SSA,2024,4.3058979070685
SSD,2000,6.803
SSD,2001,6.654
SSD,2002,6.515
SSD,2003,6.353
SSD,2004,6.19
SSD,2005,6.022
SSD,2006,5.853
SSD,2007,5.704
SSD,2008,5.569
SSD,2009,5.446
SSD,2010,5.318
SSD,2011,5.193
SSD,2012,5.061
SSD,2013,4.939
SSD,2014,4.818
SSD,2015,4.695
SSD,2016,4.579
SSD,2017,4.483
SSD,2018,4.37
SSD,2019,4.26
SSD,2020,4.16
SSD,2021,4.047
SSD,2022,3.964
SSD,2023,3.864
SSD,2024,3.785
SSF,2000,5.7377381088506265
SSF,2001,5.696187696148654
SSF,2002,5.651521388206497
SSF,2003,5.613210218541302
SSF,2004,5.586548982896834
SSF,2005,5.558668607045332
SSF,2006,5.521784148564385
SSF,2007,5.4761027827375965
SSF,2008,5.44570307459479
SSF,2009,5.385842151515434
SSF,2010,5.324836399734896
SSF,2011,5.254540905395251
SSF,2012,5.177912413736739
SSF,2013,5.096948543079915
SSF,2014,5.023608357658161
SSF,2015,4.943099502740304
SSF,2016,4.859648503998254
SSF,2017,4.780248778207136
SSF,2018,4.696658598373383
SSF,2019,4.613298433588579
SSF,2020,4.529700526534578
SSF,2021,4.464428466599452
SSF,2022,4.396547640185845
SSF,2023,4.332478253595107
SSF,2024,4.264104041566042
SST,2000,2.8833839640550627
SST,2001,2.8339715684656417
SST,2002,2.7980865829724424
SST,2003,2.759736262771795
SST,2004,2.730960218263513
SST,2005,2.701148359061743
SST,2006,2.6730858180519173
SST,2007,2.6564324042731333
SST,2008,2.640779492617181
SST,2009,2.6137770779179563
SST,2010,2.5666987746507686
SST,2011,2.525179254372921
SST,2012,2.4982776229221435
SST,2013,2.456041442596369
SST,2014,2.4302218466934136
SST,2015,2.3869455854937587
SST,2016,2.356788435443938
SST,2017,2.3122933841054225
SST,2018,2.2754377961305328
SST,2019,2.2358807363708344
SST,2020,2.2118276505171757
SST,2021,2.1889730936023297
SST,2022,2.1485160962936223
SST,2023,2.124161792323975
SST,2024,2.1067772346615783
STP,2000,5.157
STP,2001,5.097
STP,2002,5.062
STP,2003,5.013
STP,2004,4.962
STP,2005,4.939
STP,2006,4.933
STP,2007,4.957
STP,2008,4.906
STP,2009,4.838
STP,2010,4.769
STP,2011,4.718
STP,2012,4.664
STP,2013,4.584
STP,2014,4.485
STP,2015,4.354
STP,2016,4.203
STP,2017,4.069
STP,2018,3.977
STP,2019,3.9
STP,2020,3.827
STP,2021,3.759
STP,2022,3.695
STP,2023,3.644
STP,2024,3.596
SUR,2000,3.046
SUR,2001,3.057
SUR,2002,2.956
SUR,2003,2.839
SUR,2004,2.738
SUR,2005,2.712
SUR,2006,2.727
SUR,2007,2.735
SUR,2008,2.727
SUR,2009,2.712
SUR,2010,2.688
SUR,2011,2.667
SUR,2012,2.669
SUR,2013,2.651
SUR,2014,2.62
SUR,2015,2.57
SUR,2016,2.5
SUR,2017,2.431
SUR,2018,2.381
SUR,2019,2.347
SUR,2020,2.314
SUR,2021,2.295
SUR,2022,2.274
SUR,2023,2.249
SUR,2024,2.231
SVK,2000,1.3
SVK,2001,1.2
SVK,2002,1.19
SVK,2003,1.2
SVK,2004,1.25
SVK,2005,1.27
SVK,2006,1.25
SVK,2007,1.27
SVK,2008,1.34
SVK,2009,1.44
SVK,2010,1.43
SVK,2011,1.45
SVK,2012,1.34
SVK,2013,1.34
SVK,2014,1.37
SVK,2015,1.4
SVK,2016,1.48
SVK,2017,1.52
SVK,2018,1.54
SVK,2019,1.57
SVK,2020,1.59
SVK,2021,1.63
SVK,2022,1.57
SVK,2023,1.49
SVK,2024,1.46
SVN,2000,1.26
SVN,2001,1.21
SVN,2002,1.21
SVN,2003,1.2
SVN,2004,1.25
SVN,2005,1.26
SVN,2006,1.31
SVN,2007,1.38
SVN,2008,1.53
SVN,2009,1.53
SVN,2010,1.57
SVN,2011,1.56
SVN,2012,1.58
SVN,2013,1.55
SVN,2014,1.58
SVN,2015,1.57
SVN,2016,1.58
SVN,2017,1.62
SVN,2018,1.6
SVN,2019,1.61
SVN,2020,1.59
SVN,2021,1.64
SVN,2022,1.55
SVN,2023,1.51
SVN,2024,1.52
SWE,2000,1.54
SWE,2001,1.57
SWE,2002,1.65
SWE,2003,1.71
SWE,2004,1.75
SWE,2005,1.77
SWE,2006,1.85
SWE,2007,1.88
SWE,2008,1.91
SWE,2009,1.94
SWE,2010,1.98
SWE,2011,1.9
SWE,2012,1.91
SWE,2013,1.89
SWE,2014,1.88
SWE,2015,1.85
SWE,2016,1.85
SWE,2017,1.78
SWE,2018,1.76
SWE,2019,1.71
SWE,2020,1.67
SWE,2021,1.67
SWE,2022,1.53
SWE,2023,1.45
SWE,2024,1.43
SWZ,2000,4.03
SWZ,2001,3.944
SWZ,2002,3.854
SWZ,2003,3.796
SWZ,2004,3.76
SWZ,2005,3.704
SWZ,2006,3.632
SWZ,2007,3.58
SWZ,2008,3.567
SWZ,2009,3.504
SWZ,2010,3.375
SWZ,2011,3.317
SWZ,2012,3.266
SWZ,2013,3.237
SWZ,2014,3.181
SWZ,2015,3.122
SWZ,2016,3.068
SWZ,2017,3.018
SWZ,2018,2.971
SWZ,2019,2.925
SWZ,2020,2.888
SWZ,2021,2.841
SWZ,2022,2.801
SWZ,2023,2.753
SWZ,2024,2.718
SXM,2000,1.982
SXM,2001,1.892
SXM,2002,1.809
SXM,2003,1.742
SXM,2004,1.702
SXM,2005,1.708
SXM,2006,1.758
SXM,2007,1.572
SXM,2008,1.728
SXM,2009,1.713
SXM,2010,1.848
SXM,2011,1.99
SXM,2012,1.959
SXM,2013,1.894
SXM,2014,1.817
SXM,2015,1.732
SXM,2016,1.642
SXM,2017,1.571
SXM,2018,1.522
SXM,2019,1.481
SXM,2020,1.467
SXM,2021,1.456
SXM,2022,1.453
SXM,2023,1.447
SXM,2024,1.44
SYC,2000,2.08
SYC,2001,1.98
SYC,2002,2.04
SYC,2003,2.06
SYC,2004,2.01
SYC,2005,2.2
SYC,2006,2.11
SYC,2007,2.24
SYC,2008,2.33
SYC,2009,2.38
SYC,2010,2.13
SYC,2011,2.3
SYC,2012,2.32
SYC,2013,2.21
SYC,2014,2.19
SYC,2015,2.26
SYC,2016,2.33
SYC,2017,2.34
SYC,2018,2.34
SYC,2019,2.31
SYC,2020,2.2
SYC,2021,2.38
SYC,2022,2.2
SYC,2023,2.18
SYC,2024,1.85
SYR,2000,4.068
SYR,2001,3.976
SYR,2002,3.865
SYR,2003,3.763
SYR,2004,3.679
SYR,2005,3.605
SYR,2006,3.562
SYR,2007,3.538
SYR,2008,3.481
SYR,2009,3.415
SYR,2010,3.355
SYR,2011,3.285
SYR,2012,3.221
SYR,2013,3.165
SYR,2014,3.117
SYR,2015,3.067
SYR,2016,3.012
SYR,2017,2.972
SYR,2018,2.932
SYR,2019,2.878
SYR,2020,2.837
SYR,2021,2.798
SYR,2022,2.746
SYR,2023,2.712
SYR,2024,2.7
TCA,2000,2.406
TCA,2001,2.342
TCA,2002,2.242
TCA,2003,2.176
TCA,2004,2.136
TCA,2005,2.106
TCA,2006,2.078
TCA,2007,2.049
TCA,2008,2.005
TCA,2009,1.959
TCA,2010,1.907
TCA,2011,1.859
TCA,2012,1.805
TCA,2013,1.752
TCA,2014,1.729
TCA,2015,1.718
TCA,2016,1.713
TCA,2017,1.704
TCA,2018,1.677
TCA,2019,1.617
TCA,2020,1.552
TCA,2021,1.501
TCA,2022,1.477
TCA,2023,1.463
TCA,2024,1.452
TCD,2000,7.249
TCD,2001,7.231
TCD,2002,7.201
TCD,2003,7.179
TCD,2004,7.16
TCD,2005,7.134
TCD,2006,7.118
TCD,2007,7.092
TCD,2008,7.063
TCD,2009,7.021
TCD,2010,6.99
TCD,2011,6.948
TCD,2012,6.905
TCD,2013,6.839
TCD,2014,6.781
TCD,2015,6.706
TCD,2016,6.623
TCD,2017,6.537
TCD,2018,6.464
TCD,2019,6.412
TCD,2020,6.346
TCD,2021,6.255
TCD,2022,6.215
TCD,2023,6.12
TCD,2024,6.028
TEA,2000,1.9170120298433724
TEA,2001,1.8635943473840053
TEA,2002,1.8562587921340947
TEA,2003,1.8507145756341503
TEA,2004,1.8686900207545096
TEA,2005,1.876507476098555
TEA,2006,1.8899951092995706
TEA,2007,1.9071483864772298
TEA,2008,1.9283048894977692
TEA,2009,1.9351621376788641
TEA,2010,1.913804637700639
TEA,2011,1.90559230915552
TEA,2012,1.9924533565986244
TEA,2013,1.9227632086036661
TEA,2014,1.9531584360844405
TEA,2015,1.8787432101497399
TEA,2016,1.9293889085883293
TEA,2017,1.9268329408938099
TEA,2018,1.7392589287063518
TEA,2019,1.7032919114394598
TEA,2020,1.5242034292121578
TEA,2021,1.4359018918690245
TEA,2022,1.3803824728806742
TEA,2023,1.3561934988665563
TEA,2024,1.3631300088668208
TEC,2000,1.620307607113421
TEC,2001,1.600807183596413
TEC,2002,1.6038065864965338
TEC,2003,1.6167636444441933
TEC,2004,1.6470259422919522
TEC,2005,1.633933388493795
TEC,2006,1.6616180926543236
TEC,2007,1.7227213417949392
TEC,2008,1.7923491292810254
TEC,2009,1.8092202625387317
TEC,2010,1.8100760309313688
TEC,2011,1.7980364922089722
TEC,2012,1.86354536411501
TEC,2013,1.8748561116751017
TEC,2014,1.9263173814707086
TEC,2015,1.9297777773802425
TEC,2016,1.924809557432167
TEC,2017,1.8678052423991272
TEC,2018,1.8508739098903844
TEC,2019,1.8209035766348556
TEC,2020,1.8140885899135375
TEC,2021,1.8149173350157055
TEC,2022,1.7484714715206757
TEC,2023,1.7248781947509082
TEC,2024,1.7051085215361095
TGO,2000,5.1652
TGO,2001,5.12801
TGO,2002,5.09187
TGO,2003,5.047961
TGO,2004,4.994707
TGO,2005,5.037823
TGO,2006,5.076201
TGO,2007,5.102
TGO,2008,5.100197
TGO,2009,5.104276
TGO,2010,5.087324
TGO,2011,4.984234
TGO,2012,4.853789
TGO,2013,4.753612
TGO,2014,4.701602
TGO,2015,4.661566
TGO,2016,4.633942
TGO,2017,4.576231
TGO,2018,4.513072
TGO,2019,4.450408
TGO,2020,4.386312
TGO,2021,4.323871
TGO,2022,4.253183
TGO,2023,4.192401
TGO,2024,4.121673
THA,2000,1.734
THA,2001,1.711
THA,2002,1.688
THA,2003,1.673
THA,2004,1.665
THA,2005,1.644
THA,2006,1.631
THA,2007,1.616
THA,2008,1.587
THA,2009,1.565
THA,2010,1.562
THA,2011,1.571
THA,2012,1.563
THA,2013,1.526
THA,2014,1.484
THA,2015,1.451
THA,2016,1.4
THA,2017,1.363
THA,2018,1.323
THA,2019,1.285
THA,2020,1.259
THA,2021,1.234
THA,2022,1.221
THA,2023,1.212
THA,2024,1.204
TJK,2000,3.49
TJK,2001,3.49
TJK,2002,3.47
TJK,2003,3.42
TJK,2004,3.507
TJK,2005,3.398
TJK,2006,3.341
TJK,2007,3.367
TJK,2008,3.388
TJK,2009,3.43
TJK,2010,3.457
TJK,2011,3.456
TJK,2012,3.421
TJK,2013,3.433
TJK,2014,3.459
TJK,2015,3.459
TJK,2016,3.384
TJK,2017,3.29
TJK,2018,3.294
TJK,2019,3.281
TJK,2020,3.211
TJK,2021,3.17
TJK,2022,3.127
TJK,2023,3.072
TJK,2024,3.036
TKM,2000,2.9
TKM,2001,2.814
TKM,2002,2.71
TKM,2003,2.667
TKM,2004,2.674
TKM,2005,2.706
TKM,2006,2.724
TKM,2007,2.734
TKM,2008,2.75
TKM,2009,2.794
TKM,2010,2.848
TKM,2011,2.9
TKM,2012,2.955
TKM,2013,3.007
TKM,2014,3.023
TKM,2015,3.033
TKM,2016,2.99
TKM,2017,2.934
TKM,2018,2.875
TKM,2019,2.834
TKM,2020,2.793
TKM,2021,2.754
TKM,2022,2.728
TKM,2023,2.69
TKM,2024,2.661
TLA,2000,2.6363386280618406
TLA,2001,2.568190559605044
TLA,2002,2.50456976390976
TLA,2003,2.4435852629454238
TLA,2004,2.4013658972513903
TLA,2005,2.3624616062615047
TLA,2006,2.317984707308634
TLA,2007,2.2782531748282313
TLA,2008,2.248702918640965
TLA,2009,2.220743171768708
TLA,2010,2.1923514780854796
TLA,2011,2.1717376719867736
TLA,2012,2.1417705784467467
TLA,2013,2.1196903069755133
TLA,2014,2.102227690663371
TLA,2015,2.070155624721003
TLA,2016,2.018031652305308
TLA,2017,1.9934211974985327
TLA,2018,1.9742390717358744
TLA,2019,1.9288419495637057
TLA,2020,1.8688984194345446
TLA,2021,1.8440953940432605
TLA,2022,1.822031907491368
TLA,2023,1.8041419230078064
TLA,2024,1.7942212653497918
TLS,2000,5.934
TLS,2001,5.918
TLS,2002,5.899
TLS,2003,5.846
TLS,2004,5.741
TLS,2005,5.611
TLS,2006,5.474
TLS,2007,5.333
TLS,2008,5.171
TLS,2009,4.994
TLS,2010,4.816
TLS,2011,4.614
TLS,2012,4.404
TLS,2013,4.208
TLS,2014,3.999
TLS,2015,3.779
TLS,2016,3.582
TLS,2017,3.399
TLS,2018,3.244
TLS,2019,3.116
TLS,2020,3.011
TLS,2021,2.892
TLS,2022,2.801
TLS,2023,2.707
TLS,2024,2.627
TMN,2000,4.0331358394730445
TMN,2001,3.922354034196626
TMN,2002,3.818998459783958
TMN,2003,3.755902299018356
TMN,2004,3.663299338932949
TMN,2005,3.6143814897756803
TMN,2006,3.6032236469250574
TMN,2007,3.588123083782043
TMN,2008,3.575575454347257
TMN,2009,3.5663476769365015
TMN,2010,3.557312171959503
TMN,2011,3.5412400351624873
TMN,2012,3.537082383090627
TMN,2013,3.526742857146786
TMN,2014,3.5091288715497786
TMN,2015,3.4788508397155056
TMN,2016,3.4154549292552305
TMN,2017,3.3873116076515806
TMN,2018,3.297386896467069
TMN,2019,3.2294715195732366
TMN,2020,3.1920336825828044
TMN,2021,3.147200354231578
TMN,2022,3.113996968215342
TMN,2023,3.082666831855158
TMN,2024,3.048162603230662
TON,2000,4.159
TON,2001,4.127
TON,2002,4.138
TON,2003,4.175
TON,2004,4.186
TON,2005,4.195
TON,2006,4.141
TON,2007,4.086
TON,2008,4.012
TON,2009,3.946
TON,2010,3.879
TON,2011,3.829
TON,2012,3.768
TON,2013,3.696
TON,2014,3.619
TON,2015,3.54
TON,2016,3.463
TON,2017,3.388
TON,2018,3.326
TON,2019,3.274
TON,2020,3.234
TON,2021,3.198
TON,2022,3.171
TON,2023,3.129
TON,2024,3.1
TSA,2000,3.3339535609072484
TSA,2001,3.2830838840058787
TSA,2002,3.198283540940268
TSA,2003,3.1034343310219836
TSA,2004,3.025416283488479
TSA,2005,2.936879897226141
TSA,2006,2.8469728538189902
TSA,2007,2.756696545214091
TSA,2008,2.6890508251575453
TSA,2009,2.644431807276806
TSA,2010,2.5657477903097714
TSA,2011,2.500225143663022
TSA,2012,2.441778239969359
TSA,2013,2.3782720652908114
TSA,2014,2.28396274115946
TSA,2015,2.278910705778888
TSA,2016,2.2733060135155045
TSA,2017,2.1915817190329814
TSA,2018,2.181340599242965
TSA,2019,2.124076232563931
TSA,2020,2.0601938222645657
TSA,2021,2.0310299036198813
TSA,2022,2.0140117130997486
TSA,2023,1.995564419989333
TSA,2024,1.980991877975989
TSS,2000,5.737738108850626
TSS,2001,5.696187696148656
TSS,2002,5.651521388206498
TSS,2003,5.613210218541299
TSS,2004,5.586548982896834
TSS,2005,5.558668607045333
TSS,2006,5.521784148564386
TSS,2007,5.476102782737598
TSS,2008,5.44570307459479
TSS,2009,5.385842151515433
TSS,2010,5.324836399734894
TSS,2011,5.254540905395253
TSS,2012,5.177912413736739
TSS,2013,5.096948543079914
TSS,2014,5.02360835765816
TSS,2015,4.943099502740304
TSS,2016,4.859648503998252
TSS,2017,4.780248778207136
TSS,2018,4.696658598373383
TSS,2019,4.613298433588579
TSS,2020,4.529700526534577
TSS,2021,4.464428466599452
TSS,2022,4.396547640185845
TSS,2023,4.332478253595107
TSS,2024,4.264104041566041
TTO,2000,1.732
TTO,2001,1.705
TTO,2002,1.672
TTO,2003,1.648
TTO,2004,1.627
TTO,2005,1.625
TTO,2006,1.624
TTO,2007,1.622
TTO,2008,1.617
TTO,2009,1.618
TTO,2010,1.614
TTO,2011,1.611
TTO,2012,1.609
TTO,2013,1.603
TTO,2014,1.602
TTO,2015,1.598
TTO,2016,1.601
TTO,2017,1.594
TTO,2018,1.588
TTO,2019,1.578
TTO,2020,1.572
TTO,2021,1.559
TTO,2022,1.544
TTO,2023,1.532
TTO,2024,1.536
TUN,2000,2.025
TUN,2001,1.975
TUN,2002,1.941
TUN,2003,1.956
TUN,2004,1.95
TUN,2005,1.953
TUN,2006,1.952
TUN,2007,1.957
TUN,2008,1.975
TUN,2009,2.004
TUN,2010,2.075
TUN,2011,2.189
TUN,2012,2.277
TUN,2013,2.31
TUN,2014,2.316
TUN,2015,2.306
TUN,2016,2.275
TUN,2017,2.205
TUN,2018,2.133
TUN,2019,2.1
TUN,2020,2
TUN,2021,1.8
TUN,2022,1.847
TUN,2023,1.832
TUN,2024,1.818
TUR,2000,2.487
TUR,2001,2.392
TUR,2002,2.268
TUR,2003,2.202
TUR,2004,2.197
TUR,2005,2.197
TUR,2006,2.193
TUR,2007,2.16
TUR,2008,2.15
TUR,2009,2.1
TUR,2010,2.08
TUR,2011,2.05
TUR,2012,2.11
TUR,2013,2.11
TUR,2014,2.19
TUR,2015,2.16
TUR,2016,2.11
TUR,2017,2.08
TUR,2018,2
TUR,2019,1.89
TUR,2020,1.77
TUR,2021,1.71
TUR,2022,1.63
TUR,2023,1.51
TUR,2024,1.48
TUV,2000,3.841
TUV,2001,3.749
TUV,2002,3.637
TUV,2003,3.579
TUV,2004,3.553
TUV,2005,3.546
TUV,2006,3.525
TUV,2007,3.446
TUV,2008,3.415
TUV,2009,3.425
TUV,2010,3.442
TUV,2011,3.463
TUV,2012,3.47
TUV,2013,3.389
TUV,2014,3.33
TUV,2015,3.308
TUV,2016,3.297
TUV,2017,3.301
TUV,2018,3.328
TUV,2019,3.331
TUV,2020,3.309
TUV,2021,3.277
TUV,2022,3.244
TUV,2023,3.208
TUV,2024,3.174
TZA,2000,5.67
TZA,2001,5.617
TZA,2002,5.57
TZA,2003,5.578
TZA,2004,5.597
TZA,2005,5.579
TZA,2006,5.511
TZA,2007,5.403
TZA,2008,5.324
TZA,2009,5.26
TZA,2010,5.225
TZA,2011,5.141
TZA,2012,5.137
TZA,2013,5.156
TZA,2014,5.122
TZA,2015,5.025
TZA,2016,5.006
TZA,2017,4.988
TZA,2018,4.932
TZA,2019,4.866
TZA,2020,4.801
TZA,2021,4.734
TZA,2022,4.671
TZA,2023,4.606
TZA,2024,4.541
UGA,2000,6.788
UGA,2001,6.757
UGA,2002,6.735
UGA,2003,6.671
UGA,2004,6.612
UGA,2005,6.525
UGA,2006,6.429
UGA,2007,6.326
UGA,2008,6.202
UGA,2009,6.124
UGA,2010,6.019
UGA,2011,5.885
UGA,2012,5.729
UGA,2013,5.563
UGA,2014,5.408
UGA,2015,5.251
UGA,2016,5.112
UGA,2017,4.987
UGA,2018,4.867
UGA,2019,4.744
UGA,2020,4.621
UGA,2021,4.51
UGA,2022,4.388
UGA,2023,4.283
UGA,2024,4.165
UKR,2000,1.108
UKR,2001,1.092
UKR,2002,1.127
UKR,2003,1.173
UKR,2004,1.215
UKR,2005,1.221
UKR,2006,1.297
UKR,2007,1.343
UKR,2008,1.444
UKR,2009,1.47
UKR,2010,1.436
UKR,2011,1.464
UKR,2012,1.528
UKR,2013,1.515
UKR,2014,1.466
UKR,2015,1.387
UKR,2016,1.391
UKR,2017,1.3
UKR,2018,1.233
UKR,2019,1.218
UKR,2020,1.208
UKR,2021,1.148
UKR,2022,0.897
UKR,2023,0.977
UKR,2024,0.988
UMC,2000,1.979955364509866
UMC,2001,1.9206619313417777
UMC,2002,1.9004098952096018
UMC,2003,1.8895955010410512
UMC,2004,1.9054614365098659
UMC,2005,1.9128260416294451
UMC,2006,1.9196985149605785
UMC,2007,1.9285529690238206
UMC,2008,1.9474066717715535
UMC,2009,1.9479492109375656
UMC,2010,1.9318848322288347
UMC,2011,1.928786334023004
UMC,2012,1.9999560894631685
UMC,2013,1.9495598924545636
UMC,2014,1.9771868346219248
UMC,2015,1.9129955517108157
UMC,2016,1.9449171308629492
UMC,2017,1.939733631880052
UMC,2018,1.7987534030599182
UMC,2019,1.759246139729954
UMC,2020,1.6146979931231078
UMC,2021,1.5495135768437391
UMC,2022,1.4976112546219438
UMC,2023,1.4747509544065216
UMC,2024,1.477790493061896
URY,2000,2.196
URY,2001,2.161
URY,2002,2.16
URY,2003,2.116
URY,2004,2.093
URY,2005,2.097
URY,2006,2.07
URY,2007,2.048
URY,2008,2.03
URY,2009,2.018
URY,2010,2.011
URY,2011,1.987
URY,2012,2.012
URY,2013,2.034
URY,2014,2.026
URY,2015,2.041
URY,2016,1.966
URY,2017,1.824
URY,2018,1.681
URY,2019,1.567
URY,2020,1.497
URY,2021,1.446
URY,2022,1.425
URY,2023,1.409
URY,2024,1.397
USA,2000,2.056
USA,2001,2.0305
USA,2002,2.0205
USA,2003,2.0475
USA,2004,2.0515
USA,2005,2.057
USA,2006,2.108
USA,2007,2.12
USA,2008,2.072
USA,2009,2.002
USA,2010,1.931
USA,2011,1.8945
USA,2012,1.8805
USA,2013,1.8575
USA,2014,1.8625
USA,2015,1.8435
USA,2016,1.8205
USA,2017,1.7655
USA,2018,1.7295
USA,2019,1.706
USA,2020,1.6415
USA,2021,1.664
USA,2022,1.6565
USA,2023,1.6165
USA,2024,1.6265
UZB,2000,2.696
UZB,2001,2.61
UZB,2002,2.575
UZB,2003,2.503
UZB,2004,2.496
UZB,2005,2.438
UZB,2006,2.461
UZB,2007,2.573
UZB,2008,2.635
UZB,2009,2.559
UZB,2010,2.442
UZB,2011,2.354
UZB,2012,2.337
UZB,2013,2.445
UZB,2014,2.546
UZB,2015,2.583
UZB,2016,2.564
UZB,2017,2.57
UZB,2018,2.713
UZB,2019,2.869
UZB,2020,3.062
UZB,2021,3.273
UZB,2022,3.396
UZB,2023,3.5
UZB,2024,3.486
VCT,2000,2.306
VCT,2001,2.3
VCT,2002,2.218
VCT,2003,2.142
VCT,2004,2.087
VCT,2005,2.068
VCT,2006,2.033
VCT,2007,2.063
VCT,2008,2.15
VCT,2009,2.174
VCT,2010,2.144
VCT,2011,2.076
VCT,2012,2.113
VCT,2013,2.106
VCT,2014,2.141
VCT,2015,2.133
VCT,2016,2.055
VCT,2017,1.94
VCT,2018,1.9
VCT,2019,1.864
VCT,2020,1.83
VCT,2021,1.808
VCT,2022,1.791
VCT,2023,1.775
VCT,2024,1.761
VEN,2000,2.79
VEN,2001,2.779
VEN,2002,2.739
VEN,2003,2.703
VEN,2004,2.639
VEN,2005,2.629
VEN,2006,2.595
VEN,2007,2.524
VEN,2008,2.475
VEN,2009,2.422
VEN,2010,2.396
VEN,2011,2.398
VEN,2012,2.379
VEN,2013,2.334
VEN,2014,2.296
VEN,2015,2.253
VEN,2016,2.217
VEN,2017,2.183
VEN,2018,2.151
VEN,2019,2.131
VEN,2020,2.116
VEN,2021,2.105
VEN,2022,2.088
VEN,2023,2.079
VEN,2024,2.077
VGB,2000,1.839
VGB,2001,1.517
VGB,2002,1.247
VGB,2003,1.309
VGB,2004,1.5
VGB,2005,1.34
VGB,2006,1.234
VGB,2007,1.312
VGB,2008,1.272
VGB,2009,1.23
VGB,2010,1.183
VGB,2011,1.268
VGB,2012,1.103
VGB,2013,1.086
VGB,2014,1.235
VGB,2015,1.186
VGB,2016,0.987
VGB,2017,0.873
VGB,2018,0.905
VGB,2019,0.941
VGB,2020,0.975
VGB,2021,0.999
VGB,2022,1.025
VGB,2023,1.045
VGB,2024,1.048
VIR,2000,2.06
VIR,2001,1.9
VIR,2002,2.21
VIR,2003,2.07
VIR,2004,2.17
VIR,2005,2.24
VIR,2006,2.03
VIR,2007,2.51
VIR,2008,2.44
VIR,2009,2.37
VIR,2010,2.3
VIR,2011,2.16
VIR,2012,2.06
VIR,2013,2.08
VIR,2014,2.09
VIR,2015,2.11
VIR,2016,2.09
VIR,2017,2.08
VIR,2018,2.06
VIR,2019,2.05
VIR,2020,2.03
VIR,2021,2.01
VIR,2022,2
VIR,2023,1.98
VIR,2024,1.97
VNM,2000,2.028
VNM,2001,2.023
VNM,2002,2.006
VNM,2003,1.999
VNM,2004,1.968
VNM,2005,1.887
VNM,2006,1.873
VNM,2007,1.911
VNM,2008,1.933
VNM,2009,1.92
VNM,2010,1.906
VNM,2011,1.927
VNM,2012,1.967
VNM,2013,1.98
VNM,2014,2.09
VNM,2015,2.1
VNM,2016,2
VNM,2017,1.985
VNM,2018,1.88
VNM,2019,1.943
VNM,2020,1.957
VNM,2021,1.942
VNM,2022,1.927
VNM,2023,1.913
VNM,2024,1.895
VUT,2000,4.537
VUT,2001,4.495
VUT,2002,4.382
VUT,2003,4.293
VUT,2004,4.214
VUT,2005,4.133
VUT,2006,4.1
VUT,2007,4.117
VUT,2008,4.159
VUT,2009,4.157
VUT,2010,4.126
VUT,2011,4.093
VUT,2012,4.059
VUT,2013,4.039
VUT,2014,3.999
VUT,2015,3.952
VUT,2016,3.915
VUT,2017,3.875
VUT,2018,3.834
VUT,2019,3.79
VUT,2020,3.738
VUT,2021,3.696
VUT,2022,3.647
VUT,2023,3.596
VUT,2024,3.569
WLD,2000,2.729934358130434
WLD,2001,2.688571043954267
WLD,2002,2.660130531970252
WLD,2003,2.638076380694477
WLD,2004,2.6280267380833866
WLD,2005,2.6107337596762665
WLD,2006,2.6062813158160933
WLD,2007,2.601987610038925
WLD,2008,2.6033889769450216
WLD,2009,2.5930409929595974
WLD,2010,2.568165090055
WLD,2011,2.5480528027507456
WLD,2012,2.564491641392938
WLD,2013,2.5250523858414557
WLD,2014,2.5175859223666968
WLD,2015,2.4900711460397704
WLD,2016,2.491446277875308
WLD,2017,2.459878546877259
WLD,2018,2.3917862097697635
WLD,2019,2.353297055404675
WLD,2020,2.2763560177269166
WLD,2021,2.245689162234507
WLD,2022,2.215202927113913
WLD,2023,2.19585696926797
WLD,2024,2.188515254845675
WSM,2000,4.523
WSM,2001,4.477
WSM,2002,4.444
WSM,2003,4.392
WSM,2004,4.343
WSM,2005,4.322
WSM,2006,4.322
WSM,2007,4.358
WSM,2008,4.417
WSM,2009,4.466
WSM,2010,4.52
WSM,2011,4.56
WSM,2012,4.545
WSM,2013,4.491
WSM,2014,4.423
WSM,2015,4.344
WSM,2016,4.262
WSM,2017,4.196
WSM,2018,4.136
WSM,2019,4.061
WSM,2020,4.002
WSM,2021,3.94
WSM,2022,3.883
WSM,2023,3.829
WSM,2024,3.801
XKX,2000,2.698
XKX,2001,2.765
XKX,2002,2.791
XKX,2003,2.67
XKX,2004,2.65
XKX,2005,2.623
XKX,2006,2.494
XKX,2007,2.393
XKX,2008,2.359
XKX,2009,2.317
XKX,2010,2.223
XKX,2011,2.038
XKX,2012,1.969
XKX,2013,1.953
XKX,2014,1.87
XKX,2015,1.763
XKX,2016,1.641
XKX,2017,1.618
XKX,2018,1.581
XKX,2019,1.575
XKX,2020,1.567
XKX,2021,1.561
XKX,2022,1.555
XKX,2023,1.545
XKX,2024,1.538
YEM,2000,6.317
YEM,2001,6.143
YEM,2002,5.971
YEM,2003,5.839
YEM,2004,5.712
YEM,2005,5.563
YEM,2006,5.412
YEM,2007,5.261
YEM,2008,5.113
YEM,2009,5.004
YEM,2010,4.81
YEM,2011,4.63
YEM,2012,4.633
YEM,2013,4.623
YEM,2014,4.62
YEM,2015,4.617
YEM,2016,4.613
YEM,2017,4.61
YEM,2018,4.607
YEM,2019,4.603
YEM,2020,4.6
YEM,2021,4.597
YEM,2022,4.593
YEM,2023,4.59
YEM,2024,4.499
ZAF,2000,2.413
ZAF,2001,2.373
ZAF,2002,2.324
ZAF,2003,2.358
ZAF,2004,2.436
ZAF,2005,2.512
ZAF,2006,2.548
ZAF,2007,2.545
ZAF,2008,2.679
ZAF,2009,2.501
ZAF,2010,2.445
ZAF,2011,2.436
ZAF,2012,2.447
ZAF,2013,2.428
ZAF,2014,2.424
ZAF,2015,2.359
ZAF,2016,2.261
ZAF,2017,2.283
ZAF,2018,2.27
ZAF,2019,2.264
ZAF,2020,2.257
ZAF,2021,2.248
ZAF,2022,2.227
ZAF,2023,2.216
ZAF,2024,2.205
ZMB,2000,5.921
ZMB,2001,5.848
ZMB,2002,5.774
ZMB,2003,5.71
ZMB,2004,5.698
ZMB,2005,5.697
ZMB,2006,5.679
ZMB,2007,5.613
ZMB,2008,5.53
ZMB,2009,5.453
ZMB,2010,5.359
ZMB,2011,5.256
ZMB,2012,5.136
ZMB,2013,5.014
ZMB,2014,4.89
ZMB,2015,4.775
ZMB,2016,4.669
ZMB,2017,4.567
ZMB,2018,4.492
ZMB,2019,4.418
ZMB,2020,4.323
ZMB,2021,4.246
ZMB,2022,4.175
ZMB,2023,4.101
ZMB,2024,4.036
ZWE,2000,4.009
ZWE,2001,3.983
ZWE,2002,3.925
ZWE,2003,3.862
ZWE,2004,3.776
ZWE,2005,3.693
ZWE,2006,3.635
ZWE,2007,3.677
ZWE,2008,3.783
ZWE,2009,3.95
ZWE,2010,4.04
ZWE,2011,4.126
ZWE,2012,4.134
ZWE,2013,4.111
ZWE,2014,4.011
ZWE,2015,3.911
ZWE,2016,3.828
ZWE,2017,3.768
ZWE,2018,3.744
ZWE,2019,3.748
ZWE,2020,3.754
ZWE,2021,3.765
ZWE,2022,3.767
ZWE,2023,3.724
ZWE,2024,3.674
