iso3,year,gdp_pc
ABW,2000,20681.023026962517
ABW,2001,20740.132582817216
ABW,2002,21307.24825052669
ABW,2003,21949.48599608684
ABW,2004,23700.63198991973
ABW,2005,24171.83713254216
ABW,2006,24845.658483619995
ABW,2007,26736.308944404624
ABW,2008,28171.909400850072
ABW,2009,25134.7712303589
ABW,2010,24093.140151062573
ABW,2011,25712.3843015186
ABW,2012,25119.665544983844
ABW,2013,25813.571440843843
ABW,2014,26129.839061769275
ABW,2015,27458.220153750623
ABW,2016,27441.55021446005
ABW,2017,28440.04168814911
ABW,2018,30082.158422679753
ABW,2019,30645.89060245485
ABW,2020,22759.807175072245
ABW,2021,26749.329609311764
ABW,2022,30975.9989121779
ABW,2023,35718.75311916344
ABW,2024,39498.59412937967
AFE,2000,706.7272609670093
AFE,2001,625.8278154411498
AFE,2002,630.5123276484624
AFE,2003,815.4322962677348
AFE,2004,989.015463629244
AFE,2005,1126.297323391195
AFE,2006,1235.2666081177138
AFE,2007,1381.5525968928991
AFE,2008,1447.5457543755215
AFE,2009,1408.7534665942826
AFE,2010,1628.9052479313925
AFE,2011,1761.9892609615918
AFE,2012,1732.0380214533523
AFE,2013,1706.0227441262118
AFE,2014,1690.1667924594424
AFE,2015,1498.8752400758965
AFE,2016,1334.4705003292756
AFE,2017,1528.1042242128397
AFE,2018,1552.0737219491925
AFE,2019,1507.085599634839
AFE,2020,1351.5916691087855
AFE,2021,1562.4161747773767
AFE,2022,1679.3276216646611
AFE,2023,1571.449189189805
AFE,2024,1615.3963556284916
AFG,2000,174.9309914301663
AFG,2001,138.7068216761131
AFG,2002,178.95408837923534
AFG,2003,198.87111572872664
AFG,2004,221.76365387301306
AFG,2005,254.18424914933624
AFG,2006,274.21855356157454
AFG,2007,376.2231520038759
AFG,2008,381.7332380284397
AFG,2009,452.053705477043
AFG,2010,560.6215054631456
AFG,2011,606.6946763377257
AFG,2012,651.4171344700457
AFG,2013,637.0870991170988
AFG,2014,625.0549418139383
AFG,2015,565.5697304087512
AFG,2016,522.0822155838985
AFG,2017,525.4697708916185
AFG,2018,491.3372213826032
AFG,2019,496.6025042584997
AFG,2020,510.78706336681074
AFG,2021,356.49621411589226
AFG,2022,357.2611527981439
AFG,2023,413.75789470530316
AFG,2024,NA
AFW,2000,518.9692260546825
AFW,2001,532.9727872217544
AFW,2002,619.3373350307594
AFW,2003,697.4812563370882
AFW,2004,838.2133916658516
AFW,2005,999.7700230473185
AFW,2006,1234.6418557440284
AFW,2007,1405.880188474094
AFW,2008,1666.5204827050097
AFW,2009,1453.4952836253
AFW,2010,1662.633658441471
AFW,2011,1844.0543672817716
AFW,2012,1941.1182432181197
AFW,2013,2131.606091328988
AFW,2014,2221.3503376101235
AFW,2015,1860.7276862832423
AFW,2016,1630.0394389525784
AFW,2017,1574.2305643785453
AFW,2018,1720.1400924272184
AFW,2019,2216.385055208329
AFW,2020,2030.86165860293
AFW,2021,2112.794076370788
AFW,2022,2138.4731525991306
AFW,2023,1841.855063548671
AFW,2024,1411.3370293847581
AGO,2000,563.733795571487
AGO,2001,533.5862024124473
AGO,2002,999.0658559137579
AGO,2003,1133.6633196060707
AGO,2004,1451.4711787249341
AGO,2005,2145.8862109632746
AGO,2006,2930.444286073203
AGO,2007,3515.0567898653467
AGO,2008,4578.155264515174
AGO,2009,3645.1484656297575
AGO,2010,4101.637155667117
AGO,2011,5184.152691499118
AGO,2012,5702.453062774339
AGO,2013,5688.57916215215
AGO,2014,5649.687624691393
AGO,2015,3641.7289391994404
AGO,2016,2051.8146212625306
AGO,2017,2790.718868697683
AGO,2018,2860.093648368199
AGO,2019,2493.678844401766
AGO,2020,1759.356199182642
AGO,2021,2303.908126627765
AGO,2022,3682.113151369797
AGO,2023,2916.136632842746
AGO,2024,2665.874447767527
ALB,2000,1160.4204705403845
ALB,2001,1326.4165238807702
ALB,2002,1479.8388457200615
ALB,2003,1908.6990068760756
ALB,2004,2446.9094994779816
ALB,2005,2741.721365495784
ALB,2006,3057.7725703811257
ALB,2007,3743.0552989618714
ALB,2008,4498.5048676360075
ALB,2009,4213.650075746932
ALB,2010,4149.14469936847
ALB,2011,4465.709143288648
ALB,2012,4280.933163388727
ALB,2013,4542.929035567388
ALB,2014,4793.597511315253
ALB,2015,4199.539129253976
ALB,2016,4457.634122074947
ALB,2017,5006.360129519591
ALB,2018,5897.654525887742
ALB,2019,6069.439031310275
ALB,2020,6027.913507163485
ALB,2021,7242.455131466127
ALB,2022,7756.961887442532
ALB,2023,9730.869219068934
ALB,2024,11377.775743109876
AND,2000,21810.250380866553
AND,2001,23511.29695008812
AND,2002,26528.13006282361
AND,2003,34063.575598394025
AND,2004,39021.1107100919
AND,2005,40829.81163995376
AND,2006,43467.196306306774
AND,2007,48336.25483049259
AND,2008,49132.49258400572
AND,2009,43975.00008881326
AND,2010,42746.83039156702
AND,2011,46657.14953848111
AND,2012,41500.54999882881
AND,2013,42470.32303693656
AND,2014,44369.67129767766
AND,2015,38654.952879160024
AND,2016,40129.83858114741
AND,2017,40672.9717424447
AND,2018,42819.757745613286
AND,2019,41257.81645934496
AND,2020,37361.10700816147
AND,2021,42425.70664543573
AND,2022,42414.04798612277
AND,2023,46812.426101310244
AND,2024,49303.64916743357
ARB,2000,2664.1252012264904
ARB,2001,2536.6923260073704
ARB,2002,2483.111874850289
ARB,2003,2696.6721254774943
ARB,2004,3133.7018787397496
ARB,2005,3750.69825886818
ARB,2006,4355.057569337239
ARB,2007,4940.7022651171965
ARB,2008,6091.932064456727
ARB,2009,5134.450060551588
ARB,2010,5944.952172904322
ARB,2011,6915.827681236946
ARB,2012,7384.106828146128
ARB,2013,7376.028295754977
ARB,2014,7338.350927279145
ARB,2015,6290.5587950169065
ARB,2016,6042.196754396716
ARB,2017,6096.72395041636
ARB,2018,6699.180581754573
ARB,2019,6674.342244026206
ARB,2020,5739.412835805392
ARB,2021,6697.41498492196
ARB,2022,7950.355819756721
ARB,2023,7513.899078807488
ARB,2024,7583.811700781444
ARE,2000,29865.502347066005
ARE,2001,27745.17080876723
ARE,2002,27753.60895263462
ARE,2003,29659.542856781132
ARE,2004,33376.715229520916
ARE,2005,38719.31383076232
ARE,2006,44342.604832248195
ARE,2007,45854.73251581623
ARE,2008,50054.170068180334
ARE,2009,37803.06637387768
ARE,2010,44795.29493022682
ARE,2011,51921.904511613
ARE,2012,53141.61243400989
ARE,2013,53247.24094954414
ARE,2014,52725.235840793444
ARE,2015,44910.33499552302
ARE,2016,42721.09993831847
ARE,2017,43733.61922874352
ARE,2018,47135.35919439715
ARE,2019,45938.607358199384
ARE,2020,37991.74929716649
ARE,2021,44118.50471927712
ARE,2022,50759.75892311914
ARE,2023,49850.687217516395
ARE,2024,50273.506046983675
ARG,2000,7637.014892036284
ARG,2001,7141.475076628263
ARG,2002,2569.699635191236
ARG,2003,3320.477751339027
ARG,2004,4242.020990894215
ARG,2005,5067.653422932756
ARG,2006,5869.380289702044
ARG,2007,7185.251551470267
ARG,2008,8944.1102657357
ARG,2009,8150.235270282207
ARG,2010,10260.13131082542
ARG,2011,12704.283181968423
ARG,2012,12949.717486654019
ARG,2013,12963.67577332604
ARG,2014,12233.144411918582
ARG,2015,13679.626498095417
ARG,2016,12699.962313775635
ARG,2017,14532.500930851062
ARG,2018,11752.799892297908
ARG,2019,9955.974786804276
ARG,2020,8535.59938004389
ARG,2021,10738.017922338438
ARG,2022,13962.189408722319
ARG,2023,14261.84656679479
ARG,2024,13969.78366037374
ARM,2000,593.4505817422821
ARM,2001,659.5889885356293
ARM,2002,742.6511183198187
ARM,2003,882.0301676954736
ARM,2004,1130.0879144415808
ARM,2005,1557.4845890865474
ARM,2006,2041.6526706899692
ARM,2007,2962.7023459456896
ARM,2008,3777.6685931376724
ARM,2009,2820.592655334702
ARM,2010,3041.344507233394
ARM,2011,3349.5530977190615
ARM,2012,3511.563996874258
ARM,2013,3680.1669215888587
ARM,2014,3852.1180061038444
ARM,2015,3512.3935027670905
ARM,2016,3524.4247687470715
ARM,2017,3869.0537386775177
ARM,2018,4196.005623017693
ARM,2019,4597.228873995479
ARM,2020,4268.6809330458345
ARM,2021,4685.179971285085
ARM,2022,6571.974455450988
ARM,2023,8159.0872096799585
ARM,2024,8556.214069567193
ASM,2000,NA
ASM,2001,NA
ASM,2002,8972.69636535698
ASM,2003,9197.661968369872
ASM,2004,8958.428666971735
ASM,2005,8831.269759966088
ASM,2006,8745.166211374039
ASM,2007,9231.372409245629
ASM,2008,10030.808913090206
ASM,2009,12156.029390577727
ASM,2010,10375.172014195698
ASM,2011,10383.459331450951
ASM,2012,11745.489915395769
ASM,2013,11813.502203458875
ASM,2014,12026.33449294879
ASM,2015,12727.41026513862
ASM,2016,12843.334290362714
ASM,2017,11863.683945256465
ASM,2018,12552.054686886147
ASM,2019,12886.135951721802
ASM,2020,14489.258656377484
ASM,2021,15236.160487557136
ASM,2022,18017.458938397252
ASM,2023,NA
ASM,2024,NA
ATG,2000,12027.494976822187
ATG,2001,11539.182506330753
ATG,2002,11658.694991595603
ATG,2003,12173.231986030505
ATG,2004,13037.889577225696
ATG,2005,14368.570879605784
ATG,2006,16173.8136329968
ATG,2007,18204.51240430678
ATG,2008,18786.67431422159
ATG,2009,16472.247852856835
ATG,2010,15217.395079092219
ATG,2011,14911.72750844715
ATG,2012,15639.80781147868
ATG,2013,15051.511358742462
ATG,2014,15532.106206358443
ATG,2015,16077.634076940634
ATG,2016,16556.85518015876
ATG,2017,16965.728827381565
ATG,2018,18273.427068491186
ATG,2019,18896.372183224772
ATG,2020,15369.608225040141
ATG,2021,17348.600698718186
ATG,2022,20105.198908516442
ATG,2023,21494.547400072708
ATG,2024,23542.452694557796
AUS,2000,21908.996801978352
AUS,2001,19733.651010264537
AUS,2002,20335.096019102304
AUS,2003,23757.589847168372
AUS,2004,30886.05009494012
AUS,2005,34535.20727090995
AUS,2006,36658.82434761221
AUS,2007,41128.247661840236
AUS,2008,49811.206721898845
AUS,2009,42954.849488457294
AUS,2010,52313.893904121345
AUS,2011,62799.38950170316
AUS,2012,68301.44025125871
AUS,2013,68476.67884961178
AUS,2014,62817.20617517368
AUS,2015,56970.36130280944
AUS,2016,50084.44406063846
AUS,2017,54117.54771860902
AUS,2018,57410.173734600896
AUS,2019,55194.75850974282
AUS,2020,51983.4523666382
AUS,2021,60758.9044397144
AUS,2022,65169.519111865666
AUS,2023,65058.37731466737
AUS,2024,64603.985630846415
AUT,2000,24487.297468595614
AUT,2001,24430.495982840985
AUT,2002,26334.862215031993
AUT,2003,32110.115966142475
AUT,2004,36614.25065337066
AUT,2005,38157.37022862003
AUT,2006,40382.20782985749
AUT,2007,46622.96229136355
AUT,2008,51581.39823610713
AUT,2009,47857.44466352659
AUT,2010,46611.13934202319
AUT,2011,51116.89535220424
AUT,2012,48250.40591426372
AUT,2013,50305.35457749725
AUT,2014,51314.972261632225
AUT,2015,43915.22802085699
AUT,2016,45061.49939201917
AUT,2017,47163.7425775142
AUT,2018,51194.07498412994
AUT,2019,49885.99473552041
AUT,2020,48716.4098900349
AUT,2021,53648.643797621386
AUT,2022,52336.772522375766
AUT,2023,56579.50417546799
AUT,2024,58268.878765160116
AZE,2000,655.0972495799167
AZE,2001,703.6709985846863
AZE,2002,763.1088954634868
AZE,2003,883.6925807452558
AZE,2004,1045.0136328105998
AZE,2005,1578.3673303066716
AZE,2006,2472.957257322871
AZE,2007,3851.330151751412
AZE,2008,5574.468104325748
AZE,2009,4950.399490094231
AZE,2010,5843.5337683582
AZE,2011,7189.81869211976
AZE,2012,7495.865276580995
AZE,2013,7875.345366615495
AZE,2014,7890.840280620872
AZE,2015,5500.503646284862
AZE,2016,3880.685227683798
AZE,2017,4147.198142322201
AZE,2018,4739.794312340805
AZE,2019,4805.753717659173
AZE,2020,4229.910649045028
AZE,2021,5408.045351750229
AZE,2022,7770.594223350996
AZE,2023,7133.028380483284
AZE,2024,7283.849907617904
BDI,2000,134.53786175238898
BDI,2001,132.15955454193212
BDI,2002,120.95230857546832
BDI,2003,111.40668280439081
BDI,2004,125.19496518453332
BDI,2005,147.23461929422513
BDI,2006,161.89275564031908
BDI,2007,166.16274490675522
BDI,2008,189.50207457076775
BDI,2009,198.43152404822504
BDI,2010,216.72770530197636
BDI,2011,230.0697613811321
BDI,2012,231.09878781150672
BDI,2013,234.8447701508713
BDI,2014,250.54449215518548
BDI,2015,254.40258522678766
BDI,2016,232.9378121001527
BDI,2017,246.06072571418372
BDI,2018,245.66167833200922
BDI,2019,234.31061590724977
BDI,2020,255.8324539388995
BDI,2021,264.98037926965486
BDI,2022,302.99250526355235
BDI,2023,250.62725309725457
BDI,2024,219.42483088269827
BEL,2000,23098.88650774014
BEL,2001,23015.071263246195
BEL,2002,25006.191397109003
BEL,2003,30655.209267902366
BEL,2004,35429.40779333441
BEL,2005,36809.70134036188
BEL,2006,38705.10679591471
BEL,2007,44319.16544881302
BEL,2008,48303.397956285975
BEL,2009,44923.34001350815
BEL,2010,44197.39367116197
BEL,2011,47760.8298776546
BEL,2012,44874.17091821225
BEL,2013,46964.59467770559
BEL,2014,47995.778696133944
BEL,2015,40893.804537772005
BEL,2016,41854.5498296444
BEL,2017,44035.3239358548
BEL,2018,47487.21003925607
BEL,2019,46716.622746796435
BEL,2020,45906.287580524586
BEL,2021,51658.23829495799
BEL,2022,50605.74966770862
BEL,2023,55291.47545413294
BEL,2024,56614.56794990358
BEN,2000,487.4241413842425
BEN,2001,492.401499509072
BEN,2002,546.4638296581587
BEN,2003,676.0028780842815
BEN,2004,758.6958037863709
BEN,2005,779.4377777532677
BEN,2006,809.1470725062209
BEN,2007,912.3382471883423
BEN,2008,1060.6025450209872
BEN,2009,1024.1027785811184
BEN,2010,973.2442549315264
BEN,2011,1059.413588525885
BEN,2012,1071.5258366282956
BEN,2013,1168.926992792259
BEN,2014,1204.39918670094
BEN,2015,1002.4188687961384
BEN,2016,1010.533896199298
BEN,2017,1054.9740806681434
BEN,2018,1151.7409703472013
BEN,2019,1130.8213533979497
BEN,2020,1200.1942655778935
BEN,2021,1318.6515807519838
BEN,2022,1266.4271103190442
BEN,2023,1394.1778472183137
BEN,2024,1485.380188851343
BFA,2000,248.90852692175216
BFA,2001,259.48522338043597
BFA,2002,285.65408763753277
BFA,2003,362.3738999969534
BFA,2004,403.8128374346103
BFA,2005,441.16414801601206
BFA,2006,455.5136556200242
BFA,2007,514.6844511772381
BFA,2008,619.4375332562643
BFA,2009,601.5695206718585
BFA,2010,624.9572522247657
BFA,2011,725.0247677254749
BFA,2012,731.470138867833
BFA,2013,759.7620651684981
BFA,2014,764.8616751062254
BFA,2015,630.124750752312
BFA,2016,663.7423648428855
BFA,2017,709.0915358946953
BFA,2018,777.465618514048
BFA,2019,764.8530777749462
BFA,2020,825.2370387824751
BFA,2021,895.5352884429909
BFA,2022,827.3308434866611
BFA,2023,873.4825896510025
BFA,2024,981.9926497690815
BGD,2000,396.6707302497512
BGD,2001,394.65641001891026
BGD,2002,393.88642232762766
BGD,2003,426.7488075436204
BGD,2004,455.6140169097983
BGD,2005,480.08585075451964
BGD,2006,490.3880265332894
BGD,2007,537.9554927929107
BGD,2008,613.0620410412401
BGD,2009,679.2114774280559
BGD,2010,757.3852803615082
BGD,2011,837.3369446956473
BGD,2012,859.6805363754974
BGD,2013,958.2629897982829
BGD,2014,1094.461997028377
BGD,2015,1224.3864766816523
BGD,2016,1649.2838085860055
BGD,2017,1811.0822166864587
BGD,2018,1965.2437273146677
BGD,2019,2129.7989695460574
BGD,2020,2248.850788282327
BGD,2021,2482.849178433572
BGD,2022,2716.4859278043114
BGD,2023,2551.017738273069
BGD,2024,2593.4161168077444
BGR,2000,1621.2621073899165
BGR,2001,1770.9070491869052
BGR,2002,2092.9828862555814
BGR,2003,2719.4943685928665
BGR,2004,3389.6874336027363
BGR,2005,3899.8259633287844
BGR,2006,4523.146557880496
BGR,2007,5888.570814039323
BGR,2008,7271.3033885802515
BGR,2009,6988.273162964647
BGR,2010,6853.948055111706
BGR,2011,7849.580613028177
BGR,2012,7431.957895088705
BGR,2013,7795.9809210892845
BGR,2014,8069.600056676842
BGR,2015,7268.654454738727
BGR,2016,7822.499232929683
BGR,2017,8696.689304279236
BGR,2018,9849.383972251744
BGR,2019,10353.72045841272
BGR,2020,10760.211975413009
BGR,2021,12966.145754339632
BGR,2022,13999.194953095564
BGR,2023,15853.208636704016
BGR,2024,17596.017366352113
BHR,2000,14214.48368393432
BHR,2001,13573.233988759745
BHR,2002,13501.47088014247
BHR,2003,14486.026902982188
BHR,2004,15963.949317161685
BHR,2005,17966.165783762463
BHR,2006,19267.28261507196
BHR,2007,20908.404254807345
BHR,2008,23299.499278039202
BHR,2009,19465.31407450379
BHR,2010,21819.329109809907
BHR,2011,25032.786774333345
BHR,2012,26438.67332304283
BHR,2013,26989.760114846904
BHR,2014,26451.796564745277
BHR,2015,23734.05511430191
BHR,2016,23800.001440631015
BHR,2017,24784.76935146067
BHR,2018,26324.40665495586
BHR,2019,27259.743859932696
BHR,2020,24342.844455471797
BHR,2021,27147.80838822855
BHR,2022,30470.52192760228
BHR,2023,29290.12842150983
BHR,2024,29653.568273153414
BHS,2000,24940.077508607777
BHS,2001,25371.92376676143
BHS,2002,26781.619593865158
BHS,2003,26429.124778766334
BHS,2004,26650.293423430317
BHS,2005,28602.418186999483
BHS,2006,29184.786508790814
BHS,2007,30051.84895877555
BHS,2008,29392.382441639675
BHS,2009,27512.913095008407
BHS,2010,27473.100430501963
BHS,2011,27090.83768013795
BHS,2012,28552.024268315094
BHS,2013,27642.74197591786
BHS,2014,29137.217563262166
BHS,2015,30719.405417468977
BHS,2016,30616.53631572844
BHS,2017,31875.488174961905
BHS,2018,32642.335320345184
BHS,2019,33640.336986127826
BHS,2020,26178.75376077077
BHS,2021,30367.860575770803
BHS,2022,34957.16132797368
BHS,2023,38231.77448427799
BHS,2024,39455.44665485455
BIH,2000,1338.4805963626086
BIH,2001,1387.8936294212144
BIH,2002,1606.5467454132017
BIH,2003,2033.947009358639
BIH,2004,2452.686091738601
BIH,2005,2739.610768660567
BIH,2006,3166.128653448332
BIH,2007,3931.489487375052
BIH,2008,4841.693119346486
BIH,2009,4539.918637749675
BIH,2010,4506.478285483886
BIH,2011,4982.693757682627
BIH,2012,4693.788991153808
BIH,2013,5034.566348170675
BIH,2014,5206.065734751322
BIH,2015,4662.258692194478
BIH,2016,4928.566590311397
BIH,2017,5345.019787664728
BIH,2018,6047.847072073918
BIH,2019,6122.375413523533
BIH,2020,6130.311879682659
BIH,2021,7295.34378682258
BIH,2022,7655.5942102438285
BIH,2023,8663.023264586292
BIH,2024,9358.78768951134
BLR,2000,1276.288034099996
BLR,2001,1244.373185234307
BLR,2002,1479.3806633717477
BLR,2003,1819.5265311469911
BLR,2004,2378.337004701288
BLR,2005,3126.0717666524847
BLR,2006,3848.2235030016295
BLR,2007,4735.481075560663
BLR,2008,6376.175691620632
BLR,2009,5352.488091906969
BLR,2010,6034.67885177216
BLR,2011,6527.659342878603
BLR,2012,6953.215916831005
BLR,2013,7998.0802045456
BLR,2014,8341.318092948832
BLR,2015,5967.0559505877745
BLR,2016,5039.775609494454
BLR,2017,5785.544919351936
BLR,2018,6360.037502312003
BLR,2019,6837.773396456351
BLR,2020,6542.855799767677
BLR,2021,7489.718947138883
BLR,2022,7994.648060748886
BLR,2023,7896.753882955836
BLR,2024,8317.6339991379209
BLZ,2000,4726.506754596157
BLZ,2001,4718.777151047391
BLZ,2002,4858.860625993618
BLZ,2003,4959.740124346046
BLZ,2004,5153.713082653632
BLZ,2005,5270.4147913531215
BLZ,2006,5524.7816783498565
BLZ,2007,5762.210233029382
BLZ,2008,5711.8145885970935
BLZ,2009,5399.671000019193
BLZ,2010,5461.4073599900075
BLZ,2011,5596.052221522894
BLZ,2012,5732.665199423469
BLZ,2013,5957.349536190055
BLZ,2014,6128.12053089077
BLZ,2015,6154.622642303688
BLZ,2016,6140.867139194692
BLZ,2017,6071.854518464531
BLZ,2018,6011.990368885873
BLZ,2019,6171.614497614228
BLZ,2020,5238.540781756958
BLZ,2021,6142.9893055703105
BLZ,2022,7068.217280431452
BLZ,2023,7424.758213210218
BLZ,2024,7681.244005831128
BMU,2000,56542.9569455727
BMU,2001,59490.24520342024
BMU,2002,63358.5658652763
BMU,2003,67106.80280832238
BMU,2004,71692.15890016785
BMU,2005,77628.10352250801
BMU,2006,97781.45589967215
BMU,2007,107395.65148389144
BMU,2008,110268.56240126383
BMU,2009,104711.71242035711
BMU,2010,104111.82424480189
BMU,2011,99049.0169927667
BMU,2012,100213.49338528737
BMU,2013,101704.40746217007
BMU,2014,100961.57660281131
BMU,2015,104855.36682213539
BMU,2016,108747.35614430488
BMU,2017,112339.42558746737
BMU,2018,113204.82210837994
BMU,2019,115798.04077557832
BMU,2020,106976.5462396322
BMU,2021,112765.08167306027
BMU,2022,121613.9399836291
BMU,2023,132604.43908621595
BMU,2024,142855.37471378178
BOL,2000,975.7770603587506
BOL,2001,930.1682272143125
BOL,2002,888.2213289743515
BOL,2003,893.0137602111491
BOL,2004,953.1918932462771
BOL,2005,1020.1232620073686
BOL,2006,1202.7115044632694
BOL,2007,1354.5490594992878
BOL,2008,1692.6724845587646
BOL,2009,1731.181721122093
BOL,2010,1929.783730771584
BOL,2011,2315.5212193060715
BOL,2012,2575.598570980836
BOL,2013,2870.0237700075613
BOL,2014,3041.435031624083
BOL,2015,2996.0128981134417
BOL,2016,3035.8734773213155
BOL,2017,4048.4011973983856
BOL,2018,4206.855293666104
BOL,2019,4203.15492855788
BOL,2020,3580.9676177830274
BOL,2021,4010.7605368620434
BOL,2022,4219.461137424454
BOL,2023,4274.70820547613
BOL,2024,4421.166098899988
BRA,2000,3766.5478633983453
BRA,2001,3176.2897505252413
BRA,2002,2855.9401713704933
BRA,2003,3090.606890783902
BRA,2004,3663.8226249781133
BRA,2005,4827.781658902905
BRA,2006,5934.1456185745365
BRA,2007,7409.6900382286085
BRA,2008,8908.333384679483
BRA,2009,8678.658473065296
BRA,2010,11403.284003869394
BRA,2011,13396.626315804127
BRA,2012,12521.723845443394
BRA,2013,12458.890339662463
BRA,2014,12274.994163021336
BRA,2015,8936.195588944402
BRA,2016,8836.285460256942
BRA,2017,10080.507872282147
BRA,2018,9300.660729040037
BRA,2019,9029.83304401079
BRA,2020,7074.194074957075
BRA,2021,7972.536960806947
BRA,2022,9281.332821368642
BRA,2023,10377.58977191948
BRA,2024,10310.548877816553
BRB,2000,11674.673647176442
BRB,2001,11639.516052205392
BRB,2002,11760.452473613277
BRB,2003,12075.958702064896
BRB,2004,12886.366527246744
BRB,2005,14214.420221357172
BRB,2006,15619.600595551145
BRB,2007,17235.439643478516
BRB,2008,17565.692997059192
BRB,2009,16294.909949183395
BRB,2010,20610.51507213626
BRB,2011,20508.149881038174
BRB,2012,20804.11500046942
BRB,2013,20410.206543856806
BRB,2014,20192.70840817969
BRB,2015,20424.208753001898
BRB,2016,20295.56720720463
BRB,2017,20284.57620524608
BRB,2018,21381.242630320863
BRB,2019,21912.15012428567
BRB,2020,19194.491973673936
BRB,2021,21079.614527179096
BRB,2022,24387.038729376094
BRB,2023,25583.878782726963
BRB,2024,26544.870728262063
BRN,2000,20130.257234662356
BRN,2001,18287.827228191374
BRN,2002,18621.292257752495
BRN,2003,20677.90011431882
BRN,2004,24423.094699554782
BRN,2005,29386.27038228621
BRN,2006,34674.79952364521
BRN,2007,36217.329070601496
BRN,2008,42156.568583867185
BRN,2009,30946.467377382753
BRN,2010,34937.55553571547
BRN,2011,46382.827425534895
BRN,2012,46968.59711649224
BRN,2013,44003.064427346115
BRN,2014,41026.508424795655
BRN,2015,30625.128774465637
BRN,2016,26663.29729506015
BRN,2017,28024.382458025215
BRN,2018,30988.119026722685
BRN,2019,30426.573065652785
BRN,2020,26834.359223394298
BRN,2021,31006.963628978527
BRN,2022,36632.92809521554
BRN,2023,32890.54918120193
BRN,2024,33153.47389135133
BTN,2000,771.9249114106186
BTN,2001,812.2382107720562
BTN,2002,895.7994899309724
BTN,2003,1022.3824031101774
BTN,2004,1130.3593460679604
BTN,2005,1299.9493857835896
BTN,2006,1405.6071618158026
BTN,2007,1850.4157043339765
BTN,2008,1919.5977489639495
BTN,2009,1918.3959921109315
BTN,2010,2435.579805667197
BTN,2011,2787.979676085619
BTN,2012,2751.2128864293954
BTN,2013,2679.9521720153784
BTN,2014,2849.4999864730285
BTN,2015,2954.0408191109696
BTN,2016,3152.309051067865
BTN,2017,3435.2880473566224
BTN,2018,3400.204172453423
BTN,2019,3576.8798710050314
BTN,2020,3191.6690699933065
BTN,2021,3570.612579808724
BTN,2022,3711.327679815909
BTN,2023,3831.325354946087
BTN,2024,NA
BWA,2000,3450.811806229918
BWA,2001,3206.0712368985282
BWA,2002,3117.250871830112
BWA,2003,4230.123269099257
BWA,2004,4956.692877352137
BWA,2005,5391.070766196335
BWA,2006,5291.583791448487
BWA,2007,5529.125746325323
BWA,2008,5503.073953143129
BWA,2009,5082.933883324043
BWA,2010,6215.732160779186
BWA,2011,7287.382953349189
BWA,2012,6595.538450154237
BWA,2013,6666.912195834866
BWA,2014,7122.364234215034
BWA,2015,6141.203947266163
BWA,2016,6749.05994339013
BWA,2017,7104.964010880272
BWA,2018,7407.95940141786
BWA,2019,7172.089564800282
BWA,2020,6323.2974967658965
BWA,2021,7807.887945704713
BWA,2022,8328.7090572666
BWA,2023,7826.353764832983
BWA,2024,7695.75319445165
CAF,2000,239.1541337260706
CAF,2001,237.9517025447346
CAF,2002,248.63929097840338
CAF,2003,278.403992150941
CAF,2004,303.461321152782
CAF,2005,311.95002313868673
CAF,2006,333.94251990303104
CAF,2007,380.8870488394754
CAF,2008,437.24827472489
CAF,2009,456.47167389840394
CAF,2010,476.8737869507277
CAF,2011,534.0572814716355
CAF,2012,544.3958491427853
CAF,2013,364.36696260838005
CAF,2014,409.8504859646996
CAF,2015,366.3228539381206
CAF,2016,387.17620344431776
CAF,2017,432.3240256842626
CAF,2018,455.24396285953395
CAF,2019,449.2284676024388
CAF,2020,462.87907129401145
CAF,2021,492.26314283050743
CAF,2022,467.35982502623835
CAF,2023,495.9788972887206
CAF,2024,516.1609999960363
CAN,2000,24271.002056382138
CAN,2001,23822.09621093203
CAN,2002,24256.019233718485
CAN,2003,28301.864593742786
CAN,2004,32145.541262021703
CAN,2005,36383.66000680948
CAN,2006,40504.03709778064
CAN,2007,44660.08388922812
CAN,2008,46710.25268644837
CAN,2009,40874.883193290254
CAN,2010,47560.66660094058
CAN,2011,52223.85883985308
CAN,2012,52670.34473354148
CAN,2013,52638.11872352365
CAN,2014,50960.843117466145
CAN,2015,43594.194104539434
CAN,2016,42314.06158172182
CAN,2017,45129.62811662297
CAN,2018,46539.17615704053
CAN,2019,46352.869344521125
CAN,2020,43537.839298903986
CAN,2021,52886.66163727032
CAN,2022,56256.80072640145
CAN,2023,54220.328503987526
CAN,2024,54340.34772247326
CEB,2000,3959.6249489664524
CEB,2001,4360.962635220902
CEB,2002,4941.342514076482
CEB,2003,5948.849610485368
CEB,2004,7180.270370296584
CEB,2005,8352.507132082988
CEB,2006,9466.685261621968
CEB,2007,11997.274382835858
CEB,2008,14573.689270779152
CEB,2009,12302.039157410381
CEB,2010,12635.75412098686
CEB,2011,13997.300077148786
CEB,2012,13104.066588243006
CEB,2013,13712.674403081133
CEB,2014,14208.409078657452
CEB,2015,12596.886254746794
CEB,2016,12874.69995616595
CEB,2017,14339.82430593893
CEB,2018,16227.24847194895
CEB,2019,16534.92648704071
CEB,2020,16581.352611502767
CEB,2021,19223.927403065118
CEB,2022,19530.155323217215
CEB,2023,22690.373617421643
CEB,2024,24604.806859560387
CHE,2000,38865.02193968802
CHE,2001,39638.79110618639
CHE,2002,42458.73846791871
CHE,2003,49335.7456291067
CHE,2004,54659.45714882332
CHE,2005,56242.89336456386
CHE,2006,59011.03245920162
CHE,2007,64989.15532560305
CHE,2008,74175.19278985547
CHE,2009,71568.31238856722
CHE,2010,76531.37294076907
CHE,2011,90476.7589651577
CHE,2012,85836.2076767359
CHE,2013,87304.33058135571
CHE,2014,88724.99094026383
CHE,2015,83806.44760038373
CHE,2016,82153.07454478886
CHE,2017,82254.37692697672
CHE,2018,85217.36915122741
CHE,2019,84121.93103044144
CHE,2020,85897.7843338323
CHE,2021,93664.77366961108
CHE,2022,94394.51068035245
CHE,2023,100623.54962729648
CHE,2024,103998.18668560409
CHI,2000,43479.19407676891
CHI,2001,41873.74061461271
CHI,2002,44459.73181889767
CHI,2003,48570.77966321663
CHI,2004,56259.53442263336
CHI,2005,57647.11889080056
CHI,2006,62745.10065935568
CHI,2007,74139.97799443004
CHI,2008,NA
CHI,2009,57778.54070630521
CHI,2010,56123.459796345145
CHI,2011,60415.26320756576
CHI,2012,58809.569894541266
CHI,2013,59308.466658867386
CHI,2014,64697.54850243251
CHI,2015,61847.82122388566
CHI,2016,55947.579811974014
CHI,2017,55806.35542574283
CHI,2018,60784.812539716164
CHI,2019,60564.62939936814
CHI,2020,56785.940200503916
CHI,2021,66915.39639257225
CHI,2022,67627.1417347907
CHI,2023,74585.52240962943
CHI,2024,NA
CHL,2000,5052.992457663253
CHL,2001,4563.595298668896
CHL,2002,4430.847411579841
CHL,2003,4773.401775207537
CHL,2004,6120.59152055344
CHL,2005,7480.3233099863555
CHL,2006,9318.656552961205
CHL,2007,10346.413818453251
CHL,2008,10683.218877251113
CHL,2009,10098.801716728622
CHL,2010,12632.870472419238
CHL,2011,14487.392783203195
CHL,2012,15241.906998111876
CHL,2013,15683.548636915513
CHL,2014,14529.676720633584
CHL,2015,13433.920298703233
CHL,2016,13649.85204528032
CHL,2017,14879.90862271865
CHL,2018,15659.480867562766
CHL,2019,14495.716721686993
CHL,2020,13114.815470545014
CHL,2021,16206.832549342107
CHL,2022,15405.616577407298
CHL,2023,17067.036479915365
CHL,2024,16709.889397230672
CHN,2000,969.1995136962867
CHN,2001,1065.4059757451932
CHN,2002,1163.5595767342556
CHN,2003,1306.9724540855702
CHN,2004,1530.927262157233
CHN,2005,1777.644968284641
CHN,2006,2129.256969996132
CHN,2007,2734.727098776927
CHN,2008,3523.44302065213
CHN,2009,3898.2445915881062
CHN,2010,4629.245517100773
CHN,2011,5703.760279733456
CHN,2012,6405.057424134903
CHN,2013,7147.035186223441
CHN,2014,7781.065974849738
CHN,2015,8175.332850773929
CHN,2016,8254.868593203568
CHN,2017,8979.676527098563
CHN,2018,10085.663814881918
CHN,2019,10342.90095243346
CHN,2020,10627.463798961868
CHN,2021,12887.435724294062
CHN,2022,12970.605641432652
CHN,2023,12951.178239704273
CHN,2024,13303.148154386816
CIV,2000,936.6365413487983
CIV,2001,924.7272949620664
CIV,2002,967.8158644159911
CIV,2003,1111.1713508788687
CIV,2004,1199.8252452854629
CIV,2005,1197.746169794149
CIV,2006,1230.4305683858356
CIV,2007,1367.5381772232606
CIV,2008,1583.9706670137175
CIV,2009,1540.45393569596
CIV,2010,1553.5488704814325
CIV,2011,1596.6282656599792
CIV,2012,1546.9460184731029
CIV,2013,1786.1586203132365
CIV,2014,1991.3653942340416
CIV,2015,1814.7185508801674
CIV,2016,1862.5959708128676
CIV,2017,1964.299303383425
CIV,2018,2130.8661938114374
CIV,2019,2141.7683617011467
CIV,2020,2179.7293483293465
CIV,2021,2455.9812764114818
CIV,2022,2333.3712830125887
CIV,2023,2591.965904811898
CIV,2024,2727.8935220697044
CMR,2000,708.5657316259653
CMR,2001,715.4702964705854
CMR,2002,789.6238110725543
CMR,2003,988.2412767918462
CMR,2004,1133.3932674967289
CMR,2005,1142.6246625210579
CMR,2006,1191.4545899096834
CMR,2007,1325.672482159333
CMR,2008,1492.142698014529
CMR,2009,1461.3899923233657
CMR,2010,1398.5870202504714
CMR,2011,1513.9605699487818
CMR,2012,1449.0987436227924
CMR,2013,1575.9288211889684
CMR,2014,1649.443390594896
CMR,2015,1415.0000971056854
CMR,2016,1441.7201725688024
CMR,2017,1496.089517712422
CMR,2018,1610.6964159101708
CMR,2019,1555.2266047647743
CMR,2020,1555.6037066074864
CMR,2021,1672.3265734087217
CMR,2022,1604.8772695489472
CMR,2023,1720.4751015450624
CMR,2024,1830.0083368472697
COD,2000,377.9254214813948
COD,2001,142.67814260441207
COD,2002,162.38052907429022
COD,2003,161.4915535243958
COD,2004,180.66476496363273
COD,2005,214.5397404735186
COD,2006,255.44522956875124
COD,2007,294.1016151244193
COD,2008,352.9003633719953
COD,2009,280.1789910357925
COD,2010,352.4003987546921
COD,2011,372.5142738757892
COD,2012,409.93142478378354
COD,2013,460.37033493010705
COD,2014,489.17595209731945
COD,2015,495.8266330148833
COD,2016,459.76503659038764
COD,2017,431.05255912878806
COD,2018,518.1696268753709
COD,2019,504.00419142285995
COD,2020,486.4255726822558
COD,2021,595.743074403567
COD,2022,687.7385875546851
COD,2023,660.2120523899703
COD,2024,649.3833385567245
COG,2000,1024.3015910918073
COG,2001,854.5983144080948
COG,2002,905.5381355447045
COG,2003,1016.8236341214334
COG,2004,1306.1013632459944
COG,2005,1799.0515836615414
COG,2006,2103.5821381210976
COG,2007,2206.4710186341385
COG,2008,2832.0917777764325
COG,2009,2271.1521917596647
COG,2010,2946.557980677078
COG,2011,3396.16505817952
COG,2012,3732.327373203891
COG,2013,3697.417058842495
COG,2014,3601.236580871796
COG,2015,2439.351894036956
COG,2016,2093.107285588428
COG,2017,2211.633098747971
COG,2018,2694.4341319142677
COG,2019,2488.424667249158
COG,2020,1993.5866719310018
COG,2021,2516.1625514543157
COG,2022,2620.8380426740187
COG,2023,2477.978455448662
COG,2024,2482.248994845599
COL,2000,2555.0075103996796
COL,2001,2472.9908403583336
COL,2002,2428.9296977158447
COL,2003,2311.9421876029073
COL,2004,2818.5719541304416
COL,2005,3456.066108745124
COL,2006,3789.8536121702714
COL,2007,4769.926147194003
COL,2008,5541.836296658978
COL,2009,5250.972924335177
COL,2010,6398.295844710204
COL,2011,7400.994069566899
COL,2012,8108.598382442293
COL,2013,8279.102556429807
COL,2014,8187.208248900844
COL,2015,6248.514905345122
COL,2016,5959.842503675744
COL,2017,6479.532312924286
COL,2018,6816.968183095439
COL,2019,6472.545449247049
COL,2020,5339.687113579434
COL,2021,6222.621643976142
COL,2022,6680.445068544809
COL,2023,7000.836605010462
COL,2024,7919.2088682534495
COM,2000,633.3090327762441
COM,2001,681.1638576199628
COM,2002,764.6134983254302
COM,2003,959.6910493548119
COM,2004,1072.2840902962093
COM,2005,1105.7879686678848
COM,2006,1138.4790840434505
COM,2007,1289.7363105636107
COM,2008,1455.0276859558574
COM,2009,1410.3051695947322
COM,2010,1386.574242845299
COM,2011,1531.4378937295123
COM,2012,1490.315113512812
COM,2013,1603.3279710730321
COM,2014,1615.7172366201219
COM,2015,1329.3704823598596
COM,2016,1365.4840344449694
COM,2017,1423.9248027796975
COM,2018,1527.4052712528483
COM,2019,1510.2321815159219
COM,2020,1519.3466555620607
COM,2021,1554.9728919015288
COM,2022,1465.479642861996
COM,2023,1560.2737847685466
COM,2024,1662.7566331250366
CPV,2000,1189.5147934589058
CPV,2001,1223.3305533157543
CPV,2002,1328.5787427066587
CPV,2003,1717.9756536965494
CPV,2004,1929.4908146878122
CPV,2005,2004.1468041756325
CPV,2006,2256.9966619107527
CPV,2007,3324.5767521249763
CPV,2008,3908.648858225763
CPV,2009,3659.720463616276
CPV,2010,3579.46006137809
CPV,2011,4002.0138688878533
CPV,2012,3736.8151701108713
CPV,2013,3960.975967913446
CPV,2014,3985.607065481337
CPV,2015,3415.0626673093116
CPV,2016,3608.9660523490647
CPV,2017,3893.095713825062
CPV,2018,4294.965100357294
CPV,2019,4380.781173311284
CPV,2020,3539.226612482986
CPV,2021,3971.4440920342254
CPV,2022,4323.313620327087
CPV,2023,4794.901219172586
CPV,2024,5192.481573258781
CRI,2000,3812.7538828492393
CRI,2001,3985.129845062071
CRI,2002,4067.718514290924
CRI,2003,4173.148564155143
CRI,2004,4431.011720784304
CRI,2005,4703.007217847779
CRI,2006,5256.596408591589
CRI,2007,6137.711999255424
CRI,2008,6937.242615960555
CRI,2009,6832.69829924138
CRI,2010,8265.788202755815
CRI,2011,9276.391075113472
CRI,2012,10126.999102417712
CRI,2013,10803.240196217295
CRI,2014,10911.497878334028
CRI,2015,11714.710598073205
CRI,2016,12091.030160615413
CRI,2017,12317.090277130377
CRI,2018,12590.24937816141
CRI,2019,12884.685995198872
CRI,2020,12394.049396949189
CRI,2021,12838.11853589308
CRI,2022,13625.900849132848
CRI,2023,16942.026811937547
CRI,2024,18587.15322034816
CSS,2000,6477.264821233952
CSS,2001,6647.625478490716
CSS,2002,6903.074185761982
CSS,2003,7551.08983381761
CSS,2004,8233.610825438749
CSS,2005,9439.337206449856
CSS,2006,10883.047552074237
CSS,2007,12134.906697874114
CSS,2008,13890.130309420845
CSS,2009,11554.058919475832
CSS,2010,12711.087492862964
CSS,2011,13526.946756199952
CSS,2012,14290.63493201025
CSS,2013,14577.168927244596
CSS,2014,14947.942696311587
CSS,2015,14497.539323601686
CSS,2016,13376.805775901223
CSS,2017,13671.137763413171
CSS,2018,13896.74090409629
CSS,2019,13995.85483640742
CSS,2020,11957.22322253705
CSS,2021,13995.269492172782
CSS,2022,17456.308484567646
CSS,2023,17596.540424961247
CSS,2024,19903.811231190768
CUB,2000,2751.381771481403
CUB,2001,2842.9670431039403
CUB,2002,3005.2110424786833
CUB,2003,3202.781098656367
CUB,2004,3399.219628934021
CUB,2005,3786.3379922529116
CUB,2006,4329.982659643831
CUB,2007,4807.438889606839
CUB,2008,4986.12436479175
CUB,2009,5089.235197571668
CUB,2010,5272.2675582483525
CUB,2011,6104.461052361658
CUB,2012,6470.83673392653
CUB,2013,6828.364282453959
CUB,2014,7146.704590513279
CUB,2015,7727.919972079983
CUB,2016,8110.558742836164
CUB,2017,8610.608296054288
CUB,2018,8911.462059987256
CUB,2019,9232.261159351829
CUB,2020,9605.27914559614
CUB,2021,NA
CUB,2022,NA
CUB,2023,NA
CUB,2024,NA
CUW,2000,15841.261235994916
CUW,2001,16609.84545364854
CUW,2002,16723.692525346774
CUW,2003,16695.735113775718
CUW,2004,16671.340339165494
CUW,2005,17032.33566207436
CUW,2006,17400.163778018647
CUW,2007,18005.716585077247
CUW,2008,19423.335243017525
CUW,2009,19540.24765793481
CUW,2010,19847.23101279792
CUW,2011,19426.326400220172
CUW,2012,19809.822317048216
CUW,2013,19721.29218295503
CUW,2014,19623.030071366404
CUW,2015,19361.812963022618
CUW,2016,18944.09627728747
CUW,2017,18938.244096518698
CUW,2018,19119.124488702942
CUW,2019,19220.686579307476
CUW,2020,16299.813434990157
CUW,2021,17795.582661618202
CUW,2022,20057.140474717537
CUW,2023,21217.81103217848
CUW,2024,22832.895395866653
CYM,2000,NA
CYM,2001,NA
CYM,2002,NA
CYM,2003,NA
CYM,2004,NA
CYM,2005,NA
CYM,2006,87085.09458661405
CYM,2007,89888.26112648527
CYM,2008,89655.11855745212
CYM,2009,81373.5721242232
CYM,2010,76837.671006444245
CYM,2011,75280.96176999864
CYM,2012,75101.59068832321
CYM,2013,75113.73422828132
CYM,2014,75845.30555725773
CYM,2015,76379.20987779871
CYM,2016,77802.25356580228
CYM,2017,80053.94426570315
CYM,2018,83865.55403933558
CYM,2019,88254.29024868665
CYM,2020,82338.79774390228
CYM,2021,86449.67490373024
CYM,2022,93030.70514478032
CYM,2023,99143.5180243123
CYM,2024,NA
CYP,2000,14388.3525390625
CYP,2001,14821.44921875
CYP,2002,16093.2158203125
CYP,2003,20252.24609375
CYP,2004,23792.619140625
CYP,2005,24959.26171875
CYP,2006,26729.28125
CYP,2007,31244.87890625
CYP,2008,35397.296875
CYP,2009,32236.44921875
CYP,2010,31105.02734375
CYP,2011,32485.798828125
CYP,2012,28991.935546875
CYP,2013,27764.73046875
CYP,2014,26993.103515625
CYP,2015,23088.44140625
CYP,2016,24280.056640625
CYP,2017,26247.44921875
CYP,2018,29120.375
CYP,2019,29227.173828125
CYP,2020,28130.341796875
CYP,2021,32937.83984375
CYP,2022,33231.04296875
CYP,2023,36623.69140625
CYP,2024,38674.29296875
CZE,2000,6062.9215284279335
CZE,2001,6669.0749484749695
CZE,2002,8101.260185881106
CZE,2003,9852.456779458013
CZE,2004,11782.554667611654
CZE,2005,13442.49162843091
CZE,2006,15259.078816200417
CZE,2007,18452.65328121963
CZE,2008,22774.704507620514
CZE,2009,19817.42158365543
CZE,2010,20160.435507705894
CZE,2011,22049.108078868234
CZE,2012,20014.035401516467
CZE,2013,20260.49549993748
CZE,2014,20038.41631802569
CZE,2015,17931.59876707676
CZE,2016,18753.96867180957
CZE,2017,20913.197632212043
CZE,2018,23705.932981129885
CZE,2019,24062.719001334306
CZE,2020,23472.891545441667
CZE,2021,27696.461952754424
CZE,2022,28282.22367158567
CZE,2023,31761.594410249065
CZE,2024,31823.307829056383
DEU,2000,23925.855990199114
DEU,2001,23878.364147165095
DEU,2002,25486.59420087475
DEU,2003,30711.102251133085
DEU,2004,34566.73591437353
DEU,2005,35084.43635462689
DEU,2006,36980.33499489538
DEU,2007,42350.92172114887
DEU,2008,46379.164795347875
DEU,2009,42471.88686252258
DEU,2010,42396.96659762935
DEU,2011,47630.976188357236
DEU,2012,44718.01592140687
DEU,2013,47206.83535142419
DEU,2014,48959.59912031329
DEU,2015,41929.75491107217
DEU,2016,42948.938193269365
DEU,2017,45553.93414953386
DEU,2018,48916.16866121543
DEU,2019,47656.199739747026
DEU,2020,47394.87345044692
DEU,2021,52349.24599944222
DEU,2022,50506.51796385433
DEU,2023,54776.76682354909
DEU,2024,56103.73231825545
DJI,2000,737.6121836440517
DJI,2001,742.1337911070628
DJI,2002,743.0132704203476
DJI,2003,764.634465224597
DJI,2004,806.2616529449637
DJI,2005,844.4483573908004
DJI,2006,898.4646281367736
DJI,2007,969.5732201919021
DJI,2008,1119.152333469688
DJI,2009,1150.937585748896
DJI,2010,1213.2335255342946
DJI,2011,1306.3455284497675
DJI,2012,1400.193578589536
DJI,2013,2075.944984247476
DJI,2014,2214.620841424321
DJI,2015,2376.1255471987265
DJI,2016,2510.430007624096
DJI,2017,2618.95521147369
DJI,2018,2718.0833879920333
DJI,2019,2837.169023409324
DJI,2020,2844.888106478533
DJI,2021,3025.9112641354923
DJI,2022,3133.2577977246297
DJI,2023,3381.297797107218
DJI,2024,3552.723350792218
DMA,2000,4867.398963237587
DMA,2001,5527.515273004963
DMA,2002,5488.027849693565
DMA,2003,5447.440114962842
DMA,2004,5778.833065465062
DMA,2005,5695.224423946745
DMA,2006,6055.78109574854
DMA,2007,6459.035036896091
DMA,2008,6971.326338392885
DMA,2009,7487.490103951535
DMA,2010,7549.619646803747
DMA,2011,7705.407172483186
DMA,2012,7528.510019901552
DMA,2013,7822.217972113976
DMA,2014,8131.748760967352
DMA,2015,8282.598747021415
DMA,2016,8802.561720413629
DMA,2017,8224.648965714136
DMA,2018,9215.308540564503
DMA,2019,9491.149959623737
DMA,2020,7827.748426804263
DMA,2021,8376.404141411134
DMA,2022,9323.660894905619
DMA,2023,9912.962127666682
DMA,2024,10405.278777758196
DNK,2000,30722.025183756654
DNK,2001,30768.477547111157
DNK,2002,33257.16225865088
DNK,2003,40519.09749059236
DNK,2004,46625.05009801095
DNK,2005,48925.80766987841
DNK,2006,52119.17879842821
DNK,2007,58631.656643363545
DNK,2008,64616.665758366296
DNK,2009,58412.747235851304
DNK,2010,58104.54455949811
DNK,2011,61809.73789822204
DNK,2012,58443.77471039677
DNK,2013,61377.594059041185
DNK,2014,62520.45097470115
DNK,2015,53094.01336075736
DNK,2016,54500.92604102175
DNK,2017,57521.55149922252
DNK,2018,61324.76650455651
DNK,2019,59404.266324772296
DNK,2020,60985.48856015139
DNK,2021,69340.73349221384
DNK,2022,67781.0940939514
DNK,2023,68043.54669712431
DNK,2024,71026.4832271897
DOM,2000,2831.458836380334
DOM,2001,2935.893673126681
DOM,2002,3065.6032952419596
DOM,2003,2383.2617178039336
DOM,2004,2451.691616165686
DOM,2005,3878.312067352443
DOM,2006,4055.142703473711
DOM,2007,4649.645588758138
DOM,2008,5023.585134035155
DOM,2009,4973.951869999516
DOM,2010,5478.6247039895425
DOM,2011,5826.510141091945
DOM,2012,6013.819650026031
DOM,2013,6136.594293293015
DOM,2014,6496.451669711419
DOM,2015,6800.953093954736
DOM,2016,7160.442009823075
DOM,2017,7412.715715715117
DOM,2018,7882.982215849437
DOM,2019,8183.016236003749
DOM,2020,7135.222732558986
DOM,2021,8527.075485820502
DOM,2022,10104.244934908073
DOM,2023,10630.431743829022
DOM,2024,10875.661844309196
DZA,2000,1772.928691227614
DZA,2001,1896.3002087801287
DZA,2002,1937.4641141301884
DZA,2003,2283.7729934612553
DZA,2004,2816.9938496055483
DZA,2005,3233.1333963421216
DZA,2006,3660.661047453223
DZA,2007,4167.451699375306
DZA,2008,5180.918815146864
DZA,2009,4235.42990456612
DZA,2010,4912.785855036717
DZA,2011,5916.3136436434315
DZA,2012,6033.648846895432
DZA,2013,5979.601389605846
DZA,2014,6094.693923149557
DZA,2015,4685.059027290017
DZA,2016,4424.985290275557
DZA,2017,4554.667539578281
DZA,2018,4577.210291804906
DZA,2019,4468.453418836562
DZA,2020,3743.5419522928983
DZA,2021,4160.559267369248
DZA,2022,4960.303343328876
DZA,2023,5370.477235078005
DZA,2024,5752.990766514655
EAP,2000,961.3014223699635
EAP,2001,1014.5246700361789
EAP,2002,1113.9991524989614
EAP,2003,1251.2777153581608
EAP,2004,1439.9321454339115
EAP,2005,1653.6791360518055
EAP,2006,1976.6313065145468
EAP,2007,2481.3870449206347
EAP,2008,3117.8313110535537
EAP,2009,3359.517215848749
EAP,2010,4057.8652147283333
EAP,2011,4913.89394942906
EAP,2012,5434.825271202886
EAP,2013,5952.768929721401
EAP,2014,6373.64846984799
EAP,2015,6589.770764274615
EAP,2016,6683.183867003526
EAP,2017,7241.925338643612
EAP,2018,8045.946304585072
EAP,2019,8286.398117929199
EAP,2020,8391.276346454935
EAP,2021,9974.578296901747
EAP,2022,10106.99359778137
EAP,2023,10125.909520864452
EAP,2024,10396.795740505122
EAR,2000,1346.2395395695999
EAR,2001,1311.1827082939528
EAR,2002,1251.302965985316
EAR,2003,1368.4791121955857
EAR,2004,1563.105911311681
EAR,2005,1788.2835098084217
EAR,2006,2011.1090345287125
EAR,2007,2342.6881067814215
EAR,2008,2594.5563279799258
EAR,2009,2457.2865796637207
EAR,2010,2938.7985941537945
EAR,2011,3262.9099913496825
EAR,2012,3359.1308653836863
EAR,2013,3328.4175223225925
EAR,2014,3347.3255579255583
EAR,2015,3174.369620209285
EAR,2016,3223.9805446069004
EAR,2017,3457.649431571862
EAR,2018,3463.508822633745
EAR,2019,3483.3154546961537
EAR,2020,3187.037812348008
EAR,2021,3698.9836318784673
EAR,2022,4043.8277633156786
EAR,2023,4252.597334157857
EAR,2024,4450.187119373852
EAS,2000,4103.33628080966
EAS,2001,3783.3092197468727
EAS,2002,3813.81685560294
EAS,2003,4162.833981668181
EAS,2004,4634.662394339101
EAS,2005,4910.914726437917
EAS,2006,5170.318905427998
EAS,2007,5739.387507738724
EAS,2008,6569.115765121576
EAS,2009,6713.650451310042
EAS,2010,7784.344658222995
EAS,2011,8955.748698199506
EAS,2012,9507.129740753708
EAS,2013,9553.861875075101
EAS,2014,9793.533637719927
EAS,2015,9691.705760951541
EAS,2016,9965.00400107685
EAS,2017,10566.282824486281
EAS,2018,11438.858459141824
EAS,2019,11622.89152847355
EAS,2020,11639.485335738862
EAS,2021,13336.48416708831
EAS,2022,13139.210981361155
EAS,2023,13176.178605563486
EAS,2024,13405.735673015035
ECA,2000,1790.7707209071932
ECA,2001,1529.6061562079615
ECA,2002,1771.9219856657974
ECA,2003,2249.7430149083093
ECA,2004,2883.5568972368724
ECA,2005,3576.7228333231847
ECA,2006,4142.446954986752
ECA,2007,5206.482388158279
ECA,2008,6191.073697182771
ECA,2009,5125.123314894841
ECA,2010,6019.294911379589
ECA,2011,6785.876804282592
ECA,2012,7093.456077457989
ECA,2013,7667.033976646749
ECA,2014,7290.900503139228
ECA,2015,6291.455946557449
ECA,2016,5986.897230800841
ECA,2017,6138.12063922999
ECA,2018,5996.287758888928
ECA,2019,6069.274072823149
ECA,2020,5776.19343817718
ECA,2021,6673.974290356508
ECA,2022,7266.022431541995
ECA,2023,8617.048409863293
ECA,2024,9793.69205809432
ECS,2000,11652.929029406103
ECS,2001,11757.603659314045
ECS,2002,12849.72325935534
ECS,2003,15584.864646150607
ECS,2004,18114.070200325925
ECS,2005,19227.622167902788
ECS,2006,20766.917092585863
ECS,2007,24195.93342567658
ECS,2008,26524.51154688392
ECS,2009,23259.533461327224
ECS,2010,23702.475023008163
ECS,2011,26239.36006130758
ECS,2012,25164.762611694743
ECS,2013,26196.108944304982
ECS,2014,26473.62133845743
ECS,2015,22702.822838006647
ECS,2016,22519.64088555474
ECS,2017,23814.11970346047
ECS,2018,25408.637977160062
ECS,2019,25020.864827175552
ECS,2020,24167.355119969914
ECS,2021,27664.891408091826
ECS,2022,27913.588233164475
ECS,2023,29988.90229031083
ECS,2024,31555.52078906569
ECU,2000,1382.2342175990902
ECU,2001,1791.303596850374
ECU,2002,2059.1585535974045
ECU,2003,2315.622152230139
ECU,2004,2586.2091466334664
ECU,2005,2909.0260601438827
ECU,2006,3243.6701035933856
ECU,2007,3478.9248877067143
ECU,2008,4194.757506619805
ECU,2009,4053.36331139298
ECU,2010,4520.30959039763
ECU,2011,5153.691642437503
ECU,2012,5634.083931910944
ECU,2013,6109.290315103414
ECU,2014,6405.799793004407
ECU,2015,5976.159680565097
ECU,2016,5917.63771271481
ECU,2017,6233.322447977176
ECU,2018,6303.918866583376
ECU,2019,6205.057652467664
ECU,2020,5463.645153485981
ECU,2021,6061.323501817112
ECU,2022,6515.585284183364
ECU,2023,6737.847483796376
ECU,2024,6874.705739765999
EGY,2000,1366.0927437261348
EGY,2001,1295.137418416295
EGY,2002,1116.8288462621283
EGY,2003,1031.2755629128364
EGY,2004,991.2556891452525
EGY,2005,1105.5392071390345
EGY,2006,1298.9790020312446
EGY,2007,1547.7417073590857
EGY,2008,1896.2159426977898
EGY,2009,2161.6396457392652
EGY,2010,2455.0819464528213
EGY,2011,2590.6438489196503
EGY,2012,2996.0677072015005
EGY,2013,3025.525635524481
EGY,2014,3133.391022655408
EGY,2015,3306.9815941414076
EGY,2016,3270.628776819699
EGY,2017,2395.1033329949128
EGY,2018,2484.7031563050828
EGY,2019,2962.9889202300265
EGY,2020,3511.1138102637947
EGY,2021,3827.354153743081
EGY,2022,4233.307837448563
EGY,2023,3456.7896845625296
EGY,2024,3338.473713958945
EMU,2000,20039.400265512842
EMU,2001,20289.650527509275
EMU,2002,22047.27956607913
EMU,2003,27010.58761518191
EMU,2004,30803.286099919005
EMU,2005,31781.661883353274
EMU,2006,33646.23034911687
EMU,2007,38544.225825611546
EMU,2008,42172.93881501631
EMU,2009,38464.158639003304
EMU,2010,37491.611407308155
EMU,2011,40569.5862836129
EMU,2012,37481.45024730337
EMU,2013,39097.59254704256
EMU,2014,39979.30093140135
EMU,2015,34471.17471350269
EMU,2016,35228.48545394278
EMU,2017,37243.56510159972
EMU,2018,40107.53628546432
EMU,2019,39220.51367433549
EMU,2020,38236.55430485057
EMU,2021,42984.569741415355
EMU,2022,41608.7123275598
EMU,2023,45330.1093015768
EMU,2024,46945.41882344275
ERI,2000,314.3573967535008
ERI,2001,325.40916151359266
ERI,2002,304.77575646509234
ERI,2003,348.95032707774243
ERI,2004,426.8409478870323
ERI,2005,412.7530791994235
ERI,2006,447.9974047272008
ERI,2007,480.4476236545604
ERI,2008,490.0669560033334
ERI,2009,642.9257228800705
ERI,2010,539.6995120696864
ERI,2011,688.6816595768397
ERI,2012,NA
ERI,2013,NA
ERI,2014,NA
ERI,2015,NA
ERI,2016,NA
ERI,2017,NA
ERI,2018,NA
ERI,2019,NA
ERI,2020,NA
ERI,2021,NA
ERI,2022,NA
ERI,2023,NA
ERI,2024,NA
ESP,2000,14743.267103145477
ESP,2001,15368.233798443476
ESP,2002,17111.068505894054
ESP,2003,21522.01709902615
ESP,2004,24925.02678445755
ESP,2005,26450.953013038234
ESP,2006,28421.686527407033
ESP,2007,32652.01559470198
ESP,2008,35603.248328071044
ESP,2009,32279.820847615145
ESP,2010,30658.742228291194
ESP,2011,31824.621913477695
ESP,2012,28456.44381514769
ESP,2013,29228.846559842044
ESP,2014,29707.765509467015
ESP,2015,25982.44161977755
ESP,2016,26755.606114939812
ESP,2017,28381.342559690624
ESP,2018,30602.42128811132
ESP,2019,29786.5245689007
ESP,2020,27233.942646160765
ESP,2021,30799.477593777483
ESP,2022,30319.498719661635
ESP,2023,33493.22254091113
ESP,2024,35326.76830692781
EST,2000,4070.6090241020797
EST,2001,4502.666149923917
EST,2002,5343.183107607348
EST,2003,7205.40703313243
EST,2004,8916.072827460204
EST,2005,10414.638118356492
EST,2006,12641.480097647316
EST,2007,16745.430801114762
EST,2008,18205.906411344597
EST,2009,14712.44942179163
EST,2010,14663.70410187046
EST,2011,17555.545523942612
EST,2012,17568.213796971362
EST,2013,19310.38749007572
EST,2014,20581.789899169544
EST,2015,17722.155766952314
EST,2016,18666.3736521706
EST,2017,20851.522349686096
EST,2018,23618.13612545807
EST,2019,24021.250141330624
EST,2020,23933.993942106536
EST,2021,27951.165927774426
EST,2022,28340.382654940564
EST,2023,30264.006488505736
EST,2024,31428.354781610396
ETH,2000,122.26920260606897
ETH,2001,118.45720425526066
ETH,2002,109.59381361298792
ETH,2003,116.80049113277667
ETH,2004,133.16981253809556
ETH,2005,158.24345808246497
ETH,2006,189.34573752141827
ETH,2007,237.14625599631884
ETH,2008,316.41047511807477
ETH,2009,368.5747122674447
ETH,2010,330.6194127986438
ETH,2011,343.0249423518872
ETH,2012,452.10103188575357
ETH,2013,484.039833104062
ETH,2014,549.9865770825876
ETH,2015,597.9121132186633
ETH,2016,641.6515232862331
ETH,2017,696.3484290762159
ETH,2018,739.7020222720861
ETH,2019,793.4732472102638
ETH,2020,829.790982547947
ETH,2021,893.0098354490499
ETH,2022,982.1031615069917
ETH,2023,1055.8109159252658
ETH,2024,1133.8827968171868
EUU,2000,16976.045266870497
EUU,2001,17230.648009586926
EUU,2002,18797.81163160736
EUU,2003,23020.95580326589
EUU,2004,26368.678046433346
EUU,2005,27431.49910308336
EUU,2006,29200.580946734324
EUU,2007,33704.6636441399
EUU,2008,37169.07468508418
EUU,2009,33632.074845625815
EUU,2010,33119.56732117752
EUU,2011,35963.31478498077
EUU,2012,33324.77098968213
EUU,2013,34804.72812009965
EUU,2014,35590.100455906926
EUU,2015,30771.656859126084
EUU,2016,31456.897128065597
EUU,2017,33394.5888043692
EUU,2018,36054.953230112995
EUU,2019,35374.14036769341
EUU,2020,34694.70358691945
EUU,2021,39206.979177608446
EUU,2022,38066.8844892624
EUU,2023,41566.57411007853
EUU,2024,43304.96425613311
FCS,2000,751.8012630344529
FCS,2001,719.2158860383364
FCS,2002,684.9983969921578
FCS,2003,703.7393697907374
FCS,2004,871.1550121515207
FCS,2005,1079.2406761347286
FCS,2006,1319.3385305317993
FCS,2007,1578.9042249996016
FCS,2008,1971.0469397135932
FCS,2009,1739.1028356786621
FCS,2010,2017.5674141868205
FCS,2011,2053.7158053710036
FCS,2012,2233.126758195574
FCS,2013,2144.2147933218644
FCS,2014,2051.546437338949
FCS,2015,1663.1620012727878
FCS,2016,1491.0808031591482
FCS,2017,1549.6095293355902
FCS,2018,1634.9296587547315
FCS,2019,1861.653304530305
FCS,2020,1618.4798041022034
FCS,2021,1711.40128929758
FCS,2022,1850.9174305476922
FCS,2023,1682.7505884547566
FCS,2024,1527.9580951403666
FIN,2000,24335.922508265896
FIN,2001,24965.202996775988
FIN,2002,26989.38926095902
FIN,2003,32920.08571925683
FIN,2004,37768.13342020287
FIN,2005,39049.87037802232
FIN,2006,41214.018776506884
FIN,2007,48473.02400914548
FIN,2008,53769.47262403853
FIN,2009,47478.34953109991
FIN,2010,46506.291901656616
FIN,2011,51060.324258976674
FIN,2012,47551.67408413692
FIN,2013,49691.01452007388
FIN,2014,50073.776081587115
FIN,2015,42560.34567671027
FIN,2016,43451.25624421576
FIN,2017,46085.017473903594
FIN,2018,49654.24970353289
FIN,2019,48358.180777370086
FIN,2020,48828.68468627994
FIN,2021,53099.13514001479
FIN,2022,50440.56022497404
FIN,2023,52834.29167527031
FIN,2024,53149.76719340505
FJI,2000,1995.7207116326392
FJI,2001,1944.9974146090017
FJI,2002,2136.567941186826
FJI,2003,2655.5807958604446
FJI,2004,3097.1909665175926
FJI,2005,3377.6912695349274
FJI,2006,3455.105999073486
FJI,2007,3762.7469278929902
FJI,2008,3899.9223151212927
FJI,2009,3164.132754081691
FJI,2010,3449.1445288336895
FJI,2011,4139.602886097022
FJI,2012,4341.403387487495
FJI,2013,4572.443775442445
FJI,2014,5293.356766804642
FJI,2015,5097.531068646955
FJI,2016,5363.790266792433
FJI,2017,5826.848144593282
FJI,2018,6085.419794853761
FJI,2019,5842.073445775965
FJI,2020,4620.645723801395
FJI,2021,4536.733121103354
FJI,2022,5414.120921190881
FJI,2023,5926.205863947629
FJI,2024,6425.741517157122
FRA,2000,22340.593951621708
FRA,2001,22331.79483430362
FRA,2002,24144.572701952864
FRA,2003,29479.522210117506
FRA,2004,33644.92822203642
FRA,2005,34696.37183169715
FRA,2006,36431.565890655525
FRA,2007,41486.19078287867
FRA,2008,45464.8181385158
FRA,2009,41728.08841641321
FRA,2010,40694.82116970245
FRA,2011,43929.784087381166
FRA,2012,40863.581441233335
FRA,2013,42669.17951118927
FRA,2014,43148.0459288416
FRA,2015,36702.432373337935
FRA,2016,37024.21571336689
FRA,2017,38687.162640716364
FRA,2018,41418.17664848442
FRA,2019,40408.28485747505
FRA,2020,39169.860600070715
FRA,2021,43725.0999521245
FRA,2022,40988.639640657944
FRA,2023,44700.138417754366
FRA,2024,46103.08408558839
FRO,2000,23322.75933575153
FRO,2001,24879.772961786373
FRO,2002,26937.65056028466
FRO,2003,31269.603199721714
FRO,2004,35647.54404005308
FRO,2005,36389.081644098005
FRO,2006,41743.681284766055
FRO,2007,48348.739371101074
FRO,2008,51287.891108166266
FRO,2009,47059.19472967382
FRO,2010,47923.151537499114
FRO,2011,51618.99077663916
FRO,2012,50261.961626769255
FRO,2013,55758.208368061096
FRO,2014,60172.06325416637
FRO,2015,52637.190352657395
FRO,2016,56875.280381329554
FRO,2017,59387.353086481984
FRO,2018,62526.490851574294
FRO,2019,63068.287268848275
FRO,2020,62243.1905561324
FRO,2021,69415.18532545795
FRO,2022,67058.20226481257
FRO,2023,72465.37696602153
FRO,2024,74119.66075538789
FSM,2000,2049.345324665497
FSM,2001,2103.74859460914
FSM,2002,2113.459873324852
FSM,2003,2145.8775533751705
FSM,2004,2104.4280475008354
FSM,2005,2207.1684453387516
FSM,2006,2244.9722727448634
FSM,2007,2293.5134168407535
FSM,2008,2369.5081174131783
FSM,2009,2544.11114550961
FSM,2010,2702.6116520477217
FSM,2011,2848.70077003105
FSM,2012,2992.289160990769
FSM,2013,2893.1343741082487
FSM,2014,2896.730820027141
FSM,2015,2853.076435870277
FSM,2016,2979.6011918404765
FSM,2017,3279.1077903928535
FSM,2018,3566.586903711252
FSM,2019,3572.6591828222195
FSM,2020,3362.028021205236
FSM,2021,3508.223141976636
FSM,2022,3710.1245161175234
FSM,2023,3919.6430791085854
FSM,2024,4166.00476748564
GAB,2000,3982.906200927996
GAB,2001,3835.7571827972743
GAB,2002,3966.4800186466255
GAB,2003,4710.74862768151
GAB,2004,5465.791935907084
GAB,2005,6547.876139551863
GAB,2006,6847.009856853938
GAB,2007,8003.542896960487
GAB,2008,9688.645196906331
GAB,2009,7290.575260931136
GAB,2010,8356.746620133452
GAB,2011,10219.11393394536
GAB,2012,9296.965879410882
GAB,2013,9197.701063239467
GAB,2014,9201.362766481054
GAB,2015,7047.126546343554
GAB,2016,6677.070039016437
GAB,2017,6921.73373135624
GAB,2018,7624.277523377101
GAB,2019,7441.178647228097
GAB,2020,6605.803460775652
GAB,2021,8181.40914134656
GAB,2022,8409.207414502802
GAB,2023,7802.824332761382
GAB,2024,8230.043114511507
GBR,2000,28383.87610949964
GBR,2001,28013.872963550777
GBR,2002,30158.70178078579
GBR,2003,34556.77260959051
GBR,2004,40504.41181039285
GBR,2005,42240.24629875466
GBR,2006,44695.161023423956
GBR,2007,50629.07991728872
GBR,2008,47652.403069188105
GBR,2009,39009.37155478211
GBR,2010,39778.32205285648
GBR,2011,42295.927383532166
GBR,2012,42688.326372837204
GBR,2013,43606.98378963484
GBR,2014,47746.24217595623
GBR,2015,45255.34492162086
GBR,2016,41257.908554555615
GBR,2017,40916.811507035374
GBR,2018,43702.997630316495
GBR,2019,43158.741126732304
GBR,2020,40812.67946638785
GBR,2021,47691.37687994039
GBR,2022,47057.04322917896
GBR,2023,49944.47021242014
GBR,2024,53246.36761451085
GEO,2000,749.9085349939613
GEO,2001,801.9838370792896
GEO,2002,853.5261718689393
GEO,2003,1010.0315163086844
GEO,2004,1305.0474855720777
GEO,2005,1642.7835941479732
GEO,2006,1996.0201327228401
GEO,2007,2635.3665027611623
GEO,2008,3324.7537205015014
GEO,2009,2822.689396687966
GEO,2010,3281.7293093734293
GEO,2011,4119.668183071927
GEO,2012,4530.695334094308
GEO,2013,4712.002293826649
GEO,2014,4830.334861702489
GEO,2015,4086.6223465964995
GEO,2016,4143.4012568631515
GEO,2017,4418.752065466785
GEO,2018,4804.054604044404
GEO,2019,4741.283271587601
GEO,2020,4300.85701291207
GEO,2021,5083.606954845773
GEO,2022,6729.846599302833
GEO,2023,8283.669606522612
GEO,2024,9241.49122313713
GHA,2000,253.74693620334378
GHA,2001,263.5421564948529
GHA,2002,297.4616446877405
GHA,2003,358.39927142072963
GHA,2004,406.1321053295653
GHA,2005,478.61190919102785
GHA,2006,906.4410275648868
GHA,2007,1050.124615249259
GHA,2008,1182.6576125601646
GHA,2009,1047.7043009358633
GHA,2010,1263.8925176053895
GHA,2011,1507.435731987529
GHA,2012,1543.7752423576376
GHA,2013,2294.795846937434
GHA,2014,1949.908329238455
GHA,2015,1722.7728283360616
GHA,2016,1912.4799133995061
GHA,2017,2012.2866264126542
GHA,2018,2195.3216601637732
GHA,2019,2186.6582268261286
GHA,2020,2195.4548165998676
GHA,2021,2445.18662529344
GHA,2022,2229.89122647803
GHA,2023,2383.9041048341815
GHA,2024,2390.77237652715
GIB,2000,NA
GIB,2001,NA
GIB,2002,NA
GIB,2003,NA
GIB,2004,NA
GIB,2005,NA
GIB,2006,NA
GIB,2007,NA
GIB,2008,NA
GIB,2009,NA
GIB,2010,NA
GIB,2011,NA
GIB,2012,NA
GIB,2013,NA
GIB,2014,NA
GIB,2015,NA
GIB,2016,NA
GIB,2017,NA
GIB,2018,NA
GIB,2019,NA
GIB,2020,NA
GIB,2021,NA
GIB,2022,NA
GIB,2023,NA
GIB,2024,NA
GIN,2000,518.1570669240263
GIN,2001,483.0851202147411
GIN,2002,495.9160735592694
GIN,2003,566.4854058806803
GIN,2004,584.8977405380814
GIN,2005,463.1776868509797
GIN,2006,446.9805541350129
GIN,2007,650.1485753047425
GIN,2008,703.5328257843689
GIN,2009,662.1859146655747
GIN,2010,659.2353262113152
GIN,2011,636.6949587476483
GIN,2012,699.3533772121965
GIN,2013,748.4550208247343
GIN,2014,765.1469993892789
GIN,2015,747.3569667594476
GIN,2016,711.9965097823158
GIN,2017,833.598621691121
GIN,2018,933.273615633705
GIN,2019,1031.341464807319
GIN,2020,1053.660976964146
GIN,2021,1244.9655047791368
GIN,2022,1416.5961201176417
GIN,2023,1555.4937580686064
GIN,2024,1694.9537586219271
GMB,2000,538.0540723488539
GMB,2001,459.8030683813988
GMB,2002,376.53102696258435
GMB,2003,308.7191234375875
GMB,2004,593.2853463265806
GMB,2005,616.4836578653483
GMB,2006,614.5443079044642
GMB,2007,724.7264072424318
GMB,2008,859.1276714112262
GMB,2009,774.8880309080911
GMB,2010,801.0333727145356
GMB,2011,710.6084114681515
GMB,2012,692.579361628102
GMB,2013,653.8627132727431
GMB,2014,568.0045355886399
GMB,2015,619.5363642964605
GMB,2016,650.0565013236113
GMB,2017,642.5226412963307
GMB,2018,696.2198069606148
GMB,2019,738.1867519874828
GMB,2020,720.3351433521331
GMB,2021,781.8909251695309
GMB,2022,836.2448758684757
GMB,2023,883.0241117198087
GMB,2024,871.3402917762937
GNB,2000,316.94549503763886
GNB,2001,327.1384319723973
GNB,2002,362.03457457035404
GNB,2003,419.7848661180698
GNB,2004,431.3765576696339
GNB,2005,463.0739626504516
GNB,2006,448.51307546970077
GNB,2007,519.0697897947414
GNB,2008,640.2103311017534
GNB,2009,583.1900201390936
GNB,2010,600.1942985407677
GNB,2011,719.5395734989372
GNB,2012,635.4616533038806
GNB,2013,654.304534409417
GNB,2014,652.0225010294494
GNB,2015,645.0668372070388
GNB,2016,679.6653866268176
GNB,2017,783.123186602022
GNB,2018,808.531613218504
GNB,2019,811.2164258851286
GNB,2020,846.9158557159709
GNB,2021,926.7809210812331
GNB,2022,883.1991314578312
GNB,2023,988.087886357022
GNB,2024,1007.7415172802815
GNQ,2000,1487.3165506700977
GNQ,2001,1948.6114590784366
GNQ,2002,2264.210655803648
GNQ,2003,2930.6018374373293
GNQ,2004,4901.301274081193
GNQ,2005,8673.902608653496
GNQ,2006,10184.884124854147
GNQ,2007,12616.95329420112
GNQ,2008,18210.55529705989
GNQ,2009,13232.501937810184
GNQ,2010,13720.165872322243
GNQ,2011,17198.213666827498
GNQ,2012,17308.57239245747
GNQ,2013,16304.071319641815
GNQ,2014,15548.662465661924
GNQ,2015,9068.910032386446
GNQ,2016,7453.197979485167
GNQ,2017,7809.104656554882
GNQ,2018,8102.470848340313
GNQ,2019,6804.149230738878
GNQ,2020,5764.055029129468
GNQ,2021,6945.630697945393
GNQ,2022,7589.299649093813
GNQ,2023,6677.793435386001
GNQ,2024,6745.40013244916
GRC,2000,11638.201069721485
GRC,2001,12156.957282422094
GRC,2002,13782.195640942991
GRC,2003,18020.612039764048
GRC,2004,21449.255276424516
GRC,2005,22054.131575688592
GRC,2006,24416.023297027456
GRC,2007,28440.762532895544
GRC,2008,31695.83310922093
GRC,2009,29425.457320026253
GRC,2010,26653.048800862583
GRC,2011,25504.786651012444
GRC,2012,21624.346052551045
GRC,2013,21573.344976280474
GRC,2014,21474.725712389194
GRC,2015,17980.72982381374
GRC,2016,17919.24263770477
GRC,2017,18631.99301292935
GRC,2018,19873.401523877146
GRC,2019,19335.360200296866
GRC,2020,17886.733165236048
GRC,2021,20654.7001960815
GRC,2022,20886.524308762862
GRC,2023,23343.710396456216
GRC,2024,24626.148185897262
GRD,2000,4839.828111142478
GRD,2001,4819.507766538427
GRD,2002,4984.474059314471
GRD,2003,5427.9637725231205
GRD,2004,5480.261176445877
GRD,2005,6338.560114053579
GRD,2006,6344.0383771432025
GRD,2007,6864.548167718577
GRD,2008,7448.2040563864975
GRD,2009,6932.564721767806
GRD,2010,6909.60169568597
GRD,2011,6947.381360964636
GRD,2012,7092.71985352677
GRD,2013,7424.802122873267
GRD,2014,7986.334212107877
GRD,2015,8694.12438005692
GRD,2016,9221.234610794238
GRD,2017,9751.426611559324
GRD,2018,10083.02127922496
GRD,2019,10462.792915953347
GRD,2020,8968.558901084838
GRD,2021,9617.289029053734
GRD,2022,10469.386701285634
GRD,2023,11414.478169118118
GRD,2024,11705.090297665825
GRL,2000,19009.077440751487
GRL,2001,19265.519146873772
GRL,2002,20657.950632309658
GRL,2003,27466.64945255037
GRL,2004,32030.998791510854
GRL,2005,32489.72773098986
GRL,2006,35457.629757821414
GRL,2007,39780.944136872095
GRL,2008,44366.78586881754
GRL,2009,44918.84138321552
GRL,2010,44277.199340097184
GRL,2011,47186.875996938776
GRL,2012,45936.95628177236
GRL,2013,47535.48837923765
GRL,2014,50485.22441352912
GRL,2015,44536.35497053773
GRL,2016,48181.74535412656
GRL,2017,50765.74946653718
GRL,2018,54545.13585776503
GRL,2019,53309.20359050652
GRL,2020,54812.66617710234
GRL,2021,58135.993991020296
GRL,2022,55635.00064912226
GRL,2023,58498.97079736093
GRL,2024,NA
GTM,2000,1648.9657897155912
GTM,2001,1537.6866357825168
GTM,2002,1669.335174697054
GTM,2003,1722.547019107736
GTM,2004,1840.9118488399963
GTM,2005,2046.4661165075804
GTM,2006,2225.1234753877984
GTM,2007,2458.8157391938444
GTM,2008,2763.0598817292575
GTM,2009,2611.6463277335247
GTM,2010,2805.2596023732153
GTM,2011,3168.98370607705
GTM,2012,3286.619593362674
GTM,2013,3444.158022758641
GTM,2014,3689.1451041020246
GTM,2015,3893.5053329906823
GTM,2016,4060.1378473764325
GTM,2017,4324.997689156005
GTM,2018,4352.9459328970715
GTM,2019,4511.998395526965
GTM,2020,4477.617850006646
GTM,2021,4912.622404146814
GTM,2022,5358.70156997677
GTM,2023,5758.327608478517
GTM,2024,6150.025714385053
GUM,2000,NA
GUM,2001,NA
GUM,2002,20909.95903028063
GUM,2003,21877.317837155275
GUM,2004,23618.8266894573
GUM,2005,25631.97761080522
GUM,2006,25709.935148842203
GUM,2007,26605.43242147555
GUM,2008,28112.231657342192
GUM,2009,29054.05812015189
GUM,2010,29719.796783608173
GUM,2011,29926.205244291265
GUM,2012,31653.750653816787
GUM,2013,32530.75931214827
GUM,2014,33900.14865305826
GUM,2015,35165.70146447955
GUM,2016,35930.6594898711
GUM,2017,36779.00789039085
GUM,2018,37195.95030704639
GUM,2019,39274.943142489865
GUM,2020,36482.936395367484
GUM,2021,38074.8793745801
GUM,2022,41833.15171328248
GUM,2023,NA
GUM,2024,NA
GUY,2000,931.7966517189551
GUY,2001,931.5747238476732
GUY,2002,950.8669324709927
GUY,2003,973.7425980541882
GUY,2004,1033.3103090218794
GUY,2005,1084.06541388904
GUY,2006,3135.605535283261
GUY,2007,3608.2868524018772
GUY,2008,4008.962867160304
GUY,2009,4209.132306245647
GUY,2010,4581.761796934918
GUY,2011,4947.221705899166
GUY,2012,5444.397519139134
GUY,2013,5556.9123115693155
GUY,2014,5472.688204522369
GUY,2015,5640.41560569466
GUY,2016,5870.878237598348
GUY,2017,6178.665043729804
GUY,2018,6048.386971804177
GUY,2019,6405.824434445621
GUY,2020,6775.709390963032
GUY,2021,9860.870148343864
GUY,2022,17913.492806687907
GUY,2023,20473.700219061713
GUY,2024,29675.24438733164
HIC,2000,22374.32547501614
HIC,2001,22083.420167275806
HIC,2002,22929.75669535701
HIC,2003,25606.676644082105
HIC,2004,28451.506547904108
HIC,2005,30051.345955058936
HIC,2006,31710.796723699128
HIC,2007,34666.04515641964
HIC,2008,36900.140569714466
HIC,2009,34111.84460476832
HIC,2010,35778.2487328682
HIC,2011,38785.88173557055
HIC,2012,38693.84553616697
HIC,2013,39008.32490335909
HIC,2014,39447.70932466084
HIC,2015,36586.43469026621
HIC,2016,37057.80965011242
HIC,2017,38776.56159495157
HIC,2018,41094.85608771859
HIC,2019,41342.206610734946
HIC,2020,40108.234860241144
HIC,2021,45081.66483484377
HIC,2022,46553.11501813829
HIC,2023,48608.19476658948
HIC,2024,50302.60521295136
HKG,2000,25756.772872370395
HKG,2001,25230.378091030372
HKG,2002,24665.83623182162
HKG,2003,23977.17341204772
HKG,2004,24928.100372255118
HKG,2005,26649.63772415501
HKG,2006,28224.09515631463
HKG,2007,30593.951173864607
HKG,2008,31515.52921034432
HKG,2009,30697.53838616405
HKG,2010,32550.136489178956
HKG,2011,35142.48793445426
HKG,2012,36730.79619581499
HKG,2013,38403.7777145477
HKG,2014,40315.373951019115
HKG,2015,42432.161974044146
HKG,2016,43734.19807029992
HKG,2017,46160.429791492985
HKG,2018,48537.56688883427
HKG,2019,48359.00119505975
HKG,2020,46109.22999466091
HKG,2021,49770.56423747394
HKG,2022,48825.84418735359
HKG,2023,50562.3633144379
HKG,2024,54074.69285194795
HND,2000,1092.564007462518
HND,2001,1132.1648753328989
HND,2002,1132.4996534531656
HND,2003,1156.0816268135652
HND,2004,1215.1399541276094
HND,2005,1304.7003915382616
HND,2006,1425.8478005189233
HND,2007,1577.7378919740734
HND,2008,1732.4906270280264
HND,2009,1781.1570361467352
HND,2010,1893.3272266203458
HND,2011,2073.661210880738
HND,2012,2126.0347468650316
HND,2013,2081.1284352794482
HND,2014,2179.8817197727058
HND,2015,2271.2026598034863
HND,2016,2307.3446835108152
HND,2017,2413.007656294202
HND,2018,2464.642415319176
HND,2019,2502.327443280727
HND,2020,2307.6149431951144
HND,2021,2735.1475150397705
HND,2022,3003.289968263993
HND,2023,3227.4576250977575
HND,2024,3426.4348332892264
HPC,2000,377.45938590801796
HPC,2001,355.1712309476667
HPC,2002,374.53177205796425
HPC,2003,412.7682399288297
HPC,2004,462.33697047325467
HPC,2005,519.6479330585672
HPC,2006,593.2111780445939
HPC,2007,688.3724683506965
HPC,2008,797.3804560911083
HPC,2009,764.8237584862318
HPC,2010,812.0805498839795
HPC,2011,873.2220930860244
HPC,2012,881.192621901094
HPC,2013,960.6855204779405
HPC,2014,986.9837832197974
HPC,2015,917.2961092291812
HPC,2016,894.708764701024
HPC,2017,943.1328323324979
HPC,2018,985.4782107192668
HPC,2019,983.9000621787441
HPC,2020,962.5902264738918
HPC,2021,1061.414149504312
HPC,2022,1121.483873119817
HPC,2023,1155.9044527992435
HPC,2024,1216.3750847256438
HRV,2000,4953.651587890217
HRV,2001,5364.838246916065
HRV,2002,6219.581641439454
HRV,2003,8190.111351938866
HRV,2004,9718.973228019671
HRV,2005,10443.527835329447
HRV,2006,11501.209966989372
HRV,2007,13755.832107329197
HRV,2008,15888.060694939231
HRV,2009,14474.651977419382
HRV,2010,13729.765496502181
HRV,2011,14691.558296291967
HRV,2012,13507.78052609915
HRV,2013,14134.947498288862
HRV,2014,14186.729549327592
HRV,2015,12283.784062005294
HRV,2016,12820.165389300826
HRV,2017,13901.78781446788
HRV,2018,15460.366959549112
HRV,2019,15563.598729502948
HRV,2020,14807.560854326506
HRV,2021,17788.78658166585
HRV,2022,18465.54144203637
HRV,2023,22184.22793048416
HRV,2024,24050.439793313548
HTI,2000,820.6000467614642
HTI,2001,748.821159844528
HTI,2002,720.9695680425219
HTI,2003,578.9952910797085
HTI,2004,683.1852981552732
HTI,2005,775.8457040569159
HTI,2006,828.8057002895894
HTI,2007,984.5669834485212
HTI,2008,1094.6605842164367
HTI,2009,1196.8528706017953
HTI,2010,1209.727335030943
HTI,2011,1312.0395355201322
HTI,2012,1361.3939658737431
HTI,2013,1457.8322117962648
HTI,2014,1460.1889861391446
HTI,2015,1411.1268474679646
HTI,2016,1318.402681679532
HTI,2017,1395.2394518446108
HTI,2018,1496.3804897015589
HTI,2019,1352.1720419153248
HTI,2020,1290.3253866738314
HTI,2021,1841.3318933722194
HTI,2022,1760.626356687774
HTI,2023,1705.7580846099909
HTI,2024,2142.623305267883
HUN,2000,4629.917608125478
HUN,2001,5280.9488798706325
HUN,2002,6658.044943268094
HUN,2003,8410.092481984786
HUN,2004,10291.269472140895
HUN,2005,11212.204696899376
HUN,2006,11478.489164050112
HUN,2007,13934.605460374965
HUN,2008,15762.632251511282
HUN,2009,13051.183177718445
HUN,2010,13189.843387476838
HUN,2011,14211.460557821965
HUN,2012,12950.159448814284
HUN,2013,13739.462015140127
HUN,2014,14352.501883173978
HUN,2015,12782.941257797267
HUN,2016,13215.860527778877
HUN,2017,14736.166815725837
HUN,2018,16605.05705118868
HUN,2019,17012.859855319868
HUN,2020,16386.93088212582
HUN,2021,19030.62813032901
HUN,2022,18428.02882561399
HUN,2023,22230.627787518693
HUN,2024,23292.326388247828
IBD,2000,1477.692577803038
IBD,2001,1481.391935273369
IBD,2002,1487.722075401104
IBD,2003,1652.8070173186159
IBD,2004,1947.2338639259865
IBD,2005,2300.559208151097
IBD,2006,2700.558209843604
IBD,2007,3321.0811740774216
IBD,2008,3944.6530416302016
IBD,2009,3790.083582584802
IBD,2010,4561.251917542419
IBD,2011,5342.861381248455
IBD,2012,5617.652686044607
IBD,2013,5845.605073891828
IBD,2014,5949.3191201240925
IBD,2015,5546.047752755266
IBD,2016,5534.819533329066
IBD,2017,6053.309217933557
IBD,2018,6394.194842997891
IBD,2019,6476.072597836793
IBD,2020,6191.510883918494
IBD,2021,7314.528364257954
IBD,2022,7699.232588261859
IBD,2023,7925.399241374903
IBD,2024,8219.91265703844
IBT,2000,1251.80798458527
IBT,2001,1248.9173560202432
IBT,2002,1256.6253953054759
IBT,2003,1392.4121168825995
IBT,2004,1633.142127515174
IBT,2005,1919.7031205147173
IBT,2006,2247.7169680258403
IBT,2007,2742.6895956175126
IBT,2008,3245.3948506062948
IBT,2009,3109.2512038523164
IBT,2010,3715.5667909512335
IBT,2011,4324.068268811918
IBT,2012,4531.1700872740885
IBT,2013,4714.621559421952
IBT,2014,4801.779507219018
IBT,2015,4474.435253262472
IBT,2016,4447.417390695133
IBT,2017,4831.930059641074
IBT,2018,5085.502174771035
IBT,2019,5167.895237743264
IBT,2020,4923.572184188912
IBT,2021,5754.246750799377
IBT,2022,6036.813744070893
IBT,2023,6149.505545589451
IBT,2024,6327.143997048697
IDA,2000,458.298938832863
IDA,2001,442.14518343608944
IDA,2002,465.3337427692817
IDA,2003,512.4164945340399
IDA,2004,584.9656720672938
IDA,2005,664.7330575597701
IDA,2006,775.4811759604005
IDA,2007,887.8326043446016
IDA,2008,1033.2321035618038
IDA,2009,983.7074748561508
IDA,2010,1109.841382794548
IDA,2011,1224.5098615529296
IDA,2012,1263.4112415659636
IDA,2013,1346.324385289165
IDA,2014,1419.343918371869
IDA,2015,1350.307580622315
IDA,2016,1314.081774113098
IDA,2017,1355.2350545731467
IDA,2018,1408.9501683990081
IDA,2019,1544.2789006706132
IDA,2020,1464.5226140290522
IDA,2021,1566.137099367814
IDA,2022,1647.5273246030738
IDA,2023,1536.087192370984
IDA,2024,1485.9222740563307
IDB,2000,619.8213060024055
IDB,2001,602.8928716542243
IDB,2002,644.9720240058135
IDB,2003,712.2775064301399
IDB,2004,837.1397637019243
IDB,2005,957.9444835612096
IDB,2006,1148.8918190475752
IDB,2007,1296.2173612850545
IDB,2008,1479.9326964919778
IDB,2009,1350.1681090314771
IDB,2010,1535.2992231513756
IDB,2011,1705.6444368891712
IDB,2012,1844.1586935182977
IDB,2013,1968.0817245573865
IDB,2014,2095.0725399427083
IDB,2015,1947.8524683864189
IDB,2016,1790.5378782605333
IDB,2017,1804.505594333852
IDB,2018,1869.382044476145
IDB,2019,2205.8736189479555
IDB,2020,2008.89632662853
IDB,2021,2142.3117267460093
IDB,2022,2234.8361620648266
IDB,2023,1915.3132843342157
IDB,2024,1650.637881130492
IDN,2000,763.7111249509245
IDN,2001,732.3070934057076
IDN,2002,881.0029135691312
IDN,2003,1043.2105838671025
IDN,2004,1126.8400444717279
IDN,2005,1238.2144762948797
IDN,2006,1558.3156284716338
IDN,2007,1823.2197625507274
IDN,2008,2124.5548392061796
IDN,2009,2218.4854185297663
IDN,2010,3065.6834837776487
IDN,2011,3579.464424661521
IDN,2012,3632.2725403033064
IDN,2013,3566.6028450607755
IDN,2014,3441.068084640084
IDN,2015,3288.222697255384
IDN,2016,3521.469434575738
IDN,2017,3798.8832617452576
IDN,2018,3860.9535309072558
IDN,2019,4106.948561603577
IDN,2020,3853.7028877414587
IDN,2021,4287.173139950984
IDN,2022,4730.834848361069
IDN,2023,4876.3077451225245
IDN,2024,4925.430487518614
IDX,2000,372.85941596873636
IDX,2001,356.7270001196631
IDX,2002,369.5699937740128
IDX,2003,405.74833691401176
IDX,2004,449.6598763969157
IDX,2005,507.001767833477
IDX,2006,573.8254465833356
IDX,2007,666.8953293036241
IDX,2008,791.0542324944948
IDX,2009,784.3409561070617
IDX,2010,877.6240397863506
IDX,2011,961.3685792260825
IDX,2012,945.5819583880532
IDX,2013,1005.7889233707621
IDX,2014,1049.3264914528534
IDX,2015,1023.4389466840764
IDX,2016,1054.1001105331059
IDX,2017,1110.7442510519954
IDX,2018,1159.0613431370443
IDX,2019,1186.4055968086361
IDX,2020,1170.9805151689227
IDX,2021,1256.1929643073543
IDX,2022,1332.3173017870804
IDX,2023,1333.2097197902567
IDX,2024,1398.1118126403348
IMN,2000,21161.396307377203
IMN,2001,21819.71238256062
IMN,2002,24471.079881484653
IMN,2003,28861.617806291757
IMN,2004,35564.60239101461
IMN,2005,38135.85978858581
IMN,2006,42627.508935289115
IMN,2007,55040.24370462358
IMN,2008,72276.77413294613
IMN,2009,66156.10565684695
IMN,2010,70587.31402837412
IMN,2011,77808.8579649376
IMN,2012,79329.20343474341
IMN,2013,83207.65884304506
IMN,2014,91885.45287180257
IMN,2015,84753.51874227317
IMN,2016,82025.94545092407
IMN,2017,83481.30384890136
IMN,2018,89393.82442488115
IMN,2019,87127.55179774042
IMN,2020,79513.53303465979
IMN,2021,94299.96934896502
IMN,2022,88328.54812588703
IMN,2023,NA
IMN,2024,NA
IND,2000,442.75021893726324
IND,2001,450.3579005141282
IND,2002,469.1499289739273
IND,2003,544.1431335450022
IND,2004,624.2588265100661
IND,2005,710.4880804089489
IND,2006,801.6683536590223
IND,2007,1021.8870770682593
IND,2008,992.5195849238276
IND,2009,1094.9497459843622
IND,2010,1347.519390713668
IND,2011,1445.4612748603658
IND,2012,1429.321995200319
IND,2013,1432.843975121953
IND,2014,1553.8839607511832
IND,2015,1583.998159079848
IND,2016,1707.5089291224338
IND,2017,1950.1046828086635
IND,2018,1966.254551716789
IND,2019,2041.4286369858535
IND,2020,1907.042516376687
IND,2021,2239.6138436748224
IND,2022,2347.4482943462317
IND,2023,2530.120312782038
IND,2024,2694.737808599611
INX,2000,NA
INX,2001,NA
INX,2002,NA
INX,2003,NA
INX,2004,NA
INX,2005,NA
INX,2006,NA
INX,2007,NA
INX,2008,NA
INX,2009,NA
INX,2010,NA
INX,2011,NA
INX,2012,NA
INX,2013,NA
INX,2014,NA
INX,2015,NA
INX,2016,NA
INX,2017,NA
INX,2018,NA
INX,2019,NA
INX,2020,NA
INX,2021,NA
INX,2022,NA
INX,2023,NA
INX,2024,NA
IRL,2000,26334.567205050083
IRL,2001,28282.40988207296
IRL,2002,32705.434556569817
IRL,2003,41203.52958475685
IRL,2004,47754.202319424396
IRL,2005,50933.021609558884
IRL,2006,54329.16185996238
IRL,2007,61396.417461175995
IRL,2008,61353.10656295232
IRL,2009,52133.09061625439
IRL,2010,48623.96664224873
IRL,2011,52613.854035568875
IRL,2012,49335.84080995552
IRL,2013,52537.61086486919
IRL,2014,57214.53797857091
IRL,2015,64250.138518125656
IRL,2016,64129.55715423832
IRL,2017,72161.4047531385
IRL,2018,80804.11231648263
IRL,2019,81827.6688873996
IRL,2020,86514.07061087541
IRL,2021,103783.44628447875
IRL,2022,105190.68595273084
IRL,2023,106818.9171308039
IRL,2024,112894.9532408054
IRN,2000,1650.0138583378507
IRN,2001,1881.0226663528285
IRN,2002,1891.257560910334
IRN,2003,2208.9963655240554
IRN,2004,2672.4226651403983
IRN,2005,3132.0508192006955
IRN,2006,3618.916013644281
IRN,2007,4687.991662607176
IRN,2008,5377.411507295701
IRN,2009,5415.522805534456
IRN,2010,6291.194436554542
IRN,2011,8025.687433643556
IRN,2012,8114.080998318772
IRN,2013,6222.741948403264
IRN,2014,5672.063728963186
IRN,2015,4952.733555321775
IRN,2016,5710.599470891042
IRN,2017,6000.933464044092
IRN,2018,4783.010673402372
IRN,2019,3997.493544958496
IRN,2020,3202.500035021685
IRN,2021,4605.148813189922
IRN,2022,4721.2043709998425
IRN,2023,5049.299316427539
IRN,2024,5190.169590248213
IRQ,2000,1980.1891603878187
IRQ,2001,1435.6956837889963
IRQ,2002,1266.1596127509445
IRQ,2003,817.8878624996222
IRQ,2004,1328.3715762829215
IRQ,2005,1762.39360423421
IRQ,2006,2276.554357440865
IRQ,2007,3128.9901032906632
IRQ,2008,4542.966090460324
IRQ,2009,3714.7120598719403
IRQ,2010,4461.751961615549
IRQ,2011,5775.542290802934
IRQ,2012,6477.596184509547
IRQ,2013,6650.352822473952
IRQ,2014,6249.3922697896905
IRQ,2015,4440.141892523674
IRQ,2016,4334.4209640418785
IRQ,2017,4759.284643546699
IRQ,2018,5646.689320747416
IRQ,2019,5671.856863294203
IRQ,2020,4295.189451212281
IRQ,2021,4868.494310807826
IRQ,2022,6520.73154560584
IRQ,2023,5965.318350777613
IRQ,2024,6073.610323427084
ISL,2000,32503.57896323597
ISL,2001,29208.19818535683
ISL,2002,32749.37900462696
ISL,2003,39944.210409559055
ISL,2004,47809.60730500415
ISL,2005,57783.7745608117
ISL,2006,58172.14266566217
ISL,2007,70483.01172285354
ISL,2008,57489.33997952163
ISL,2009,41483.78436828142
ISL,2010,43776.467740047505
ISL,2011,48254.95392725402
ISL,2012,46594.986914661444
ISL,2013,50173.33600610572
ISL,2014,55140.364935792975
ISL,2015,53505.69640793393
ISL,2016,62854.090640793234
ISL,2017,72976.37299909748
ISL,2018,75633.86513519146
ISL,2019,69296.31443616007
ISL,2020,60127.939357561576
ISL,2021,70425.40642772733
ISL,2022,76350.45504165025
ISL,2023,82138.78929735567
ISL,2024,86040.53098512879
ISR,2000,21706.51940563291
ISR,2001,20966.305266797062
ISR,2002,19076.458429832084
ISR,2003,19643.469038074167
ISR,2004,20568.06940888339
ISR,2005,21286.838863659534
ISR,2006,22527.261979571904
ISR,2007,25721.259407731093
ISR,2008,30269.217773488977
ISR,2009,28508.49388864749
ISR,2010,31439.08870276139
ISR,2011,34522.52159790729
ISR,2012,33321.43008816015
ISR,2013,37034.31610807846
ISR,2014,38343.30466262348
ISR,2015,36213.104148195795
ISR,2016,37671.538913879755
ISR,2017,41138.47096427196
ISR,2018,42362.665275419604
ISR,2019,44250.63136280731
ISR,2020,44575.57190454923
ISR,2021,52270.904024195625
ISR,2022,54949.62155642901
ISR,2023,52003.72007299969
ISR,2024,54176.68443833022
ITA,2000,20190.00356360841
ITA,2001,20570.438591786176
ITA,2002,22451.396437936848
ITA,2003,27577.570031985477
ITA,2004,31348.190184144543
ITA,2005,32062.72383366903
ITA,2006,33537.12869942695
ITA,2007,37826.17545548228
ITA,2008,40828.57955809372
ITA,2009,37099.6133958219
ITA,2010,35856.862548553916
ITA,2011,38432.37428200186
ITA,2012,34854.39494419646
ITA,2013,35701.67460023755
ITA,2014,36028.34940223488
ITA,2015,30639.882975143213
ITA,2016,31391.569289810846
ITA,2017,32844.115660604024
ITA,2018,34904.10819238336
ITA,2019,33812.788724867976
ITA,2020,32091.48666213664
ITA,2021,36852.542541495095
ITA,2022,35653.9042103495
ITA,2023,39277.08387839178
ITA,2024,40385.3413957669
JAM,2000,3453.0925280022648
JAM,2001,3503.550266888578
JAM,2002,3680.6455172772385
JAM,2003,3549.7075839461813
JAM,2004,3807.562931245522
JAM,2005,4184.4397486749685
JAM,2006,4417.001271353632
JAM,2007,4716.486125427274
JAM,2008,5029.800952817452
JAM,2009,4428.381533335574
JAM,2010,4809.977380311997
JAM,2011,5232.636449181319
JAM,2012,5340.833332321578
JAM,2013,5124.213014111368
JAM,2014,4975.113254598724
JAM,2015,5339.307182568061
JAM,2016,5302.29553353854
JAM,2017,5605.43541173019
JAM,2018,5976.903626443367
JAM,2019,6030.688964159207
JAM,2020,5299.045308042832
JAM,2021,5625.678062712359
JAM,2022,6626.475023885385
JAM,2023,7542.400842753452
JAM,2024,7753.800695543198
JOR,2000,1570.6100294047749
JOR,2001,1632.2945401056288
JOR,2002,1706.2674438440122
JOR,2003,1775.6762558143184
JOR,2004,1940.0864134280498
JOR,2005,2087.8707927363457
JOR,2006,2342.634595749326
JOR,2007,2506.205994841393
JOR,2008,3241.6524135555965
JOR,2009,3435.833759069801
JOR,2010,3718.465716229453
JOR,2011,3946.8550385552453
JOR,2012,4169.504700546181
JOR,2013,4311.219167130379
JOR,2014,4191.180500849864
JOR,2015,4042.756780975546
JOR,2016,3986.7167701085286
JOR,2017,4065.6162874938427
JOR,2018,4145.439896732647
JOR,2019,4170.114400346496
JOR,2020,4022.0401356134957
JOR,2021,4183.4999832686635
JOR,2022,4332.251598979315
JOR,2023,4466.083142085751
JOR,2024,4618.095924985674
JPN,2000,39169.35957015043
JPN,2001,34406.18246380916
JPN,2002,32820.79364332542
JPN,2003,35387.03742035993
JPN,2004,38298.98017123033
JPN,2005,37812.89501999483
JPN,2006,35991.54600286202
JPN,2007,35779.02454164271
JPN,2008,39876.30396857249
JPN,2009,41308.996837051156
JPN,2010,44968.15623497395
JPN,2011,48760.078949421106
JPN,2012,49145.28043081928
JPN,2013,40898.64789647444
JPN,2014,38475.39524618382
JPN,2015,34960.63938433849
JPN,2016,39375.47316207813
JPN,2017,38834.05293412266
JPN,2018,39751.13309827112
JPN,2019,40415.956764954695
JPN,2020,40028.734172676246
JPN,2021,40094.55997952878
JPN,2022,34065.64389625263
JPN,2023,33836.17562716171
JPN,2024,32487.07780475674
KAZ,2000,1180.0444563226001
KAZ,2001,1422.2733181095696
KAZ,2002,1573.5521993232483
KAZ,2003,1958.0205024651132
KAZ,2004,2722.474077554025
KAZ,2005,3577.358040017821
KAZ,2006,5030.13494711519
KAZ,2007,6449.439310965321
KAZ,2008,8123.547058917361
KAZ,2009,6938.011756630006
KAZ,2010,8793.075899807822
KAZ,2011,11287.1464926039
KAZ,2012,12018.796652799263
KAZ,2013,13478.459627611956
KAZ,2014,12427.709457693862
KAZ,2015,10196.122625598211
KAZ,2016,7475.566886894244
KAZ,2017,8943.084167919838
KAZ,2018,9472.485273277582
KAZ,2019,9457.126146571356
KAZ,2020,8781.507977876476
KAZ,2021,9983.601035769021
KAZ,2022,11255.339643788113
KAZ,2023,12879.427525797384
KAZ,2024,14154.632495807635
KEN,2000,414.6263651308463
KEN,2001,410.7004524748136
KEN,2002,402.9363856053818
KEN,2003,442.8984572534054
KEN,2004,463.66278130012114
KEN,2005,523.4563124338626
KEN,2006,699.8023706338097
KEN,2007,840.2014394767648
KEN,2008,915.5443547360397
KEN,2009,1047.967832448497
KEN,2010,1091.518731011939
KEN,2011,1096.1449980767547
KEN,2012,1285.005361715117
KEN,2013,1370.8788521465926
KEN,2014,1482.8156625349743
KEN,2015,1489.1195977728398
KEN,2016,1554.1261031442327
KEN,2017,1667.4844723083543
KEN,2018,1836.4527552899294
KEN,2019,1960.408088548926
KEN,2020,1927.6645902784887
KEN,2021,2061.3562208959406
KEN,2022,2109.562885131375
KEN,2023,1942.5880275619108
KEN,2024,2132.4345209764665
KGZ,2000,279.62173846436474
KGZ,2001,308.41129550148037
KGZ,2002,321.72677536680436
KGZ,2003,380.50582881244065
KGZ,2004,433.2338732860004
KGZ,2005,476.54819364007665
KGZ,2006,543.1135124722191
KGZ,2007,721.7715775443605
KGZ,2008,966.3885693704935
KGZ,2009,870.1988945469169
KGZ,2010,876.9544764403543
KGZ,2011,1117.401743501848
KGZ,2012,1168.6224467544575
KGZ,2013,1269.6630346434772
KGZ,2014,1264.5266882389074
KGZ,2015,1105.6519384426072
KGZ,2016,1103.2748942841188
KGZ,2017,1221.3904680708185
KGZ,2018,1283.520303741702
KGZ,2019,1421.9992750410186
KGZ,2020,1229.517666029075
KGZ,2021,1349.9973065054235
KGZ,2022,1739.7201834417447
KGZ,2023,2138.2221021147798
KGZ,2024,2420.185422838315
KHM,2000,296.42668752633426
KHM,2001,327.5009843144443
KHM,2002,350.14727663429426
KHM,2003,386.69112393177795
KHM,2004,444.1990675290812
KHM,2005,525.7973251209264
KHM,2006,612.2526485507273
KHM,2007,731.6922951254261
KHM,2008,866.2839997897495
KHM,2009,875.7489361935693
KHM,2010,952.2746163240075
KHM,2011,1088.9815282308143
KHM,2012,1192.8026304167313
KHM,2013,1305.6600972685976
KHM,2014,1431.5639646999336
KHM,2015,1547.320104443935
KHM,2016,1675.1955571110864
KHM,2017,1826.353916887541
KHM,2018,2036.6737756657817
KHM,2019,2225.877054856862
KHM,2020,2081.7391424293914
KHM,2021,2167.403241984992
KHM,2022,2325.0305004084116
KHM,2023,2429.748534528382
KHM,2024,2627.8796975622413
KIR,2000,845.3672402319726
KIR,2001,718.833787096781
KIR,2002,810.1087003744398
KIR,2003,1020.5003385139406
KIR,2004,1083.2688987175038
KIR,2005,1161.7834173997692
KIR,2006,1123.1925899068403
KIR,2007,1352.5781404891095
KIR,2008,1410.6224691405841
KIR,2009,1316.6275385367776
KIR,2010,1522.1006874415355
KIR,2011,1771.129268487921
KIR,2012,1843.5533634988892
KIR,2013,1772.087183171315
KIR,2014,1736.7053568210142
KIR,2015,1639.8527474065236
KIR,2016,1742.667993241167
KIR,2017,1853.0512271331909
KIR,2018,1912.7380937818734
KIR,2019,1750.997718891504
KIR,2020,1751.7824916821432
KIR,2021,2222.0481950189733
KIR,2022,2069.7671726924987
KIR,2023,2177.701258122623
KIR,2024,2288.634714236841
KNA,2000,9319.655450935246
KNA,2001,10022.591923563721
KNA,2002,10453.658706431253
KNA,2003,10175.629544998916
KNA,2004,10944.618374176831
KNA,2005,11783.786715414511
KNA,2006,13837.84953112188
KNA,2007,14757.957975103523
KNA,2008,16604.94486159053
KNA,2009,16503.411929279435
KNA,2010,16622.94579085767
KNA,2011,17832.457291997453
KNA,2012,17532.05590086078
KNA,2013,18580.13019499348
KNA,2014,20219.395423795602
KNA,2015,20328.800353010858
KNA,2016,21387.541551110324
KNA,2017,22464.989963395914
KNA,2018,22901.38164031969
KNA,2019,23595.49232312906
KNA,2020,18859.019036104593
KNA,2021,18361.144969788555
KNA,2022,21011.5744209816
KNA,2023,22576.92484391659
KNA,2024,23960.653435708406
KOR,2000,12710.299579557866
KOR,2001,11981.482821875823
KOR,2002,13642.942453710111
KOR,2003,15211.548377042198
KOR,2004,17121.63016332014
KOR,2005,20167.047490250618
KOR,2006,22609.705943144854
KOR,2007,25078.485395710468
KOR,2008,22252.31251080609
KOR,2009,19937.30291377345
KOR,2010,24071.26205263616
KOR,2011,26175.23985533631
KOR,2012,26600.54774339028
KOR,2013,28449.359110497207
KOR,2014,30667.09124674474
KOR,2015,30171.790654522236
KOR,2016,30832.062807251597
KOR,2017,33296.98454391951
KOR,2018,35363.95082286868
KOR,2019,33826.94433015971
KOR,2020,33645.77195450733
KOR,2021,37518.46353056967
KOR,2022,34822.40484049711
KOR,2023,35674.09599563203
KOR,2024,36238.63990831499
KWT,2000,19296.347169872908
KWT,2001,17374.231866422688
KWT,2002,18512.752303586156
KWT,2003,22690.655175143995
KWT,2004,27552.28273997867
KWT,2005,36122.61427412268
KWT,2006,42946.637410406605
KWT,2007,45709.41328763706
KWT,2008,55585.18893444415
KWT,2009,37907.100132004154
KWT,2010,39212.25222015503
KWT,2011,49169.60638130948
KWT,2012,52155.22258339213
KWT,2013,49651.04392750774
KWT,2014,44368.78134577507
KWT,2015,29882.212649569756
KWT,2016,27323.689073551704
KWT,2017,29047.653613570285
KWT,2018,32067.9623756889
KWT,2019,31707.87374435514
KWT,2020,25236.075584894115
KWT,2021,34018.63425929132
KWT,2022,39981.769103583334
KWT,2023,34075.84901290902
KWT,2024,32717.718663125463
LAC,2000,4290.89542947118
LAC,2001,4122.79587535484
LAC,2002,3658.159506413388
LAC,2003,3686.287270463144
LAC,2004,4149.537054805885
LAC,2005,4960.449697901371
LAC,2006,5717.844477604144
LAC,2007,6672.177051303065
LAC,2008,7623.4384073133615
LAC,2009,6981.206567743005
LAC,2010,8637.631714854748
LAC,2011,9979.989726250296
LAC,2012,9823.248944735098
LAC,2013,9971.169272117106
LAC,2014,9905.721935208552
LAC,2015,8308.73911709951
LAC,2016,7977.19727122285
LAC,2017,8827.8501051856
LAC,2018,8484.483352334088
LAC,2019,8282.78290882792
LAC,2020,6904.2767736959595
LAC,2021,7970.6164425206025
LAC,2022,9111.349270847688
LAC,2023,10196.271088969028
LAC,2024,10382.391112515197
LAO,2000,318.749852236965
LAO,2001,320.31600543956756
LAO,2002,313.3508171481308
LAO,2003,355.09721615146134
LAO,2004,409.29629828411726
LAO,2005,466.0615069977412
LAO,2006,579.3919474407194
LAO,2007,697.323013673925
LAO,2008,885.7473760887619
LAO,2009,935.0323728328304
LAO,2010,1125.9161015126099
LAO,2011,1361.5470439491285
LAO,2012,1563.5650771336964
LAO,2013,1812.5177442465056
LAO,2014,1981.0391090047272
LAO,2015,2121.013390973629
LAO,2016,2303.2215603536265
LAO,2017,2432.4305947851135
LAO,2018,2545.1075420815
LAO,2019,2589.3208103523716
LAO,2020,2583.7773069613104
LAO,2021,2526.0510501852928
LAO,2022,2046.4044025562052
LAO,2023,2066.9497977695714
LAO,2024,2123.9790941510914
LBN,2000,3986.8351394102556
LBN,2001,4009.5592975110153
LBN,2002,4290.852838032664
LBN,2003,4437.715885075258
LBN,2004,4600.683714129933
LBN,2005,4602.198046379449
LBN,2006,4635.251411748604
LBN,2007,5125.25809960149
LBN,2008,5912.045328208416
LBN,2009,7090.854938566208
LBN,2010,7625.810515511655
LBN,2011,7834.96257108993
LBN,2012,8406.984056081175
LBN,2013,8162.379293613964
LBN,2014,7577.641330236905
LBN,2015,7714.109999880404
LBN,2016,8089.012088155
LBN,2017,8608.21084982387
LBN,2018,9174.536662047589
LBN,2019,8905.880054974366
LBN,2020,5561.19166950397
LBN,2021,4045.3739106623375
LBN,2022,3654.358455348785
LBN,2023,3477.7248984268376
LBN,2024,NA
LBR,2000,298.48534057894545
LBR,2001,300.46382859898296
LBR,2002,299.5364455396212
LBR,2003,239.7795566770913
LBR,2004,284.1402239924584
LBR,2005,287.4873334413809
LBR,2006,320.55808618514965
LBR,2007,374.2113081042777
LBR,2008,451.71385628328477
LBR,2009,448.3863670255448
LBR,2010,492.2528080337235
LBR,2011,568.0878655200041
LBR,2012,638.3687514620826
LBR,2013,710.7445709278632
LBR,2014,706.7144900645072
LBR,2015,692.590082351257
LBR,2016,714.6130631456588
LBR,2017,699.2690957274035
LBR,2018,692.2031271297944
LBR,2019,658.1641807705065
LBR,2020,616.787867006715
LBR,2021,667.9661051431905
LBR,2022,744.617175237387
LBR,2023,799.1944702296419
LBR,2024,851.4977238702063
LBY,2000,7214.100403770844
LBY,2001,6312.8003049896515
LBY,2002,3718.2943469675506
LBY,2003,4674.099432003214
LBY,2004,5773.763332342814
LBY,2005,8079.249573290012
LBY,2006,10048.84804342891
LBY,2007,11144.94484134354
LBY,2008,13906.140781812499
LBY,2009,9551.054038697546
LBY,2010,11600.906864947192
LBY,2011,7593.839152570198
LBY,2012,14975.890279514448
LBY,2013,11951.713412601106
LBY,2014,8926.420745914742
LBY,2015,7458.489177563744
LBY,2016,7525.8029930821585
LBY,2017,9965.832367297568
LBY,2018,11196.585481084374
LBY,2019,9963.194890844828
LBY,2020,6650.338105853479
LBY,2021,4935.827873498015
LBY,2022,5986.636948512581
LBY,2023,6026.515187088119
LBY,2024,6569.164086786484
LCA,2000,5879.56191426207
LCA,2001,5570.452470981062
LCA,2002,5567.89428424719
LCA,2003,6058.606220593261
LCA,2004,6494.600348678856
LCA,2005,6863.4364191934455
LCA,2006,7611.178566753192
LCA,2007,7964.382114801171
LCA,2008,8516.960754887867
LCA,2009,8250.521807327345
LCA,2010,8673.687203405294
LCA,2011,9128.994420116125
LCA,2012,9260.300065517144
LCA,2013,9577.217337543578
LCA,2014,10044.82183776766
LCA,2015,10334.986082391815
LCA,2016,10638.12693966526
LCA,2017,11333.112382210158
LCA,2018,11642.69847277694
LCA,2019,11794.059722980533
LCA,2020,8411.07474936367
LCA,2021,10459.132124809183
LCA,2022,13103.824314747175
LCA,2023,13554.768478493274
LCA,2024,14181.630335159798
LCN,2000,4472.58404552831
LCN,2001,4326.640070426404
LCN,2002,3839.1961583306925
LCN,2003,3862.1374725795617
LCN,2004,4385.898136938672
LCN,2005,5229.898984252878
LCN,2006,6047.734257298327
LCN,2007,7035.799172045575
LCN,2008,8077.96588935619
LCN,2009,7495.059440251081
LCN,2010,9183.968787144098
LCN,2011,10334.205488780026
LCN,2012,10330.350467962939
LCN,2013,10306.119579878747
LCN,2014,10145.798209887373
LCN,2015,8547.237339178904
LCN,2016,8241.451409226645
LCN,2017,9065.548177928664
LCN,2018,8778.379063119726
LCN,2019,8539.397760664244
LCN,2020,7168.647405995768
LCN,2021,8291.071563050242
LCN,2022,9408.848202491563
LCN,2023,10508.647254802478
LCN,2024,10737.64635386517
LDC,2000,333.3638860949004
LDC,2001,313.94786382823423
LDC,2002,337.9157900141102
LDC,2003,373.6518457468707
LDC,2004,419.7983338964424
LDC,2005,487.19997852055116
LDC,2006,552.743616465105
LDC,2007,648.5814469440782
LDC,2008,778.6141147667851
LDC,2009,751.6713838608546
LDC,2010,831.532954611079
LDC,2011,925.1304886903876
LDC,2012,947.489031265643
LDC,2013,1006.9873103895039
LDC,2014,1056.4670531714119
LDC,2015,982.8948106005186
LDC,2016,966.721782937566
LDC,2017,1035.1942880863571
LDC,2018,1080.5617799996126
LDC,2019,1105.2469337869843
LDC,2020,1088.7216131135704
LDC,2021,1175.557182511358
LDC,2022,1299.361724230824
LDC,2023,1257.6980669933132
LDC,2024,1293.401003229323
LIC,2000,361.877753824032
LIC,2001,332.0038496935686
LIC,2002,358.7080858758665
LIC,2003,389.59447837598316
LIC,2004,442.42632428165894
LIC,2005,520.3013559166569
LIC,2006,586.1005522649107
LIC,2007,689.1106067648301
LIC,2008,799.4840165760296
LIC,2009,752.6359272874895
LIC,2010,825.7351888571743
LIC,2011,869.7188274858547
LIC,2012,773.887672422173
LIC,2013,772.5002596046315
LIC,2014,794.9902359168552
LIC,2015,740.8895039422374
LIC,2016,633.7929546275983
LIC,2017,634.7107887247448
LIC,2018,645.8460670782847
LIC,2019,645.9982497203687
LIC,2020,605.437906755342
LIC,2021,651.812637638679
LIC,2022,734.2041175953574
LIC,2023,714.1517642427619
LIC,2024,751.322764042233
LIE,2000,76087.91111420198
LIE,2001,75067.80016800432
LIE,2002,79795.1785891101
LIE,2003,90108.36736470077
LIE,2004,100280.8313567052
LIE,2005,105295.0570276112
LIE,2006,114167.93921130095
LIE,2007,130492.5953495174
LIE,2008,143249.22730209335
LIE,2009,126024.71456746632
LIE,2010,141089.81284901407
LIE,2011,158066.36937916293
LIE,2012,148842.03514434196
LIE,2013,172823.60779464812
LIE,2014,178735.15302090783
LIE,2015,167187.15730982038
LIE,2016,165375.4913962594
LIE,2017,170547.092298954
LIE,2018,174988.77508344554
LIE,2019,166907.83930501563
LIE,2020,164671.0935534544
LIE,2021,201944.83033507594
LIE,2022,188055.00323534798
LIE,2023,206780.59035338453
LIE,2024,NA
LKA,2000,860.1998843047694
LKA,2001,803.5440266273846
LKA,2002,834.9360149053377
LKA,2003,946.3822551280718
LKA,2004,1028.6206813255512
LKA,2005,1207.2199476416479
LKA,2006,1388.8973911993205
LKA,2007,1578.6345112539152
LKA,2008,1973.5847690128735
LKA,2009,2026.6593995070186
LKA,2010,2808.3624450370944
LKA,2011,3224.9574515049626
LKA,2012,3327.7761369128284
LKA,2013,3739.4318110020176
LKA,2014,3972.0437573646377
LKA,2015,4057.715834623104
LKA,2016,4149.191907755932
LKA,2017,4398.888280687147
LKA,2018,4358.560959060474
LKA,2019,4081.9477272200284
LKA,2020,3847.6013769563947
LKA,2021,3996.962400149092
LKA,2022,3342.636502538553
LKA,2023,3798.8901657301144
LKA,2024,4515.56787322732
LMC,2000,559.0728166079564
LMC,2001,553.4971783967724
LMC,2002,573.6482271151157
LMC,2003,639.3297084255082
LMC,2004,722.6289432970128
LMC,2005,817.8460928882747
LMC,2006,941.2447641187727
LMC,2007,1131.2298875261106
LMC,2008,1229.9549188541953
LMC,2009,1260.9879932634701
LMC,2010,1491.308888398043
LMC,2011,1636.383384988753
LMC,2012,1701.1373844915067
LMC,2013,1769.9408418148407
LMC,2014,1881.1981623853676
LMC,2015,1848.2802929439656
LMC,2016,1895.2439950013581
LMC,2017,2026.193040740452
LMC,2018,2085.0452543512006
LMC,2019,2228.8480585921675
LMC,2020,2121.6142172225564
LMC,2021,2369.957765103298
LMC,2022,2493.6148737135604
LMC,2023,2493.389852536512
LMC,2024,2544.492454577519
LMY,2000,1178.0109645306509
LMY,2001,1162.27956492439
LMY,2002,1168.210088188993
LMY,2003,1289.0492747414753
LMY,2004,1490.8559370562689
LMY,2005,1736.1010002016162
LMY,2006,2015.8002697091215
LMY,2007,2442.091953543661
LMY,2008,2860.660303591155
LMY,2009,2829.041344313598
LMY,2010,3394.2629688707643
LMY,2011,3942.6534870473097
LMY,2012,4133.761623660818
LMY,2013,4330.274964899307
LMY,2014,4472.915578362829
LMY,2015,4284.856862984421
LMY,2016,4274.931424015699
LMY,2017,4615.000484095002
LMY,2018,4853.745076683453
LMY,2019,4943.24879858439
LMY,2020,4732.827278296869
LMY,2021,5524.24398933119
LMY,2022,5741.783818829525
LMY,2023,5856.294951959221
LMY,2024,6002.451207652592
LSO,2000,442.77954577908105
LSO,2001,412.6774736768215
LSO,2002,388.9233498513496
LSO,2003,583.2700362002877
LSO,2004,766.6858209282425
LSO,2005,861.3814964149951
LSO,2006,925.4674855028424
LSO,2007,861.1884208995633
LSO,2008,898.482517882593
LSO,2009,878.8479505377716
LSO,2010,1119.4755779304196
LSO,2011,1280.733909315806
LSO,2012,1217.9307122894418
LSO,2013,1151.0373583722674
LSO,2014,1173.5377928819003
LSO,2015,1121.1985134251822
LSO,2016,992.4918406784651
LSO,2017,1069.366732475424
LSO,2018,1170.6556970281936
LSO,2019,1082.0570677751584
LSO,2020,918.5825747044473
LSO,2021,1066.5864514382265
LSO,2022,1030.1258294775712
LSO,2023,916.2829769838035
LSO,2024,971.9077182482897
LTE,2000,1677.206553122687
LTE,2001,1722.3076576787444
LTE,2002,1814.5482437247329
LTE,2003,2054.822272784917
LTE,2004,2453.9876987525786
LTE,2005,2939.9827189478474
LTE,2006,3525.67817486105
LTE,2007,4413.77838972074
LTE,2008,5455.127587002636
LTE,2009,5245.335247741778
LTE,2010,6276.4619904196015
LTE,2011,7598.757228126921
LTE,2012,8073.2094428812
LTE,2013,8644.257615402228
LTE,2014,8923.257288181245
LTE,2015,8331.632708035633
LTE,2016,8297.33610796797
LTE,2017,9138.441345455052
LTE,2018,9966.811608764634
LTE,2019,10120.312516135933
LTE,2020,9873.93519864422
LTE,2021,11759.797499015407
LTE,2022,12286.084681216944
LTE,2023,12437.986172190662
LTE,2024,12874.16791379716
LTU,2000,3300.636349285588
LTU,2001,3532.527873632422
LTU,2002,4148.130914850149
LTU,2003,5507.474341876524
LTU,2004,6734.574870619461
LTU,2005,7857.031487864918
LTU,2006,9210.10118229413
LTU,2007,12295.121277936596
LTU,2008,14955.534546292096
LTU,2009,11854.371105309569
LTU,2010,11829.122609457041
LTU,2011,14261.843378732543
LTU,2012,14288.185349313851
LTU,2013,15636.525258604766
LTU,2014,16446.164718166307
LTU,2015,14269.803987828654
LTU,2016,14934.270284042841
LTU,2017,16800.151024609866
LTU,2018,19247.231536796684
LTU,2019,19608.794394555272
LTU,2020,20428.647815739412
LTU,2021,23870.459485172207
LTU,2022,25085.784063499046
LTU,2023,27786.005782927572
LTU,2024,29384.018959866335
LUX,2000,48659.59887532334
LUX,2001,48440.142015135505
LUX,2002,53005.73392091787
LUX,2003,65689.32145369114
LUX,2004,76544.91708684732
LUX,2005,80988.13762308584
LUX,2006,90788.80048761448
LUX,2007,107475.32029797773
LUX,2008,120422.1379341569
LUX,2009,109419.74695310641
LUX,2010,110885.99137872107
LUX,2011,119025.05720346651
LUX,2012,112584.6762709582
LUX,2013,120000.14072985915
LUX,2014,123678.70214327476
LUX,2015,105462.01258442263
LUX,2016,106899.29354955172
LUX,2017,110193.21379722781
LUX,2018,116926.75959390485
LUX,2019,112696.649059674
LUX,2020,116860.02817235976
LUX,2021,134965.81544215154
LUX,2022,123719.6589159963
LUX,2023,133230.6191788991
LUX,2024,137781.68165912307
LVA,2000,3278.178964408034
LVA,2001,3504.6182946239664
LVA,2002,4003.609357835385
LVA,2003,4914.57992829302
LVA,2004,6109.732651868175
LVA,2005,7283.787381276217
LVA,2006,9211.7374468148
LVA,2007,13370.978945250783
LVA,2008,15677.608086450567
LVA,2009,11996.032272977303
LVA,2010,11188.419170097699
LVA,2011,12902.574053337019
LVA,2012,13329.349993127104
LVA,2013,14484.47152821325
LVA,2014,15185.81458123595
LVA,2015,13321.975314061563
LVA,2016,13838.526682327232
LVA,2017,15132.495833398172
LVA,2018,17252.171042862567
LVA,2019,17294.975160096918
LVA,2020,17564.232154935427
LVA,2021,20261.888778891633
LVA,2022,20221.103686109032
LVA,2023,22710.263754419742
LVA,2024,23409.084515477498
MAC,2000,15731.40816337715
MAC,2001,15810.722766656158
MAC,2002,16814.992642413417
MAC,2003,18589.899833053376
MAC,2004,23407.19936921936
MAC,2005,25681.21673152215
MAC,2006,29813.78771679328
MAC,2007,35400.23346594085
MAC,2008,38888.51180445027
MAC,2009,40354.281029367325
MAC,2010,52596.225016021395
MAC,2011,67046.72842921011
MAC,2012,76058.0224963659
MAC,2013,87107.83130636263
MAC,2014,88355.31817644459
MAC,2015,69902.96057412325
MAC,2016,68911.67559196283
MAC,2017,77570.98761669769
MAC,2018,83588.28750090144
MAC,2019,81882.69645238694
MAC,2020,36883.66525785429
MAC,2021,44884.89616023926
MAC,2022,36806.891255460985
MAC,2023,67216.36311121237
MAC,2024,72004.74370207335
MAF,2000,NA
MAF,2001,NA
MAF,2002,NA
MAF,2003,NA
MAF,2004,NA
MAF,2005,NA
MAF,2006,NA
MAF,2007,NA
MAF,2008,NA
MAF,2009,NA
MAF,2010,NA
MAF,2011,20930.582117775815
MAF,2012,NA
MAF,2013,NA
MAF,2014,20638.770588237883
MAF,2015,NA
MAF,2016,NA
MAF,2017,NA
MAF,2018,NA
MAF,2019,19033.06496348889
MAF,2020,NA
MAF,2021,21668.377652532254
MAF,2022,NA
MAF,2023,NA
MAF,2024,NA
MAR,2000,1499.107421875
MAR,2001,1506.24523925781
MAR,2002,1596.02062988281
MAR,2003,1941.87255859375
MAR,2004,2183.55541992188
MAR,2005,2242.98828125
MAR,2006,2438.12646484375
MAR,2007,2755.5859375
MAR,2008,3183.20043945313
MAR,2009,3119.58862304688
MAR,2010,3067.9853515625
MAR,2011,3301.98876953125
MAR,2012,3164.17724609375
MAR,2013,3379.7431640625
MAR,2014,3435.40698242188
MAR,2015,3146.24780273438
MAR,2016,3140.85546875
MAR,2017,3296.52661132813
MAR,2018,3501.69799804688
MAR,2019,3508.09765625
MAR,2020,3268.0302734375
MAR,2021,3785.93627929688
MAR,2022,3463.1376953125
MAR,2023,3813.72607421875
MAR,2024,4153.1943359375
MCO,2000,81789.0206522549
MCO,2001,82402.78095701894
MCO,2002,90051.44598774679
MCO,2003,111110.45131224942
MCO,2004,125160.22808759805
MCO,2005,130538.74258711666
MCO,2006,143083.4611072016
MCO,2007,184558.55659333797
MCO,2008,204263.79711429437
MCO,2009,169150.26734461568
MCO,2010,161853.9206222442
MCO,2011,179363.9842215126
MCO,2012,165444.65137877085
MCO,2013,184940.66380471826
MCO,2014,195693.57073889393
MCO,2015,170437.10118826115
MCO,2016,173604.75355591517
MCO,2017,170663.3752478725
MCO,2018,188298.31566843708
MCO,2019,193746.78564741169
MCO,2020,176891.88653849173
MCO,2021,223823.3639602262
MCO,2022,226052.00190520074
MCO,2023,256799.78861280595
MCO,2024,288001.4333690406
MDA,2000,440.53868398037235
MDA,2001,507.4040762528191
MDA,2002,570.7998661882931
MDA,2003,682.319095965299
MDA,2004,897.1784947494684
MDA,2005,1034.3919774699293
MDA,2006,1183.02481442894
MDA,2007,1531.2161859074765
MDA,2008,2110.5530535385687
MDA,2009,1898.4397571098814
MDA,2010,2436.7993510242086
MDA,2011,2941.362240660208
MDA,2012,3044.8084324814986
MDA,2013,3321.0439779571934
MDA,2014,3289.9575856877727
MDA,2015,2749.5513705433796
MDA,2016,2847.087947704789
MDA,2017,3453.267277202941
MDA,2018,4156.449819566462
MDA,2019,4405.334181621547
MDA,2020,4375.778893052403
MDA,2021,5274.605821953523
MDA,2022,5744.296184344349
MDA,2023,6799.585946445756
MDA,2024,7576.195894133255
MDG,2000,280.28290555964884
MDG,2001,319.28327823565746
MDG,2002,304.9417773984449
MDG,2003,352.62009584992484
MDG,2004,272.2007485885601
MDG,2005,305.81207492438796
MDG,2006,324.14687488260375
MDG,2007,419.54800143186503
MDG,2008,512.579800058444
MDG,2009,446.31523837059217
MDG,2010,450.00939164572554
MDG,2011,506.16369155930926
MDG,2012,493.5111629042107
MDG,2013,515.3015893618319
MDG,2014,505.6849225034353
MDG,2015,445.32006948056755
MDG,2016,453.97071452246337
MDG,2017,491.8668487189288
MDG,2018,500.4571855291595
MDG,2019,499.8188376225341
MDG,2020,450.77161520150946
MDG,2021,483.46946335119475
MDG,2022,503.5145334729596
MDG,2023,508.7184277055908
MDG,2024,544.9875010033838
MDV,2000,2213.8123505317794
MDV,2001,3033.9323450703646
MDV,2002,3076.0700716010097
MDV,2003,3548.5767011055987
MDV,2004,4070.2609459446007
MDV,2005,3796.5154652464357
MDV,2006,5018.943354091592
MDV,2007,5758.102869330527
MDV,2008,6757.432809292917
MDV,2009,6734.03165601895
MDV,2010,7173.596018446917
MDV,2011,7424.5204109709985
MDV,2012,7461.29703686309
MDV,2013,8236.081779441261
MDV,2014,8939.074165714721
MDV,2015,9644.906550281454
MDV,2016,9947.807447317393
MDV,2017,10509.628805811957
MDV,2018,11423.283842702867
MDV,2019,11740.272402978468
MDV,2020,7393.888654393296
MDV,2021,10176.143882547023
MDV,2022,11786.019149298254
MDV,2023,12587.612603865125
MDV,2024,13379.351357722368
MEA,2000,2220.3843929051586
MEA,2001,2153.193325422632
MEA,2002,2092.424276370166
MEA,2003,2279.51886072397
MEA,2004,2624.1893550003037
MEA,2005,3050.8608627273093
MEA,2006,3482.4765790621386
MEA,2007,4010.0522806124436
MEA,2008,4834.32204392542
MEA,2009,4256.640483569278
MEA,2010,4867.929434970152
MEA,2011,5731.463337883452
MEA,2012,6048.092499907721
MEA,2013,5866.5964763581305
MEA,2014,5810.238740192056
MEA,2015,5125.68064083245
MEA,2016,5126.053316390324
MEA,2017,5279.479511800769
MEA,2018,5545.888996075914
MEA,2019,5412.428756735279
MEA,2020,4742.764026322587
MEA,2021,5615.911860987263
MEA,2022,6430.535534857535
MEA,2023,6149.061198934999
MEA,2024,6265.444452474524
MEX,2000,7524.027138009098
MEX,2001,7952.76479510706
MEX,2002,7983.033983817592
MEX,2003,7434.0746485155005
MEX,2004,7849.667596495654
MEX,2005,8671.758918851627
MEX,2006,9512.635753466991
MEX,2007,10134.332713811855
MEX,2008,10523.768540324385
MEX,2009,8423.569332147112
MEX,2010,9728.800783770816
MEX,2011,10664.49440323125
MEX,2012,10744.133524268636
MEX,2013,11216.800850542808
MEX,2014,11391.3773497683
MEX,2015,10021.238611882723
MEX,2016,9097.923976747688
MEX,2017,9649.278167724024
MEX,2018,10084.793756202112
MEX,2019,10369.555358527137
MEX,2020,8841.270750398684
MEX,2021,10314.050672211482
MEX,2022,11405.79404737593
MEX,2023,13860.95978093256
MEX,2024,14185.781224852855
MHL,2000,2264.7911489764524
MHL,2001,2394.345011051777
MHL,2002,2566.067087992222
MHL,2003,2539.330738395399
MHL,2004,2566.0829101581357
MHL,2005,2658.652178938851
MHL,2006,2754.269887675027
MHL,2007,2892.2840395887383
MHL,2008,2817.6052277532194
MHL,2009,2906.6302697091446
MHL,2010,3095.4576896472217
MHL,2011,3319.398154391508
MHL,2012,3514.265154903829
MHL,2013,3677.9069079142087
MHL,2014,3735.2397782954454
MHL,2015,3764.344262295082
MHL,2016,4229.809889119453
MHL,2017,4592.834576285757
MHL,2018,4858.120790548747
MHL,2019,5292.339855023065
MHL,2020,5661.96787336674
MHL,2021,6315.312796035342
MHL,2022,6455.660621857624
MHL,2023,6793.244958958559
MHL,2024,7726.336688777937
MIC,2000,1237.1022547192429
MIC,2001,1222.9425143804858
MIC,2002,1228.4735098678925
MIC,2003,1357.075410632348
MIC,2004,1571.3039279521347
MIC,2005,1830.9263055924591
MIC,2006,2129.1210373952044
MIC,2007,2583.281469593312
MIC,2008,3029.3424658038793
MIC,2009,3001.5314189557344
MIC,2010,3610.663233670367
MIC,2011,4205.163006497434
MIC,2012,4424.221196527735
MIC,2013,4641.499915969499
MIC,2014,4798.483227564419
MIC,2015,4602.516826916095
MIC,2016,4605.606393960777
MIC,2017,4982.005755990327
MIC,2018,5248.397370813013
MIC,2019,5353.7977584437385
MIC,2020,5134.62007912707
MIC,2021,6007.323086581462
MIC,2022,6248.009620146974
MIC,2023,6386.30246387838
MIC,2024,6554.370549334971
MKD,2000,1861.8989978064396
MKD,2001,1823.0226768263633
MKD,2002,1989.1353726515904
MKD,2003,2445.3628640001334
MKD,2004,2818.5814561241964
MKD,2005,3120.9840139423313
MKD,2006,3440.441105796795
MKD,2007,4204.113287604519
MKD,2008,5026.4202989872965
MKD,2009,4799.78722768888
MKD,2010,4833.365867599679
MKD,2011,5416.866729316594
MKD,2012,5049.826538615697
MKD,2013,5626.261156648935
MKD,2014,5925.385922180148
MKD,2015,5262.686719286744
MKD,2016,5598.486226179673
MKD,2017,5955.297386345096
MKD,2018,6713.9892539898865
MKD,2019,6718.858266354576
MKD,2020,6659.596510707756
MKD,2021,7620.802969775082
MKD,2022,7606.237525379702
MKD,2023,8674.358463274853
MKD,2024,9291.85661671864
MLI,2000,304.6528701942707
MLI,2001,346.2245542510219
MLI,2002,378.1916786282853
MLI,2003,441.91035847509494
MLI,2004,495.00629468064545
MLI,2005,548.7303828427251
MLI,2006,586.9854155152636
MLI,2007,670.8533949734791
MLI,2008,767.1948389500897
MLI,2009,787.4825642873977
MLI,2010,797.151541135109
MLI,2011,938.292902583696
MLI,2012,872.506092465564
MLI,2013,901.9209576448312
MLI,2014,947.9150332883246
MLI,2015,838.1198694010295
MLI,2016,872.4685871716532
MLI,2017,924.0575316922835
MLI,2018,996.3792921369012
MLI,2019,971.9493186380917
MLI,2020,953.2429432909743
MLI,2021,1027.2734536535686
MLI,2022,976.9141164064519
MLI,2023,1043.9533853528012
MLI,2024,1094.6194926579924
MLT,2000,10348.485890240292
MLT,2001,10357.702589173052
MLT,2002,11251.202529641632
MLT,2003,13593.97871556824
MLT,2004,15212.13134384975
MLT,2005,15831.344048672005
MLT,2006,16653.603692968776
MLT,2007,19444.174195838164
MLT,2008,22315.3104212988
MLT,2009,21176.321826267234
MLT,2010,21946.60696360292
MLT,2011,23516.969123430204
MLT,2012,22878.313086652113
MLT,2013,25415.55668677314
MLT,2014,27424.5765646694
MLT,2015,25529.681333771685
MLT,2016,26459.07709299876
MLT,2017,30317.24431755425
MLT,2018,33382.26774992672
MLT,2019,32421.91797522615
MLT,2020,31823.436393450473
MLT,2021,38096.83607351193
MLT,2022,35638.886945740596
MLT,2023,40905.80595850569
MLT,2024,43898.578180859666
MMR,2000,196.61958062528421
MMR,2001,141.52566070572198
MMR,2002,146.59839036444865
MMR,2003,224.29268891240932
MMR,2004,224.5088114133274
MMR,2005,252.68519306072838
MMR,2006,303.4950871192538
MMR,2007,419.3757807250424
MMR,2008,658.4424872297052
MMR,2009,758.4429357892551
MMR,2010,1010.5341734340149
MMR,2011,1213.6289870337603
MMR,2012,1202.6658960055008
MMR,2013,1199.0956159705486
MMR,2014,1293.000423197137
MMR,2015,1166.7330554793548
MMR,2016,1229.1971349132812
MMR,2017,1272.8224181523399
MMR,2018,1298.2131032767466
MMR,2019,1425.9895424166807
MMR,2020,1490.216835994695
MMR,2021,1242.7213439950963
MMR,2022,1158.0500505597558
MMR,2023,1233.1966620926912
MMR,2024,1359.0500156010662
MNA,2000,1247.4723812344287
MNA,2001,1226.509914120976
MNA,2002,1168.2820498128483
MNA,2003,1263.8760621170522
MNA,2004,1463.04148806759
MNA,2005,1657.1102443157376
MNA,2006,1883.120678371797
MNA,2007,2237.261883198358
MNA,2008,2652.7903914626486
MNA,2009,2510.747626660285
MNA,2010,2816.1934726846534
MNA,2011,3232.55085445141
MNA,2012,3412.573024702625
MNA,2013,3148.364124206349
MNA,2014,3073.7999425630087
MNA,2015,2802.6313498095415
MNA,2016,2863.140577811347
MNA,2017,2859.8556017449387
MNA,2018,2809.308942153252
MNA,2019,2695.6334234300457
MNA,2020,2408.4973133526846
MNA,2021,2753.4785802952365
MNA,2022,3015.755797338504
MNA,2023,2873.0392930273506
MNA,2024,2971.054626515584
MNE,2000,1627.065119119869
MNE,2001,1909.5987018617886
MNE,2002,2106.6350684522995
MNE,2003,2789.159064835086
MNE,2004,3380.1651213585906
MNE,2005,3674.617924279698
MNE,2006,4418.849515216819
MNE,2007,5971.846389534674
MNE,2008,7359.951189608691
MNE,2009,6700.114050523948
MNE,2010,6678.639308007582
MNE,2011,7265.51668681954
MNE,2012,6552.4807171090415
MNE,2013,7102.7788289585205
MNE,2014,7342.173394534273
MNE,2015,6421.003073459991
MNE,2016,6968.01539365317
MNE,2017,7674.281394067597
MNE,2018,8673.591280847948
MNE,2019,8749.02375172644
MNE,2020,7538.536359921909
MNE,2021,9317.155200651565
MNE,2022,10024.54356162085
MNE,2023,12259.877503443637
MNE,2024,13263.32812776992
MNG,2000,476.02755082717044
MNG,2001,524.453483552485
MNG,2002,570.2492132483989
MNG,2003,643.1680689216577
MNG,2004,794.1545520018152
MNG,2005,994.9001091324097
MNG,2006,1329.8917957905269
MNG,2007,1627.6878774335903
MNG,2008,2127.4267859473734
MNG,2009,1703.3275679001902
MNG,2010,2625.2188140243306
MNG,2011,3736.042014550773
MNG,2012,4328.890019056554
MNG,2013,4340.143105444494
MNG,2014,4126.239758005238
MNG,2015,3838.921269899843
MNG,2016,3619.9002638379216
MNG,2017,3645.9670866955144
MNG,2018,4107.6428852846775
MNG,2019,4347.54610314873
MNG,2020,4001.251930777028
MNG,2021,4517.61578018785
MNG,2022,4993.514874634954
MNG,2023,5838.6310808390235
MNG,2024,6750.630115772402
MNP,2000,NA
MNP,2001,NA
MNP,2002,19227.889424660818
MNP,2003,18938.872838996653
MNP,2004,18924.58318996528
MNP,2005,17015.748789171506
MNP,2006,16314.557859002669
MNP,2007,15914.219304049813
MNP,2008,16430.446194225722
MNP,2009,14369.633981021238
MNP,2010,14771.403745539923
MNP,2011,13598.716609461275
MNP,2012,14013.600330615773
MNP,2013,14632.851889760794
MNP,2014,15945.417608953965
MNP,2015,17665.100749310866
MNP,2016,24225.474169341975
MNP,2017,31225.6049960968
MNP,2018,26509.362837989283
MNP,2019,24496.6652122421
MNP,2020,18220.83824272008
MNP,2021,19455.50139423998
MNP,2022,23785.754590042972
MNP,2023,NA
MNP,2024,NA
MOZ,2000,327.1262397915697
MOZ,2001,304.7921386219133
MOZ,2002,313.88666172119804
MOZ,2003,339.4887378006477
MOZ,2004,400.0569731615448
MOZ,2005,436.77385616738417
MOZ,2006,457.4876478331826
MOZ,2007,507.8749239143042
MOZ,2008,592.1591111841216
MOZ,2009,547.6971441936511
MOZ,2010,496.18583939265926
MOZ,2011,618.1764928678903
MOZ,2012,685.6857481995128
MOZ,2013,686.505672517351
MOZ,2014,697.1426804441226
MOZ,2015,610.5637747065892
MOZ,2016,441.4897348190715
MOZ,2017,470.9385630519602
MOZ,2018,517.5072602581007
MOZ,2019,519.0925509136196
MOZ,2020,462.4338764799215
MOZ,2021,509.90782947555147
MOZ,2022,578.251663751351
MOZ,2023,622.0002976828226
MOZ,2024,656.7768246373056
MRT,2000,680.9110618797781
MRT,2001,651.8178401997768
MRT,2002,648.8796439348624
MRT,2003,732.0178208126755
MRT,2004,823.554457141893
MRT,2005,998.9658341674699
MRT,2006,1300.6036798865928
MRT,2007,1405.1501620336849
MRT,2008,1635.5630623124007
MRT,2009,1435.430108118934
MRT,2010,1659.9636970545478
MRT,2011,1931.199755254651
MRT,2012,1859.1173324764088
MRT,2013,1934.2410306471409
MRT,2014,1713.008652642339
MRT,2015,1554.9489787178247
MRT,2016,1565.7657572269575
MRT,2017,1615.0040132732322
MRT,2018,1722.9352885407272
MRT,2019,1767.0727106209977
MRT,2020,1795.7645956671436
MRT,2021,1947.789183833133
MRT,2022,1960.352400774235
MRT,2023,2135.78187606359
MRT,2024,2110.120369381871
MUS,2000,3981.983432495823
MUS,2001,3908.556949274354
MUS,2002,4073.0605305590316
MUS,2003,4858.265755497474
MUS,2004,5460.6080018419825
MUS,2005,5354.029742606423
MUS,2006,5784.224918830265
MUS,2007,6677.3496244860835
MUS,2008,8140.508085958952
MUS,2009,7426.886456175929
MUS,2010,8113.176707402124
MUS,2011,9324.24232310496
MUS,2012,9421.525140982249
MUS,2013,9877.138659588343
MUS,2014,10490.331556385292
MUS,2015,9630.543783750698
MUS,2016,10095.122557415598
MUS,2017,10986.70340930054
MUS,2018,11818.748061927197
MUS,2019,11568.253339982366
MUS,2020,9135.84773751062
MUS,2021,9177.711959730133
MUS,2022,10246.501745555295
MUS,2023,11269.96844621386
MUS,2024,11990.77989448369
MWI,2000,224.22415918428038
MWI,2001,215.47452489835686
MWI,2002,428.2104398383979
MWI,2003,383.3485968526416
MWI,2004,404.6742484454283
MWI,2005,414.36112198447466
MWI,2006,440.82214902387295
MWI,2007,475.1802616593313
MWI,2008,554.0488203961194
MWI,2009,625.8697298696254
MWI,2010,683.1246947167995
MWI,2011,763.0610003945718
MWI,2012,558.46208832772
MWI,2013,496.94736826731287
MWI,2014,529.5133440205997
MWI,2015,539.605363240686
MWI,2016,450.50610551071867
MWI,2017,495.76968336716527
MWI,2018,533.2025671893307
MWI,2019,580.8891397624755
MWI,2020,602.5074781761056
MWI,2021,617.4469944510071
MWI,2022,604.2697403603173
MWI,2023,633.214767978695
MWI,2024,522.5703936425472
MYS,2000,4083.528744836047
MYS,2001,3943.7994391023894
MYS,2002,4184.031637735386
MYS,2003,4465.3219456720835
MYS,2004,4939.248518544275
MYS,2005,5555.581799512061
MYS,2006,6158.4078553323625
MYS,2007,7168.930319425083
MYS,2008,8371.82156086005
MYS,2009,7191.4328723462595
MYS,2010,8899.34505544675
MYS,2011,10217.106858503092
MYS,2012,10600.574424002583
MYS,2013,10713.640763889869
MYS,2014,11013.310733440316
MYS,2015,9648.679793752302
MYS,2016,9476.534098099228
MYS,2017,9862.548066122346
MYS,2018,10901.80199544212
MYS,2019,10920.191763972032
MYS,2020,9957.526266976134
MYS,2021,10903.103748077187
MYS,2022,11754.567833624773
MYS,2023,11386.039563652774
MYS,2024,11874.427368424476
NAC,2000,35151.361393698695
NAC,2001,35831.45692137989
NAC,2002,36652.01865850079
NAC,2003,38395.52056520188
NAC,2004,40788.4744089861
NAC,2005,43368.57839406258
NAC,2006,45741.263353840135
NAC,2007,47727.770104472525
NAC,2008,48398.36014109653
NAC,2009,46581.40626316382
NAC,2010,48545.775270694394
NAC,2011,50251.98153199838
NAC,2012,51812.892121004756
NAC,2013,53133.853733842094
NAC,2014,54580.86730392949
NAC,2015,55285.56869178607
NAC,2016,56112.2253713869
NAC,2017,58184.857164756926
NAC,2018,60890.56892586977
NAC,2019,62874.611708958255
NAC,2020,61468.33722084738
NAC,2021,68424.56003159497
NAC,2022,74535.63653926291
NAC,2023,78190.06407355345
NAC,2024,81275.84367817624
NAM,2000,2156.675905127136
NAM,2001,1915.589265948749
NAM,2002,1772.0756553749343
NAM,2003,2569.2473931788263
NAM,2004,3403.1549619295456
NAM,2005,3685.7729999158723
NAM,2006,4017.1834716928024
NAM,2007,4379.043136827322
NAM,2008,4204.785554227491
NAM,2009,4302.913741483761
NAM,2010,5418.216333658139
NAM,2011,5834.791767579403
NAM,2012,5942.646809786729
NAM,2013,5346.621311499674
NAM,2014,5378.323262412051
NAM,2015,4774.106508657753
NAM,2016,4395.687761623764
NAM,2017,5143.960723230756
NAM,2018,5308.608134087051
NAM,2019,4731.921031883102
NAM,2020,3878.589829939662
NAM,2021,4412.835569305204
NAM,2022,4349.799084933142
NAM,2023,4187.605003965253
NAM,2024,4413.127522115718
NCL,2000,15329.729720005778
NCL,2001,14482.360626360245
NCL,2002,16104.552040681865
NCL,2003,20768.10614888481
NCL,2004,24475.648854703708
NCL,2005,25528.291835344433
NCL,2006,28193.253757338694
NCL,2007,35177.65352614477
NCL,2008,35723.90331949466
NCL,2009,33836.49408047197
NCL,2010,35798.90847578292
NCL,2011,38835.940185138475
NCL,2012,35559.5672006157
NCL,2013,36671.156675262064
NCL,2014,37816.95585992946
NCL,2015,30858.723706053293
NCL,2016,30782.854443351425
NCL,2017,32354.710283290082
NCL,2018,34902.896878003085
NCL,2019,33411.33588356718
NCL,2020,33270.33059763696
NCL,2021,35311.5543551452
NCL,2022,33516.36308590602
NCL,2023,33701.892332278054
NCL,2024,29213.19231929465
NER,2000,194.77195989893465
NER,2001,205.4179361209311
NER,2002,225.2943911474382
NER,2003,265.2253634524692
NER,2004,283.4682817982956
NER,2005,318.64312191827327
NER,2006,333.3450784194467
NER,2007,387.1680658833007
NER,2008,475.0449553981623
NER,2009,461.1315339614871
NER,2010,474.4256923408307
NER,2011,510.7595617626796
NER,2012,528.5101044696552
NER,2013,552.1033343631171
NER,2014,565.3098973117496
NER,2015,485.6625741752788
NER,2016,502.70647540644563
NER,2017,521.8041300234345
NER,2018,578.5680356808915
NER,2019,561.6913043496979
NER,2020,579.5124957582361
NER,2021,608.722439593808
NER,2022,609.7451475748783
NER,2023,638.336080897887
NER,2024,735.2702557872258
NGA,2000,547.3182989033786
NGA,2001,566.4282318129331
NGA,2002,712.1648520776855
NGA,2003,763.3887453672226
NGA,2004,962.48104194733
NGA,2005,1211.3770350438622
NGA,2006,1599.5389155636485
NGA,2007,1815.5269754582685
NGA,2008,2154.1054354536427
NGA,2009,1820.4863385478188
NGA,2010,2202.25672957344
NGA,2011,2418.4131697587463
NGA,2012,2633.197346713614
NGA,2013,2872.790833793982
NGA,2014,3088.7213131616927
NGA,2015,2585.733606717974
NGA,2016,2070.412733959496
NGA,2017,1876.3402711177298
NGA,2018,2057.8794455401057
NGA,2019,3189.8128649851574
NGA,2020,2797.184580686855
NGA,2021,2787.4877922442797
NGA,2022,2899.160474703243
NGA,2023,2138.7638371998255
NGA,2024,1084.1604180543611
NIC,2000,1017.3124434882039
NIC,2001,1051.8742358909956
NIC,2002,1014.3339042590969
NIC,2003,1021.3521666879383
NIC,2004,1098.6211866233516
NIC,2005,1183.3021401017506
NIC,2006,1248.1737157778794
NIC,2007,1350.3814575337663
NIC,2008,1523.6843708640893
NIC,2009,1467.0828805284489
NIC,2010,1526.567069514084
NIC,2011,1679.7119208463296
NIC,2012,1784.6983601755483
NIC,2013,1835.439963637147
NIC,2014,1958.370475795471
NIC,2015,2074.4562063473063
NIC,2016,2131.6870482832232
NIC,2017,2182.61380995674
NIC,2018,2035.165493905072
NIC,2019,1958.6205152809537
NIC,2020,1938.4470475438154
NIC,2021,2138.385884694495
NIC,2022,2322.8905396458313
NIC,2023,2609.444920729308
NIC,2024,2847.53966339498
NLD,2000,26225.16977341492
NLD,2001,26955.71280322782
NLD,2002,29446.53308728684
NLD,2003,35896.75046307055
NLD,2004,40611.34143530906
NLD,2005,42165.39616838797
NLD,2006,45123.54324064257
NLD,2007,52100.79962859473
NLD,2008,58246.702690587445
NLD,2009,53172.02615814183
NLD,2010,51305.73385339734
NLD,2011,54701.77280306112
NLD,2012,50473.94420026887
NLD,2013,52602.28605207657
NLD,2014,53457.22348643223
NLD,2015,45793.81354346971
NLD,2016,46808.52914925029
NLD,2017,49513.6817346384
NLD,2018,53955.07700242659
NLD,2019,53554.900749147506
NLD,2020,53467.92774137373
NLD,2021,60141.98809114923
NLD,2022,59123.31855648699
NLD,2023,63515.60307800192
NLD,2024,67520.42189562811
NOR,2000,38178.23687770755
NOR,2001,38601.897639231
NOR,2002,43170.55717449903
NOR,2003,50250.3298214345
NOR,2004,57768.69809584616
NOR,2005,67047.17045582643
NOR,2006,74434.49968356708
NOR,2007,85502.26770877308
NOR,2008,97503.54078037835
NOR,2009,80347.57006651835
NOR,2010,88163.2085931423
NOR,2011,101221.81347664402
NOR,2012,102175.91929837366
NOR,2013,103553.84013441675
NOR,2014,97666.69518387492
NOR,2015,74809.96580498976
NOR,2016,70867.36099707492
NOR,2017,76131.83840327642
NOR,2018,82792.84271133045
NOR,2019,76430.58894733385
NOR,2020,68340.01810337017
NOR,2021,93072.89251195709
NOR,2022,109269.52058029761
NOR,2023,87497.21796495565
NOR,2024,86785.43344891761
NPL,2000,223.8302891830779
NPL,2001,240.7951145446641
NPL,2002,238.89140296105998
NPL,2003,246.42970658763295
NPL,2004,279.58775004442833
NPL,2005,309.0241683393721
NPL,2006,340.4317964379677
NPL,2007,385.44976766064207
NPL,2008,464.8173918915294
NPL,2009,473.0787511986214
NPL,2010,585.2784919845743
NPL,2011,785.518656222132
NPL,2012,788.2029371483766
NPL,2013,803.2695954204771
NPL,2014,821.455224911731
NPL,2015,875.5436354748624
NPL,2016,877.2564546967368
NPL,2017,1034.2837490684637
NPL,2018,1179.1984319038922
NPL,2019,1203.142947064013
NPL,2020,1154.215175783182
NPL,2021,1252.7507673198581
NPL,2022,1385.9106627485075
NPL,2023,1382.3305576930356
NPL,2024,1447.310044584281
NRU,2000,2648.601528609383
NRU,2001,2232.308740267263
NRU,2002,2084.648245209707
NRU,2003,2463.2825907807883
NRU,2004,3040.513498890001
NRU,2005,2992.403827769265
NRU,2006,2910.1414579468446
NRU,2007,2272.1529130704457
NRU,2008,3756.8453122876617
NRU,2009,4410.567646689623
NRU,2010,4735.920005020917
NRU,2011,6444.036420946343
NRU,2012,9842.770327318558
NRU,2013,8974.518868744333
NRU,2014,9230.054403289267
NRU,2015,7747.2558499360675
NRU,2016,8748.156326054284
NRU,2017,9656.979765714845
NRU,2018,11413.746301638905
NRU,2019,10801.770565963465
NRU,2020,10709.068810537998
NRU,2021,14979.09989679903
NRU,2022,12911.908644138142
NRU,2023,12752.472385583755
NRU,2024,13609.158837551997
NZL,2000,13641.102718382228
NZL,2001,13882.856826858602
NZL,2002,16874.187491819564
NZL,2003,21913.70817199608
NZL,2004,25420.234882944005
NZL,2005,27751.06547088586
NZL,2006,26654.593201898522
NZL,2007,32479.981738146667
NZL,2008,31324.739797710237
NZL,2009,28276.72554162253
NZL,2010,33761.90096399468
NZL,2011,38431.77667884989
NZL,2012,40053.69915363686
NZL,2013,43000.4646849189
NZL,2014,44618.266973846985
NZL,2015,38665.37230181578
NZL,2016,40113.71953824275
NZL,2017,42950.38417111379
NZL,2018,43257.07692388786
NZL,2019,42855.831861631974
NZL,2020,41997.783032427884
NZL,2021,49950.425169131646
NZL,2022,49099.70904233575
NZL,2023,49075.956283292675
NZL,2024,49205.17921467924
OED,2000,23049.632936225615
OED,2001,22671.163200852297
OED,2002,23479.811897484902
OED,2003,26073.411607395574
OED,2004,28822.9827767557
OED,2005,30274.05434237287
OED,2006,31719.33608729016
OED,2007,34485.432685679785
OED,2008,36330.025398970385
OED,2009,33747.38712108111
OED,2010,35162.199174352245
OED,2011,37631.41117733152
OED,2012,37353.49751621091
OED,2013,37640.78790256866
OED,2014,38191.05275185063
OED,2015,35779.9123271942
OED,2016,36229.34907736161
OED,2017,37605.27062498896
OED,2018,39552.69567162906
OED,2019,39708.886457663524
OED,2020,38597.24642349604
OED,2021,43027.749427570554
OED,2022,43950.17371093399
OED,2023,46580.44488072262
OED,2024,48322.16442048705
OMN,2000,9753.847551854038
OMN,2001,9611.963601910536
OMN,2002,9869.130502194377
OMN,2003,10463.54258321412
OMN,2004,11800.850741117127
OMN,2005,14434.857792464712
OMN,2006,16930.856507185275
OMN,2007,18792.653772481983
OMN,2008,26576.779241508975
OMN,2009,20655.918024921848
OMN,2010,23570.179814732484
OMN,2011,25188.007415188506
OMN,2012,24642.297876859564
OMN,2013,23458.02338400529
OMN,2014,23160.65022525467
OMN,2015,18808.30779218389
OMN,2016,17110.189746054482
OMN,2017,17820.066180933452
OMN,2018,19901.76156420162
OMN,2019,19180.186415280146
OMN,2020,16784.86306300576
OMN,2021,19403.460016021098
OMN,2022,23223.582940593456
OMN,2023,21027.738477888633
OMN,2024,20285.22728973766
OSS,2000,4847.450333011942
OSS,2001,4780.954929789743
OSS,2002,5142.0869407817945
OSS,2003,6311.764350030336
OSS,2004,7419.393873653039
OSS,2005,8233.339809479541
OSS,2006,9046.586805296614
OSS,2007,10758.375023686556
OSS,2008,11515.142130368244
OSS,2009,9809.3888095896291
OSS,2010,10149.563262131438
OSS,2011,11469.951892872159
OSS,2012,11084.102061754724
OSS,2013,11421.795928002988
OSS,2014,11682.616585940146
OSS,2015,10359.118246257422
OSS,2016,10813.382696043145
OSS,2017,11950.97405530037
OSS,2018,13025.990833966034
OSS,2019,12907.616256027351
OSS,2020,11770.456412737904
OSS,2021,13717.089487735258
OSS,2022,14320.77067762878
OSS,2023,15334.104650222818
OSS,2024,16094.12661731265
PAK,2000,642.3383464998977
PAK,2001,609.9395069050735
PAK,2002,599.9373457239274
PAK,2003,672.44178669894
PAK,2004,771.9022473489538
PAK,2005,827.6198611899258
PAK,2006,900.8735649848085
PAK,2007,998.090114197524
PAK,2008,1067.0432456528365
PAK,2009,963.7880663952247
PAK,2010,987.3045711244854
PAK,2011,1131.7351383432383
PAK,2012,1204.364754915847
PAK,2013,1225.4340119198034
PAK,2014,1266.6134084995933
PAK,2015,1380.4702083831723
PAK,2016,1424.6916119589737
PAK,2017,1519.2345951424784
PAK,2018,1569.3381462635487
PAK,2019,1390.416909817447
PAK,2020,1278.3973520689553
PAK,2021,1455.3192237018598
PAK,2022,1538.3228133170996
PAK,2023,1360.3241775841927
PAK,2024,1478.7727797799566
PAN,2000,3975.093102755443
PAN,2001,3991.7767209465464
PAN,2002,4090.5861645608156
PAN,2003,4264.66428949623
PAN,2004,4644.565811775815
PAN,2005,5017.741104148322
PAN,2006,5528.767058549005
PAN,2007,6317.817305146605
PAN,2008,7347.590490468393
PAN,2009,7796.926183634326
PAN,2010,8331.464222599672
PAN,2011,9662.295909119792
PAN,2012,11064.806366200306
PAN,2013,12273.322498378779
PAN,2014,13213.198959113728
PAN,2015,14082.65484349964
PAN,2016,14832.36116524589
PAN,2017,15694.629751849472
PAN,2018,16151.327343348576
PAN,2019,16477.906626811135
PAN,2020,13290.560839774871
PAN,2021,15509.80691241387
PAN,2022,17378.607001755714
PAN,2023,18797.193399404456
PAN,2024,19161.218850159614
PER,2000,1945.4133845169831
PER,2001,1929.5727303884632
PER,2002,2007.3701962675275
PER,2003,2129.4411419763424
PER,2004,2397.2514727771386
PER,2005,2706.669472976084
PER,2006,3129.5599649698206
PER,2007,3581.089308191696
PER,2008,4197.584446341415
PER,2009,4181.1875546225265
PER,2010,5072.114940196154
PER,2011,5861.3579364524485
PER,2012,6519.378529815272
PER,2013,6746.800256966015
PER,2014,6667.134103608605
PER,2015,6231.711503388939
PER,2016,6217.03599995447
PER,2017,6736.16693725487
PER,2018,6978.491215486268
PER,2019,7037.008036926039
PER,2020,6133.3255241018305
PER,2021,6826.20255614477
PER,2022,7350.6303430041735
PER,2023,7887.54185920108
PER,2024,8452.371670566214
PHL,2000,1050.7927310795235
PHL,2001,969.5306117444528
PHL,2002,1014.9087932010623
PHL,2003,1027.2301192842956
PHL,2004,1099.6301302375837
PHL,2005,1220.4601855986728
PHL,2006,1426.1464917954625
PHL,2007,1712.6554328279278
PHL,2008,1959.2923353497781
PHL,2009,1864.450434064713
PHL,2010,2162.9137588561402
PHL,2011,2383.9189252208703
PHL,2012,2614.6164440130824
PHL,2013,2781.2795767739717
PHL,2014,2866.838037614072
PHL,2015,2909.8581801030064
PHL,2016,2985.195640240464
PHL,2017,3038.1212495928917
PHL,2018,3168.5103660972686
PHL,2019,3400.789497670743
PHL,2020,3227.579102351993
PHL,2021,3484.3859388281885
PHL,2022,3548.0693057211556
PHL,2023,3804.0827413109687
PHL,2024,3984.8315387656016
PLW,2000,7798.075041938523
PLW,2001,8239.263540065318
PLW,2002,8340.189813045583
PLW,2003,7862.3931898736955
PLW,2004,8393.730525412311
PLW,2005,9635.283575390484
PLW,2006,9881.659707169805
PLW,2007,10402.536752890737
PLW,2008,10577.501907762009
PLW,2009,10147.774109281469
PLW,2010,10221.916376235431
PLW,2011,10993.6038613491
PLW,2012,12137.173223992064
PLW,2013,12698.924011894493
PLW,2014,13863.454415506803
PLW,2015,16154.053215237256
PLW,2016,17150.475937723884
PLW,2017,16401.784756787056
PLW,2018,16166.967107375154
PLW,2019,15846.796847016687
PLW,2020,14708.211953691434
PLW,2021,13009.248163021313
PLW,2022,13729.760276149613
PLW,2023,15610.823193103235
PLW,2024,NA
PNG,2000,635.9579190477252
PNG,2001,537.8474596341313
PNG,2002,506.3317895344825
PNG,2003,577.4679223872586
PNG,2004,620.5961476805612
PNG,2005,744.4864899774326
PNG,2006,1238.1828292670598
PNG,2007,1370.7534158289998
PNG,2008,1624.793199351879
PNG,2009,1568.831933686068
PNG,2010,1866.8688985120782
PNG,2011,2288.375911412337
PNG,2012,2635.087363154696
PNG,2013,2560.7745897632676
PNG,2014,2723.1752982519574
PNG,2015,2484.5963398603
PNG,2016,2316.3947975849233
PNG,2017,2477.765309863235
PNG,2018,2566.3683373504064
PNG,2019,2575.772741403927
PNG,2020,2429.611345852686
PNG,2021,2607.57861874444
PNG,2022,3102.2896859406083
PNG,2023,2966.0683043205463
PNG,2024,3006.7056447892346
POL,2000,4520.641004491105
POL,2001,5015.237900366129
POL,2002,5223.451789670818
POL,2003,5720.81366178104
POL,2004,6711.72715262967
POL,2005,8043.923322537572
POL,2006,9068.855283076271
POL,2007,11272.529368338306
POL,2008,14048.560467265392
POL,2009,11556.302686602616
POL,2010,12567.731767638152
POL,2011,13867.666940819152
POL,2012,13087.42094332095
POL,2013,13621.902379403095
POL,2014,14262.284191411594
POL,2015,12637.522032440615
POL,2016,12464.011050847552
POL,2017,13913.340291992668
POL,2018,15658.212031679395
POL,2019,15874.522053125382
POL,2020,16150.930481347252
POL,2021,18635.51048957537
POL,2022,18891.212116927858
POL,2023,22145.26606474287
POL,2024,25103.56566142297
PRE,2000,503.56264127267673
PRE,2001,465.95490219053676
PRE,2002,523.6158602286025
PRE,2003,554.26625446439
PRE,2004,670.7837111508312
PRE,2005,815.4544640761192
PRE,2006,997.4215140052056
PRE,2007,1173.4002044115316
PRE,2008,1423.2010662105902
PRE,2009,1252.3292549305438
PRE,2010,1421.4890514223086
PRE,2011,1596.9091443784791
PRE,2012,1686.9600792633416
PRE,2013,1796.0033709711172
PRE,2014,1848.0709491355226
PRE,2015,1524.98608713796
PRE,2016,1316.7456721468538
PRE,2017,1338.9601188462564
PRE,2018,1449.8556207084303
PRE,2019,1681.190657546657
PRE,2020,1496.3376748839732
PRE,2021,1594.1422981329224
PRE,2022,1770.155790327816
PRE,2023,1558.3434469340068
PRE,2024,1366.0657725562173
PRI,2000,16192.12697196377
PRI,2001,18123.19870199179
PRI,2002,18731.459389737847
PRI,2003,19557.12024923584
PRI,2004,20988.992332653404
PRI,2005,21959.322696986048
PRI,2006,22935.94115863129
PRI,2007,23664.88234850958
PRI,2008,24898.334585704462
PRI,2009,25768.725888338446
PRI,2010,26414.88106345475
PRI,2011,27170.076654327753
PRI,2012,27742.024476618015
PRI,2013,28212.049973743106
PRI,2014,28576.09880232088
PRI,2015,29242.04146508496
PRI,2016,29978.088926891833
PRI,2017,30328.479490518017
PRI,2018,30679.91819344879
PRI,2019,31830.528499335844
PRI,2020,31427.11307628314
PRI,2021,32619.070460117367
PRI,2022,35353.68215700139
PRI,2023,36980.78847842869
PRI,2024,39343.7154660139
PRK,2000,NA
PRK,2001,NA
PRK,2002,NA
PRK,2003,NA
PRK,2004,NA
PRK,2005,NA
PRK,2006,NA
PRK,2007,NA
PRK,2008,NA
PRK,2009,NA
PRK,2010,NA
PRK,2011,NA
PRK,2012,NA
PRK,2013,NA
PRK,2014,NA
PRK,2015,NA
PRK,2016,NA
PRK,2017,NA
PRK,2018,NA
PRK,2019,NA
PRK,2020,NA
PRK,2021,NA
PRK,2022,NA
PRK,2023,NA
PRK,2024,NA
PRT,2000,11526.372066796823
PRT,2001,11734.764974395395
PRT,2002,12936.692820448196
PRT,2003,15797.782134027593
PRT,2004,18064.15809329872
PRT,2005,18780.127512409996
PRT,2006,19839.45404990321
PRT,2007,22811.056484436518
PRT,2008,24949.041356673933
PRT,2009,23151.21541307117
PRT,2010,22551.935098808972
PRT,2011,23246.542541648112
PRT,2012,20593.4274224109
PRT,2013,21676.485964271385
PRT,2014,22120.685012710746
PRT,2015,19215.781301434683
PRT,2016,19980.280886651573
PRT,2017,21442.384276887915
PRT,2018,23541.14010752886
PRT,2019,23343.362897003433
PRT,2020,22299.404406217305
PRT,2021,24711.451006211093
PRT,2022,24620.51975871808
PRT,2023,27634.6183139773
PRT,2024,29292.242104753037
PRY,2000,1736.1172921076502
PRY,2001,1637.686151229318
PRY,2002,1367.7650693599712
PRY,2003,1443.9988523620518
PRY,2004,1786.215339385431
PRY,2005,1970.8716985237797
PRY,2006,2439.4312469457595
PRY,2007,3211.9362165954644
PRY,2008,4384.9546943780315
PRY,2009,3941.848154794308
PRY,2010,4750.962736694582
PRY,2011,5805.401545429248
PRY,2012,5642.1699167284605
PRY,2013,6435.683427330044
PRY,2014,6652.254789424609
PRY,2015,5879.337923087617
PRY,2016,5775.159633995956
PRY,2017,6152.267115377905
PRY,2018,6258.449916409836
PRY,2019,5821.181995487379
PRY,2020,5365.472207211041
PRY,2021,5976.93179789949
PRY,2022,6205.625953793195
PRY,2023,6299.990265337135
PRY,2024,6416.097089708445
PSE,2000,1476.1718500023783
PSE,2001,1335.5531952935903
PSE,2002,1156.217473457691
PSE,2003,1257.6985700968853
PSE,2004,1422.1908864354423
PSE,2005,1543.7014139277364
PSE,2006,1570.1043996272826
PSE,2007,1664.2457166927647
PSE,2008,2035.2023412176636
PSE,2009,2191.781787368677
PSE,2010,2557.075623566985
PSE,2011,2880.798437079093
PSE,2012,3067.4387273561442
PSE,2013,3315.2975390928173
PSE,2014,3352.112595060428
PSE,2015,3272.1543236070793
PSE,2016,3527.6138241317785
PSE,2017,3620.3604871593707
PSE,2018,3562.3309427025574
PSE,2019,3656.858271370109
PSE,2020,3233.5686383585844
PSE,2021,3678.63565662194
PSE,2022,3799.9552701516295
PSE,2023,3455.0285291171217
PSE,2024,2592.30591217647
PSS,2000,1686.6057044536876
PSS,2001,1637.0634928456568
PSS,2002,1695.0114974175121
PSS,2003,1997.2805253868944
PSS,2004,2270.7265784360607
PSS,2005,2492.3872407306585
PSS,2006,2586.87375078468
PSS,2007,2819.697497386453
PSS,2008,2989.223846767698
PSS,2009,2668.401063609782
PSS,2010,2900.9291941564793
PSS,2011,3339.332612144867
PSS,2012,3493.0870567951056
PSS,2013,3584.6215764591984
PSS,2014,3846.9115022365895
PSS,2015,3722.774556591704
PSS,2016,3856.7045906095072
PSS,2017,4099.799658672674
PSS,2018,4247.090127624896
PSS,2019,4136.341408941612
PSS,2020,3592.0411050729645
PSS,2021,3600.81254375167
PSS,2022,3896.8106084735514
PSS,2023,4173.799647485125
PSS,2024,4453.585612802757
PST,2000,25890.898639657335
PST,2001,25517.870855399993
PST,2002,26484.337833768874
PST,2003,29550.1857442906
PST,2004,32671.083469467358
PST,2005,34219.02042374168
PST,2006,35820.425814470946
PST,2007,38870.36361103179
PST,2008,40922.25375440489
PST,2009,38339.40656303668
PST,2010,39801.864114779426
PST,2011,42635.82208646035
PST,2012,42374.82236534191
PST,2013,42643.09961830404
PST,2014,43322.202973892425
PST,2015,40775.9479386213
PST,2016,41502.222289552185
PST,2017,43114.268852139234
PST,2018,45535.8018785923
PST,2019,45840.35361147638
PST,2020,44743.73893243104
PST,2021,49855.22693965961
PST,2022,50969.80164101397
PST,2023,53813.741830867744
PST,2024,55644.31478993401
PYF,2000,14978.324104667972
PYF,2001,14640.936006229802
PYF,2002,16004.058329211186
PYF,2003,19582.89363953116
PYF,2004,21764.2203208782
PYF,2005,21984.193623071948
PYF,2006,22330.86766590555
PYF,2007,24888.17813373606
PYF,2008,26592.026283573166
PYF,2009,24434.21975552078
PYF,2010,22494.80670618603
PYF,2011,22831.518534852352
PYF,2012,20846.545747836444
PYF,2013,21955.63292640951
PYF,2014,22258.632138425084
PYF,2015,19166.959476193068
PYF,2016,19690.077573458868
PYF,2017,20826.93124921722
PYF,2018,21925.616043938026
PYF,2019,21582.58920468011
PYF,2020,19966.48385038589
PYF,2021,21426.385444983494
PYF,2022,20053.95693693217
PYF,2023,21832.283179556853
PYF,2024,22439.883874602452
QAT,2000,27535.182940934046
QAT,2001,25870.799186431443
QAT,2002,27226.659351011684
QAT,2003,31602.470865135998
QAT,2004,41035.50083801774
QAT,2005,53949.676409114654
QAT,2006,62582.445313875534
QAT,2007,65954.3419525051
QAT,2008,80781.4039187792
QAT,2009,60785.73515516575
QAT,2010,76462.61194867358
QAT,2011,103261.51029306755
QAT,2012,108470.38702322898
QAT,2013,103697.06278914357
QAT,2014,95840.68989342384
QAT,2015,68985.2433380102
QAT,2016,61253.621799709115
QAT,2017,63279.87674862159
QAT,2018,71039.93082400775
QAT,2019,66841.3623185691
QAT,2020,51683.56810789495
QAT,2021,71751.93633988561
QAT,2022,88701.4689763536
QAT,2023,81816.97979674811
QAT,2024,76688.69417431785
ROU,2000,1659.929049105278
ROU,2001,1825.192993731835
ROU,2002,2119.8550968455434
ROU,2003,2679.4062601615437
ROU,2004,3494.9905644895534
ROU,2005,4618.003508029132
ROU,2006,5757.531273011785
ROU,2007,8360.337759165957
ROU,2008,10435.156123078721
ROU,2009,8548.454340924196
ROU,2010,8399.537423428405
ROU,2011,9560.675527745803
ROU,2012,8929.953662314741
ROU,2013,9497.674116152373
ROU,2014,10031.771075540391
ROU,2015,8977.017481581965
ROU,2016,9404.540058707149
ROU,2017,10727.982200742588
ROU,2018,12416.134317958962
ROU,2019,12909.610401324388
ROU,2020,13009.177057322293
ROU,2021,14907.980365214295
ROU,2022,15503.551804597973
ROU,2023,18244.418687632093
ROU,2024,20080.209621559497
RUS,2000,1771.59411621094
RUS,2001,2100.3525390625
RUS,2002,2377.52954101563
RUS,2003,2975.123046875
RUS,2004,4102.36474609375
RUS,2005,5323.455078125
RUS,2006,6920.19970703125
RUS,2007,9101.2392578125
RUS,2008,11635.2841796875
RUS,2009,8562.82421875
RUS,2010,10674.990234375
RUS,2011,14305.33203125
RUS,2012,15401.8515625
RUS,2013,15941.4482421875
RUS,2014,14055.47265625
RUS,2015,9277.7138671875
RUS,2016,8663.158203125
RUS,2017,10658.9130859375
RUS,2018,11211.8876953125
RUS,2019,11447.701171875
RUS,2020,10108.3271484375
RUS,2021,12425.029296875
RUS,2022,15619.6142578125
RUS,2023,14159.3876953125
RUS,2024,14889.0185546875
RWA,2000,251.8692638609096
RWA,2001,237.30884620090103
RWA,2002,234.0430167557329
RWA,2003,249.01227498225194
RWA,2004,269.54044633340214
RWA,2005,324.0168638471888
RWA,2006,356.99502290115373
RWA,2007,426.2341834876285
RWA,2008,528.3263917555024
RWA,2009,564.039095842449
RWA,2010,593.6249277443457
RWA,2011,651.1336779646617
RWA,2012,706.8172691685614
RWA,2013,704.9242185112298
RWA,2014,724.9575265209055
RWA,2015,733.9986298824938
RWA,2016,729.5191338129448
RWA,2017,758.3009665096474
RWA,2018,771.7735112073091
RWA,2019,810.05141213735385
RWA,2020,778.7014989250262
RWA,2021,829.5448452636966
RWA,2022,975.4693237353686
RWA,2023,1027.0344682656455
RWA,2024,999.6545616554698
SAS,2000,440.4679189109308
SAS,2001,446.4189193488709
SAS,2002,462.89883649667195
SAS,2003,532.6615468442899
SAS,2004,606.478041696258
SAS,2005,686.3381934754725
SAS,2006,769.3787043135121
SAS,2007,967.6979115612828
SAS,2008,958.2755114602973
SAS,2009,1054.4355588574476
SAS,2010,1294.0273440497301
SAS,2011,1397.0068255099857
SAS,2012,1387.1820595662482
SAS,2013,1405.8407235792965
SAS,2014,1528.492087334083
SAS,2015,1570.5414246291698
SAS,2016,1722.9070341514437
SAS,2017,1956.0670755418591
SAS,2018,1988.3663331799025
SAS,2019,2067.059756876371
SAS,2020,1957.2034372268604
SAS,2021,2273.720557986887
SAS,2022,2385.083418962715
SAS,2023,2532.389889933059
SAS,2024,2690.0788374900285
SAU,2000,11714.562367515855
SAU,2001,10805.311325121995
SAU,2002,10586.05434713628
SAU,2003,11487.22041069298
SAU,2004,13154.497898944626
SAU,2005,15975.747378225802
SAU,2006,17563.614537063942
SAU,2007,18596.15026278984
SAU,2008,22320.48889643311
SAU,2009,17718.391164836474
SAU,2010,22028.390142658573
SAU,2011,27126.74987477018
SAU,2012,28733.437551345218
SAU,2013,27865.465604962024
SAU,2014,27805.48503194224
SAU,2015,23256.154955353068
SAU,2016,22267.721705038737
SAU,2017,23929.290713598155
SAU,2018,29360.065896856635
SAU,2019,29566.79338274359
SAU,2020,24338.830730106733
SAU,2021,31920.765365564308
SAU,2022,38510.22762110374
SAU,2023,36156.848337700976
SAU,2024,35121.66286877422
SDN,2000,362.116882324219
SDN,2001,451.293304443359
SDN,2002,506.262634277344
SDN,2003,580.320251464844
SDN,2004,705.113342285156
SDN,2005,905.543640136719
SDN,2006,1132.474609375
SDN,2007,1444.37219238281
SDN,2008,1527.58239746094
SDN,2009,1178.22180175781
SDN,2010,1305.63598632813
SDN,2011,1332.6572265625
SDN,2012,1019.22210693359
SDN,2013,1138.62780761719
SDN,2014,1275.43835449219
SDN,2015,1292.37963867188
SDN,2016,1033.21594238281
SDN,2017,966.505676269531
SDN,2018,731.027465820313
SDN,2019,709.975280761719
SDN,2020,577.795227050781
SDN,2021,712.122009277344
SDN,2022,1046.24084472656
SDN,2023,797.283447265625
SDN,2024,984.607666015625
SEN,2000,603.2331624551578
SEN,2001,637.2135305637236
SEN,2002,669.4304473192087
SEN,2003,817.8880342214424
SEN,2004,918.1020795221553
SEN,2005,979.846101520171
SEN,2006,1017.2019674798737
SEN,2007,1188.9387780817513
SEN,2008,1398.7921801002094
SEN,2009,1308.6940433620512
SEN,2010,1275.8835749235707
SEN,2011,1374.6759187384446
SEN,2012,1326.837988483788
SEN,2013,1379.831965539237
SEN,2014,1398.8913760138187
SEN,2015,1218.0061355543774
SEN,2016,1266.439571515872
SEN,2017,1356.8051844903102
SEN,2018,1452.556125624453
SEN,2019,1431.1812893215913
SEN,2020,1461.087203505526
SEN,2021,1598.1067695227428
SEN,2022,1574.0281059305996
SEN,2023,1698.0338730084263
SEN,2024,1773.218299234481
SGP,2000,23852.83895147527
SGP,2001,21699.741486890685
SGP,2002,22159.837371063877
SGP,2003,23730.384005456584
SGP,2004,27608.08001342299
SGP,2005,29961.317281273157
SGP,2006,33768.452823465144
SGP,2007,39432.88601988765
SGP,2008,40008.57204890916
SGP,2009,38926.805436545284
SGP,2010,47236.68308495301
SGP,2011,53891.45702643717
SGP,2012,55547.55530777861
SGP,2013,56967.42579403833
SGP,2014,57564.80231149774
SGP,2015,55645.60686146057
SGP,2016,57005.58871765469
SGP,2017,61236.251270626955
SGP,2018,66881.60670352653
SGP,2019,65952.03789592929
SGP,2020,61410.079263078835
SGP,2021,80056.12882478436
SGP,2022,90299.0694637269
SGP,2023,85412.23034523505
SGP,2024,90674.066632628
SLB,2000,953.1719013770598
SLB,2001,911.7919353854105
SLB,2002,756.8902964907919
SLB,2003,895.9842425465007
SLB,2004,986.0709535038892
SLB,2005,1144.4923339768086
SLB,2006,1255.62447417684
SLB,2007,1390.1487095670689
SLB,2008,1525.846662612026
SLB,2009,1554.7067100638596
SLB,2010,1685.145358237572
SLB,2011,1924.0579564313298
SLB,2012,2066.257386383555
SLB,2013,2161.386275439168
SLB,2014,2164.9528987300178
SLB,2015,2045.477215266493
SLB,2016,2082.6238312421337
SLB,2017,2143.5767048927164
SLB,2018,2278.19908624102
SLB,2019,2223.658909424658
SLB,2020,2063.3278099196723
SLB,2021,2043.4441317065825
SLB,2022,1877.7810449095555
SLB,2023,1882.6439414804188
SLB,2024,1933.55538435227
SLE,2000,143.74374323964406
SLE,2001,358.3157160515458
SLE,2002,388.99511121683577
SLE,2003,413.8176073469269
SLE,2004,417.7499833292271
SLE,2005,462.6333244279451
SLE,2006,580.26796974773
SLE,2007,631.8899262649983
SLE,2008,705.3590140800051
SLE,2009,652.8458067679428
SLE,2010,685.0396734909484
SLE,2011,761.146365577281
SLE,2012,937.504428180231
SLE,2013,1117.471830751147
SLE,2014,1117.758646572104
SLE,2015,964.5759808889885
SLE,2016,844.4164111754764
SLE,2017,779.1860078417283
SLE,2018,845.9145404609322
SLE,2019,843.7125178099767
SLE,2020,845.2775579205489
SLE,2021,885.3964018853954
SLE,2022,860.3710679160964
SLE,2023,758.3291373782481
SLE,2024,806.6546504177259
SLV,2000,1982.8709354261541
SLV,2001,2058.044590704517
SLV,2002,2115.4118735562624
SLV,2003,2207.830895180691
SLV,2004,2285.6890743889217
SLV,2005,2447.3914084539406
SLV,2006,2665.618071948525
SLV,2007,2830.6569377073274
SLV,2008,2983.2482957797565
SLV,2009,2910.186517520108
SLV,2010,3040.0730095287786
SLV,2011,3330.6004948665272
SLV,2012,3497.912569155091
SLV,2013,3582.266940051694
SLV,2014,3666.012489138733
SLV,2015,3790.3408910816156
SLV,2016,3901.3401496581087
SLV,2017,4020.1267137391883
SLV,2018,4183.546209713581
SLV,2019,4320.116715346275
SLV,2020,3997.192795837087
SLV,2021,4642.607431013421
SLV,2022,5074.602102218056
SLV,2023,5365.444913991706
SLV,2024,5579.659691650286
SMR,2000,37600.70773796005
SMR,2001,39035.10342904454
SMR,2002,41790.8432718184
SMR,2003,52529.909370105925
SMR,2004,58232.0176184948
SMR,2005,59877.80058397368
SMR,2006,63270.778075515744
SMR,2007,70124.46343856241
SMR,2008,75902.13205217646
SMR,2009,62428.9943269418
SMR,2010,56543.18982040975
SMR,2011,55601.3929703047
SMR,2012,47945.899173428064
SMR,2013,50807.82891380245
SMR,2014,51260.493834712455
SMR,2015,43146.82404354277
SMR,2016,44359.479766268836
SMR,2017,45192.027976694255
SMR,2018,47950.688055713574
SMR,2019,46630.144312072465
SMR,2020,44326.95567464109
SMR,2021,54176.47980216276
SMR,2022,54190.84177003716
SMR,2023,59879.717301565135
SMR,2024,NA
SOM,2000,386.11927440127516
SOM,2001,244.91484253845545
SOM,2002,229.59891831003918
SOM,2003,286.27302519897466
SOM,2004,375.4103262253873
SOM,2005,439.97990780547764
SOM,2006,457.99666220665927
SOM,2007,479.6356280652894
SOM,2008,507.03744334738
SOM,2009,246.5132516751049
SOM,2010,219.20245385239681
SOM,2011,235.3259456104336
SOM,2012,350.2619467205121
SOM,2013,393.3987039529792
SOM,2014,429.43165672510173
SOM,2015,445.583080073396
SOM,2016,460.928490585175
SOM,2017,510.93995231772567
SOM,2018,509.49727380453385
SOM,2019,539.9548162116943
SOM,2020,518.1611333387503
SOM,2021,549.0569947562539
SOM,2022,573.1411657982293
SOM,2023,596.885985135589
SOM,2024,629.5388994490074
SRB,2000,974.7254692786152
SRB,2001,1812.4208828139301
SRB,2002,2390.7345944710696
SRB,2003,3153.901131275404
SRB,2004,3597.087980570085
SRB,2005,3807.9741732178645
SRB,2006,4492.7136699046005
SRB,2007,6081.087657002025
SRB,2008,7376.735179107163
SRB,2009,6414.044846384702
SRB,2010,5970.9266094007235
SRB,2011,7082.286166607503
SRB,2012,6263.040860728149
SRB,2013,7040.418120687808
SRB,2014,6886.67809068704
SRB,2015,5820.321557688796
SRB,2016,5982.370301264708
SRB,2017,6548.036538241869
SRB,2018,7559.861657473944
SRB,2019,7755.632986436999
SRB,2020,8098.7095566884855
SRB,2021,9680.527980744677
SRB,2022,10024.819111259634
SRB,2023,12281.707946166955
SRB,2024,13679.206598355697
SSA,2000,684.2792339951183
SSA,2001,638.1427869987555
SSA,2002,681.5449348377551
SSA,2003,837.7145825747664
SSA,2004,1013.7340215766244
SSA,2005,1174.6311605487451
SSA,2006,1349.88715192875
SSA,2007,1518.8219699938982
SSA,2008,1672.7198350868623
SSA,2009,1545.1157789207848
SSA,2010,1789.3437421340172
SSA,2011,1958.0810541972469
SSA,2012,1970.2374575660551
SSA,2013,2035.6357163653522
SSA,2014,2058.4331234678953
SSA,2015,1763.27463036367
SSA,2016,1545.279482912652
SSA,2017,1641.3923995743926
SSA,2018,1718.4234609844834
SSA,2019,1907.2249943638708
SSA,2020,1716.5086386142675
SSA,2021,1885.4815596590277
SSA,2022,1963.803300323743
SSA,2023,1750.1313683694618
SSA,2024,1576.6916687519144
SSD,2000,NA
SSD,2001,NA
SSD,2002,NA
SSD,2003,NA
SSD,2004,NA
SSD,2005,NA
SSD,2006,NA
SSD,2007,NA
SSD,2008,1654.2115354655461
SSD,2009,1323.220687478618
SSD,2010,1498.2703498519422
SSD,2011,1448.9843500640816
SSD,2012,1109.2605008340763
SSD,2013,1650.1894335352792
SSD,2014,1242.7345018103244
SSD,2015,1080.1471862476544
SSD,2016,NA
SSD,2017,NA
SSD,2018,NA
SSD,2019,NA
SSD,2020,NA
SSD,2021,NA
SSD,2022,NA
SSD,2023,NA
SSD,2024,NA
SSF,2000,629.5297316133174
SSF,2001,587.3970485707395
SSF,2002,625.4689944118525
SSF,2003,766.5008429300018
SSF,2004,926.4354998200066
SSF,2005,1073.529774031812
SSF,2006,1234.133400095308
SSF,2007,1390.5886507496234
SSF,2008,1536.6676313717444
SSF,2009,1426.9691691994853
SSF,2010,1642.6413419359576
SSF,2011,1795.4381485631563
SSF,2012,1817.3012581663324
SSF,2013,1879.5587312692046
SSF,2014,1906.7959697101692
SSF,2015,1646.4494113931642
SSF,2016,1455.035253045712
SSF,2017,1546.917741993232
SSF,2018,1620.5414080591913
SSF,2019,1795.5612786553966
SSF,2020,1627.3456959629716
SSF,2021,1785.4666491661435
SSF,2022,1865.1163526069874
SSF,2023,1680.779666722183
SSF,2024,1532.9276355020681
SST,2000,4846.982126178112
SST,2001,4839.487178286426
SST,2002,5133.132245922484
SST,2003,6060.640340854274
SST,2004,6954.010908264182
SST,2005,7779.765881340999
SST,2006,8649.72106282857
SST,2007,10056.357483599171
SST,2008,10974.892203873098
SST,2009,9296.644408654807
SST,2010,9813.583195837573
SST,2011,10893.629836985408
SST,2012,10844.520758575582
SST,2013,11132.360216591498
SST,2014,11413.589286302204
SST,2015,10446.85034190702
SST,2016,10486.216109490262
SST,2017,11304.505081087776
SST,2018,12057.78858118301
SST,2019,11990.467099646517
SST,2020,10723.093901860955
SST,2021,12428.608767454361
SST,2022,13636.466119078703
SST,2023,14346.320278339568
SST,2024,15383.34256386739
STP,2000,529.0893834122617
STP,2001,518.88050130005
STP,2002,568.1025725227101
STP,2003,663.6962118104944
STP,2004,726.5608821304438
STP,2005,844.1691818842738
STP,2006,861.9707076976637
STP,2007,878.8857919187451
STP,2008,1081.868458472896
STP,2009,1128.2804621330542
STP,2010,1045.2095823452787
STP,2011,1219.801890896708
STP,2012,1192.0202911189003
STP,2013,1382.5757842916
STP,2014,1489.67633417608
STP,2015,1298.1094659639627
STP,2016,1434.8701805052076
STP,2017,1555.794778128885
STP,2018,1825.5997175396567
STP,2019,1935.2931816595997
STP,2020,2167.220017969252
STP,2021,2362.5882724810217
STP,2022,2389.7372978473672
STP,2023,2990.6606143534955
STP,2024,3490.5688348655713
SUR,2000,1988.2217292543257
SUR,2001,1714.648466372421
SUR,2002,2202.3406821960007
SUR,2003,2516.1040402095623
SUR,2004,2887.7721728843953
SUR,2005,3453.428659377645
SUR,2006,5002.657986957588
SUR,2007,5530.176156383091
SUR,2008,6576.085463072488
SUR,2009,7129.576862629098
SUR,2010,7943.604828169148
SUR,2011,7949.888672183829
SUR,2012,8851.240506689084
SUR,2013,9043.192815292216
SUR,2014,9108.189054067641
SUR,2015,8813.61705392067
SUR,2016,5644.2061057531955
SUR,2017,6049.521285536751
SUR,2018,6665.741804722391
SUR,2019,6629.667752486033
SUR,2020,4755.392217106932
SUR,2021,5029.848385439529
SUR,2022,6084.438767364452
SUR,2023,5521.97602122638
SUR,2024,6961.789559615257
SVK,2000,5421.6448441887
SVK,2001,5712.47802761654
SVK,2002,6554.628083694613
SVK,2003,8675.396336964648
SVK,2004,10650.129009712562
SVK,2005,11641.54103217625
SVK,2006,13167.89547303789
SVK,2007,16110.48172652373
SVK,2008,18744.31922783459
SVK,2009,16586.752780522773
SVK,2010,16899.448680528953
SVK,2011,18469.43543168364
SVK,2012,17516.969105407792
SVK,2013,18312.780514982347
SVK,2014,18770.9289896545
SVK,2015,16442.07608600175
SVK,2016,16636.076913307334
SVK,2017,17645.529871676117
SVK,2018,19573.37170313141
SVK,2019,19406.058968358197
SVK,2020,19735.485828080054
SVK,2021,22123.334211454523
SVK,2022,21317.794398236263
SVK,2023,24614.87346427939
SVK,2024,25992.674850204778
SVN,2000,10135.721910921158
SVN,2001,10375.625586986062
SVN,2002,11639.129778047698
SVN,2003,14711.674874253047
SVN,2004,17103.82977839046
SVN,2005,17969.70959071607
SVN,2006,19563.005059144023
SVN,2007,23725.159600151535
SVN,2008,27461.97641653151
SVN,2009,24501.78972904253
SVN,2010,23329.841769115577
SVN,2011,24940.628484160476
SVN,2012,22442.141785995507
SVN,2013,23236.9655321695
SVN,2014,24013.06820609594
SVN,2015,20697.27485306189
SVN,2016,21447.83777960361
SVN,2017,23303.07770595903
SVN,2018,25888.04810656553
SVN,2019,25814.168716757213
SVN,2020,25392.06510936123
SVN,2021,29192.840193301865
SVN,2022,28360.304146726812
SVN,2023,32660.475358134645
SVN,2024,34301.03186865935
SWE,2000,29632.58908116233
SWE,2001,27259.317430021718
SWE,2002,29957.77766649162
SWE,2003,37292.24197278008
SWE,2004,42758.00485649289
SWE,2005,43378.40773943629
SWE,2006,46531.37622404847
SWE,2007,53568.30577878322
SWE,2008,55817.17597264853
SWE,2009,46707.64250447509
SWE,2010,52542.57590902992
SWE,2011,60379.48145993216
SWE,2012,57749.56154208534
SWE,2013,60843.98887993689
SWE,2014,59583.45844917144
SWE,2015,51188.165212049265
SWE,2016,51703.508833285116
SWE,2017,53210.22333189649
SWE,2018,54018.45543918606
SWE,2019,51648.98928205141
SWE,2020,52568.57269801464
SWE,2021,60647.54163653466
SWE,2022,54836.890723512355
SWE,2023,54950.28347256223
SWE,2024,57117.487744061626
SWZ,2000,1629.6703884281549
SWZ,2001,1429.8563035944705
SWZ,2002,1315.7363464799394
SWZ,2003,2015.2174306525103
SWZ,2004,2525.5640452625016
SWZ,2005,2871.0687743744857
SWZ,2006,2964.9586520068237
SWZ,2007,3109.1109760886393
SWZ,2008,2946.8606613746038
SWZ,2009,3189.796799566374
SWZ,2010,3922.740393907329
SWZ,2011,4225.060494119111
SWZ,2012,4224.547891744865
SWZ,2013,3949.94310039907
SWZ,2014,3771.072283819378
SWZ,2015,3419.822765595284
SWZ,2016,3238.176119613639
SWZ,2017,3853.099565696787
SWZ,2018,3972.6545062035666
SWZ,2019,3913.1457754733624
SWZ,2020,3466.5693627814517
SWZ,2021,3984.002291743063
SWZ,2022,3894.162008986901
SWZ,2023,3755.5211123246368
SWZ,2024,3909.558923781816
SXM,2000,NA
SXM,2001,NA
SXM,2002,NA
SXM,2003,NA
SXM,2004,NA
SXM,2005,NA
SXM,2006,NA
SXM,2007,NA
SXM,2008,NA
SXM,2009,25528.412619483028
SXM,2010,26403.814369216314
SXM,2011,27317.5178881974
SXM,2012,28149.09978550408
SXM,2013,28529.73246870533
SXM,2014,37134.91242309905
SXM,2015,37839.62838151634
SXM,2016,37308.614779573596
SXM,2017,34701.30584944681
SXM,2018,31708.311012474172
SXM,2019,34861.46952896804
SXM,2020,30150.899838047677
SXM,2021,32548.43668549022
SXM,2022,37793.12843991573
SXM,2023,39451.8223361963
SXM,2024,41472.5874498583
SYC,2000,8063.655005751688
SYC,2001,8153.298636987904
SYC,2002,8864.169194954675
SYC,2003,9070.284607570127
SYC,2004,10827.671636032957
SYC,2005,11802.111827683288
SYC,2006,12782.993892647544
SYC,2007,12669.30266872219
SYC,2008,11265.437627000474
SYC,2009,9747.09180546291
SYC,2010,10934.79494629001
SYC,2011,12110.09374619728
SYC,2012,12337.155466938775
SYC,2013,14821.292147607652
SYC,2014,15188.190217511252
SYC,2015,15333.105172710513
SYC,2016,16566.994604229385
SYC,2017,17480.365191137193
SYC,2018,18440.234046093155
SYC,2019,19141.5118743615
SYC,2020,14041.47540745751
SYC,2021,14982.911148776711
SYC,2022,16836.672189538738
SYC,2023,18262.711584928707
SYC,2024,17858.82263839782
SYR,2000,1138.188485427796
SYR,2001,1186.8291347402724
SYR,2002,1183.2473451033038
SYR,2003,1220.1790772559982
SYR,2004,1368.1148230028018
SYR,2005,1533.901665365676
SYR,2006,1718.7834721733766
SYR,2007,1937.6113857802743
SYR,2008,2429.124770871886
SYR,2009,2462.2019364320217
SYR,2010,2730.614771189487
SYR,2011,2952.1434937225717
SYR,2012,1897.6611501869634
SYR,2013,985.8926692270542
SYR,2014,1060.5910588685424
SYR,2015,847.7316319425646
SYR,2016,656.3490586313004
SYR,2017,851.5020052541528
SYR,2018,1098.0668642356993
SYR,2019,1109.539260360489
SYR,2020,572.3552898319015
SYR,2021,663.6142457068148
SYR,2022,1051.6714958746265
SYR,2023,NA
SYR,2024,NA
TCA,2000,NA
TCA,2001,18325.745811197383
TCA,2002,17803.947176773316
TCA,2003,18859.189027477332
TCA,2004,21246.009800490025
TCA,2005,24122.302818075703
TCA,2006,28734.287306452254
TCA,2007,29443.852303007232
TCA,2008,31453.822875268896
TCA,2009,24596.893801595073
TCA,2010,23093.849826826725
TCA,2011,27327.40063541464
TCA,2012,25923.615650387525
TCA,2013,25653.819867470953
TCA,2014,27292.582025677602
TCA,2015,29457.01406911624
TCA,2016,31373.561268432728
TCA,2017,30014.230952321297
TCA,2018,31625.616593277027
TCA,2019,31780.521706898948
TCA,2020,20690.916054611815
TCA,2021,27329.28850871958
TCA,2022,31280.541802080836
TCA,2023,35470.21516082947
TCA,2024,37506.779843128825
TCD,2000,163.12166368336872
TCD,2001,194.32295331156047
TCD,2002,219.06139195134935
TCD,2003,289.08762112216766
TCD,2004,445.8507671570869
TCD,2005,838.0921077125565
TCD,2006,906.8972605727467
TCD,2007,980.4835314851032
TCD,2008,1166.3688345384062
TCD,2009,1035.637196942538
TCD,2010,1141.800692684123
TCD,2011,1308.1421872537999
TCD,2012,1354.3434470193736
TCD,2013,1304.8874297147465
TCD,2014,1278.7898142249378
TCD,2015,993.99073061086915
TCD,2016,861.8317676307461
TCD,2017,854.4612004009803
TCD,2018,948.6566298712311
TCD,2019,893.3364416433249
TCD,2020,866.9478148904094
TCD,2021,946.3585002083736
TCD,2022,966.0364682785677
TCD,2023,949.3334536745924
TCD,2024,961.5597556250602
TEA,2000,972.8331739160459
TEA,2001,1026.6492096959007
TEA,2002,1127.2509337481924
TEA,2003,1266.107788672408
TEA,2004,1456.9669469412374
TEA,2005,1673.19096529507
TEA,2006,1999.860707796059
TEA,2007,2510.422619933258
TEA,2008,3154.1687285106154
TEA,2009,3398.5298966784635
TEA,2010,4104.802623622593
TEA,2011,4970.505354935648
TEA,2012,5497.155172719174
TEA,2013,6020.72398510662
TEA,2014,6446.136123592402
TEA,2015,6664.488345775575
TEA,2016,6758.743657287014
TEA,2017,7323.513648479192
TEA,2018,8136.370418951371
TEA,2019,8379.365032635742
TEA,2020,8485.328551859788
TEA,2021,10086.417606735587
TEA,2022,10220.477443156708
TEA,2023,10239.816217881638
TEA,2024,10513.95293230333
TEC,2000,2044.3507457654807
TEC,2001,2080.9841911636345
TEC,2002,2340.8250390874337
TEC,2003,2879.653634403648
TEC,2004,3723.4380320893256
TEC,2005,4660.808369300657
TEC,2006,5632.990032338271
TEC,2007,7247.027299432849
TEC,2008,8951.253563768048
TEC,2009,7074.023542623131
TEC,2010,8280.7234376826491
TEC,2011,10028.654556359783
TEC,2012,10418.348493548074
TEC,2013,10965.24871164857
TEC,2014,10307.224268541431
TEC,2015,8009.6187499555845
TEC,2016,7659.549243913634
TEC,2017,8575.461291957641
TEC,2018,8911.877429790144
TEC,2019,9058.74177112172
TEC,2020,8478.350386568056
TEC,2021,10014.510882383678
TEC,2022,11421.136442700137
TEC,2023,12129.86411554317
TEC,2024,13337.438695633742
TGO,2000,409.88980279276814
TGO,2001,396.6926545201353
TGO,2002,445.23869148892504
TGO,2003,538.1653777692896
TGO,2004,560.2663085333824
TGO,2005,551.2598500170766
TGO,2006,552.5022712525598
TGO,2007,607.5878867213521
TGO,2008,718.9483867174725
TGO,2009,720.6937681514155
TGO,2010,704.986772286079
TGO,2011,783.9889446716725
TGO,2012,762.3916237906903
TGO,2013,826.5427999872268
TGO,2014,855.5848092465744
TGO,2015,751.0519875872484
TGO,2016,772.581357620609
TGO,2017,792.765700965864
TGO,2018,851.1205612335951
TGO,2019,826.2552090197977
TGO,2020,863.4686658702757
TGO,2021,962.0751875158718
TGO,2022,951.2323786903866
TGO,2023,1055.0172787792565
TGO,2024,1119.3816050942892
THA,2000,2005.976945142342
THA,2001,1889.934324671445
THA,2002,2089.7518311155445
THA,2003,2347.5400128606598
THA,2004,2641.5626871785717
THA,2005,2867.703834360616
THA,2006,3331.3204351177264
THA,2007,3918.5281743458054
THA,2008,4309.135092929862
THA,2009,4135.439869528185
THA,2010,4973.862888237778
THA,2011,5373.623283289797
THA,2012,5725.5280283546335
THA,2013,6018.082447292549
THA,2014,5801.1978916205
THA,2015,5688.853353978842
THA,2016,5833.577156170984
THA,2017,6413.091825303433
THA,2018,7099.776500814575
THA,2019,7605.696577977591
THA,2020,6985.643938925742
THA,2021,7057.2075480227895
THA,2022,6909.352818158268
THA,2023,7195.101309194487
THA,2024,7346.620221421852
TJK,2000,136.9257164007228
TJK,2001,168.67628536518615
TJK,2002,186.9516382852216
TJK,2003,233.5812484528902
TJK,2004,305.7451585875024
TJK,2005,333.92715094168375
TJK,2006,401.0184033164272
TJK,2007,516.9972106189136
TJK,2008,703.3273758986428
TJK,2009,664.7956557346566
TJK,2010,737.3388832193556
TJK,2011,833.6019782028519
TJK,2012,952.4528196954687
TJK,2013,1028.197042793961
TJK,2014,1081.5440293203876
TJK,2015,956.916310930656
TJK,2016,788.710481734485
TJK,2017,829.4571476495696
TJK,2018,834.2884045788009
TJK,2019,871.0223729348457
TJK,2020,834.3117154606249
TJK,2021,896.7480533721822
TJK,2022,1052.1794948489417
TJK,2023,1178.4799006024873
TJK,2024,1341.2022902767226
TKM,2000,633.8354876380108
TKM,2001,756.0349762763984
TKM,2002,935.5408014784664
TKM,2003,1228.948702894039
TKM,2004,1379.230096826922
TKM,2005,1604.016184523122
TKM,2006,1996.5931071730759
TKM,2007,2414.9607198696376
TKM,2008,3605.503951205493
TKM,2009,3707.978506996173
TKM,2010,4058.5393700073905
TKM,2011,5143.619293346473
TKM,2012,6053.874846874895
TKM,2013,6599.645290554815
TKM,2014,7164.145361840064
TKM,2015,5759.497903834004
TKM,2016,5686.980409627638
TKM,2017,5828.481662348902
TKM,2018,6125.0516971208535
TKM,2019,5998.001743475399
TKM,2020,5972.723565668613
TKM,2021,5723.302271579058
TKM,2022,5837.842245389467
TKM,2023,6231.913238396981
TKM,2024,6856.658027302078
TLA,2000,4388.9261101421625
TLA,2001,4222.974619275107
TLA,2002,3714.3747812475976
TLA,2003,3728.7273907873127
TLA,2004,4252.838254592994
TLA,2005,5103.9706894322435
TLA,2006,5926.882668652185
TLA,2007,6927.882499369956
TLA,2008,7989.380671879034
TLA,2009,7386.600189950356
TLA,2010,9115.801445903624
TLA,2011,10277.607925426435
TLA,2012,10263.482024354736
TLA,2013,10231.082383052166
TLA,2014,10058.666481587203
TLA,2015,8404.377471962182
TLA,2016,8082.023306141424
TLA,2017,8918.302512541559
TLA,2018,8620.468902407552
TLA,2019,8362.634298459678
TLA,2020,6964.371110279603
TLA,2021,8075.788166505642
TLA,2022,9174.556904524283
TLA,2023,10260.51969157821
TLA,2024,10474.280994440765
TLS,2000,492.4576379139055
TLS,2001,587.7006344290791
TLS,2002,533.9824659421538
TLS,2003,534.9011713483854
TLS,2004,474.42072669566255
TLS,2005,487.4645069292226
TLS,2006,464.6670167910755
TLS,2007,540.1546305187846
TLS,2008,628.1531914950258
TLS,2009,686.5793296907315
TLS,2010,813.0602206703688
TLS,2011,939.0452388844062
TLS,2012,1022.6190667590108
TLS,2013,1204.5684332051835
TLS,2014,1224.7495630873264
TLS,2015,1319.5929500315403
TLS,2016,1335.5439107334944
TLS,2017,1266.1777114347092
TLS,2018,1219.4659972898346
TLS,2019,1562.3645806803208
TLS,2020,1630.8693852125593
TLS,2021,2684.926767742773
TLS,2022,2343.2495474018747
TLS,2023,1502.4114743821076
TLS,2024,1331.970513018503
TMN,2000,1246.0197506905886
TMN,2001,1225.8147413988852
TMN,2002,1168.3592730472903
TMN,2003,1263.915745401505
TMN,2004,1463.3046705277002
TMN,2005,1657.842969151542
TMN,2006,1885.1487024766939
TMN,2007,2240.988367831749
TMN,2008,2656.830461409859
TMN,2009,2512.843820365347
TMN,2010,2817.9038021857145
TMN,2011,3234.8825988404205
TMN,2012,3414.8716587695585
TMN,2013,3147.246791762345
TMN,2014,3071.927719889929
TMN,2015,2799.454418115829
TMN,2016,2858.616890968256
TMN,2017,2854.661926380413
TMN,2018,2804.1263314244393
TMN,2019,2688.969329582688
TMN,2020,2402.7348096445157
TMN,2021,2746.968099451828
TMN,2022,3010.1965672691285
TMN,2023,2868.886265012122
TMN,2024,2973.774961552622
TON,2000,1995.0766754627143
TON,2001,1753.516675766262
TON,2002,1759.4805324575996
TON,2003,1936.0410401238914
TON,2004,2195.448900476729
TON,2005,2477.7262014482462
TON,2006,2750.3477860085673
TON,2007,2797.06560109144
TON,2008,3218.453039931955
TON,2009,2914.2377400456385
TON,2010,3416.083566012071
TON,2011,3849.9937575013396
TON,2012,4384.170587242169
TON,2013,4219.246701130143
TON,2014,4136.590137925294
TON,2015,4123.903239933324
TON,2016,3987.9862620628696
TON,2017,4365.929327883834
TON,2018,4675.047912743854
TON,2019,4788.833423046843
TON,2020,4792.358547415216
TON,2021,4922.801713783675
TON,2022,5298.019415099507
TON,2023,5651.593730631569
TON,2024,NA
TSA,2000,440.4679189109309
TSA,2001,446.418919348871
TSA,2002,462.898836496672
TSA,2003,532.6615468442899
TSA,2004,606.4780416962581
TSA,2005,686.3381934754726
TSA,2006,769.3787043135123
TSA,2007,967.697911561283
TSA,2008,958.2755114602974
TSA,2009,1054.4355588574476
TSA,2010,1294.0273440497301
TSA,2011,1397.0068255099857
TSA,2012,1387.1820595662482
TSA,2013,1405.8407235792965
TSA,2014,1528.492087334083
TSA,2015,1570.5414246291698
TSA,2016,1722.9070341514437
TSA,2017,1956.0670755418591
TSA,2018,1988.366333179902
TSA,2019,2067.059756876371
TSA,2020,1957.2034372268602
TSA,2021,2273.720557986886
TSA,2022,2385.0834189627144
TSA,2023,2532.389889933058
TSA,2024,2690.078837490028
TSS,2000,629.5297316133174
TSS,2001,587.3970485707393
TSS,2002,625.4689944118525
TSS,2003,766.5008429300018
TSS,2004,926.4354998200066
TSS,2005,1073.5297740318122
TSS,2006,1234.1334000953084
TSS,2007,1390.5886507496236
TSS,2008,1536.667631371744
TSS,2009,1426.9691691994853
TSS,2010,1642.641341935958
TSS,2011,1795.4381485631563
TSS,2012,1817.3012581663327
TSS,2013,1879.558731269205
TSS,2014,1906.7959697101692
TSS,2015,1646.4494113931642
TSS,2016,1455.0352530457114
TSS,2017,1546.9177419932325
TSS,2018,1620.5414080591916
TSS,2019,1795.561278655397
TSS,2020,1627.3456959629718
TSS,2021,1785.4666491661444
TSS,2022,1865.1163526069884
TSS,2023,1680.7796667221835
TSS,2024,1532.9276355020688
TTO,2000,6178.589755596872
TTO,2001,6657.414669372205
TTO,2002,6762.930808080963
TTO,2003,8445.046535182983
TTO,2004,9871.034198200861
TTO,2005,12346.437309407496
TTO,2006,14152.660742211256
TTO,2007,16606.675360681045
TTO,2008,21298.994525806283
TTO,2009,14634.056500391198
TTO,2010,16815.424737361
TTO,2011,19151.08702297216
TTO,2012,20332.138953192512
TTO,2013,21304.977749662845
TTO,2014,21908.301455564368
TTO,2015,19887.232771649797
TTO,2016,17449.15388019561
TTO,2017,17566.099970065556
TTO,2018,17571.498737277976
TTO,2019,17212.61288921629
TTO,2020,15283.62705315543
TTO,2021,17712.567410465464
TTO,2022,20750.520243465224
TTO,2023,18308.453629857464
TTO,2024,18733.411040649364
TUN,2000,2199.044659363143
TUN,2001,2235.7198162475106
TUN,2002,2320.7723805784976
TUN,2003,2725.864314885902
TUN,2004,3067.419363769748
TUN,2005,3146.8260743927026
TUN,2006,3322.5693357009604
TUN,2007,3726.916729356669
TUN,2008,4255.050080195232
TUN,2009,4080.0903244878054
TUN,2010,4291.861208915754
TUN,2011,4420.64772206537
TUN,2012,4297.267824542726
TUN,2013,4369.79345826358
TUN,2014,4458.978954645474
TUN,2015,4014.9477368643215
TUN,2016,3847.8035444880866
TUN,2017,3619.0324731995315
TUN,2018,3628.1036646423577
TUN,2019,3528.8721330679796
TUN,2020,3548.6536366380274
TUN,2021,3906.9392631939077
TUN,2022,3707.2928341438123
TUN,2023,3951.1168337692147
TUN,2024,4181.137893012285
TUR,2000,4199.379863575901
TUR,2001,3052.225670679303
TUR,2002,3591.0862898258697
TUR,2003,4649.636680685855
TUR,2004,5979.605421614805
TUR,2005,7331.854294302553
TUR,2006,7990.0825140724455
TUR,2007,9766.91734545294
TUR,2008,10913.407904776937
TUR,2009,9076.924722369766
TUR,2010,10698.969940975661
TUR,2011,11373.635576088516
TUR,2012,11776.759336203273
TUR,2013,12635.557001606836
TUR,2014,12209.386232767445
TUR,2015,11064.649450466248
TUR,2016,10984.36431690613
TUR,2017,10756.387767788297
TUR,2018,9684.118198847205
TUR,2019,9395.233780013677
TUR,2020,8798.11791709313
TUR,2021,9981.763984113362
TUR,2022,10897.83978613649
TUR,2023,13375.094728286429
TUR,2024,15892.715728724077
TUV,2000,1579.4190627554176
TUV,2001,1456.78409421177
TUV,2002,1750.251750523477
TUV,2003,2006.8424994144184
TUV,2004,2322.5626507289217
TUV,2005,2304.8269432905213
TUV,2006,2396.2684430770155
TUV,2007,2794.163100841186
TUV,2008,3088.308774138355
TUV,2009,2683.9674954958323
TUV,2010,3024.8170790570994
TUV,2011,3636.081399897922
TUV,2012,3598.461630910534
TUV,2013,3510.2164014248297
TUV,2014,3528.8585810278178
TUV,2015,3357.8341770007055
TUV,2016,3808.697550159088
TUV,2017,4165.663387001063
TUV,2018,4466.120349282449
TUV,2019,5115.130759502061
TUV,2020,4976.112541095707
TUV,2021,5905.081980953432
TUV,2022,5911.3272705530135
TUV,2023,6344.775018868903
TUV,2024,NA
TZA,2000,401.698150634766
TZA,2001,396.638732910156
TZA,2002,402.649047851563
TZA,2003,422.18359375
TZA,2004,450.385284423828
TZA,2005,483.334869384766
TZA,2006,475.746734619141
TZA,2007,543.198303222656
TZA,2008,675.977233886719
TZA,2009,693.823547363281
TZA,2010,736.530151367188
TZA,2011,775.392761230469
TZA,2012,861.969909667969
TZA,2013,963.05712890625
TZA,2014,1022.74841308594
TZA,2015,939.127319335938
TZA,2016,953.0107421875
TZA,2017,986.674011230469
TZA,2018,1023.10626220703
TZA,2019,1063.32250976563
TZA,2020,1117.41528320313
TZA,2021,1159.85656738281
TZA,2022,1207.52062988281
TZA,2023,1224.00219726563
TZA,2024,1186.71691894531
UGA,2000,258.05033873108596
UGA,2001,236.02118885399335
UGA,2002,241.9846884083346
UGA,2003,250.7154366468096
UGA,2004,292.38185796262013
UGA,2005,330.40540270702513
UGA,2006,346.5182553106472
UGA,2007,401.3891308655809
UGA,2008,472.8426814958519
UGA,2009,798.9470899382466
UGA,2010,823.488144282
UGA,2011,835.620060555838
UGA,2012,795.222867553127
UGA,2013,818.2854274167128
UGA,2014,896.0547955463935
UGA,2015,862.9346103558107
UGA,2016,752.6965717256556
UGA,2017,765.2183322973606
UGA,2018,792.1657002281404
UGA,2019,822.1711500363574
UGA,2020,845.7664638901235
UGA,2021,882.7917175425043
UGA,2022,963.0673141171783
UGA,2023,1002.3091391714248
UGA,2024,1077.9127845281687
UKR,2000,653.294311523438
UKR,2001,800.49072265625
UKR,2002,903.011901855469
UKR,2003,1076.48156738281
UKR,2004,1401.01806640625
UKR,2005,1875.33508300781
UKR,2006,2366.494140625
UKR,2007,3160.32763671875
UKR,2008,4017.806640625
UKR,2009,2607.08764648438
UKR,2010,3039.63232421875
UKR,2011,3656.69799804688
UKR,2012,3951.34228515625
UKR,2013,4129.89697265625
UKR,2014,3054.908203125
UKR,2015,2094.47387695313
UKR,2016,2158.46118164063
UKR,2017,2604.28759765625
UKR,2018,3059.0517578125
UKR,2019,3619.86157226563
UKR,2020,3709.76928710938
UKR,2021,4775.94580078125
UKR,2022,4199.6708984375
UKR,2023,5139.59814453125
UKR,2024,5389.47314453125
UMC,2000,1846.7529336086702
UMC,2001,1831.1607522561696
UMC,2002,1829.5182140555596
UMC,2003,2022.4697891798232
UMC,2004,2365.8344624994697
UMC,2005,2788.2844231195345
UMC,2006,3262.395598758011
UMC,2007,3982.9220551792782
UMC,2008,4780.192493044551
UMC,2009,4710.563517830678
UMC,2010,5710.901067179399
UMC,2011,6773.013755128248
UMC,2012,7166.760336987327
UMC,2013,7553.623521854928
UMC,2014,7778.578026366158
UMC,2015,7435.764864733078
UMC,2016,7413.222374733654
UMC,2017,8064.20583627107
UMC,2018,8569.236756250562
UMC,2019,8657.732345390154
UMC,2020,8346.187276714347
UMC,2021,9918.699477467106
UMC,2022,10324.519312432933
UMC,2023,10657.968611127924
UMC,2024,10996.101696106982
URY,2000,6987.7009876625725
URY,2001,6382.761047408588
URY,2002,4149.761403126869
URY,2003,3671.1232925688273
URY,2004,4168.660654383865
URY,2005,5284.25677987129
URY,2006,6001.332947831721
URY,2007,7222.054036458771
URY,2008,9423.965625958926
URY,2009,9881.395731270806
URY,2010,12641.057684900788
URY,2011,15132.267572558721
URY,2012,16259.594081425614
URY,2013,18335.259477232237
URY,2014,18322.427676715724
URY,2015,17125.901680029787
URY,2016,17009.75842072758
URY,2017,19184.650261708244
URY,2018,19249.94046775007
URY,2019,18315.731698002815
URY,2020,15757.53559957787
URY,2021,17881.81872109899
URY,2022,20818.614609114353
URY,2023,23019.42215600459
URY,2024,23906.51330294079
USA,2000,36329.95607271019
USA,2001,37133.62311343704
USA,2002,37997.75965730513
USA,2003,39490.27495570071
USA,2004,41724.6316287624
USA,2005,44123.407067905515
USA,2006,46302.000880005624
USA,2007,48050.223777113504
USA,2008,48570.045980458555
USA,2009,47194.94335473355
USA,2010,48642.61001793122
USA,2011,50024.868799398035
USA,2012,51708.4011556577
USA,2013,53179.012763456114
USA,2014,54973.42075157123
USA,2015,56572.91889960634
USA,2016,57638.10183671918
USA,2017,59635.098439796486
USA,2018,62499.87443900675
USA,2019,64746.45067788634
USA,2020,63515.94918078332
USA,2021,70205.05091602595
USA,2022,76657.24888444034
USA,2023,81032.26211754496
USA,2024,84534.04078415484
UZB,2000,555.149231099186
UZB,2001,454.4158122567783
UZB,2002,381.40929688928264
UZB,2003,394.1640288972349
UZB,2004,462.17149286788526
UZB,2005,542.8358086922086
UZB,2006,649.118167003925
UZB,2007,824.0281923347682
UZB,2008,1074.7292879670074
UZB,2009,1205.7993547037972
UZB,2010,1753.2073024327788
UZB,2011,2087.8638613569433
UZB,2012,2307.346491171846
UZB,2013,2461.979474035951
UZB,2014,2674.9628382103024
UZB,2015,2803.190180217509
UZB,2016,2753.379514275888
UZB,2017,2190.604115628878
UZB,2018,1813.0853081366367
UZB,2019,2041.384807294311
UZB,2020,1978.280518607626
UZB,2021,2258.519641192782
UZB,2022,2578.6668939421884
UZB,2023,2878.9687929245074
UZB,2024,3161.7001063287503
VCT,2000,3768.955366040222
VCT,2001,4071.086010989624
VCT,2002,4303.279767897269
VCT,2003,4499.614541933418
VCT,2004,4873.489477424427
VCT,2005,5157.393738781021
VCT,2006,5744.8278621256995
VCT,2007,6398.1912353217185
VCT,2008,6598.905314508585
VCT,2009,6463.78777336717
VCT,2010,6551.968359924052
VCT,2011,6527.68996854448
VCT,2012,6713.807686438646
VCT,2013,7072.46737188939
VCT,2014,7168.828753429115
VCT,2015,7353.7355605418425
VCT,2016,7656.900428811777
VCT,2017,7988.044450192978
VCT,2018,8428.126771530695
VCT,2019,8740.594252320614
VCT,2020,8351.203240409815
VCT,2021,8641.279040244432
VCT,2022,9693.558678330251
VCT,2023,10582.365672522892
VCT,2024,11501.226518718766
VEN,2000,4776.281676393798
VEN,2001,4920.393136004533
VEN,2002,3652.0989650186507
VEN,2003,3229.5055708207888
VEN,2004,4269.089708723917
VEN,2005,5432.485418465401
VEN,2006,6739.380653422185
VEN,2007,8331.620969918438
VEN,2008,11262.451425675888
VEN,2009,11596.602192173088
VEN,2010,13646.304662266413
VEN,2011,10843.922970316738
VEN,2012,12607.236124624285
VEN,2013,8656.356697236675
VEN,2014,7096.220471055118
VEN,2015,4103.138498700504
VEN,2016,3670.157378482079
VEN,2017,3791.331606820766
VEN,2018,3422.6546701485363
VEN,2019,2523.112752306666
VEN,2020,1506.0436210041037
VEN,2021,2004.9339794979212
VEN,2022,3155.0420709968707
VEN,2023,3617.4359457826904
VEN,2024,4217.5910264339145
VGB,2000,NA
VGB,2001,NA
VGB,2002,NA
VGB,2003,NA
VGB,2004,NA
VGB,2005,NA
VGB,2006,NA
VGB,2007,NA
VGB,2008,NA
VGB,2009,NA
VGB,2010,NA
VGB,2011,NA
VGB,2012,NA
VGB,2013,NA
VGB,2014,NA
VGB,2015,NA
VGB,2016,NA
VGB,2017,NA
VGB,2018,NA
VGB,2019,NA
VGB,2020,NA
VGB,2021,NA
VGB,2022,NA
VGB,2023,NA
VGB,2024,NA
VIR,2000,NA
VIR,2001,NA
VIR,2002,30062.022505045665
VIR,2003,31731.256624118705
VIR,2004,35006.36144045139
VIR,2005,40828.74609277752
VIR,2006,41377.14660096522
VIR,2007,44158.505404432464
VIR,2008,39152.3750657306
VIR,2009,38753.18253938969
VIR,2010,39905.12841809943
VIR,2011,38997.13731646505
VIR,2012,37795.319259067546
VIR,2013,34597.97669403282
VIR,2014,33045.36437959993
VIR,2015,34007.35294117647
VIR,2016,35324.97488745861
VIR,2017,35365.069303977405
VIR,2018,36663.20875505837
VIR,2019,38633.529891533624
VIR,2020,39787.37416502023
VIR,2021,42571.07773684707
VIR,2022,44320.90918577405
VIR,2023,NA
VIR,2024,NA
VNM,2000,404.02978405511834
VNM,2001,419.20567758090067
VNM,2002,445.1328618173133
VNM,2003,497.1170892492557
VNM,2004,565.452284586212
VNM,2005,710.7467599948609
VNM,2006,807.7566451170537
VNM,2007,925.6403383487174
VNM,2008,1163.8319577287318
VNM,2009,1226.1697605153618
VNM,2010,1683.1618244397855
VNM,2011,1950.925041749125
VNM,2012,2185.117676542914
VNM,2013,2359.517364728279
VNM,2014,2546.3846445990334
VNM,2015,2577.568853401125
VNM,2016,2735.060438041602
VNM,2017,2956.1099212775316
VNM,2018,3222.3100312536644
VNM,2019,3440.9002537543365
VNM,2020,3534.0395348264683
VNM,2021,3704.193559003796
VNM,2022,4147.69777213621
VNM,2023,4323.3503198245135
VNM,2024,4717.290287324488
VUT,2000,1460.2381769222932
VUT,2001,1350.1833823852155
VUT,2002,1340.7153752828683
VUT,2003,1566.513967908582
VUT,2004,1774.318675858938
VUT,2005,1873.9914264061863
VUT,2006,2034.792896243511
VUT,2007,2333.7050674891443
VUT,2008,2603.6088313672412
VUT,2009,2546.3832456598557
VUT,2010,2815.1882898577883
VUT,2011,3163.1861645138
VUT,2012,3004.784166642932
VUT,2013,2979.7960808439866
VUT,2014,2973.09026493408
VUT,2015,2854.894122726535
VUT,2016,2956.126448014892
VUT,2017,3159.860557901264
VUT,2018,3206.6574871881107
VUT,2019,3207.4465045208253
VUT,2020,3042.987115982865
VUT,2021,3107.2031285800217
VUT,2022,3370.2119195695336
VUT,2023,3482.6145823763695
VUT,2024,3410.7702316709738
WLD,2000,5501.264218164537
WLD,2001,5394.685125267242
WLD,2002,5530.021042629646
WLD,2003,6122.434460980271
WLD,2004,6811.481957622691
WLD,2005,7284.3133102376205
WLD,2006,7796.349310153361
WLD,2007,8677.571027076323
WLD,2008,9415.357861251814
WLD,2009,8816.8105604156
WLD,2010,9542.728862492077
WLD,2011,10485.177194303644
WLD,2012,10583.996671598905
WLD,2013,10739.891162094793
WLD,2014,10885.796602486846
WLD,2015,10161.944577323342
WLD,2016,10204.928776338595
WLD,2017,10747.76430650499
WLD,2018,11309.383077317847
WLD,2019,11376.081813447592
WLD,2020,10937.684620519074
WLD,2021,12390.668671672664
WLD,2022,12798.165846531856
WLD,2023,13236.716396091662
WLD,2024,13631.204309721546
WSM,2000,1424.7524000247056
WSM,2001,1453.8702132460612
WSM,2002,1527.5579045593702
WSM,2003,1798.1242971404843
WSM,2004,2189.2604260799185
WSM,2005,2550.0422143751075
WSM,2006,2663.2913593953203
WSM,2007,3038.6190409337682
WSM,2008,3373.6063988426295
WSM,2009,3279.1826947729483
WSM,2010,3524.2479246202956
WSM,2011,3821.5067826447917
WSM,2012,3934.603207999815
WSM,2013,4023.5254013824983
WSM,2014,3982.6808020208364
WSM,2015,4084.3608381993263
WSM,2016,4147.070976748883
WSM,2017,4307.59381964907
WSM,2018,4231.8140946919375
WSM,2019,4351.942349437056
WSM,2020,4099.596605485832
WSM,2021,4021.5593489428343
WSM,2022,4132.447177344436
WSM,2023,4822.740846500188
WSM,2024,5392.87761915762
XKX,2000,NA
XKX,2001,NA
XKX,2002,NA
XKX,2003,NA
XKX,2004,NA
XKX,2005,NA
XKX,2006,NA
XKX,2007,NA
XKX,2008,2877.393314027239
XKX,2009,2794.86699473069
XKX,2010,2987.5451957446367
XKX,2011,3538.9475983857583
XKX,2012,3410.6555074931575
XKX,2013,3704.5587278167186
XKX,2014,3902.494243609465
XKX,2015,3520.6285069937458
XKX,2016,3759.449590671039
XKX,2017,4009.320220508634
XKX,2018,4384.187964447384
XKX,2019,4415.999230110709
XKX,2020,4310.889637548634
XKX,2021,5270.432368610179
XKX,2022,5290.950065097058
XKX,2023,6221.2061884779905
XKX,2024,7023.065985128776
YEM,2000,493.23518263481367
YEM,2001,487.1412579463175
YEM,2002,513.2414865706028
YEM,2003,548.9058830499728
YEM,2004,627.6320233957623
YEM,2005,734.1599084509268
YEM,2006,809.7131276247031
YEM,2007,890.3057681149879
YEM,2008,1071.6358328210472
YEM,2009,969.2435098644783
YEM,2010,1155.203052614175
YEM,2011,1186.475005812153
YEM,2012,1245.0506827207792
YEM,2013,1378.750029549281
YEM,2014,1430.1642096402572
YEM,2015,1362.1738120601008
YEM,2016,975.3594170032254
YEM,2017,811.165970405745
YEM,2018,633.8872024515454
YEM,2019,NA
YEM,2020,NA
YEM,2021,NA
YEM,2022,NA
YEM,2023,NA
YEM,2024,NA
ZAF,2000,3217.8469344846712
ZAF,2001,2847.1519194590805
ZAF,2002,2688.2367603280636
ZAF,2003,4062.217559937858
ZAF,2004,5221.463337317212
ZAF,2005,5836.876633251265
ZAF,2006,6077.382933888757
ZAF,2007,6591.85535960564
ZAF,2008,6184.754743283988
ZAF,2009,6374.705600429925
ZAF,2010,7973.471957715169
ZAF,2011,8646.055710716348
ZAF,2012,8076.976784797406
ZAF,2013,7331.6546738491925
ZAF,2014,6856.731370925222
ZAF,2015,6112.273824859742
ZAF,2016,5651.205851657492
ZAF,2017,6618.335082557006
ZAF,2018,6914.178031807599
ZAF,2019,6533.711210328561
ZAF,2020,5580.603830751887
ZAF,2021,6828.756245900167
ZAF,2022,6534.248677833969
ZAF,2023,6034.272089646732
ZAF,2024,6267.186814093005
ZMB,2000,359.4295009882214
ZMB,2001,396.54895299350363
ZMB,2002,393.86462551861615
ZMB,2003,446.2901048390412
ZMB,2004,548.6859745662773
ZMB,2005,710.9820681716964
ZMB,2006,1051.7171489568639
ZMB,2007,1118.7316262695265
ZMB,2008,1375.5021100699742
ZMB,2009,1136.2416831684773
ZMB,2010,1451.1061601715494
ZMB,2011,1624.8681776344254
ZMB,2012,1710.0506134372813
ZMB,2013,1820.718548273905
ZMB,2014,1707.485731366938
ZMB,2015,1295.877886800678
ZMB,2016,1239.0852787771328
ZMB,2017,1483.4657732806522
ZMB,2018,1463.8999785559306
ZMB,2019,1258.9861984446204
ZMB,2020,951.6443166559574
ZMB,2021,1127.1607787285725
ZMB,2022,1447.1231013803463
ZMB,2023,1330.7278057670908
ZMB,2024,1187.1094335006403
ZWE,2000,562.8337574960761
ZWE,2001,566.3887464488722
ZWE,2002,524.936478570323
ZWE,2003,468.4719329272126
ZWE,2004,469.7192989493038
ZWE,2005,461.2713875479115
ZWE,2006,431.03499441496405
ZWE,2007,413.52124459292514
ZWE,2008,340.9174475885724
ZWE,2009,735.821693871697
ZWE,2010,902.0107590673878
ZWE,2011,1037.775651572176
ZWE,2012,1239.2270974570858
ZWE,2013,1362.9949832336792
ZWE,2014,1372.9152617316138
ZWE,2015,1387.1263259502578
ZWE,2016,1408.1394525343117
ZWE,2017,3445.449410201338
ZWE,2018,2270.895318743022
ZWE,2019,2184.329238554689
ZWE,2020,2059.674453844988
ZWE,2021,2613.6054208355185
ZWE,2022,2536.4005022307556
ZWE,2023,2195.2249207924506
ZWE,2024,2497.203322087631
