iso3,year,health_exp_pc
ABW,2000,NA
ABW,2001,NA
ABW,2002,NA
ABW,2003,NA
ABW,2004,NA
ABW,2005,NA
ABW,2006,NA
ABW,2007,NA
ABW,2008,NA
ABW,2009,NA
ABW,2010,NA
ABW,2011,NA
ABW,2012,NA
ABW,2013,NA
ABW,2014,NA
ABW,2015,NA
ABW,2016,NA
ABW,2017,NA
ABW,2018,NA
ABW,2019,NA
ABW,2020,NA
ABW,2021,NA
ABW,2022,NA
ABW,2023,NA
ABW,2024,NA
AFE,2000,42.76497362237393
AFE,2001,37.84518362660127
AFE,2002,35.026466820076905
AFE,2003,50.30851499810155
AFE,2004,61.88460717514852
AFE,2005,68.72590307017435
AFE,2006,75.1738953911871
AFE,2007,84.20363956576713
AFE,2008,86.60613295014304
AFE,2009,90.30513198426314
AFE,2010,104.35372365398241
AFE,2011,112.50023556963257
AFE,2012,109.27654986182299
AFE,2013,104.979280345368
AFE,2014,98.49273540145502
AFE,2015,90.79809233067961
AFE,2016,85.68745981263922
AFE,2017,89.86726048997079
AFE,2018,89.96936937361289
AFE,2019,87.03987731567592
AFE,2020,81.44614015948075
AFE,2021,92.3503331753643
AFE,2022,92.0352883967091
AFE,2023,88.48558529144995
AFE,2024,NA
AFG,2000,NA
AFG,2001,NA
AFG,2002,16.70697403
AFG,2003,17.74602509
AFG,2004,21.42300415
AFG,2005,25.11388779
AFG,2006,28.9412632
AFG,2007,32.70893097
AFG,2008,39.88624954
AFG,2009,43.13351822
AFG,2010,46.42438889
AFG,2011,52.18721771
AFG,2012,52.45247269
AFG,2013,56.16043472
AFG,2014,60.04951096
AFG,2015,59.91960526
AFG,2016,61.37234497
AFG,2017,66.82388306
AFG,2018,71.22509003
AFG,2019,74.0642395
AFG,2020,80.0892334
AFG,2021,81.52112579
AFG,2022,80.6516037
AFG,2023,59.06770706
AFG,2024,NA
AFW,2000,18.146916302715336
AFW,2001,18.71238121072394
AFW,2002,19.719471964837915
AFW,2003,31.626171367201874
AFW,2004,36.11329810632741
AFW,2005,41.82281390644285
AFW,2006,48.64826704797708
AFW,2007,52.77762009104631
AFW,2008,60.55427263030724
AFW,2009,55.503325674102754
AFW,2010,59.57979151254884
AFW,2011,65.36475037600981
AFW,2012,67.95899074530048
AFW,2013,75.49070815622188
AFW,2014,78.73660535774239
AFW,2015,70.70500188571432
AFW,2016,61.700242853363534
AFW,2017,58.50981704852717
AFW,2018,56.28604087361505
AFW,2019,59.26713425842115
AFW,2020,64.62418988456379
AFW,2021,72.6328495675799
AFW,2022,74.44125282360609
AFW,2023,65.88685419848245
AFW,2024,NA
AGO,2000,13.15998554
AGO,2001,29.26095772
AGO,2002,29.37077141
AGO,2003,35.2206955
AGO,2004,50.23310852
AGO,2005,54.66142273
AGO,2006,70.28185272
AGO,2007,93.42698669
AGO,2008,136.34094238
AGO,2009,120.5289917
AGO,2010,96.95197296
AGO,2011,122.11888123
AGO,2012,121.84848022
AGO,2013,142.78450012
AGO,2014,130.5861969
AGO,2015,107.52857208
AGO,2016,94.01481628
AGO,2017,112.75364685
AGO,2018,83.87555695
AGO,2019,64.4466095
AGO,2020,56.01641846
AGO,2021,66.94487
AGO,2022,103.94506073
AGO,2023,76.07118225
AGO,2024,NA
ALB,2000,65.47674561
ALB,2001,73.92171478
ALB,2002,78.72909546
ALB,2003,105.43667603
ALB,2004,136.50724792
ALB,2005,149.97515869
ALB,2006,164.22090149
ALB,2007,209.31910706
ALB,2008,237.10340881
ALB,2009,236.94244385
ALB,2010,253.98246765
ALB,2011,273.75292969
ALB,2012,260.68319702
ALB,2013,276.0765686
ALB,2014,293.1267395
ALB,2015,253.93347168
ALB,2016,275.43676758
ALB,2017,295.52346802
ALB,2018,349.21127319
ALB,2019,366.34014893
ALB,2020,396.17477417
ALB,2021,465.57043457
ALB,2022,506.86920166
ALB,2023,590.62799072
ALB,2024,NA
AND,2000,1294.09118652
AND,2001,1378.70837402
AND,2002,1590.68554688
AND,2003,1888.13574219
AND,2004,2060.26928711
AND,2005,2279.53051758
AND,2006,2151.95092773
AND,2007,2388.17407227
AND,2008,2790.11254883
AND,2009,2679.67358398
AND,2010,3286.52954102
AND,2011,3555.52319336
AND,2012,2788.69238281
AND,2013,2886.97241211
AND,2014,3005.21557617
AND,2015,2672.49731445
AND,2016,2785.64599609
AND,2017,2876.24194336
AND,2018,3159.16162109
AND,2019,3021.078125
AND,2020,3282.02587891
AND,2021,3668.44750977
AND,2022,3190.11328125
AND,2023,3605.19799805
AND,2024,NA
ARB,2000,111.85937494468173
ARB,2001,114.54145607815055
ARB,2002,113.33566633125908
ARB,2003,109.51930749439154
ARB,2004,120.20836476927124
ARB,2005,133.7195052104741
ARB,2006,153.25551953064542
ARB,2007,179.23883926170674
ARB,2008,210.95430393983156
ARB,2009,227.07611166212754
ARB,2010,234.6409520209338
ARB,2011,266.866553538312
ARB,2012,295.080643944446
ARB,2013,303.5901986162562
ARB,2014,326.49975102855353
ARB,2015,312.6098831460769
ARB,2016,311.9479785070944
ARB,2017,307.12661787728194
ARB,2018,325.5921645850569
ARB,2019,326.6709456612558
ARB,2020,327.06962558870384
ARB,2021,336.5871947336939
ARB,2022,348.7672622385452
ARB,2023,363.4651244231466
ARB,2024,NA
ARE,2000,706.03112793
ARE,2001,689.29278564
ARE,2002,754.26220703
ARE,2003,784.89343262
ARE,2004,821.74920654
ARE,2005,898.36480713
ARE,2006,1031.14904785
ARE,2007,1176.49328613
ARE,2008,1465.82446289
ARE,2009,1531.02209473
ARE,2010,1619.98864746
ARE,2011,1787.59997559
ARE,2012,1711.38525391
ARE,2013,1789.68579102
ARE,2014,1776.7310791
ARE,2015,1479.49743652
ARE,2016,1592.91906738
ARE,2017,1695.203125
ARE,2018,1872.58422852
ARE,2019,1962.46728516
ARE,2020,2154.41113281
ARE,2021,2249.96313477
ARE,2022,2240.9050293
ARE,2023,2401.52026367
ARE,2024,NA
ARG,2000,702.23309326
ARG,2001,660.63378906
ARG,2002,219.96408081
ARG,2003,261.2038269
ARG,2004,303.31906128
ARG,2005,395.64596558
ARG,2006,456.06246948
ARG,2007,569.27264404
ARG,2008,745.40356445
ARG,2009,787.78051758
ARG,2010,979.7689209
ARG,2011,1208.23120117
ARG,2012,1363.21618652
ARG,2013,1428.91125488
ARG,2014,1291.32458496
ARG,2015,1523.90979004
ARG,2016,1276.79785156
ARG,2017,1491.11877441
ARG,2018,1195.59973145
ARG,2019,1007.45629883
ARG,2020,910.9586792
ARG,2021,1182.15930176
ARG,2022,1415.79577637
ARG,2023,1456.98596191
ARG,2024,NA
ARM,2000,25.6606369
ARM,2001,31.90725899
ARM,2002,59.20983887
ARM,2003,66.31577301
ARM,2004,71.65074158
ARM,2005,95.55093384
ARM,2006,124.8989563
ARM,2007,170.15332031
ARM,2008,261.59963989
ARM,2009,247.90641785
ARM,2010,291.77758789
ARM,2011,325.29086304
ARM,2012,331.91378784
ARM,2013,392.85253906
ARM,2014,404.33874512
ARM,2015,365.51950073
ARM,2016,359.58227539
ARM,2017,409.80145264
ARM,2018,428.34579468
ARM,2019,533.69952393
ARM,2020,535.2723999
ARM,2021,595.83544922
ARM,2022,674.78619385
ARM,2023,766.95874023
ARM,2024,NA
ASM,2000,NA
ASM,2001,NA
ASM,2002,NA
ASM,2003,NA
ASM,2004,NA
ASM,2005,NA
ASM,2006,NA
ASM,2007,NA
ASM,2008,NA
ASM,2009,NA
ASM,2010,NA
ASM,2011,NA
ASM,2012,NA
ASM,2013,NA
ASM,2014,NA
ASM,2015,NA
ASM,2016,NA
ASM,2017,NA
ASM,2018,NA
ASM,2019,NA
ASM,2020,NA
ASM,2021,NA
ASM,2022,NA
ASM,2023,NA
ASM,2024,NA
ATG,2000,520.12213135
ATG,2001,572.20776367
ATG,2002,559.08331299
ATG,2003,613.65112305
ATG,2004,597.74902344
ATG,2005,641.3157959
ATG,2006,665.11560059
ATG,2007,714.27496338
ATG,2008,694.03344727
ATG,2009,609.50390625
ATG,2010,724.08880615
ATG,2011,717.28186035
ATG,2012,753.50183105
ATG,2013,739.10491943
ATG,2014,826.75598145
ATG,2015,789.30975342
ATG,2016,817.88891602
ATG,2017,791.12322998
ATG,2018,856.37127686
ATG,2019,808.14996338
ATG,2020,873.5246582
ATG,2021,835.06512451
ATG,2022,891.00323486
ATG,2023,841.24884033
ATG,2024,NA
AUS,2000,1626.73388672
AUS,2001,1550.37390137
AUS,2002,1752.93896484
AUS,2003,2227.12768555
AUS,2004,2744.08105469
AUS,2005,2995.87255859
AUS,2006,3174.86865234
AUS,2007,3792.80981445
AUS,2008,4083.42944336
AUS,2009,3989.44116211
AUS,2010,4947.96337891
AUS,2011,5876.88525391
AUS,2012,6038.87158203
AUS,2013,5811.86865234
AUS,2014,6098.25439453
AUS,2015,5271.93310547
AUS,2016,5418.43652344
AUS,2017,5770.69042969
AUS,2018,5843.64794922
AUS,2019,5543.37841797
AUS,2020,5968.00341797
AUS,2021,7092.13476563
AUS,2022,6723.98242188
AUS,2023,6980.38525391
AUS,2024,NA
AUT,2000,2301.89208984
AUT,2001,2315.42285156
AUT,2002,2531.61938477
AUT,2003,3122.31201172
AUT,2004,3606.77856445
AUT,2005,3720.02441406
AUT,2006,3899.90722656
AUT,2007,4484.81640625
AUT,2008,5080.83740234
AUT,2009,4939.75878906
AUT,2010,4815.26953125
AUT,2011,5191.92333984
AUT,2012,4983.67724609
AUT,2013,5251.96826172
AUT,2014,5418.47558594
AUT,2015,4649.59667969
AUT,2016,4758.89892578
AUT,2017,4999.86962891
AUT,2018,5394.55908203
AUT,2019,5313.19287109
AUT,2020,5569.84130859
AUT,2021,6554.14257813
AUT,2022,5897.97607422
AUT,2023,6267.93164063
AUT,2024,6739.30908203
AZE,2000,19.01968193
AZE,2001,19.19010162
AZE,2002,20.45606041
AZE,2003,23.62244987
AZE,2004,27.1906395
AZE,2005,34.35204697
AZE,2006,49.87102127
AZE,2007,74.65649414
AZE,2008,111.88427734
AZE,2009,135.40127563
AZE,2010,153.0665741
AZE,2011,184.93493652
AZE,2012,234.60324097
AZE,2013,251.67863464
AZE,2014,280.22314453
AZE,2015,236.25979614
AZE,2016,169.69596863
AZE,2017,167.01565552
AZE,2018,180.03610229
AZE,2019,199.25746155
AZE,2020,245.21949768
AZE,2021,250.9887085
AZE,2022,261.44659424
AZE,2023,299.81060791
AZE,2024,NA
BDI,2000,5.67927122
BDI,2001,7.50815582
BDI,2002,6.46998882
BDI,2003,5.87316799
BDI,2004,8.88248062
BDI,2005,11.13118172
BDI,2006,14.10514736
BDI,2007,15.26294613
BDI,2008,14.67025566
BDI,2009,18.31996346
BDI,2010,24.45114708
BDI,2011,23.16802216
BDI,2012,20.01195908
BDI,2013,20.26322556
BDI,2014,18.06601143
BDI,2015,17.67629051
BDI,2016,18.59472847
BDI,2017,19.16676521
BDI,2018,18.67819214
BDI,2019,22.2435379
BDI,2020,26.21934319
BDI,2021,23.11420059
BDI,2022,25.52155113
BDI,2023,28.14028931
BDI,2024,NA
BEL,2000,1849.91601563
BEL,2001,1879.93457031
BEL,2002,2084.7199707
BEL,2003,2822.50341797
BEL,2004,3322.28857422
BEL,2005,3415.64599609
BEL,2006,3547.06835938
BEL,2007,4066.2121582
BEL,2008,4656.04150391
BEL,2009,4755.80859375
BEL,2010,4626.02685547
BEL,2011,4990.35595703
BEL,2012,4763.93505859
BEL,2013,5005.64990234
BEL,2014,5110.17333984
BEL,2015,4465.45556641
BEL,2016,4569.640625
BEL,2017,4827.59326172
BEL,2018,5233.68261719
BEL,2019,5087.45654297
BEL,2020,5269.40625
BEL,2021,5847.17333984
BEL,2022,5487.59277344
BEL,2023,5931.01464844
BEL,2024,NA
BEN,2000,14.42371464
BEN,2001,16.26979828
BEN,2002,16.9179287
BEN,2003,21.06955719
BEN,2004,24.52665329
BEN,2005,25.12485313
BEN,2006,26.60264206
BEN,2007,26.79680061
BEN,2008,28.12486076
BEN,2009,29.69425583
BEN,2010,29.37720871
BEN,2011,31.76816368
BEN,2012,32.95616913
BEN,2013,33.53426743
BEN,2014,32.41182327
BEN,2015,27.34733391
BEN,2016,36.58565903
BEN,2017,38.75862122
BEN,2018,39.54786301
BEN,2019,33.9457283
BEN,2020,36.62052536
BEN,2021,38.45053101
BEN,2022,37.76291275
BEN,2023,46.52822113
BEN,2024,NA
BFA,2000,10.00902748
BFA,2001,10.27519512
BFA,2002,11.93992615
BFA,2003,16.02656555
BFA,2004,21.12279129
BFA,2005,21.34285545
BFA,2006,23.55202866
BFA,2007,29.72483063
BFA,2008,30.76880074
BFA,2009,31.26260567
BFA,2010,33.05819321
BFA,2011,33.70409393
BFA,2012,33.66717529
BFA,2013,42.26796341
BFA,2014,38.24516678
BFA,2015,32.3375206
BFA,2016,39.50990677
BFA,2017,43.37775803
BFA,2018,38.48573303
BFA,2019,41.06895828
BFA,2020,57.17589188
BFA,2021,63.59171295
BFA,2022,64.38339996
BFA,2023,71.73455048
BFA,2024,NA
BGD,2000,8.27585602
BGD,2001,8.10025787
BGD,2002,9.05402279
BGD,2003,9.98434258
BGD,2004,10.78997898
BGD,2005,11.31403732
BGD,2006,12.05988026
BGD,2007,14.03898716
BGD,2008,15.5619669
BGD,2009,17.7030201
BGD,2010,20.62105751
BGD,2011,22.77348328
BGD,2012,23.43771553
BGD,2013,26.96918297
BGD,2014,29.91152382
BGD,2015,33.20998764
BGD,2016,39.30647659
BGD,2017,42.17510986
BGD,2018,44.78892899
BGD,2019,45.07677078
BGD,2020,49.0274353
BGD,2021,56.09640121
BGD,2022,56.62142181
BGD,2023,53.46432495
BGD,2024,NA
BGR,2000,94.51976013
BGR,2001,119.82997894
BGR,2002,148.1479187
BGR,2003,195.74369812
BGR,2004,233.11332703
BGR,2005,267.74139404
BGR,2006,294.10891724
BGR,2007,361.23498535
BGR,2008,455.54058838
BGR,2009,459.30020142
BGR,2010,484.75228882
BGR,2011,555.86419678
BGR,2012,558.64794922
BGR,2013,553.68725586
BGR,2014,616.16296387
BGR,2015,534.21466064
BGR,2016,579.76715088
BGR,2017,647.56402588
BGR,2018,719.78033447
BGR,2019,733.06878662
BGR,2020,906.54833984
BGR,2021,1109.10290527
BGR,2022,1066.69189453
BGR,2023,1257.87597656
BGR,2024,NA
BHR,2000,451.50253296
BHR,2001,457.59741211
BHR,2002,469.15478516
BHR,2003,530.5446167
BHR,2004,527.82989502
BHR,2005,557.9574585
BHR,2006,578.29705811
BHR,2007,677.16290283
BHR,2008,734.99511719
BHR,2009,838.52880859
BHR,2010,866.67224121
BHR,2011,921.72064209
BHR,2012,1038.1661377
BHR,2013,1115.16906738
BHR,2014,1122.16040039
BHR,2015,1128.24291992
BHR,2016,1095.92541504
BHR,2017,1080.08898926
BHR,2018,1041.8560791
BHR,2019,1030.26379395
BHR,2020,1101.14025879
BHR,2021,1176.92102051
BHR,2022,1178.80664063
BHR,2023,1175.81628418
BHR,2024,NA
BHS,2000,948.88244629
BHS,2001,995.71844482
BHS,2002,1021.03601074
BHS,2003,1062.43786621
BHS,2004,1078.31152344
BHS,2005,1153.21594238
BHS,2006,1257.64587402
BHS,2007,1351.08203125
BHS,2008,1429.23681641
BHS,2009,1416.92468262
BHS,2010,1444.0065918
BHS,2011,1442.24768066
BHS,2012,1518.64953613
BHS,2013,1559.34985352
BHS,2014,1619.36669922
BHS,2015,1588.57775879
BHS,2016,1711.60510254
BHS,2017,2069.44555664
BHS,2018,1875.74035645
BHS,2019,1881.40393066
BHS,2020,1861.0637207
BHS,2021,1946.21960449
BHS,2022,2327.20117188
BHS,2023,2262.33447266
BHS,2024,NA
BIH,2000,106.5786972
BIH,2001,105.10999298
BIH,2002,118.87058258
BIH,2003,168.42216492
BIH,2004,222.27758789
BIH,2005,241.64047241
BIH,2006,281.26403809
BIH,2007,363.86224365
BIH,2008,459.29174805
BIH,2009,409.29098511
BIH,2010,406.13046265
BIH,2011,456.96905518
BIH,2012,444.93655396
BIH,2013,475.07409668
BIH,2014,493.07333374
BIH,2015,430.83413696
BIH,2016,450.44155884
BIH,2017,471.32647705
BIH,2018,529.85546875
BIH,2019,546.4508667
BIH,2020,594.8225708
BIH,2021,697.07427979
BIH,2022,667.29681396
BIH,2023,772.88568115
BIH,2024,NA
BLR,2000,57.02944183
BLR,2001,73.3659668
BLR,2002,85.97066498
BLR,2003,108.51013947
BLR,2004,140.99655151
BLR,2005,196.13806152
BLR,2006,221.70170593
BLR,2007,278.63424683
BLR,2008,348.92633057
BLR,2009,288.44775391
BLR,2010,341.13800049
BLR,2011,317.82492065
BLR,2012,364.09957886
BLR,2013,454.51959229
BLR,2014,448.27426147
BLR,2015,360.91937256
BLR,2016,296.94720459
BLR,2017,331.94082642
BLR,2018,349.99176025
BLR,2019,400.11621094
BLR,2020,420.43655396
BLR,2021,484.03930664
BLR,2022,529.01873779
BLR,2023,558.22644043
BLR,2024,NA
BLZ,2000,139.00151062
BLZ,2001,163.11247253
BLZ,2002,172.81750488
BLZ,2003,175.13619995
BLZ,2004,176.26716614
BLZ,2005,181.24623108
BLZ,2006,196.13124084
BLZ,2007,233.67915344
BLZ,2008,257.84707642
BLZ,2009,243.3110199
BLZ,2010,244.02867126
BLZ,2011,252.81436157
BLZ,2012,247.97563171
BLZ,2013,263.10794067
BLZ,2014,298.51965332
BLZ,2015,286.78604126
BLZ,2016,293.09829712
BLZ,2017,280.71743774
BLZ,2018,286.83633423
BLZ,2019,298.14306641
BLZ,2020,279.10131836
BLZ,2021,308.93920898
BLZ,2022,298.01553345
BLZ,2023,309.40835571
BLZ,2024,NA
BMU,2000,NA
BMU,2001,NA
BMU,2002,NA
BMU,2003,NA
BMU,2004,NA
BMU,2005,NA
BMU,2006,NA
BMU,2007,NA
BMU,2008,NA
BMU,2009,NA
BMU,2010,NA
BMU,2011,NA
BMU,2012,NA
BMU,2013,NA
BMU,2014,NA
BMU,2015,NA
BMU,2016,NA
BMU,2017,NA
BMU,2018,NA
BMU,2019,NA
BMU,2020,NA
BMU,2021,NA
BMU,2022,NA
BMU,2023,NA
BMU,2024,NA
BOL,2000,42.89028168
BOL,2001,44.88241577
BOL,2002,43.49106216
BOL,2003,46.41044998
BOL,2004,46.35359192
BOL,2005,51.76200867
BOL,2006,56.05701447
BOL,2007,63.62155914
BOL,2008,77.9777298
BOL,2009,89.57923889
BOL,2010,100.39356232
BOL,2011,119.78379059
BOL,2012,135.32060242
BOL,2013,159.99380493
BOL,2014,179.3274231
BOL,2015,196.25799561
BOL,2016,207.4511261
BOL,2017,214.58572388
BOL,2018,231.18806458
BOL,2019,241.34619141
BOL,2020,248.69514465
BOL,2021,276.20880127
BOL,2022,260.88070679
BOL,2023,255.04104614
BOL,2024,NA
BRA,2000,313.92590332
BRA,2001,271.56121826
BRA,2002,248.37753296
BRA,2003,253.08970642
BRA,2004,297.68243408
BRA,2005,387.93121338
BRA,2006,489.53884888
BRA,2007,607.73022461
BRA,2008,713.67193604
BRA,2009,728.55639648
BRA,2010,906.0098877
BRA,2011,1043.3548584
BRA,2012,968.7277832
BRA,2013,993.79608154
BRA,2014,1030.66271973
BRA,2015,796.15252686
BRA,2016,810.20037842
BRA,2017,954.75012207
BRA,2018,880.28430176
BRA,2019,868.17248535
BRA,2020,680.76843262
BRA,2021,768.27075195
BRA,2022,871.27526855
BRA,2023,1009.83563232
BRA,2024,NA
BRB,2000,622.47875977
BRB,2001,643.1159668
BRB,2002,689.30773926
BRB,2003,808.06054688
BRB,2004,942.37701416
BRB,2005,963.07849121
BRB,2006,1028.39282227
BRB,2007,1043.49401855
BRB,2008,1136.53637695
BRB,2009,1163.96875
BRB,2010,1114.3729248
BRB,2011,1163.2668457
BRB,2012,1294.78674316
BRB,2013,1246.16491699
BRB,2014,1175.44348145
BRB,2015,1154.62719727
BRB,2016,1181.14257813
BRB,2017,1182.00366211
BRB,2018,1169.35559082
BRB,2019,1168.11938477
BRB,2020,1234.30041504
BRB,2021,1391.49853516
BRB,2022,1302.0592041
BRB,2023,1286.47680664
BRB,2024,NA
BRN,2000,519.05047607
BRN,2001,474.11706543
BRN,2002,482.52624512
BRN,2003,545.55560303
BRN,2004,630.73266602
BRN,2005,657.31945801
BRN,2006,664.74499512
BRN,2007,710.42297363
BRN,2008,792.01367188
BRN,2009,739.28015137
BRN,2010,795.97766113
BRN,2011,864.63787842
BRN,2012,869.36553955
BRN,2013,835.32452393
BRN,2014,785.41210938
BRN,2015,731.04980469
BRN,2016,679.46929932
BRN,2017,636.22973633
BRN,2018,748.69073486
BRN,2019,678.81982422
BRN,2020,658.38983154
BRN,2021,665.87030029
BRN,2022,648.55499268
BRN,2023,733.00543213
BRN,2024,NA
BTN,2000,30.5911293
BTN,2001,35.08880234
BTN,2002,32.9380188
BTN,2003,37.15467834
BTN,2004,46.06135941
BTN,2005,46.79434204
BTN,2006,54.21236038
BTN,2007,64.72015381
BTN,2008,57.59343338
BTN,2009,59.74616623
BTN,2010,72.38789368
BTN,2011,77.75431824
BTN,2012,84.0940094
BTN,2013,86.41462708
BTN,2014,87.19132233
BTN,2015,96.86671448
BTN,2016,97.42939758
BTN,2017,103.63583374
BTN,2018,102.01222992
BTN,2019,115.71811676
BTN,2020,134.13723755
BTN,2021,161.46617126
BTN,2022,138.00679016
BTN,2023,162.19680786
BTN,2024,NA
BWA,2000,206.93144226
BWA,2001,203.01203918
BWA,2002,206.11392212
BWA,2003,269.58544922
BWA,2004,297.2512207
BWA,2005,281.38796997
BWA,2006,258.01873779
BWA,2007,305.22042847
BWA,2008,324.54284668
BWA,2009,336.53146362
BWA,2010,389.55178833
BWA,2011,427.70709229
BWA,2012,418.82244873
BWA,2013,433.29150391
BWA,2014,418.82452393
BWA,2015,374.79058838
BWA,2016,389.3107605
BWA,2017,471.05056763
BWA,2018,447.4473877
BWA,2019,438.28546143
BWA,2020,386.28860474
BWA,2021,492.14276123
BWA,2022,477.77633667
BWA,2023,489.59677124
BWA,2024,NA
CAF,2000,9.9123354
CAF,2001,9.20995235
CAF,2002,10.44132614
CAF,2003,12.15000153
CAF,2004,12.96809387
CAF,2005,13.93517494
CAF,2006,15.15495491
CAF,2007,18.24629021
CAF,2008,18.02888489
CAF,2009,21.37773895
CAF,2010,17.01008034
CAF,2011,19.62990761
CAF,2012,21.33021736
CAF,2013,17.36794472
CAF,2014,18.7120266
CAF,2015,18.44194221
CAF,2016,21.07796097
CAF,2017,28.81619644
CAF,2018,51.3541069
CAF,2019,35.76099014
CAF,2020,42.63476563
CAF,2021,46.25038147
CAF,2022,47.91523361
CAF,2023,53.81136703
CAF,2024,NA
CAN,2000,1988.15942383
CAN,2001,2041.87512207
CAN,2002,2134.84960938
CAN,2003,2534.86474609
CAN,2004,2896.19335938
CAN,2005,3268.46850586
CAN,2006,3758.35961914
CAN,2007,4187.87255859
CAN,2008,4454.11621094
CAN,2009,4355.83056641
CAN,2010,5060.88818359
CAN,2011,5399.98779297
CAN,2012,5518.5703125
CAN,2013,5460.03173828
CAN,2014,5209.93164063
CAN,2015,4658.83789063
CAN,2016,4647.14892578
CAN,2017,4894.7734375
CAN,2018,5052.90185547
CAN,2019,5098.88720703
CAN,2020,5646.19433594
CAN,2021,6511.46972656
CAN,2022,6252.34033203
CAN,2023,6186.65234375
CAN,2024,6377.96875
CEB,2000,221.7521694417335
CEB,2001,252.15549633454464
CEB,2002,298.23143603493594
CEB,2003,373.19114431979284
CEB,2004,446.9600804895369
CEB,2005,522.8012586597889
CEB,2006,580.3377018885029
CEB,2007,729.697767570638
CEB,2008,927.6774740226574
CEB,2009,842.5805082182175
CEB,2010,869.1719164759877
CEB,2011,920.709058276828
CEB,2012,863.7558953691542
CEB,2013,911.4203380864745
CEB,2014,932.8184687134403
CEB,2015,817.1421048562432
CEB,2016,854.458742634355
CEB,2017,941.309979111415
CEB,2018,1057.7859181411804
CEB,2019,1095.4614214138965
CEB,2020,1187.604626144713
CEB,2021,1412.782144535026
CEB,2022,1374.1600690946045
CEB,2023,1626.967485300391
CEB,2024,NA
CHE,2000,3550.12597656
CHE,2001,3751.75244141
CHE,2002,4198.36376953
CHE,2003,5005.11816406
CHE,2004,5593.4765625
CHE,2005,5661.17431641
CHE,2006,5657.28222656
CHE,2007,6124.81445313
CHE,2008,7075.70751953
CHE,2009,7263.62695313
CHE,2010,7645.25732422
CHE,2011,9139.43066406
CHE,2012,8868.98144531
CHE,2013,9247.28417969
CHE,2014,9469.6640625
CHE,2015,9200.10058594
CHE,2016,9201.47460938
CHE,2017,9354.22070313
CHE,2018,9541.07421875
CHE,2019,9609.80273438
CHE,2020,10294.578125
CHE,2021,11197.76464844
CHE,2022,10930.13964844
CHE,2023,11783.66992188
CHE,2024,NA
CHI,2000,NA
CHI,2001,NA
CHI,2002,NA
CHI,2003,NA
CHI,2004,NA
CHI,2005,NA
CHI,2006,NA
CHI,2007,NA
CHI,2008,NA
CHI,2009,NA
CHI,2010,NA
CHI,2011,NA
CHI,2012,NA
CHI,2013,NA
CHI,2014,NA
CHI,2015,NA
CHI,2016,NA
CHI,2017,NA
CHI,2018,NA
CHI,2019,NA
CHI,2020,NA
CHI,2021,NA
CHI,2022,NA
CHI,2023,NA
CHI,2024,NA
CHL,2000,353.25033569
CHL,2001,323.63336182
CHL,2002,319.53222656
CHL,2003,346.1635437
CHL,2004,422.96481323
CHL,2005,495.56002808
CHL,2006,565.8493042
CHL,2007,643.05963135
CHL,2008,719.07501221
CHL,2009,730.63336182
CHL,2010,861.72436523
CHL,2011,984.4486084
CHL,2012,1070.51293945
CHL,2013,1171.77038574
CHL,2014,1138.66113281
CHL,2015,1122.13378906
CHL,2016,1167.89306641
CHL,2017,1353.69274902
CHL,2018,1430.70263672
CHL,2019,1348.99401855
CHL,2020,1270.97814941
CHL,2021,1576.69287109
CHL,2022,1541.37927246
CHL,2023,1736.52038574
CHL,2024,1759.70605469
CHN,2000,42.80797577
CHN,2001,44.36042023
CHN,2002,49.92394638
CHN,2003,56.54468155
CHN,2004,64.28150177
CHN,2005,73.00266266
CHN,2006,82.48256683
CHN,2007,98.5569458
CHN,2008,133.83999634
CHN,2009,164.87619019
CHN,2010,188.87156677
CHN,2011,239.19824219
CHN,2012,284.69760132
CHN,2013,329.08572388
CHN,2014,362.28695679
CHN,2015,393.09768677
CHN,2016,398.17489624
CHN,2017,439.94006348
CHN,2018,504.10980225
CHN,2019,538.99157715
CHN,2020,582.95092773
CHN,2021,670.25897217
CHN,2022,755.43597412
CHN,2023,763.37762451
CHN,2024,NA
CIV,2000,30.33073425
CIV,2001,30.58369255
CIV,2002,32.55319595
CIV,2003,43.81231308
CIV,2004,47.04700851
CIV,2005,46.69436264
CIV,2006,47.08904266
CIV,2007,56.15083694
CIV,2008,64.67678833
CIV,2009,71.06480408
CIV,2010,70.04605103
CIV,2011,67.97618103
CIV,2012,69.86203003
CIV,2013,67.13149261
CIV,2014,74.3581543
CIV,2015,58.43181992
CIV,2016,61.85705566
CIV,2017,63.77943039
CIV,2018,65.87952423
CIV,2019,68.30471039
CIV,2020,78.97766876
CIV,2021,92.39588928
CIV,2022,84.89915466
CIV,2023,87.68105316
CIV,2024,NA
CMR,2000,30.438097
CMR,2001,29.82297325
CMR,2002,31.79577446
CMR,2003,38.56394196
CMR,2004,42.25278473
CMR,2005,43.10830688
CMR,2006,44.52022934
CMR,2007,50.30911255
CMR,2008,54.58909225
CMR,2009,51.14823914
CMR,2010,50.03335571
CMR,2011,58.33031845
CMR,2012,56.96441269
CMR,2013,57.22771454
CMR,2014,71.61038208
CMR,2015,58.38298035
CMR,2016,57.99372482
CMR,2017,56.7457695
CMR,2018,58.32909393
CMR,2019,56.79493713
CMR,2020,66.17185211
CMR,2021,72.59731293
CMR,2022,72.12950897
CMR,2023,79.09996796
CMR,2024,NA
COD,2000,17.52071953
COD,2001,5.4341011
COD,2002,4.17578602
COD,2003,6.03257608
COD,2004,7.83304834
COD,2005,8.55065727
COD,2006,10.37645721
COD,2007,11.5629034
COD,2008,15.36659527
COD,2009,12.75762081
COD,2010,12.1423111
COD,2011,11.89942932
COD,2012,13.20595551
COD,2013,15.37901688
COD,2014,18.22281265
COD,2015,18.57252884
COD,2016,19.3114109
COD,2017,18.14648819
COD,2018,17.29077148
COD,2019,19.20812035
COD,2020,20.5593071
COD,2021,21.58848572
COD,2022,24.3800106
COD,2023,23.43148804
COD,2024,NA
COG,2000,17.35089302
COG,2001,20.303905489999998
COG,2002,16.99031258
COG,2003,21.51475716
COG,2004,27.50056839
COG,2005,30.90304375
COG,2006,35.94208145
COG,2007,41.96711731
COG,2008,63.41820908
COG,2009,48.65313721
COG,2010,54.56225586
COG,2011,59.51348114
COG,2012,71.2766571
COG,2013,71.85824585
COG,2014,71.03118896
COG,2015,57.30290604
COG,2016,54.3000145
COG,2017,52.29982376
COG,2018,47.310215
COG,2019,58.42106628
COG,2020,80.09735107
COG,2021,78.60149384
COG,2022,53.11892319
COG,2023,75.55332184
COG,2024,NA
COL,2000,134.71453857
COL,2001,138.47569275
COL,2002,132.18363953
COL,2003,129.71965027
COL,2004,159.61109924
COL,2005,209.68319702
COL,2006,240.10488892
COL,2007,309.61691284
COL,2008,379.16812134
COL,2009,383.91674805
COL,2010,452.44281006
COL,2011,501.84420776
COL,2012,547.00732422
COL,2013,580.96453857
COL,2014,588.29449463
COL,2015,470.099823
COL,2016,448.84588623
COL,2017,497.54016113
COL,2018,526.11828613
COL,2019,507.06231689
COL,2020,464.41998291
COL,2021,568.84130859
COL,2022,507.07064819
COL,2023,571.15496826
COL,2024,644.30908203
COM,2000,47.59479904
COM,2001,45.34629059
COM,2002,51.12159729
COM,2003,63.91786194
COM,2004,70.61806488
COM,2005,67.80059814
COM,2006,65.72916412
COM,2007,69.87202454
COM,2008,73.75498962
COM,2009,69.4848938
COM,2010,69.21523285
COM,2011,81.19863892
COM,2012,77.10220337
COM,2013,81.81765747
COM,2014,84.63935852
COM,2015,61.16300201
COM,2016,63.53099442
COM,2017,75.01337433
COM,2018,74.89152527
COM,2019,78.23674774
COM,2020,89.67817688
COM,2021,100.50016785
COM,2022,124.14363861
COM,2023,102.23101807
COM,2024,NA
CPV,2000,59.54011154
CPV,2001,63.55782318
CPV,2002,69.12203979
CPV,2003,84.6628952
CPV,2004,93.43228912
CPV,2005,96.08917999
CPV,2006,113.13097382
CPV,2007,127.73626709
CPV,2008,127.79390717
CPV,2009,130.23704529
CPV,2010,146.07247925
CPV,2011,157.08999634
CPV,2012,174.66062927
CPV,2013,191.1048584
CPV,2014,193.39482117
CPV,2015,150.28823853
CPV,2016,157.39906311
CPV,2017,174.43547058
CPV,2018,205.5345459
CPV,2019,211.24963379
CPV,2020,249.71989441
CPV,2021,262.42272949
CPV,2022,297.08233643
CPV,2023,290.12619019
CPV,2024,NA
CRI,2000,250.30950928
CRI,2001,258.00057983
CRI,2002,279.41705322
CRI,2003,290.83309937
CRI,2004,293.77548218
CRI,2005,313.48355103
CRI,2006,364.52426147
CRI,2007,429.41894531
CRI,2008,518.1114502
CRI,2009,537.06317139
CRI,2010,663.69165039
CRI,2011,753.42633057
CRI,2012,788.53100586
CRI,2013,829.93658447
CRI,2014,836.23120117
CRI,2015,889.3762207
CRI,2016,884.73028564
CRI,2017,867.76733398
CRI,2018,917.31018066
CRI,2019,930.43511963
CRI,2020,969.89099121
CRI,2021,977.14831543
CRI,2022,978.84155273
CRI,2023,1163.30224609
CRI,2024,NA
CSS,2000,290.57061875586203
CSS,2001,291.12371998972174
CSS,2002,325.1984260090477
CSS,2003,351.5130894875404
CSS,2004,393.12461907015404
CSS,2005,442.3475975295703
CSS,2006,485.72985267802784
CSS,2007,539.4397825317325
CSS,2008,590.4201114781537
CSS,2009,604.6435920483141
CSS,2010,627.8078592981055
CSS,2011,650.7231894625046
CSS,2012,680.8794287736389
CSS,2013,712.6072568389824
CSS,2014,730.3531083377388
CSS,2015,752.9047943947263
CSS,2016,747.2260861266808
CSS,2017,788.5823093854355
CSS,2018,790.7480492536743
CSS,2019,820.2398122142786
CSS,2020,796.1579800089922
CSS,2021,851.9530106797473
CSS,2022,915.9554487159085
CSS,2023,915.8474071402977
CSS,2024,NA
CUB,2000,181.09315491
CUB,2001,198.49874878
CUB,2002,213.81524658
CUB,2003,227.49208069
CUB,2004,232.22746277
CUB,2005,331.50354004
CUB,2006,386.8258667
CUB,2007,569.43585205
CUB,2008,609.27282715
CUB,2009,675.53399658
CUB,2010,608.5847168
CUB,2011,695.81542969
CUB,2012,601.74957275
CUB,2013,712.26629639
CUB,2014,867.69702148
CUB,2015,991.08496094
CUB,2016,990.92346191
CUB,2017,987.81030273
CUB,2018,981.90283203
CUB,2019,1023.39715576
CUB,2020,1199.35327148
CUB,2021,NA
CUB,2022,NA
CUB,2023,NA
CUB,2024,NA
CUW,2000,NA
CUW,2001,NA
CUW,2002,NA
CUW,2003,NA
CUW,2004,NA
CUW,2005,NA
CUW,2006,NA
CUW,2007,NA
CUW,2008,NA
CUW,2009,NA
CUW,2010,NA
CUW,2011,NA
CUW,2012,NA
CUW,2013,NA
CUW,2014,NA
CUW,2015,NA
CUW,2016,NA
CUW,2017,NA
CUW,2018,NA
CUW,2019,NA
CUW,2020,NA
CUW,2021,NA
CUW,2022,NA
CUW,2023,NA
CUW,2024,NA
CYM,2000,NA
CYM,2001,NA
CYM,2002,NA
CYM,2003,NA
CYM,2004,NA
CYM,2005,NA
CYM,2006,NA
CYM,2007,NA
CYM,2008,NA
CYM,2009,NA
CYM,2010,NA
CYM,2011,NA
CYM,2012,NA
CYM,2013,NA
CYM,2014,NA
CYM,2015,NA
CYM,2016,NA
CYM,2017,NA
CYM,2018,NA
CYM,2019,NA
CYM,2020,NA
CYM,2021,NA
CYM,2022,NA
CYM,2023,NA
CYM,2024,NA
CYP,2000,750.51672363
CYP,2001,782.16162109
CYP,2002,890.48297119
CYP,2003,1145.05847168
CYP,2004,1286.97155762
CYP,2005,1366.01708984
CYP,2006,1474.02062988
CYP,2007,1694.27185059
CYP,2008,2155.24658203
CYP,2009,2105.4777832
CYP,2010,2045.2923584
CYP,2011,2114.66894531
CYP,2012,1899.37255859
CYP,2013,1923.03869629
CYP,2014,1869.46398926
CYP,2015,1570.54638672
CYP,2016,1619.91918945
CYP,2017,1742.67626953
CYP,2018,1987.69470215
CYP,2019,2059.45019531
CYP,2020,2443.37207031
CYP,2021,2947.81494141
CYP,2022,2748.6159668
CYP,2023,2899.36499023
CYP,2024,NA
CZE,2000,342.92108154
CZE,2001,388.54403687
CZE,2002,497.74203491
CZE,2003,640.66040039
CZE,2004,746.32891846
CZE,2005,852.65246582
CZE,2006,942.11804199
CZE,2007,1110.17663574
CZE,2008,1449.33679199
CZE,2009,1442.24279785
CZE,2010,1509.44726563
CZE,2011,1649.15905762
CZE,2012,1509.77526855
CZE,2013,1508.79907227
CZE,2014,1512.59326172
CZE,2015,1308.8013916
CZE,2016,1374.9005127
CZE,2017,1516.75012207
CZE,2018,1750.81188965
CZE,2019,1805.44030762
CZE,2020,2106.28027344
CZE,2021,2538.03344727
CZE,2022,2431.08496094
CZE,2023,2671.08398438
CZE,2024,2692.76416016
DEU,2000,2336.36230469
DEU,2001,2338.12231445
DEU,2002,2557.53564453
DEU,2003,3139.36328125
DEU,2004,3447.26977539
DEU,2005,3544.56616211
DEU,2006,3681.3659668
DEU,2007,4162.6875
DEU,2008,4647.31005859
DEU,2009,4655.171875
DEU,2010,4592.07128906
DEU,2011,5016.23583984
DEU,2012,4744.87011719
DEU,2013,5080.62402344
DEU,2014,5287.34423828
DEU,2015,4605.59033203
DEU,2016,4723.32421875
DEU,2017,5039.35302734
DEU,2018,5473.55712891
DEU,2019,5447.31787109
DEU,2020,5906.80615234
DEU,2021,6653.58349609
DEU,2022,6226.14208984
DEU,2023,6394.62255859
DEU,2024,6849.26367188
DJI,2000,35.48954773
DJI,2001,33.61427689
DJI,2002,39.49966431
DJI,2003,46.27521896
DJI,2004,40.04951477
DJI,2005,45.12551498
DJI,2006,53.26344299
DJI,2007,55.18254471
DJI,2008,55.90976715
DJI,2009,56.92132568
DJI,2010,55.7044487
DJI,2011,61.89852524
DJI,2012,64.8536911
DJI,2013,60.57233047
DJI,2014,65.53726196
DJI,2015,79.54257965
DJI,2016,68.82745361
DJI,2017,64.94396973
DJI,2018,68.79101563
DJI,2019,68.4744873
DJI,2020,66.53086853
DJI,2021,86.88237762
DJI,2022,79.13184357
DJI,2023,77.57087708
DJI,2024,NA
DMA,2000,259.0213623
DMA,2001,231.52333069
DMA,2002,226.86923218
DMA,2003,242.78863525
DMA,2004,253.70576477
DMA,2005,263.66098022
DMA,2006,271.24331665
DMA,2007,293.30905151
DMA,2008,336.0015564
DMA,2009,354.04888916
DMA,2010,369.75668335
DMA,2011,387.11709595
DMA,2012,407.42053223
DMA,2013,382.10519409
DMA,2014,389.05343628
DMA,2015,396.23742676
DMA,2016,424.15756226
DMA,2017,415.87072754
DMA,2018,503.34179688
DMA,2019,465.63766479
DMA,2020,452.65899658
DMA,2021,521.41455078
DMA,2022,542.53948975
DMA,2023,492.4524231
DMA,2024,NA
DNK,2000,2491.54174805
DNK,2001,2597.97290039
DNK,2002,2891.71069336
DNK,2003,3602.28295898
DNK,2004,4189.47265625
DNK,2005,4436.07421875
DNK,2006,4770.13720703
DNK,2007,5453.83837891
DNK,2008,6117.69677734
DNK,2009,6208.48486328
DNK,2010,6156.68554688
DNK,2011,6426.39990234
DNK,2012,6155.76367188
DNK,2013,6320.08447266
DNK,2014,6447.92382813
DNK,2015,5508.53369141
DNK,2016,5603.75830078
DNK,2017,5817.42529297
DNK,2018,6219.12988281
DNK,2019,6049.93408203
DNK,2020,6520.65771484
DNK,2021,7429.99023438
DNK,2022,6451.19433594
DNK,2023,6510.625
DNK,2024,6745.06152344
DOM,2000,138.29624939
DOM,2001,143.32540894
DOM,2002,152.86595154
DOM,2003,104.59856415
DOM,2004,105.12216187
DOM,2005,168.85827637
DOM,2006,161.94844055
DOM,2007,190.14048767
DOM,2008,229.29747009
DOM,2009,237.11128235
DOM,2010,270.03961182
DOM,2011,293.95123291
DOM,2012,304.23754883
DOM,2013,302.28512573
DOM,2014,312.44223022
DOM,2015,322.04864502
DOM,2016,328.36526489
DOM,2017,329.54168701
DOM,2018,332.47702026
DOM,2019,357.44137573
DOM,2020,354.25689697
DOM,2021,433.89172363
DOM,2022,469.34915161
DOM,2023,488.8727417
DOM,2024,NA
DZA,2000,61.85785294
DZA,2001,67.05859375
DZA,2002,66.681633
DZA,2003,75.9513092
DZA,2004,92.6876297
DZA,2005,100.83694458
DZA,2006,116.7750473
DZA,2007,150.86651611
DZA,2008,206.37207031
DZA,2009,207.20181274
DZA,2010,227.95396423
DZA,2011,285.5020752
DZA,2012,340.09176636
DZA,2013,337.57348633
DZA,2014,366.58615112
DZA,2015,296.76834106
DZA,2016,265.53491211
DZA,2017,270.93231201
DZA,2018,271.53808594
DZA,2019,242.07049561
DZA,2020,211.07240295
DZA,2021,208.93911743
DZA,2022,180.33454895
DZA,2023,233.37947083
DZA,2024,NA
EAP,2000,38.38704161725179
EAP,2001,39.5186247465139
EAP,2002,44.08120934738309
EAP,2003,50.33559536851252
EAP,2004,56.639687356351885
EAP,2005,65.02178367019555
EAP,2006,74.61254229580513
EAP,2007,89.2576304285462
EAP,2008,116.58827527062287
EAP,2009,138.5121140705462
EAP,2010,160.36428132004173
EAP,2011,200.30122813897208
EAP,2012,233.5036384392954
EAP,2013,263.8171619048959
EAP,2014,287.3271265167316
EAP,2015,307.27050452969394
EAP,2016,312.57896169598445
EAP,2017,342.752366201755
EAP,2018,388.6102204138536
EAP,2019,414.60968182013863
EAP,2020,446.4538730859133
EAP,2021,515.5273406578114
EAP,2022,566.0302862983734
EAP,2023,570.0461541074975
EAP,2024,NA
EAR,2000,63.40250625097557
EAR,2001,63.93203674673695
EAR,2002,58.779642629994676
EAR,2003,65.85553828641861
EAR,2004,74.32216337265697
EAR,2005,85.02660186156471
EAR,2006,93.78611223622578
EAR,2007,108.24504205414614
EAR,2008,119.56241860274507
EAR,2009,120.10093866857129
EAR,2010,137.3998351681977
EAR,2011,153.44090287151198
EAR,2012,160.5543028474227
EAR,2013,166.6350543118319
EAR,2014,165.92717749758577
EAR,2015,165.20106295856434
EAR,2016,161.0072051029097
EAR,2017,166.13663521277311
EAR,2018,159.6997596474996
EAR,2019,159.8212970455748
EAR,2020,162.1397489940112
EAR,2021,186.69371327093563
EAR,2022,191.39292629362703
EAR,2023,201.32127616790785
EAR,2024,NA
EAS,2000,239.83267620517245
EAS,2001,222.89050627281767
EAS,2002,224.5368427088089
EAS,2003,253.02041615632777
EAS,2004,279.713123154029
EAS,2005,293.8646879508237
EAS,2006,299.85595449760996
EAS,2007,323.5164102856499
EAS,2008,375.8729711790406
EAS,2009,421.1885250678803
EAS,2010,479.3879758725852
EAS,2011,588.7552077122558
EAS,2012,627.13244385485
EAS,2013,603.347478303646
EAS,2014,617.3950128353187
EAS,2015,604.2547506540186
EAS,2016,637.0560559335738
EAS,2017,669.232674974526
EAS,2018,723.9254738268684
EAS,2019,754.673740778479
EAS,2020,799.4680531303477
EAS,2021,899.2872592313865
EAS,2022,905.1148186684879
EAS,2023,881.2908979605636
EAS,2024,NA
ECA,2000,87.47396909944958
ECA,2001,79.90490654997983
ECA,2002,95.89697885032206
ECA,2003,123.73590972119682
ECA,2004,156.93895535358337
ECA,2005,193.1911606356127
ECA,2006,226.209177830607
ECA,2007,276.62123481489624
ECA,2008,322.5810420169621
ECA,2009,284.38424489892935
ECA,2010,310.36044188105393
ECA,2011,330.4178240933206
ECA,2012,346.09329302421236
ECA,2013,367.58763736057483
ECA,2014,345.93313398459736
ECA,2015,294.2699162839564
ECA,2016,289.02004128330407
ECA,2017,288.6403049921911
ECA,2018,282.0635250182294
ECA,2019,296.59997565349437
ECA,2020,313.4927387874448
ECA,2021,373.79966431914374
ECA,2022,366.1151508017057
ECA,2023,455.30913952715855
ECA,2024,NA
ECS,2000,934.4277884577949
ECS,2001,963.897798657633
ECS,2002,1088.038991434878
ECS,2003,1348.8236141362117
ECS,2004,1565.290371094941
ECS,2005,1657.5406250002075
ECS,2006,1775.7354863585447
ECS,2007,2046.6878403987778
ECS,2008,2290.6372559039487
ECS,2009,2194.571265205543
ECS,2010,2182.7894807082557
ECS,2011,2365.2656889429663
ECS,2012,2273.382308927462
ECS,2013,2379.2389830848997
ECS,2014,2431.976395089343
ECS,2015,2105.2635123322075
ECS,2016,2095.7945477450307
ECS,2017,2194.387400364227
ECS,2018,2346.577585247998
ECS,2019,2329.105120804657
ECS,2020,2527.45161423102
ECS,2021,2865.362040389074
ECS,2022,2811.9154503739574
ECS,2023,2968.436980609132
ECS,2024,NA
ECU,2000,49.37281418
ECU,2001,72.7922287
ECU,2002,99.12815857
ECU,2003,134.12744141
ECU,2004,152.10868835
ECU,2005,170.44190979
ECU,2006,192.55101013
ECU,2007,193.33273315
ECU,2008,231.62229919
ECU,2009,244.5753479
ECU,2010,287.00466919
ECU,2011,340.40786743
ECU,2012,387.54577637
ECU,2013,414.12683105
ECU,2014,433.41845703
ECU,2015,464.22186279
ECU,2016,449.03869629
ECU,2017,469.04544067
ECU,2018,493.82693481
ECU,2019,484.54037476
ECU,2020,470.20355225
ECU,2021,507.65136719
ECU,2022,495.30380249
ECU,2023,509.49414063
ECU,2024,NA
EGY,2000,69.37174988
EGY,2001,68.67334747
EGY,2002,63.99928665
EGY,2003,50.34780884
EGY,2004,50.33084488
EGY,2005,59.4683876
EGY,2006,66.32707214
EGY,2007,73.29454041
EGY,2008,90.15769958
EGY,2009,98.90396881
EGY,2010,105.07817841
EGY,2011,116.22949219
EGY,2012,139.81625366
EGY,2013,139.67245483
EGY,2014,155.06480408
EGY,2015,170.25532532
EGY,2016,142.61845398
EGY,2017,106.00288391
EGY,2018,118.01481628
EGY,2019,142.69670105
EGY,2020,148.35269165
EGY,2021,176.93664551
EGY,2022,171.67852783
EGY,2023,141.41111755
EGY,2024,NA
EMU,2000,1730.791278309523
EMU,2001,1772.41803751041
EMU,2002,1973.501689896714
EMU,2003,2473.5648890289954
EMU,2004,2828.802814280465
EMU,2005,2945.9402503822444
EMU,2006,3112.807717679104
EMU,2007,3531.315321005557
EMU,2008,3989.627453399377
EMU,2009,3926.9229152903913
EMU,2010,3811.855631768344
EMU,2011,4070.956007933346
EMU,2012,3801.833358110315
EMU,2013,3979.4004608571404
EMU,2014,4081.8485301249484
EMU,2015,3509.506753023416
EMU,2016,3572.524745898602
EMU,2017,3768.182637287932
EMU,2018,4058.5981722665724
EMU,2019,3990.720647189198
EMU,2020,4267.968672244994
EMU,2021,4808.526674529802
EMU,2022,4440.786632780007
EMU,2023,4665.305898854061
EMU,2024,5420.843574367417
ERI,2000,14.03034782
ERI,2001,14.90675831
ERI,2002,15.77544498
ERI,2003,19.81480217
ERI,2004,23.15624809
ERI,2005,21.92651939
ERI,2006,23.77408791
ERI,2007,19.62666321
ERI,2008,21.55065727
ERI,2009,24.35102463
ERI,2010,26.00652122
ERI,2011,35.55129623
ERI,2012,27.78689003
ERI,2013,31.64078712
ERI,2014,32.93448257
ERI,2015,29.22208977
ERI,2016,26.00592422
ERI,2017,25.10270691
ERI,2018,26.68201256
ERI,2019,28.42930794
ERI,2020,27.66697884
ERI,2021,27.58759499
ERI,2022,27.0898056
ERI,2023,28.29782677
ERI,2024,NA
ESP,2000,1005.28399658
ESP,2001,1045.05065918
ESP,2002,1174.5793457
ESP,2003,1648.05712891
ESP,2004,1932.21398926
ESP,2005,2074.33081055
ESP,2006,2256.68066406
ESP,2007,2625.55664063
ESP,2008,3019.7578125
ESP,2009,2962.48266602
ESP,2010,2816.84350586
ESP,2011,2938.18041992
ESP,2012,2620.84204102
ESP,2013,2664.48339844
ESP,2014,2716.5793457
ESP,2015,2383.85302734
ESP,2016,2378.13598633
ESP,2017,2564.55834961
ESP,2018,2784.16308594
ESP,2019,2756.62109375
ESP,2020,2942.41943359
ESP,2021,3188.8515625
ESP,2022,2948.61474609
ESP,2023,3106.62011719
ESP,2024,NA
EST,2000,209.97769165
EST,2001,214.70417786
EST,2002,250.48020935
EST,2003,368.97955322
EST,2004,474.50796509
EST,2005,549.63024902
EST,2006,627.18377686
EST,2007,866.49945068
EST,2008,1082.15478516
EST,2009,1006.50708008
EST,2010,966.19024658
EST,2011,1061.1628418
EST,2012,1058.71960449
EST,2013,1194.86206055
EST,2014,1287.76123047
EST,2015,1156.20275879
EST,2016,1226.0859375
EST,2017,1350.12646484
EST,2018,1553.43347168
EST,2019,1599.3503418
EST,2020,1789.03417969
EST,2021,2091.15649414
EST,2022,1998.74523926
EST,2023,2258.4597168
EST,2024,2437.83764648
ETH,2000,5.28970861
ETH,2001,5.50955105
ETH,2002,5.14964151
ETH,2003,5.70984173
ETH,2004,5.7385993
ETH,2005,6.4820013
ETH,2006,8.42413712
ETH,2007,11.63210678
ETH,2008,13.03863621
ETH,2009,15.1445961
ETH,2010,16.17102051
ETH,2011,14.62286568
ETH,2012,20.00217628
ETH,2013,19.26698494
ETH,2014,21.6064415
ETH,2015,23.21817207
ETH,2016,24.34373283
ETH,2017,24.18239403
ETH,2018,23.5205574
ETH,2019,25.93511963
ETH,2020,28.28001595
ETH,2021,26.06931114
ETH,2022,27.06845474
ETH,2023,34.79846954
ETH,2024,NA
EUU,2000,1431.5464371937449
EUU,2001,1473.7520292633394
EUU,2002,1649.7635259971526
EUU,2003,2069.930558687477
EUU,2004,2372.4831846017605
EUU,2005,2484.4519124791977
EUU,2006,2633.2406007716654
EUU,2007,3004.2316836524474
EUU,2008,3413.6365174045472
EUU,2009,3340.252785724428
EUU,2010,3268.036908406667
EUU,2011,3523.019518696018
EUU,2012,3301.710381081008
EUU,2013,3463.6475049293476
EUU,2014,3550.2548712076723
EUU,2015,3056.0016232766593
EUU,2016,3117.186253909473
EUU,2017,3295.2118136021245
EUU,2018,3552.9434430703727
EUU,2019,3498.76733094227
EUU,2020,3749.139904987425
EUU,2021,4245.260274534821
EUU,2022,3922.696004246955
EUU,2023,4153.58435864806
EUU,2024,5005.49753794043
FCS,2000,23.403048559014024
FCS,2001,23.547837383244996
FCS,2002,23.3661277972943
FCS,2003,30.17787954958241
FCS,2004,35.258618497410275
FCS,2005,41.00296669133966
FCS,2006,48.49732606455952
FCS,2007,57.20051897864226
FCS,2008,66.3813471912518
FCS,2009,61.308487067555554
FCS,2010,66.72278251513653
FCS,2011,72.54183851314558
FCS,2012,79.44693547389963
FCS,2013,82.95411884684295
FCS,2014,81.8094595615783
FCS,2015,74.2365842183506
FCS,2016,71.76055060104945
FCS,2017,71.12346083251992
FCS,2018,77.87526430244239
FCS,2019,75.44734722812589
FCS,2020,74.79324843802308
FCS,2021,82.70207951834409
FCS,2022,72.87815074400481
FCS,2023,70.87985323281863
FCS,2024,NA
FIN,2000,1726.74438477
FIN,2001,1810.40380859
FIN,2002,2059.3269043
FIN,2003,2613.84570313
FIN,2004,3044.12109375
FIN,2005,3236.85839844
FIN,2006,3414.94140625
FIN,2007,3918.64453125
FIN,2008,4486.33789063
FIN,2009,4349.89501953
FIN,2010,4251.52880859
FIN,2011,4717.5078125
FIN,2012,4573.19726563
FIN,2013,4892.03369141
FIN,2014,4922.4296875
FIN,2015,4128.20751953
FIN,2016,4108.73974609
FIN,2017,4235.75488281
FIN,2018,4521.27636719
FIN,2019,4459.9296875
FIN,2020,4736.21435547
FIN,2021,5261.90966797
FIN,2022,4902.0390625
FIN,2023,5515.40478516
FIN,2024,NA
FJI,2000,74.28569794
FJI,2001,61.49855804
FJI,2002,69.40512085
FJI,2003,86.09690094
FJI,2004,110.06819153000001
FJI,2005,120.21074677
FJI,2006,126.38617706
FJI,2007,140.30192566
FJI,2008,134.50354004
FJI,2009,121.05646515
FJI,2010,127.65603638
FJI,2011,140.93704224
FJI,2012,153.56562805
FJI,2013,158.51806641
FJI,2014,178.31169128
FJI,2015,169.47518921
FJI,2016,175.91635132
FJI,2017,185.69645691
FJI,2018,249.86022949
FJI,2019,254.83047485
FJI,2020,256.25967407
FJI,2021,331.58413696
FJI,2022,217.15068054
FJI,2023,212.88697815
FJI,2024,NA
FRA,2000,2161.85302734
FRA,2001,2192.71557617
FRA,2002,2449.75830078
FRA,2003,3006.3059082
FRA,2004,3458.62744141
FRA,2005,3575.02514648
FRA,2006,3811.55175781
FRA,2007,4312.31054688
FRA,2008,4807.37451172
FRA,2009,4737.578125
FRA,2010,4593.66308594
FRA,2011,4936.95605469
FRA,2012,4659.92431641
FRA,2013,4884.71582031
FRA,2014,5007.29736328
FRA,2015,4226.62646484
FRA,2016,4289.34716797
FRA,2017,4436.63720703
FRA,2018,4692.99511719
FRA,2019,4519.98583984
FRA,2020,4760.08251953
FRA,2021,5364.89746094
FRA,2022,4857.73388672
FRA,2023,5149.0546875
FRA,2024,5327.43359375
FRO,2000,NA
FRO,2001,NA
FRO,2002,NA
FRO,2003,NA
FRO,2004,NA
FRO,2005,NA
FRO,2006,NA
FRO,2007,NA
FRO,2008,NA
FRO,2009,NA
FRO,2010,NA
FRO,2011,NA
FRO,2012,NA
FRO,2013,NA
FRO,2014,NA
FRO,2015,NA
FRO,2016,NA
FRO,2017,NA
FRO,2018,NA
FRO,2019,NA
FRO,2020,NA
FRO,2021,NA
FRO,2022,NA
FRO,2023,NA
FRO,2024,NA
FSM,2000,161.47862244
FSM,2001,181.29023743
FSM,2002,169.95617676
FSM,2003,208.84524536
FSM,2004,257.98867798
FSM,2005,397.91644287
FSM,2006,245.42320251
FSM,2007,258.64785767
FSM,2008,289.50195313
FSM,2009,325.56570435
FSM,2010,361.96511841
FSM,2011,378.15283203
FSM,2012,372.10220337
FSM,2013,354.82269287
FSM,2014,345.01589966
FSM,2015,362.27624512
FSM,2016,399.77108765
FSM,2017,409.11758423
FSM,2018,428.00738525
FSM,2019,425.28103638
FSM,2020,403.03540039
FSM,2021,399.43988037
FSM,2022,468.53509521
FSM,2023,507.7762146
FSM,2024,NA
GAB,2000,123.197258
GAB,2001,120.90242767
GAB,2002,132.07215881
GAB,2003,166.59495544
GAB,2004,183.92318726
GAB,2005,188.91426086
GAB,2006,211.9914093
GAB,2007,246.78276062
GAB,2008,275.89450073
GAB,2009,277.62945557
GAB,2010,206.87702942
GAB,2011,261.37597656
GAB,2012,225.07722473
GAB,2013,261.29452515
GAB,2014,233.05368042
GAB,2015,187.27270508
GAB,2016,207.50273132
GAB,2017,192.47543335
GAB,2018,209.28697205
GAB,2019,205.99945068
GAB,2020,227.2480011
GAB,2021,228.46922302
GAB,2022,243.09941101
GAB,2023,252.98246765
GAB,2024,NA
GBR,2000,2020.96813965
GBR,2001,2074.59936523
GBR,2002,2364.04736328
GBR,2003,2773.99414063
GBR,2004,3361.65625
GBR,2005,3528.16162109
GBR,2006,3802.56347656
GBR,2007,4415.51220703
GBR,2008,4280.36083984
GBR,2009,3813.02758789
GBR,2010,3876.33911133
GBR,2011,4123.70019531
GBR,2012,4204.08300781
GBR,2013,4340.16992188
GBR,2014,4733.37060547
GBR,2015,4470.09228516
GBR,2016,4043.35253906
GBR,2017,3938.65234375
GBR,2018,4233.62988281
GBR,2019,4260.03222656
GBR,2020,4865.97802734
GBR,2021,5645.40136719
GBR,2022,5111.81738281
GBR,2023,5407.17041016
GBR,2024,5860.23925781
GEO,2000,52.25807953
GEO,2001,56.36803818
GEO,2002,66.08916473
GEO,2003,80.6542511
GEO,2004,105.09565735
GEO,2005,132.22496033
GEO,2006,152.0617218
GEO,2007,195.9908905
GEO,2008,281.84671021
GEO,2009,270.2170105
GEO,2010,287.75900269
GEO,2011,315.29684448
GEO,2012,349.90432739
GEO,2013,368.16253662
GEO,2014,392.86099243
GEO,2015,347.71783447
GEO,2016,369.51849365
GEO,2017,377.92520142
GEO,2018,365.91583252
GEO,2019,339.86679077
GEO,2020,389.42260742
GEO,2021,524.32415771
GEO,2022,546.22503662
GEO,2023,554.3248291
GEO,2024,NA
GHA,2000,10.46035767
GHA,2001,12.15051079
GHA,2002,14.30371571
GHA,2003,18.96423721
GHA,2004,23.57214928
GHA,2005,38.51657486
GHA,2006,49.34616852
GHA,2007,57.34096527
GHA,2008,63.45487595
GHA,2009,62.44382095
GHA,2010,80.6833725
GHA,2011,91.70959473
GHA,2012,81.96895599
GHA,2013,105.34784698
GHA,2014,78.46701813
GHA,2015,78.21643066
GHA,2016,64.86400604
GHA,2017,54.10602188
GHA,2018,53.37788773
GHA,2019,71.14958191
GHA,2020,97.37677765
GHA,2021,94.40388489
GHA,2022,82.32108307
GHA,2023,70.25730896
GHA,2024,NA
GIB,2000,NA
GIB,2001,NA
GIB,2002,NA
GIB,2003,NA
GIB,2004,NA
GIB,2005,NA
GIB,2006,NA
GIB,2007,NA
GIB,2008,NA
GIB,2009,NA
GIB,2010,NA
GIB,2011,NA
GIB,2012,NA
GIB,2013,NA
GIB,2014,NA
GIB,2015,NA
GIB,2016,NA
GIB,2017,NA
GIB,2018,NA
GIB,2019,NA
GIB,2020,NA
GIB,2021,NA
GIB,2022,NA
GIB,2023,NA
GIB,2024,NA
GIN,2000,22.71741867
GIN,2001,21.76875114
GIN,2002,24.83917809
GIN,2003,25.60194969
GIN,2004,26.41420937
GIN,2005,19.66388702
GIN,2006,16.15967941
GIN,2007,22.64143372
GIN,2008,22.97397041
GIN,2009,23.71565628
GIN,2010,22.59741783
GIN,2011,24.12806129
GIN,2012,23.70012856
GIN,2013,25.90467834
GIN,2014,36.63517761
GIN,2015,43.41540527
GIN,2016,38.42609406
GIN,2017,32.63646317
GIN,2018,34.88978195
GIN,2019,42.16910172
GIN,2020,41.1027565
GIN,2021,44.10476303
GIN,2022,53.2922287
GIN,2023,59.33010101
GIN,2024,NA
GMB,2000,74.83678436
GMB,2001,55.65046692
GMB,2002,35.99459839
GMB,2003,28.3001461
GMB,2004,32.15613174
GMB,2005,33.2039566
GMB,2006,33.41355896
GMB,2007,35.91078568
GMB,2008,40.0297699
GMB,2009,34.59326172
GMB,2010,32.99832535
GMB,2011,31.05148888
GMB,2012,29.56409264
GMB,2013,25.59075928
GMB,2014,17.33743477
GMB,2015,19.67725563
GMB,2016,20.77086067
GMB,2017,21.55331612
GMB,2018,22.17474365
GMB,2019,23.21861267
GMB,2020,28.9169693
GMB,2021,29.77283478
GMB,2022,29.57811737
GMB,2023,25.74407768
GMB,2024,NA
GNB,2000,13.2785511
GNB,2001,13.50725842
GNB,2002,14.02086544
GNB,2003,14.70093441
GNB,2004,18.42279816
GNB,2005,20.99864388
GNB,2006,22.77665329
GNB,2007,25.56799126
GNB,2008,34.26661301
GNB,2009,26.88874054
GNB,2010,29.23748016
GNB,2011,44.72909927
GNB,2012,37.75499725
GNB,2013,46.05934143
GNB,2014,64.99989319
GNB,2015,52.45866776
GNB,2016,56.60805511
GNB,2017,54.8225174
GNB,2018,58.87445068
GNB,2019,53.98390961
GNB,2020,67.88795471
GNB,2021,70.21189117
GNB,2022,68.01049042
GNB,2023,82.13543701
GNB,2024,NA
GNQ,2000,20.14153671
GNQ,2001,29.59247589
GNQ,2002,74.93979645
GNQ,2003,86.82926178
GNQ,2004,104.54925537
GNQ,2005,122.75533295
GNQ,2006,143.95661926
GNQ,2007,179.49963379
GNQ,2008,225.50572205
GNQ,2009,248.9617157
GNQ,2010,237.85783386
GNQ,2011,265.38485718
GNQ,2012,280.90136719
GNQ,2013,286.33657837
GNQ,2014,290.53604126
GNQ,2015,222.81713867
GNQ,2016,221.49227905
GNQ,2017,223.4354248
GNQ,2018,240.49389648
GNQ,2019,223.14128113
GNQ,2020,213.59317017
GNQ,2021,243.81242371
GNQ,2022,215.32841492
GNQ,2023,233.68379211
GNQ,2024,NA
GRC,2000,885.41052246
GRC,2001,1004.81542969
GRC,2002,1168.82409668
GRC,2003,1566.40979004
GRC,2004,1782.69592285
GRC,2005,1935.26757813
GRC,2006,2052.87548828
GRC,2007,2426.75952148
GRC,2008,2840.50854492
GRC,2009,2809.05957031
GRC,2010,2564.36987305
GRC,2011,2338.91577148
GRC,2012,1948.24816895
GRC,2013,1832.02954102
GRC,2014,1700.4942627
GRC,2015,1481.41967773
GRC,2016,1513.25939941
GRC,2017,1509.78442383
GRC,2018,1603.07788086
GRC,2019,1569.02844238
GRC,2020,1674.78417969
GRC,2021,1846.37304688
GRC,2022,1768.11071777
GRC,2023,1962.59594727
GRC,2024,NA
GRD,2000,259.33764648
GRD,2001,271.03814697
GRD,2002,307.84365845
GRD,2003,286.90512085
GRD,2004,294.12390137
GRD,2005,326.09225464
GRD,2006,324.32067871
GRD,2007,359.53503418
GRD,2008,401.15072632
GRD,2009,376.68447876
GRD,2010,374.46508789
GRD,2011,403.17129517
GRD,2012,413.02658081
GRD,2013,417.74581909
GRD,2014,381.22598267
GRD,2015,404.00680542
GRD,2016,409.27841187
GRD,2017,454.07266235
GRD,2018,462.2394104
GRD,2019,515.94726563
GRD,2020,475.83853149
GRD,2021,508.09500122
GRD,2022,526.35113525
GRD,2023,526.3918457
GRD,2024,NA
GRL,2000,NA
GRL,2001,NA
GRL,2002,NA
GRL,2003,NA
GRL,2004,NA
GRL,2005,NA
GRL,2006,NA
GRL,2007,NA
GRL,2008,NA
GRL,2009,NA
GRL,2010,NA
GRL,2011,NA
GRL,2012,NA
GRL,2013,NA
GRL,2014,NA
GRL,2015,NA
GRL,2016,NA
GRL,2017,NA
GRL,2018,NA
GRL,2019,NA
GRL,2020,NA
GRL,2021,NA
GRL,2022,NA
GRL,2023,NA
GRL,2024,NA
GTM,2000,83.61930084
GTM,2001,100.02039337
GTM,2002,107.62042236
GTM,2003,113.38285065
GTM,2004,122.16271973
GTM,2005,132.41906738
GTM,2006,149.04266357
GTM,2007,158.89395142
GTM,2008,175.67254639
GTM,2009,169.37559509
GTM,2010,175.31318665
GTM,2011,191.24732971
GTM,2012,200.84880066
GTM,2013,198.79296875
GTM,2014,217.23764038
GTM,2015,233.8447876
GTM,2016,246.4538269
GTM,2017,265.36593628
GTM,2018,265.81820679
GTM,2019,278.59024048
GTM,2020,289.21640015
GTM,2021,361.51858521
GTM,2022,384.06158447
GTM,2023,392.01223755
GTM,2024,NA
GUM,2000,NA
GUM,2001,NA
GUM,2002,NA
GUM,2003,NA
GUM,2004,NA
GUM,2005,NA
GUM,2006,NA
GUM,2007,NA
GUM,2008,NA
GUM,2009,NA
GUM,2010,NA
GUM,2011,NA
GUM,2012,NA
GUM,2013,NA
GUM,2014,NA
GUM,2015,NA
GUM,2016,NA
GUM,2017,NA
GUM,2018,NA
GUM,2019,NA
GUM,2020,NA
GUM,2021,NA
GUM,2022,NA
GUM,2023,NA
GUM,2024,NA
GUY,2000,62.37635422
GUY,2001,60.09927368
GUY,2002,65.04125214
GUY,2003,68.19880676
GUY,2004,74.69225311
GUY,2005,85.35713959
GUY,2006,98.34314728
GUY,2007,125.79258728
GUY,2008,138.70043945
GUY,2009,150.21723938
GUY,2010,162.70393372
GUY,2011,186.11392212
GUY,2012,201.88832092
GUY,2013,211.2910614
GUY,2014,216.03759766
GUY,2015,226.89404297
GUY,2016,235.91662598
GUY,2017,266.86364746
GUY,2018,296.66903687
GUY,2019,314.0977478
GUY,2020,364.20135498
GUY,2021,457.86633301
GUY,2022,452.23754883
GUY,2023,505.03240967
GUY,2024,NA
HIC,2000,2108.171522517424
HIC,2001,2188.9814121239265
HIC,2002,2374.0451953812158
HIC,2003,2699.2227199453264
HIC,2004,2974.612822407795
HIC,2005,3144.8646631037213
HIC,2006,3325.5571804369283
HIC,2007,3622.2379393700735
HIC,2008,3893.8966726914473
HIC,2009,3939.40853319884
HIC,2010,4075.623487472421
HIC,2011,4388.574624424421
HIC,2012,4408.318900953687
HIC,2013,4436.829386711107
HIC,2014,4562.153105766087
HIC,2015,4379.0149696091685
HIC,2016,4508.977294099356
HIC,2017,4675.558028732511
HIC,2018,4909.237935822857
HIC,2019,5007.54151471026
HIC,2020,5459.203638531386
HIC,2021,5898.075930039763
HIC,2022,5837.668786210916
HIC,2023,6100.71624823872
HIC,2024,NA
HKG,2000,NA
HKG,2001,NA
HKG,2002,NA
HKG,2003,NA
HKG,2004,NA
HKG,2005,NA
HKG,2006,NA
HKG,2007,NA
HKG,2008,NA
HKG,2009,NA
HKG,2010,NA
HKG,2011,NA
HKG,2012,NA
HKG,2013,NA
HKG,2014,NA
HKG,2015,NA
HKG,2016,NA
HKG,2017,NA
HKG,2018,NA
HKG,2019,NA
HKG,2020,NA
HKG,2021,NA
HKG,2022,NA
HKG,2023,NA
HKG,2024,NA
HND,2000,68.48374939
HND,2001,67.13735199
HND,2002,70.72001648
HND,2003,79.65468597
HND,2004,83.29620361
HND,2005,97.86359406
HND,2006,112.11707306
HND,2007,127.55919647
HND,2008,149.05706787
HND,2009,160.23144531
HND,2010,165.19970703
HND,2011,182.3137207
HND,2012,184.04154968
HND,2013,176.421875
HND,2014,172.52818298
HND,2015,169.97198486
HND,2016,177.8835144
HND,2017,169.07194519
HND,2018,178.1494751
HND,2019,183.75006104
HND,2020,212.7419281
HND,2021,253.63349915
HND,2022,244.90408325
HND,2023,249.15301514
HND,2024,NA
HPC,2000,15.877415124016622
HPC,2001,15.118754519385297
HPC,2002,16.022001207183663
HPC,2003,18.780494020274123
HPC,2004,21.628754976310205
HPC,2005,24.913934912702487
HPC,2006,29.132938645534786
HPC,2007,33.84041608310024
HPC,2008,38.07304416971611
HPC,2009,38.837194973857144
HPC,2010,40.556427067506405
HPC,2011,43.81443261514483
HPC,2012,44.550606715801024
HPC,2013,47.805244821242454
HPC,2014,48.502160395666195
HPC,2015,46.126531285041004
HPC,2016,45.4245650179442
HPC,2017,44.2160443671853
HPC,2018,43.35729569368701
HPC,2019,44.64606002421022
HPC,2020,47.77170719354121
HPC,2021,51.339899263634635
HPC,2022,50.20279517718478
HPC,2023,51.34963303890537
HPC,2024,NA
HRV,2000,385.78341675
HRV,2001,387.8130188
HRV,2002,386.41821289
HRV,2003,511.99743652
HRV,2004,633.98242188
HRV,2005,726.6114502
HRV,2006,815.39093018
HRV,2007,1040.44995117
HRV,2008,1258.09594727
HRV,2009,1187.34326172
HRV,2010,1126.81970215
HRV,2011,1134.88916016
HRV,2012,1034.02124023
HRV,2013,894.07080078
HRV,2014,915.2689209
HRV,2015,803.41619873
HRV,2016,851.92492676
HRV,2017,919.22418213
HRV,2018,1045.14904785
HRV,2019,1063.54443359
HRV,2020,1123.37963867
HRV,2021,1423.52905273
HRV,2022,1328.80371094
HRV,2023,1548.33959961
HRV,2024,NA
HTI,2000,30.35855865
HTI,2001,27.39323044
HTI,2002,22.36586189
HTI,2003,18.60943604
HTI,2004,24.0406456
HTI,2005,25.25854683
HTI,2006,29.11877251
HTI,2007,37.59618378
HTI,2008,40.445961
HTI,2009,41.39894867
HTI,2010,55.73518753
HTI,2011,77.12206268
HTI,2012,75.08546448
HTI,2013,59.38277435
HTI,2014,65.10858917
HTI,2015,68.50547791
HTI,2016,60.06819153
HTI,2017,53.80579758
HTI,2018,62.30102539
HTI,2019,49.32995987
HTI,2020,52.2158699
HTI,2021,59.89406204
HTI,2022,52.28417587
HTI,2023,54.4146843
HTI,2024,NA
HUN,2000,313.10858154
HUN,2001,359.69750977
HUN,2002,473.12783813
HUN,2003,682.86566162
HUN,2004,798.45361328
HUN,2005,895.20330811
HUN,2006,893.20300293
HUN,2007,1003.25805664
HUN,2008,1117.20227051
HUN,2009,943.68774414
HUN,2010,983.11083984
HUN,2011,1063.43237305
HUN,2012,961.1383667
HUN,2013,991.98742676
HUN,2014,1008.92950439
HUN,2015,874.04138184
HUN,2016,918.94506836
HUN,2017,990.90808105
HUN,2018,1087.64611816
HUN,2019,1062.15869141
HUN,2020,1182.54138184
HUN,2021,1392.97460938
HUN,2022,1228.00231934
HUN,2023,1419.87475586
HUN,2024,NA
IBD,2000,76.05383420625417
IBD,2001,76.66808943270632
IBD,2002,75.95857400183753
IBD,2003,84.6631943198898
IBD,2004,98.37785977735734
IBD,2005,116.23675342059438
IBD,2006,134.07823189577937
IBD,2007,161.90022943448227
IBD,2008,195.4204678320495
IBD,2009,199.5193042362682
IBD,2010,230.12557053457093
IBD,2011,267.52985979883454
IBD,2012,284.91482764741517
IBD,2013,305.30158683402107
IBD,2014,312.12409374260807
IBD,2015,297.6903392852663
IBD,2016,295.1794334327298
IBD,2017,323.3483131064816
IBD,2018,336.6575777770282
IBD,2019,348.25918840706896
IBD,2020,356.80804810717746
IBD,2021,409.70823231197124
IBD,2022,447.2606549038848
IBD,2023,465.61715218666876
IBD,2024,NA
IBT,2000,63.16233724171934
IBT,2001,63.39795859216849
IBT,2002,62.712910662214824
IBT,2003,70.26389440990513
IBT,2004,81.33046014690404
IBT,2005,95.79544748428103
IBT,2006,110.40956648342465
IBT,2007,132.4182989947854
IBT,2008,158.8123700073496
IBT,2009,161.4778562058071
IBT,2010,184.83497346468
IBT,2011,213.45608391145905
IBT,2012,226.6725806077965
IBT,2013,242.11277211394034
IBT,2014,247.35962144373565
IBT,2015,235.72463054906464
IBT,2016,232.7874775674813
IBT,2017,252.49884366848664
IBT,2018,262.11811024882235
IBT,2019,269.77161578365025
IBT,2020,275.72500006235714
IBT,2021,315.3505862991645
IBT,2022,340.37615231389293
IBT,2023,351.42352410215506
IBT,2024,NA
IDA,2000,16.37787746291531
IDA,2001,15.85062396900745
IDA,2002,16.7100186534605
IDA,2003,20.622607536461846
IDA,2004,23.302375072041965
IDA,2005,27.103088902573194
IDA,2006,31.928990314008413
IDA,2007,36.022908808824255
IDA,2008,40.73465758997546
IDA,2009,40.3877545249102
IDA,2010,43.881909437941076
IDA,2011,47.2587151560955
IDA,2012,49.70367507353927
IDA,2013,53.560962542878066
IDA,2014,56.1217150627497
IDA,2015,54.79933870335242
IDA,2016,52.7923725982563
IDA,2017,51.9024108487341
IDA,2018,52.49184597716177
IDA,2019,52.1405597947966
IDA,2020,54.301563465881415
IDA,2021,61.82790253887717
IDA,2022,60.25413396502876
IDA,2023,56.77143221016084
IDA,2024,NA
IDB,2000,20.01163637875413
IDB,2001,19.06497049760594
IDB,2002,19.48673450369955
IDB,2003,27.380759984608748
IDB,2004,30.44501811177633
IDB,2005,36.04230869392082
IDB,2006,43.261774922595784
IDB,2007,47.20547497015015
IDB,2008,52.12540482523603
IDB,2009,48.520330863470846
IDB,2010,53.93487990736049
IDB,2011,57.93935749202773
IDB,2012,62.82042388544526
IDB,2013,68.33001889742937
IDB,2014,72.30167925255347
IDB,2015,68.27943838687662
IDB,2016,63.531177139193034
IDB,2017,61.21206737770819
IDB,2018,59.37861926239578
IDB,2019,59.84720266091954
IDB,2020,62.23516838241195
IDB,2021,73.16115143800778
IDB,2022,74.72900981217856
IDB,2023,64.96690250903363
IDB,2024,NA
IDN,2000,15.39148712
IDN,2001,16.8734417
IDN,2002,18.97848511
IDN,2003,25.51065636
IDN,2004,25.982700350000002
IDN,2005,34.09753036
IDN,2006,44.3965683
IDN,2007,55.99677658
IDN,2008,59.24273682
IDN,2009,62.4021759
IDN,2010,85.55950165
IDN,2011,107.00540161
IDN,2012,105.85425568
IDN,2013,102.33824921
IDN,2014,102.00482178
IDN,2015,96.15701294
IDN,2016,106.40021515
IDN,2017,110.32610321
IDN,2018,110.71585846
IDN,2019,118.22380829
IDN,2020,131.8225708
IDN,2021,158.89761353
IDN,2022,127.44384766
IDN,2023,131.77729797
IDN,2024,NA
IDX,2000,14.404455540051142
IDX,2001,14.09868803048403
IDX,2002,15.235588406284629
IDX,2003,17.021007869530134
IDX,2004,19.485167467295962
IDX,2005,22.313438713123045
IDX,2006,25.844460315088746
IDX,2007,29.997842564206383
IDX,2008,34.57071625255572
IDX,2009,35.969141102350804
IDX,2010,38.25109450002355
IDX,2011,41.26353086165655
IDX,2012,42.33586871871938
IDX,2013,45.36491785611421
IDX,2014,47.14648160453899
IDX,2015,47.332604669072175
IDX,2016,46.8621413322107
IDX,2017,46.82775901289788
IDX,2018,48.74814212946155
IDX,2019,47.96526186352975
IDX,2020,50.01693120704394
IDX,2021,55.72218075918812
IDX,2022,52.47410923901927
IDX,2023,52.38109053278722
IDX,2024,NA
IMN,2000,NA
IMN,2001,NA
IMN,2002,NA
IMN,2003,NA
IMN,2004,NA
IMN,2005,NA
IMN,2006,NA
IMN,2007,NA
IMN,2008,NA
IMN,2009,NA
IMN,2010,NA
IMN,2011,NA
IMN,2012,NA
IMN,2013,NA
IMN,2014,NA
IMN,2015,NA
IMN,2016,NA
IMN,2017,NA
IMN,2018,NA
IMN,2019,NA
IMN,2020,NA
IMN,2021,NA
IMN,2022,NA
IMN,2023,NA
IMN,2024,NA
IND,2000,18.47883415
IND,2001,19.74444199
IND,2002,20.15651703
IND,2003,21.89380074
IND,2004,24.9240799
IND,2005,27.49770737
IND,2006,29.37600899
IND,2007,35.63138962
IND,2008,37.65440369
IND,2009,38.05965042
IND,2010,44.79586029
IND,2011,48.18242264
IND,2012,48.45263672
IND,2013,55.46933746
IND,2014,56.3490181
IND,2015,58.12401581
IND,2016,59.72652817
IND,2017,56.66844559
IND,2018,57.46551132
IND,2019,60.6913681
IND,2020,63.83099747
IND,2021,75.54971313
IND,2022,81.50888824
IND,2023,84.68669891
IND,2024,NA
INX,2000,NA
INX,2001,NA
INX,2002,NA
INX,2003,NA
INX,2004,NA
INX,2005,NA
INX,2006,NA
INX,2007,NA
INX,2008,NA
INX,2009,NA
INX,2010,NA
INX,2011,NA
INX,2012,NA
INX,2013,NA
INX,2014,NA
INX,2015,NA
INX,2016,NA
INX,2017,NA
INX,2018,NA
INX,2019,NA
INX,2020,NA
INX,2021,NA
INX,2022,NA
INX,2023,NA
INX,2024,NA
IRL,2000,1564.83764648
IRL,2001,1823.73474121
IRL,2002,2200.35742188
IRL,2003,2910.93212891
IRL,2004,3483.16064453
IRL,2005,3938.19116211
IRL,2006,4147.1328125
IRL,2007,4858.64501953
IRL,2008,5638.77929688
IRL,2009,5502.88769531
IRL,2010,5133.45507813
IRL,2011,5538.00195313
IRL,2012,5187.27197266
IRL,2013,5295.52050781
IRL,2014,5309.90380859
IRL,2015,4575.84912109
IRL,2016,4746.93701172
IRL,2017,5023.51123047
IRL,2018,5494.98632813
IRL,2019,5454.31152344
IRL,2020,6073.10546875
IRL,2021,6754.07519531
IRL,2022,6407.92333984
IRL,2023,6877.9375
IRL,2024,7394.85009766
IRN,2000,79.89089203
IRN,2001,93.23036957
IRN,2002,104.64128113
IRN,2003,115.51907349
IRN,2004,139.75932312
IRN,2005,169.8145752
IRN,2006,192.07597351
IRN,2007,237.51042175
IRN,2008,288.85775757
IRN,2009,354.25738525
IRN,2010,424.60494995
IRN,2011,505.33276367
IRN,2012,500.21826172
IRN,2013,412.02786255
IRN,2014,395.027771
IRN,2015,423.28967285
IRN,2016,433.9196167
IRN,2017,457.22549438
IRN,2018,244.21661377
IRN,2019,223.64257813
IRN,2020,184.90914917
IRN,2021,196.66934204
IRN,2022,250.23272705
IRN,2023,267.059021
IRN,2024,NA
IRQ,2000,NA
IRQ,2001,NA
IRQ,2002,NA
IRQ,2003,26.98275757
IRQ,2004,51.81518173
IRQ,2005,53.0551796
IRQ,2006,56.76464462
IRQ,2007,100.59433746
IRQ,2008,139.28845215
IRQ,2009,140.1234436
IRQ,2010,144.54083252
IRQ,2011,161.89790344
IRQ,2012,174.48312378
IRQ,2013,186.78742981
IRQ,2014,178.98071289
IRQ,2015,149.07951355
IRQ,2016,199.88560486
IRQ,2017,197.23654175
IRQ,2018,232.86825562
IRQ,2019,241.73873901
IRQ,2020,248.04725647
IRQ,2021,251.59538269
IRQ,2022,283.17074585
IRQ,2023,333.29360962
IRQ,2024,NA
ISL,2000,2855.57470703
ISL,2001,2528.5456543
ISL,2002,3046.81665039
ISL,2003,3839.6940918
ISL,2004,4414.23339844
ISL,2005,5079.68945313
ISL,2006,4918.23339844
ISL,2007,5803.81152344
ISL,2008,4749.68408203
ISL,2009,3622.97827148
ISL,2010,3614.03833008
ISL,2011,3937.31591797
ISL,2012,3784.38378906
ISL,2013,4095.67626953
ISL,2014,4522.90576172
ISL,2015,4303.84179688
ISL,2016,5053.51757813
ISL,2017,5992.05322266
ISL,2018,6280.03857422
ISL,2019,5912.00976563
ISL,2020,5692.89111328
ISL,2021,6722.421875
ISL,2022,6851.62939453
ISL,2023,7064.62402344
ISL,2024,7641.57373047
ISR,2000,1473.00915527
ISR,2001,1509.44506836
ISR,2002,1355.33447266
ISR,2003,1384.18737793
ISR,2004,1438.98999023
ISR,2005,1509.10583496
ISR,2006,1555.56396484
ISR,2007,1769.92504883
ISR,2008,2126.11132813
ISR,2009,2034.45812988
ISR,2010,2237.90795898
ISR,2011,2442.29052734
ISR,2012,2405.1809082
ISR,2013,2673.3371582
ISR,2014,2804.23144531
ISR,2015,2645.78857422
ISR,2016,2783.82495117
ISR,2017,3074.44604492
ISR,2018,3199.41625977
ISR,2019,3335.24511719
ISR,2020,3616.50219727
ISR,2021,4294.18847656
ISR,2022,4107.72998047
ISR,2023,3927.69873047
ISR,2024,NA
ITA,2000,1524.23962402
ITA,2001,1586.67272949
ITA,2002,1762.359375
ITA,2003,2160.91210938
ITA,2004,2560.45776367
ITA,2005,2669.72802734
ITA,2006,2821.77392578
ITA,2007,3077.41381836
ITA,2008,3483.39086914
ITA,2009,3314.15844727
ITA,2010,3190.72045898
ITA,2011,3358.95654297
ITA,2012,3071.00048828
ITA,2013,3139.87939453
ITA,2014,3190.46777344
ITA,2015,2707.43310547
ITA,2016,2735.27783203
ITA,2017,2851.28686523
ITA,2018,3031.46459961
ITA,2019,2908.83154297
ITA,2020,3058.90014648
ITA,2021,3414.57299805
ITA,2022,3154.57104492
ITA,2023,3283.47216797
ITA,2024,3397.68798828
JAM,2000,206.44976807
JAM,2001,180.66116333
JAM,2002,205.3553772
JAM,2003,177.21534729
JAM,2004,222.27250671
JAM,2005,243.57797241
JAM,2006,243.38668823
JAM,2007,292.00213623
JAM,2008,334.75042725
JAM,2009,282.09719849
JAM,2010,309.86782837
JAM,2011,341.33453369
JAM,2012,330.38525391
JAM,2013,322.03283691
JAM,2014,312.77233887
JAM,2015,334.89901733
JAM,2016,330.15463257
JAM,2017,367.35095215
JAM,2018,381.47775269
JAM,2019,390.79431152
JAM,2020,364.76513672
JAM,2021,413.36227417
JAM,2022,521.12023926
JAM,2023,520.15704346
JAM,2024,NA
JOR,2000,151.33486938
JOR,2001,161.33900452
JOR,2002,164.75001526
JOR,2003,161.87841797
JOR,2004,175.04393005
JOR,2005,185.0302124
JOR,2006,188.72041321
JOR,2007,208.03627014
JOR,2008,275.17532349
JOR,2009,316.92221069
JOR,2010,303.8081665
JOR,2011,321.59057617
JOR,2012,325.97836304
JOR,2013,308.94308472
JOR,2014,302.14120483
JOR,2015,301.63067627
JOR,2016,278.13378906
JOR,2017,289.04656982
JOR,2018,289.47106934
JOR,2019,294.92785645
JOR,2020,303.4822998
JOR,2021,322.01589966
JOR,2022,334.387146
JOR,2023,342.10394287
JOR,2024,NA
JPN,2000,2751.38452148
JPN,2001,2488.65185547
JPN,2002,2412.35131836
JPN,2003,2650.23852539
JPN,2004,2884.67358398
JPN,2005,2892.60473633
JPN,2006,2763.53344727
JPN,2007,2781.49365234
JPN,2008,3223.29101563
JPN,2009,3696.58422852
JPN,2010,4071.80200195
JPN,2011,5103.34326172
JPN,2012,5232.36279297
JPN,2013,4356.15527344
JPN,2014,4121.21142578
JPN,2015,3754.18115234
JPN,2016,4194.22802734
JPN,2017,4135.24316406
JPN,2018,4265.77929688
JPN,2019,4431.29980469
JPN,2020,4581.60986328
JPN,2021,4843.94433594
JPN,2022,4201.79248047
JPN,2023,3638.19287109
JPN,2024,NA
KAZ,2000,49.093647
KAZ,2001,49.36683273
KAZ,2002,56.88095856
KAZ,2003,72.90396881
KAZ,2004,108.43822479
KAZ,2005,139.57885742
KAZ,2006,170.9365387
KAZ,2007,174.33786011
KAZ,2008,245.79397583
KAZ,2009,240.99569702
KAZ,2010,240.6149292
KAZ,2011,293.73300171
KAZ,2012,365.04208374
KAZ,2013,358.91342163
KAZ,2014,369.68508911
KAZ,2015,310.01428223
KAZ,2016,255.84049988
KAZ,2017,272.98272705
KAZ,2018,266.92147827
KAZ,2019,263.61331177
KAZ,2020,329.57086182
KAZ,2021,391.81536865
KAZ,2022,421.60028076
KAZ,2023,489.71456909
KAZ,2024,NA
KEN,2000,21.53400993
KEN,2001,22.11487579
KEN,2002,22.28772163
KEN,2003,25.64012337
KEN,2004,27.65002823
KEN,2005,30.9943428
KEN,2006,40.3040123
KEN,2007,49.44605255
KEN,2008,54.35681915
KEN,2009,55.455616
KEN,2010,58.8164711
KEN,2011,57.02286911
KEN,2012,64.48231506
KEN,2013,67.59809875
KEN,2014,72.84589386
KEN,2015,70.94755554
KEN,2016,73.88768005
KEN,2017,66.46552277
KEN,2018,75.27681732
KEN,2019,85.64528656
KEN,2020,86.5921936
KEN,2021,94.20249176
KEN,2022,91.18416595
KEN,2023,84.958992
KEN,2024,NA
KGZ,2000,12.0349474
KGZ,2001,12.87845421
KGZ,2002,14.4122982
KGZ,2003,21.68980598
KGZ,2004,26.37302399
KGZ,2005,34.93693161
KGZ,2006,44.5950737
KGZ,2007,49.61043167
KGZ,2008,62.77722549
KGZ,2009,59.93972397
KGZ,2010,60.67642975
KGZ,2011,78.73632813
KGZ,2012,98.66984558
KGZ,2013,103.59209442
KGZ,2014,93.15830994
KGZ,2015,79.54891205
KGZ,2016,71.52179718
KGZ,2017,76.60479736
KGZ,2018,65.34625244
KGZ,2019,61.39657974
KGZ,2020,61.25272751
KGZ,2021,72.58779144
KGZ,2022,88.07954407
KGZ,2023,96.65081787
KGZ,2024,NA
KHM,2000,19.27847862
KHM,2001,22.18333626
KHM,2002,24.25898743
KHM,2003,25.00667191
KHM,2004,28.80763817
KHM,2005,32.33660507
KHM,2006,32.84370041
KHM,2007,32.39221573
KHM,2008,48.62422562
KHM,2009,55.25073624
KHM,2010,53.58575439
KHM,2011,65.3871994
KHM,2012,68.90019989
KHM,2013,65.39577484
KHM,2014,63.1011467
KHM,2015,70.23264313
KHM,2016,75.22520447
KHM,2017,77.97311401
KHM,2018,91.59080505
KHM,2019,112.5851059
KHM,2020,106.79976654
KHM,2021,137.38909912
KHM,2022,103.89541626
KHM,2023,114.56295776
KHM,2024,NA
KIR,2000,65.61151886
KIR,2001,85.88798523
KIR,2002,92.96794891
KIR,2003,102.43731689
KIR,2004,132.29045105
KIR,2005,131.88641357
KIR,2006,126.86061859
KIR,2007,148.0586853
KIR,2008,190.33927917
KIR,2009,167.97206116
KIR,2010,133.15927124
KIR,2011,141.5138092
KIR,2012,146.6194458
KIR,2013,154.34346008
KIR,2014,155.38656616
KIR,2015,118.3345871
KIR,2016,157.72897339
KIR,2017,179.57881165
KIR,2018,208.73831177
KIR,2019,177.93025208
KIR,2020,239.24353027
KIR,2021,263.09573364
KIR,2022,217.68276978
KIR,2023,238.12675476
KIR,2024,NA
KNA,2000,446.66659546
KNA,2001,440.21563721
KNA,2002,465.07720947
KNA,2003,482.87136841
KNA,2004,491.62530518
KNA,2005,556.97229004
KNA,2006,689.44549561
KNA,2007,707.96960449
KNA,2008,881.09844971
KNA,2009,872.67474365
KNA,2010,867.4453125
KNA,2011,922.20574951
KNA,2012,880.91064453
KNA,2013,938.89459229
KNA,2014,962.25469971
KNA,2015,1042.15063477
KNA,2016,1161.87097168
KNA,2017,1186.42663574
KNA,2018,1121.13977051
KNA,2019,1224.18933105
KNA,2020,1067.84997559
KNA,2021,1132.58447266
KNA,2022,1161.22058105
KNA,2023,1294.88391113
KNA,2024,NA
KOR,2000,475.2520752
KOR,2001,503.15795898
KOR,2002,536.91662598
KOR,2003,684.79833984
KOR,2004,764.49401855
KOR,2005,944.55078125
KOR,2006,1130.53796387
KOR,2007,1256.36437988
KOR,2008,1186.375
KOR,2009,1150.97253418
KOR,2010,1417.10913086
KOR,2011,1570.54943848
KOR,2012,1603.93432617
KOR,2013,1738.80847168
KOR,2014,1922.98803711
KOR,2015,1950.89575195
KOR,2016,2042.72949219
KOR,2017,2258.15307617
KOR,2018,2523.04003906
KOR,2019,2602.4831543
KOR,2020,2699.6640625
KOR,2021,3125.82714844
KOR,2022,3078.55151367
KOR,2023,3043.87329102
KOR,2024,3136.78564453
KWT,2000,425.20968628
KWT,2001,553.75134277
KWT,2002,578.41534424
KWT,2003,626.35095215
KWT,2004,649.42504883
KWT,2005,727.25366211
KWT,2006,782.20379639
KWT,2007,880.71105957
KWT,2008,1069.46472168
KWT,2009,1025.90490723
KWT,2010,1050.41589355
KWT,2011,1147.15539551
KWT,2012,1216.8684082
KWT,2013,1235.29321289
KWT,2014,1293.8326416
KWT,2015,1259.55786133
KWT,2016,1292.71984863
KWT,2017,1351.72387695
KWT,2018,1658.60375977
KWT,2019,1643.16491699
KWT,2020,1542.72143555
KWT,2021,1829.13134766
KWT,2022,1683.39929199
KWT,2023,1679.12353516
KWT,2024,NA
LAC,2000,276.71844495666187
LAC,2001,268.82054725451485
LAC,2002,230.58447292466815
LAC,2003,241.630770636812
LAC,2004,273.6525125680841
LAC,2005,333.44920673062677
LAC,2006,389.00618827571543
LAC,2007,464.92759053207567
LAC,2008,534.1473202689849
LAC,2009,528.6667959705813
LAC,2010,627.7124926541152
LAC,2011,714.9597536193627
LAC,2012,709.6648658385336
LAC,2013,740.074327074727
LAC,2014,745.4503016912113
LAC,2015,658.1995650341836
LAC,2016,627.5478177625212
LAC,2017,708.2022327482719
LAC,2018,666.2393016096034
LAC,2019,651.433312008729
LAC,2020,573.6267711693971
LAC,2021,651.9812458026338
LAC,2022,712.6985321524933
LAC,2023,797.6949087118936
LAC,2024,NA
LAO,2000,14.10313892
LAO,2001,14.46665001
LAO,2002,12.90540886
LAO,2003,17.59125519
LAO,2004,16.23278809
LAO,2005,17.33082581
LAO,2006,19.22654533
LAO,2007,24.56666374
LAO,2008,26.74945259
LAO,2009,35.71521378
LAO,2010,34.52460861
LAO,2011,27.11878395
LAO,2012,32.46548843
LAO,2013,43.49770355
LAO,2014,45.53330612
LAO,2015,52.04236603
LAO,2016,54.3762207
LAO,2017,61.42248535
LAO,2018,57.1708374
LAO,2019,67.57865143
LAO,2020,51.96581268
LAO,2021,68.61697388
LAO,2022,41.34779739
LAO,2023,27.41773605
LAO,2024,NA
LBN,2000,425.70095825
LBN,2001,416.57485962
LBN,2002,391.74139404
LBN,2003,373.35971069
LBN,2004,368.01425171
LBN,2005,347.40252686
LBN,2006,401.43670654
LBN,2007,438.71112061
LBN,2008,462.17767334
LBN,2009,496.88284302
LBN,2010,567.25506592
LBN,2011,640.69805908
LBN,2012,588.83917236
LBN,2013,576.87176514
LBN,2014,569.97937012
LBN,2015,572.07220459
LBN,2016,640.96563721
LBN,2017,671.77996826
LBN,2018,740.38696289
LBN,2019,798.13421631
LBN,2020,303.48632813
LBN,2021,189.8581543
LBN,2022,230.39093018
LBN,2023,260.8119812
LBN,2024,NA
LBR,2000,7.93455124
LBR,2001,6.46313238
LBR,2002,6.59576607
LBR,2003,5.76429653
LBR,2004,16.7787571
LBR,2005,19.14579582
LBR,2006,18.34446335
LBR,2007,15.8568964
LBR,2008,26.30083656
LBR,2009,40.21982574
LBR,2010,40.8739624
LBR,2011,47.58517075
LBR,2012,46.67208862
LBR,2013,48.72935104
LBR,2014,54.82420349
LBR,2015,68.89793396
LBR,2016,67.68016052
LBR,2017,67.8789978
LBR,2018,68.88298798
LBR,2019,51.1932373
LBR,2020,76.11009979
LBR,2021,88.54867554
LBR,2022,100.49607086
LBR,2023,103.94123077
LBR,2024,NA
LBY,2000,247.1134491
LBY,2001,255.77108765
LBY,2002,181.7310791
LBY,2003,189.72729492
LBY,2004,200.83604431
LBY,2005,209.878479
LBY,2006,231.11968994
LBY,2007,269.63085938
LBY,2008,312.11196899
LBY,2009,342.20449829
LBY,2010,380.58596802
LBY,2011,305.20037842
LBY,2012,592.46356201
LBY,2013,594.65338135
LBY,2014,462.19216919
LBY,2015,433.06808472
LBY,2016,464.47531128
LBY,2017,466.08538818
LBY,2018,544.88079834
LBY,2019,552.73168945
LBY,2020,472.62240601
LBY,2021,298.84338379
LBY,2022,284.0262146
LBY,2023,470.4034729
LBY,2024,NA
LCA,2000,285.84280396
LCA,2001,285.04898071
LCA,2002,299.7996521
LCA,2003,317.27593994
LCA,2004,309.42208862
LCA,2005,333.37374878
LCA,2006,389.94595337
LCA,2007,439.59280396
LCA,2008,430.23074341
LCA,2009,432.087677
LCA,2010,438.23928833
LCA,2011,462.20251465
LCA,2012,456.06369019
LCA,2013,485.6628418
LCA,2014,470.48123169
LCA,2015,473.24108887
LCA,2016,479.8744812
LCA,2017,504.96411133
LCA,2018,497.48629761
LCA,2019,506.03204346
LCA,2020,589.63696289
LCA,2021,654.8918457
LCA,2022,622.07244873
LCA,2023,641.07495117
LCA,2024,NA
LCN,2000,282.19367983827146
LCN,2001,273.75634343989117
LCN,2002,236.41968255294375
LCN,2003,247.55916787875157
LCN,2004,280.63523102095843
LCN,2005,340.0337152104993
LCN,2006,395.877355864769
LCN,2007,471.8655424255345
LCN,2008,542.190518399797
LCN,2009,537.9547621726318
LCN,2010,638.2684866211351
LCN,2011,726.82305142334906
LCN,2012,725.9349440643098
LCN,2013,759.7785315538032
LCN,2014,764.6061495311835
LCN,2015,682.3282962730328
LCN,2016,655.6987008176974
LCN,2017,739.4364793692945
LCN,2018,678.1964543772818
LCN,2019,661.8799916971615
LCN,2020,590.8855931576339
LCN,2021,673.5083452146216
LCN,2022,732.0772115211629
LCN,2023,816.1994262292494
LCN,2024,NA
LDC,2000,11.606569984885558
LDC,2001,11.569255290311396
LDC,2002,12.606334832916044
LDC,2003,14.46302296747698
LDC,2004,16.99350912408005
LDC,2005,19.216719787766277
LDC,2006,22.603464777626375
LDC,2007,26.651564972549757
LDC,2008,31.21423028337728
LDC,2009,32.03738932077952
LDC,2010,32.96132130397571
LDC,2011,36.38233422033942
LDC,2012,38.057585358062184
LDC,2013,41.316511101842366
LDC,2014,43.66706485336929
LDC,2015,43.32213754213793
LDC,2016,42.95909229276851
LDC,2017,43.76587727754614
LDC,2018,44.61265933830586
LDC,2019,42.64518034881391
LDC,2020,43.58989017113846
LDC,2021,48.18630195363036
LDC,2022,47.76663850338731
LDC,2023,47.128362635118506
LDC,2024,NA
LIC,2000,16.547195775774725
LIC,2001,14.787998170712415
LIC,2002,15.899852440227562
LIC,2003,17.98298035048659
LIC,2004,21.015844139892952
LIC,2005,24.265300886282322
LIC,2006,28.40725096111205
LIC,2007,33.839200303664946
LIC,2008,38.47250693750795
LIC,2009,38.97288000653907
LIC,2010,39.51122546327043
LIC,2011,41.01760344214444
LIC,2012,40.1397445639744
LIC,2013,42.49964939466306
LIC,2014,44.887225223159035
LIC,2015,43.1027502782888
LIC,2016,40.46300941054788
LIC,2017,39.32619089819252
LIC,2018,41.27570826069316
LIC,2019,37.37406463990764
LIC,2020,38.18359865750973
LIC,2021,39.48011844960019
LIC,2022,40.26444276629397
LIC,2023,38.73703645367835
LIC,2024,NA
LIE,2000,NA
LIE,2001,NA
LIE,2002,NA
LIE,2003,NA
LIE,2004,NA
LIE,2005,NA
LIE,2006,NA
LIE,2007,NA
LIE,2008,NA
LIE,2009,NA
LIE,2010,NA
LIE,2011,NA
LIE,2012,NA
LIE,2013,9956.29785156
LIE,2014,10096.85351563
LIE,2015,9639.75195313
LIE,2016,9703.75878906
LIE,2017,9715.07519531
LIE,2018,9736.24316406
LIE,2019,9686.88378906
LIE,2020,10004.52832031
LIE,2021,10912.36132813
LIE,2022,10591.59277344
LIE,2023,11494.95898438
LIE,2024,NA
LKA,2000,42.54893112
LKA,2001,39.87185287
LKA,2002,41.24043274
LKA,2003,40.82443619
LKA,2004,49.14835358
LKA,2005,55.40001297
LKA,2006,63.2890892
LKA,2007,71.38779449
LKA,2008,90.00082397
LKA,2009,97.26274872
LKA,2010,105.07371521
LKA,2011,115.51642609
LKA,2012,110.03600311
LKA,2013,133.15968323
LKA,2014,132.82194519
LKA,2015,144.29077148
LKA,2016,145.32496643
LKA,2017,142.32518005
LKA,2018,154.64622498
LKA,2019,147.01193237
LKA,2020,159.71383667
LKA,2021,202.75497437
LKA,2022,130.09327698
LKA,2023,134.23654175
LKA,2024,NA
LMC,2000,22.718489801217785
LMC,2001,23.43938184434355
LMC,2002,23.678172433142052
LMC,2003,26.48653478168648
LMC,2004,29.82448306927888
LMC,2005,33.824693919829826
LMC,2006,38.002198263836306
LMC,2007,44.098073061756836
LMC,2008,49.37470874592663
LMC,2009,50.106596944357094
LMC,2010,56.49059355740972
LMC,2011,61.85880519218573
LMC,2012,64.92998025063717
LMC,2013,70.93193551388929
LMC,2014,73.08014518746025
LMC,2015,73.7235706764528
LMC,2016,73.22265295186263
LMC,2017,71.09061658671652
LMC,2018,72.5729264603139
LMC,2019,76.186324828891415
LMC,2020,78.5818977396645
LMC,2021,92.19740004550664
LMC,2022,93.71961132882657
LMC,2023,92.80719797092772
LMC,2024,NA
LMY,2000,59.69314783960382
LMY,2001,59.0276144231201
LMY,2002,57.531010407126
LMY,2003,64.37440353222354
LMY,2004,73.9411414663666
LMY,2005,86.63047905794807
LMY,2006,99.11925871925902
LMY,2007,117.82352695258085
LMY,2008,139.3118061251814
LMY,2009,146.17703383667515
LMY,2010,168.61861430732773
LMY,2011,195.4778726621293
LMY,2012,207.66083295122723
LMY,2013,222.16759202677892
LMY,2014,229.66391943037667
LMY,2015,224.7607805165042
LMY,2016,222.15844516003122
LMY,2017,238.77117193594353
LMY,2018,247.56318626784696
LMY,2019,254.89708453997147
LMY,2020,257.63444123164504
LMY,2021,294.0838007934797
LMY,2022,316.043878156198
LMY,2023,326.2604219898994
LMY,2024,NA
LSO,2000,23.71122551
LSO,2001,28.22144127
LSO,2002,23.20003891
LSO,2003,32.02215576
LSO,2004,41.18851089
LSO,2005,41.66717911
LSO,2006,49.67809296
LSO,2007,65.80387878
LSO,2008,69.06710052
LSO,2009,80.82315063
LSO,2010,85.87903595
LSO,2011,117.67031097
LSO,2012,125.37831116
LSO,2013,131.35578918
LSO,2014,121.21549988
LSO,2015,104.59999847
LSO,2016,91.0127182
LSO,2017,115.43321228
LSO,2018,130.93614197
LSO,2019,235.94372559
LSO,2020,96.84536743
LSO,2021,115.81448364
LSO,2022,133.32562256
LSO,2023,122.63982391
LSO,2024,NA
LTE,2000,88.51988529003002
LTE,2001,89.28967712602567
LTE,2002,94.93568824988631
LTE,2003,105.93058094763185
LTE,2004,124.44588536033339
LTE,2005,149.24575530125782
LTE,2006,176.63619254034282
LTE,2007,217.760278278715
LTE,2008,275.2762707486825
LTE,2009,286.8301381758727
LTE,2010,327.1008899444485
LTE,2011,387.55109388587266
LTE,2012,415.5512934029725
LTE,2013,454.99035352117124
LTE,2014,477.34894051260136
LTE,2015,449.51582246530546
LTE,2016,453.38770841973144
LTE,2017,508.24544645640333
LTE,2018,552.9259781217762
LTE,2019,578.2971898773801
LTE,2020,599.999591287701
LTE,2021,685.2502087871112
LTE,2022,757.7803277233003
LTE,2023,785.2764883478415
LTE,2024,NA
LTU,2000,217.1761322
LTU,2001,218.81802368
LTU,2002,254.36688232
LTU,2003,338.86306763
LTU,2004,366.95968628
LTU,2005,438.93267822
LTU,2006,536.05737305
LTU,2007,704.29315186
LTU,2008,936.50933838
LTU,2009,864.73638916
LTU,2010,805.2244873
LTU,2011,925.47161865
LTU,2012,896.93707275
LTU,2013,958.04650879
LTU,2014,1019.7121582
LTU,2015,918.50750732
LTU,2016,986.13311768
LTU,2017,1073.95800781
LTU,2018,1241.38574219
LTU,2019,1361.20288086
LTU,2020,1511.79626465
LTU,2021,1844.33154297
LTU,2022,1831.27734375
LTU,2023,2044.18371582
LTU,2024,2232.47631836
LUX,2000,2901.19995117
LUX,2001,3109.20141602
LUX,2002,3600.86743164
LUX,2003,4607.40283203
LUX,2004,5610.35351563
LUX,2005,5818.14599609
LUX,2006,6070.73583984
LUX,2007,6671.26513672
LUX,2008,7578.74951172
LUX,2009,7670.59375
LUX,2010,7459.83544922
LUX,2011,7174.73925781
LUX,2012,6029.47460938
LUX,2013,6356.64453125
LUX,2014,6547.03466797
LUX,2015,5421.93212891
LUX,2016,5475.13964844
LUX,2017,5713.11865234
LUX,2018,6227.08398438
LUX,2019,6221.73876953
LUX,2020,6785.86230469
LUX,2021,7632.57275391
LUX,2022,7022.62695313
LUX,2023,7510.99414063
LUX,2024,8169.91259766
LVA,2000,181.57072449
LVA,2001,205.02047729
LVA,2002,237.29516602
LVA,2003,280.50878906
LVA,2004,393.29806519
LVA,2005,440.8097229
LVA,2006,552.30163574
LVA,2007,775.19146729
LVA,2008,913.52148438
LVA,2009,744.66162109
LVA,2010,689.07720947
LVA,2011,764.59179688
LVA,2012,745.51745605
LVA,2013,807.13000488
LVA,2014,856.76654053
LVA,2015,775.86431885
LVA,2016,874.79772949
LVA,2017,932.50158691
LVA,2018,1101.49243164
LVA,2019,1183.1151123
LVA,2020,1313.35412598
LVA,2021,1897.95275879
LVA,2022,1642.47131348
LVA,2023,1645.4152832
LVA,2024,NA
MAC,2000,NA
MAC,2001,NA
MAC,2002,NA
MAC,2003,NA
MAC,2004,NA
MAC,2005,NA
MAC,2006,NA
MAC,2007,NA
MAC,2008,NA
MAC,2009,NA
MAC,2010,NA
MAC,2011,NA
MAC,2012,NA
MAC,2013,NA
MAC,2014,NA
MAC,2015,NA
MAC,2016,NA
MAC,2017,NA
MAC,2018,NA
MAC,2019,NA
MAC,2020,NA
MAC,2021,NA
MAC,2022,NA
MAC,2023,NA
MAC,2024,NA
MAF,2000,NA
MAF,2001,NA
MAF,2002,NA
MAF,2003,NA
MAF,2004,NA
MAF,2005,NA
MAF,2006,NA
MAF,2007,NA
MAF,2008,NA
MAF,2009,NA
MAF,2010,NA
MAF,2011,NA
MAF,2012,NA
MAF,2013,NA
MAF,2014,NA
MAF,2015,NA
MAF,2016,NA
MAF,2017,NA
MAF,2018,NA
MAF,2019,NA
MAF,2020,NA
MAF,2021,NA
MAF,2022,NA
MAF,2023,NA
MAF,2024,NA
MAR,2000,54.63968277
MAR,2001,56.55395889
MAR,2002,63.57953644
MAR,2003,77.74629211
MAR,2004,91.17259979
MAR,2005,97.19748688
MAR,2006,110.22368622
MAR,2007,131.86448669
MAR,2008,153.23677063
MAR,2009,165.50694275
MAR,2010,168.36595154
MAR,2011,179.00019836
MAR,2012,172.04353333
MAR,2013,179.81974792
MAR,2014,188.6415863
MAR,2015,162.85198975
MAR,2016,162.21507263
MAR,2017,166.8500061
MAR,2018,175.70518494
MAR,2019,178.73939514
MAR,2020,192.04043579
MAR,2021,209.57344055
MAR,2022,201.81098938
MAR,2023,232.24751282
MAR,2024,NA
MCO,2000,2975.82250977
MCO,2001,3050.57739258
MCO,2002,3375.89013672
MCO,2003,4833.08740234
MCO,2004,5681.51171875
MCO,2005,5878.00683594
MCO,2006,6146.87744141
MCO,2007,7035.9453125
MCO,2008,8342.875
MCO,2009,8190.71191406
MCO,2010,8025.15917969
MCO,2011,8314.45996094
MCO,2012,7869.89453125
MCO,2013,8459.11328125
MCO,2014,8691.6953125
MCO,2015,7354.13183594
MCO,2016,7157.92578125
MCO,2017,7101.640625
MCO,2018,7621.97021484
MCO,2019,7517.25341797
MCO,2020,7582.41552734
MCO,2021,8225.38769531
MCO,2022,7674.09814453
MCO,2023,8004.16845703
MCO,2024,NA
MDA,2000,21.37988663
MDA,2001,25.3985939
MDA,2002,33.9242363
MDA,2003,38.43836975
MDA,2004,64.60713959
MDA,2005,79.33213043
MDA,2006,100.10816193
MDA,2007,135.44366455
MDA,2008,185.56115723
MDA,2009,208.53004456
MDA,2010,198.28894043
MDA,2011,214.98246765
MDA,2012,223.61895752
MDA,2013,231.66229248
MDA,2014,230.76982117
MDA,2015,186.43643188
MDA,2016,171.18476868
MDA,2017,243.94540405
MDA,2018,276.4697876
MDA,2019,283.98425293
MDA,2020,305.48913574
MDA,2021,403.87823486
MDA,2022,394.42373657
MDA,2023,451.73007202
MDA,2024,NA
MDG,2000,11.1882658
MDG,2001,13.13894939
MDG,2002,15.02957344
MDG,2003,17.64075851
MDG,2004,14.29298973
MDG,2005,15.9498682
MDG,2006,16.44085503
MDG,2007,19.33553123
MDG,2008,20.91898537
MDG,2009,19.56957817
MDG,2010,21.13975906
MDG,2011,22.88667488
MDG,2012,19.30151749
MDG,2013,19.33186913
MDG,2014,22.56570244
MDG,2015,22.29386139
MDG,2016,24.20793915
MDG,2017,23.62072182
MDG,2018,21.12731934
MDG,2019,15.50084877
MDG,2020,16.78295326
MDG,2021,17.17938805
MDG,2022,15.85809231
MDG,2023,17.44003487
MDG,2024,NA
MDV,2000,219.8586731
MDV,2001,229.80044556000001
MDV,2002,249.48114014
MDV,2003,240.54026794
MDV,2004,304.5932312
MDV,2005,335.13778687
MDV,2006,403.94284058
MDV,2007,478.24349976
MDV,2008,775.14593506
MDV,2009,679.66296387
MDV,2010,608.87176514
MDV,2011,588.20758057
MDV,2012,647.11553955
MDV,2013,671.65325928
MDV,2014,707.39245605
MDV,2015,837.47290039
MDV,2016,1017.99908447
MDV,2017,961.57415771
MDV,2018,833.21575928
MDV,2019,880.79962158
MDV,2020,845.82440186
MDV,2021,901.09185791
MDV,2022,883.91467285
MDV,2023,1159.02819824
MDV,2024,NA
MEA,2000,100.06745564154772
MEA,2001,103.21430616075264
MEA,2002,98.7719924380713
MEA,2003,98.55744467241878
MEA,2004,108.42759214580494
MEA,2005,121.68332029259928
MEA,2006,136.60888246971243
MEA,2007,158.67615546435763
MEA,2008,186.74875232964195
MEA,2009,202.48528568993962
MEA,2010,218.1477202192403
MEA,2011,248.63393053004305
MEA,2012,263.57631713235907
MEA,2013,266.5146168944412
MEA,2014,281.93631046620675
MEA,2015,275.94518467858353
MEA,2016,280.36379333350396
MEA,2017,287.6705277535499
MEA,2018,277.24693408619913
MEA,2019,276.6048989503644
MEA,2020,277.3153421212985
MEA,2021,294.88863672599155
MEA,2022,304.78395517605236
MEA,2023,310.9697247172087
MEA,2024,NA
MEX,2000,319.34719849
MEX,2001,364.39672852
MEX,2002,385.61471558
MEX,2003,411.83197021
MEX,2004,446.13604736
MEX,2005,483.97970581
MEX,2006,514.29864502
MEX,2007,558.06530762
MEX,2008,573.11114502
MEX,2009,492.59887695
MEX,2010,534.08520508
MEX,2011,565.31738281
MEX,2012,582.48297119
MEX,2013,625.59765625
MEX,2014,609.82232666
MEX,2015,553.91259766
MEX,2016,489.92230225
MEX,2017,512.54974365
MEX,2018,528.26306152
MEX,2019,549.72601318
MEX,2020,535.11669922
MEX,2021,606.13415527
MEX,2022,650.97070313
MEX,2023,760.98840332
MEX,2024,NA
MHL,2000,306.73342896
MHL,2001,269.22146606
MHL,2002,309.72741699
MHL,2003,338.22610474
MHL,2004,363.40332031
MHL,2005,490.59927368
MHL,2006,613.29852295
MHL,2007,485.01657104
MHL,2008,536.23034668
MHL,2009,543.67626953
MHL,2010,548.59899902
MHL,2011,376.39205933
MHL,2012,410.4979248
MHL,2013,445.42425537
MHL,2014,449.90563965
MHL,2015,557.35211182
MHL,2016,619.35668945
MHL,2017,553.06298828
MHL,2018,702.8359375
MHL,2019,793.66851807
MHL,2020,687.02435303
MHL,2021,782.16351318
MHL,2022,859.050354
MHL,2023,894.21533203
MHL,2024,NA
MIC,2000,62.251612624827395
MIC,2001,61.68836380692421
MIC,2002,60.26683873423185
MIC,2003,67.45803541613783
MIC,2004,77.5149583748866
MIC,2005,90.91172344519019
MIC,2006,104.06285127667522
MIC,2007,123.80141094661269
MIC,2008,146.61242093722254
MIC,2009,154.07229766317536
MIC,2010,178.26185220128627
MIC,2011,207.2087807016969
MIC,2012,220.58195107034263
MIC,2013,236.64075821684997
MIC,2014,244.74896539158863
MIC,2015,239.81113332826655
MIC,2016,237.4679600403131
MIC,2017,256.2605107077137
MIC,2018,265.98784734679253
MIC,2019,274.7121147789332
MIC,2020,278.0288348999629
MIC,2021,318.26485612846693
MIC,2022,342.9502416368396
MIC,2023,354.87935271466984
MIC,2024,NA
MKD,2000,162.68013
MKD,2001,150.4312439
MKD,2002,172.87971497
MKD,2003,214.29603577
MKD,2004,230.68000793
MKD,2005,229.81243896
MKD,2006,242.60142517
MKD,2007,263.25378418
MKD,2008,313.61117554
MKD,2009,297.88058472
MKD,2010,308.09429932
MKD,2011,335.13171387
MKD,2012,317.978302
MKD,2013,361.13168335
MKD,2014,357.63867188
MKD,2015,322.25213623
MKD,2016,347.44271851
MKD,2017,375.3303833
MKD,2018,426.57290649
MKD,2019,469.47344971
MKD,2020,510.81011963
MKD,2021,636.65447998
MKD,2022,561.69281006
MKD,2023,639.41693115
MKD,2024,NA
MLI,2000,14.00473022
MLI,2001,13.15901566
MLI,2002,15.89499378
MLI,2003,18.76944542
MLI,2004,21.72010231
MLI,2005,23.97353554
MLI,2006,26.93190002
MLI,2007,29.63545799
MLI,2008,33.21391678
MLI,2009,34.64731598
MLI,2010,31.36436844
MLI,2011,31.67968369
MLI,2012,27.53120613
MLI,2013,30.06661987
MLI,2014,35.7261734
MLI,2015,28.97842216
MLI,2016,27.58086205
MLI,2017,28.49467659
MLI,2018,31.16962242
MLI,2019,31.4089489
MLI,2020,28.20211601
MLI,2021,30.55883217
MLI,2022,31.0949192
MLI,2023,33.9802475
MLI,2024,NA
MLT,2000,647.10150146
MLT,2001,685.98400879
MLT,2002,830.64630127
MLT,2003,1082.75085449
MLT,2004,1227.28881836
MLT,2005,1378.2388916
MLT,2006,1480.1126709
MLT,2007,1606.22094727
MLT,2008,1759.8626709
MLT,2009,1683.5435791
MLT,2010,1735.48693848
MLT,2011,1962.20556641
MLT,2012,1898.50866699
MLT,2013,2127.0612793
MLT,2014,2466.89111328
MLT,2015,2249.00463867
MLT,2016,2326.67016602
MLT,2017,2562.88574219
MLT,2018,2759.91186523
MLT,2019,2947.24023438
MLT,2020,3140.77026367
MLT,2021,3641.03833008
MLT,2022,3362.42382813
MLT,2023,3623.4609375
MLT,2024,NA
MMR,2000,4.47214985
MMR,2001,4.62700701
MMR,2002,7.0817728
MMR,2003,6.57480383
MMR,2004,7.01517916
MMR,2005,7.65254498
MMR,2006,8.47415161
MMR,2007,9.91384029
MMR,2008,14.70817947
MMR,2009,18.70313454
MMR,2010,20.23270416
MMR,2011,27.40522575
MMR,2012,37.25568008
MMR,2013,37.68575287
MMR,2014,54.28113556
MMR,2015,63.62335968
MMR,2016,59.67910385
MMR,2017,59.51782608
MMR,2018,60.83261871
MMR,2019,53.72147369
MMR,2020,66.02284241
MMR,2021,96.86240387
MMR,2022,57.96875763
MMR,2023,56.18909836
MMR,2024,NA
MNA,2000,55.02093892174748
MNA,2001,57.02009789538915
MNA,2002,56.1663704367494
MNA,2003,55.545388242786345
MNA,2004,63.55344558967098
MNA,2005,71.89093478971805
MNA,2006,81.04649775337896
MNA,2007,96.76272956371407
MNA,2008,115.76275268695696
MNA,2009,127.40151709148171
MNA,2010,140.53904191587566
MNA,2011,158.7787579899431
MNA,2012,167.64766101294143
MNA,2013,158.090976950287
MNA,2014,161.57789085985038
MNA,2015,159.77275993366152
MNA,2016,158.3193637429843
MNA,2017,159.08733504683923
MNA,2018,139.90271965003683
MNA,2019,135.94469647548635
MNA,2020,125.75000542598241
MNA,2021,132.82447410909475
MNA,2022,137.17896056769524
MNA,2023,140.2043327658478
MNA,2024,NA
MNE,2000,NA
MNE,2001,NA
MNE,2002,NA
MNE,2003,NA
MNE,2004,NA
MNE,2005,NA
MNE,2006,NA
MNE,2007,NA
MNE,2008,NA
MNE,2009,NA
MNE,2010,NA
MNE,2011,571.65600586
MNE,2012,535.16223145
MNE,2013,597.17596436
MNE,2014,581.40106201
MNE,2015,582.18743896
MNE,2016,604.88665771
MNE,2017,623.68841553
MNE,2018,745.7520752
MNE,2019,754.77441406
MNE,2020,896.24884033
MNE,2021,1024.2565918
MNE,2022,1032.91149902
MNE,2023,1147.69787598
MNE,2024,NA
MNG,2000,28.13583946
MNG,2001,27.85225105
MNG,2002,30.67812347
MNG,2003,27.18718147
MNG,2004,33.7024498
MNG,2005,38.04277039
MNG,2006,49.52784348
MNG,2007,66.17643738
MNG,2008,97.26833344
MNG,2009,76.7000351
MNG,2010,99.50933838
MNG,2011,135.98664856
MNG,2012,169.6519928
MNG,2013,180.41543579
MNG,2014,176.69651794
MNG,2015,165.19296265
MNG,2016,168.41404724
MNG,2017,160.4889679
MNG,2018,188.64115906
MNG,2019,197.57131958
MNG,2020,188.77464294
MNG,2021,330.03753662
MNG,2022,448.24212646
MNG,2023,359.60980225
MNG,2024,NA
MNP,2000,NA
MNP,2001,NA
MNP,2002,NA
MNP,2003,NA
MNP,2004,NA
MNP,2005,NA
MNP,2006,NA
MNP,2007,NA
MNP,2008,NA
MNP,2009,NA
MNP,2010,NA
MNP,2011,NA
MNP,2012,NA
MNP,2013,NA
MNP,2014,NA
MNP,2015,NA
MNP,2016,NA
MNP,2017,NA
MNP,2018,NA
MNP,2019,NA
MNP,2020,NA
MNP,2021,NA
MNP,2022,NA
MNP,2023,NA
MNP,2024,NA
MOZ,2000,7.00877714
MOZ,2001,8.53719139
MOZ,2002,10.00207806
MOZ,2003,11.036607740000001
MOZ,2004,14.12452602
MOZ,2005,18.40718079
MOZ,2006,18.05057144
MOZ,2007,19.29700851
MOZ,2008,24.48562622
MOZ,2009,27.68954468
MOZ,2010,26.26061249
MOZ,2011,30.42516136
MOZ,2012,35.24672699
MOZ,2013,41.5031395
MOZ,2014,43.50259018
MOZ,2015,40.35658646
MOZ,2016,31.85357285
MOZ,2017,36.75825882
MOZ,2018,41.29206467
MOZ,2019,41.01906586
MOZ,2020,34.92252731
MOZ,2021,44.09894943
MOZ,2022,47.69813538
MOZ,2023,52.96166611
MOZ,2024,NA
MRT,2000,23.00290108
MRT,2001,23.28163338
MRT,2002,25.96999741
MRT,2003,29.51877594
MRT,2004,31.47280884
MRT,2005,34.00539017
MRT,2006,35.14922333
MRT,2007,40.41820145
MRT,2008,49.2858696
MRT,2009,44.64679718
MRT,2010,43.759655
MRT,2011,47.77469254
MRT,2012,49.2515831
MRT,2013,55.47412872
MRT,2014,59.39431381
MRT,2015,57.1233139
MRT,2016,49.90084076
MRT,2017,55.22446442
MRT,2018,49.68307495
MRT,2019,54.63365555
MRT,2020,53.89974594
MRT,2021,73.6309433
MRT,2022,91.54125977
MRT,2023,92.11444092
MRT,2024,NA
MUS,2000,115.89820862
MUS,2001,116.36106873
MUS,2002,132.38633728
MUS,2003,157.68417358
MUS,2004,184.74328613
MUS,2005,192.13858032
MUS,2006,203.24180603
MUS,2007,229.2313385
MUS,2008,312.88540649
MUS,2009,301.67260742
MUS,2010,357.17382813
MUS,2011,385.76248169
MUS,2012,387.1026001
MUS,2013,440.00280762
MUS,2014,544.44122314
MUS,2015,515.72247314
MUS,2016,540.39239502
MUS,2017,594.86120605
MUS,2018,640.62182617
MUS,2019,639.18286133
MUS,2020,541.95184326
MUS,2021,593.77947998
MUS,2022,590.91522217
MUS,2023,616.20739746
MUS,2024,NA
MWI,2000,8.84964848
MWI,2001,7.42542601
MWI,2002,11.17413807
MWI,2003,12.3155899
MWI,2004,15.94395351
MWI,2005,17.24028015
MWI,2006,20.95070648
MWI,2007,25.0216465
MWI,2008,32.73482132
MWI,2009,35.56456757
MWI,2010,33.99194336
MWI,2011,39.29234314
MWI,2012,32.53762817
MWI,2013,39.54008484
MWI,2014,35.33760452
MWI,2015,34.97310638
MWI,2016,34.0307579
MWI,2017,37.60110092
MWI,2018,36.70302963
MWI,2019,36.91519165
MWI,2020,42.37881851
MWI,2021,46.41017532
MWI,2022,40.03453827
MWI,2023,41.26664734
MWI,2024,NA
MYS,2000,111.8384552
MYS,2001,114.91710663
MYS,2002,121.61391449
MYS,2003,142.21202087
MYS,2004,153.86297607
MYS,2005,162.17677307
MYS,2006,200.54800415
MYS,2007,230.5599823
MYS,2008,263.67819214
MYS,2009,245.64353943
MYS,2010,285.64263916
MYS,2011,343.45877075
MYS,2012,371.76046753
MYS,2013,381.69210815
MYS,2014,414.4392395
MYS,2015,368.77331543
MYS,2016,350.71160889
MYS,2017,366.36639404
MYS,2018,409.84710693
MYS,2019,419.32568359
MYS,2020,406.52005005
MYS,2021,476.94366455
MYS,2022,458.21963501
MYS,2023,450.33853149
MYS,2024,NA
NAC,2000,4297.418153643287
NAC,2001,4620.927485214857
NAC,2002,5014.026156563258
NAC,2003,5417.798233686563
NAC,2004,5759.516781187076
NAC,2005,6117.729622946465
NAC,2006,6502.882586055719
NAC,2007,6861.7891261827845
NAC,2008,7078.056954440301
NAC,2009,7292.851049285748
NAC,2010,7561.255683097105
NAC,2011,7756.30697689534
NAC,2012,7989.428772177735
NAC,2013,8117.866869610121
NAC,2014,8438.053018149954
NAC,2015,8747.325268855793
NAC,2016,9045.882209499265
NAC,2017,9326.706128743497
NAC,2018,9660.537937361756
NAC,2019,9992.72741968316
NAC,2020,11030.920990996874
NAC,2021,11505.080378051829
NAC,2022,11924.948279551605
NAC,2023,12698.245308024052
NAC,2024,NA
NAM,2000,217.55029297
NAM,2001,201.46917725
NAM,2002,187.86433411
NAM,2003,278.70162964
NAM,2004,373.46408081
NAM,2005,402.20068359
NAM,2006,437.56240845
NAM,2007,493.60388184
NAM,2008,443.17068481
NAM,2009,420.74865723
NAM,2010,567.35003662
NAM,2011,624.59814453
NAM,2012,606.36633301
NAM,2013,539.41345215
NAM,2014,452.2585144
NAM,2015,476.50784302
NAM,2016,409.78051758
NAM,2017,447.95223999
NAM,2018,457.6807251
NAM,2019,419.14828491
NAM,2020,370.81643677
NAM,2021,449.95172119
NAM,2022,418.53683472
NAM,2023,397.09063721
NAM,2024,NA
NCL,2000,NA
NCL,2001,NA
NCL,2002,NA
NCL,2003,NA
NCL,2004,NA
NCL,2005,NA
NCL,2006,NA
NCL,2007,NA
NCL,2008,NA
NCL,2009,NA
NCL,2010,NA
NCL,2011,NA
NCL,2012,NA
NCL,2013,NA
NCL,2014,NA
NCL,2015,NA
NCL,2016,NA
NCL,2017,NA
NCL,2018,NA
NCL,2019,NA
NCL,2020,NA
NCL,2021,NA
NCL,2022,NA
NCL,2023,NA
NCL,2024,NA
NER,2000,9.04467964
NER,2001,9.68088055
NER,2002,10.84433079
NER,2003,12.55038452
NER,2004,14.06374931
NER,2005,18.67140198
NER,2006,19.9213028
NER,2007,20.96952438
NER,2008,24.86141586
NER,2009,24.54927635
NER,2010,23.47736168
NER,2011,24.84123039
NER,2012,22.71487427
NER,2013,24.61338997
NER,2014,25.09494019
NER,2015,25.96905327
NER,2016,22.68474007
NER,2017,29.09627533
NER,2018,30.61364555
NER,2019,31.89424324
NER,2020,35.75537109
NER,2021,35.39406204
NER,2022,26.50681686
NER,2023,26.01301575
NER,2024,NA
NGA,2000,17.15887642
NGA,2001,17.96053314
NGA,2002,17.53752899
NGA,2003,37.91439438
NGA,2004,42.81798172
NGA,2005,52.24337006
NGA,2006,63.63072205
NGA,2007,66.90659332
NGA,2008,77.45053101
NGA,2009,65.71811676
NGA,2010,73.008255
NGA,2011,80.2377243
NGA,2012,87.89523315
NGA,2013,97.29588318
NGA,2014,102.39888763
NGA,2015,92.91207123
NGA,2016,75.52328491
NGA,2017,70.31814575
NGA,2018,63.60244751
NGA,2019,67.6254425
NGA,2020,67.91384888
NGA,2021,81.87322235
NGA,2022,89.62958527
NGA,2023,66.82009125
NGA,2024,NA
NIC,2000,53.29532623
NIC,2001,57.69081879
NIC,2002,58.15333939
NIC,2003,62.13036346
NIC,2004,66.54763794
NIC,2005,73.65701294
NIC,2006,79.3536377
NIC,2007,93.93821716
NIC,2008,109.20231628
NIC,2009,112.75749207
NIC,2010,117.70147705
NIC,2011,125.13540649
NIC,2012,133.64489746
NIC,2013,140.20372009
NIC,2014,156.22232056000001
NIC,2015,165.18948364
NIC,2016,171.5748291
NIC,2017,181.75810242
NIC,2018,172.9760437
NIC,2019,166.49009705
NIC,2020,165.88038635
NIC,2021,204.21273804
NIC,2022,208.56825256
NIC,2023,216.55238342
NIC,2024,NA
NLD,2000,2028.18139648
NLD,2001,2175.73046875
NLD,2002,2544.81347656
NLD,2003,3244.35644531
NLD,2004,3689.46435547
NLD,2005,3823.48095703
NLD,2006,4080.21972656
NLD,2007,4696.14160156
NLD,2008,5382.44580078
NLD,2009,5282.74316406
NLD,2010,5191.69384766
NLD,2011,5562.12109375
NLD,2012,5284.64990234
NLD,2013,5532.72607422
NLD,2014,5601.88574219
NLD,2015,4676.56201172
NLD,2016,4644.02099609
NLD,2017,4934.57519531
NLD,2018,5330.66015625
NLD,2019,5340.61279297
NLD,2020,5865.90527344
NLD,2021,6718.88964844
NLD,2022,5967.90429688
NLD,2023,6371.85595703
NLD,2024,6845.14208984
NOR,2000,2948.93164063
NOR,2001,3099.00341797
NOR,2002,3889.95947266
NOR,2003,4632.56835938
NOR,2004,5097.34423828
NOR,2005,5584.68896484
NOR,2006,5892.98730469
NOR,2007,6895.56005859
NOR,2008,7768.05029297
NOR,2009,7301.95996094
NOR,2010,7859.51611328
NOR,2011,8900.37207031
NOR,2012,8970.11914063
NOR,2013,9241.265625
NOR,2014,9116.37792969
NOR,2015,7566.56152344
NOR,2016,7492.07666016
NOR,2017,7815.78710938
NOR,2018,8271.859375
NOR,2019,8007.35546875
NOR,2020,7824.57714844
NOR,2021,9163.13867188
NOR,2022,8692.57617188
NOR,2023,8296.35546875
NOR,2024,NA
NPL,2000,8.34249592
NPL,2001,10.26854038
NPL,2002,10.46419716
NPL,2003,11.06888008
NPL,2004,12.92468262
NPL,2005,14.14693356
NPL,2006,13.68047714
NPL,2007,17.13900185
NPL,2008,18.86374855
NPL,2009,20.86620903
NPL,2010,29.62231827
NPL,2011,34.14775085
NPL,2012,33.64963913
NPL,2013,35.14327621
NPL,2014,41.9739151
NPL,2015,46.49585342
NPL,2016,47.1232872
NPL,2017,49.63085556
NPL,2018,51.16546249
NPL,2019,53.61107254
NPL,2020,59.07941437
NPL,2021,69.1880188
NPL,2022,87.34230042
NPL,2023,83.96018982
NPL,2024,NA
NRU,2000,463.77734375
NRU,2001,349.01687622
NRU,2002,298.91278076
NRU,2003,273.59832764
NRU,2004,216.23666382
NRU,2005,328.92779541
NRU,2006,363.46365356
NRU,2007,586.8157959
NRU,2008,809.65649414
NRU,2009,575.39526367
NRU,2010,626.21124268
NRU,2011,672.27624512
NRU,2012,873.81658936
NRU,2013,808.10583496
NRU,2014,736.00012207
NRU,2015,973.30883789
NRU,2016,978.48120117
NRU,2017,1127.47509766
NRU,2018,1220.0769043
NRU,2019,1213.86804199
NRU,2020,1270.52563477
NRU,2021,1636.45788574
NRU,2022,2264.07055664
NRU,2023,2292.37329102
NRU,2024,NA
NZL,2000,1054.28100586
NZL,2001,1053.73632813
NZL,2002,1250.12634277
NZL,2003,1610.73034668
NZL,2004,1981.9720459
NZL,2005,2295.37182617
NZL,2006,2304.06518555
NZL,2007,2705.66430664
NZL,2008,2708.65625
NZL,2009,2582.28100586
NZL,2010,3072.73608398
NZL,2011,3501.22045898
NZL,2012,3682.94213867
NZL,2013,3833.82226563
NZL,2014,3997.43237305
NZL,2015,3433.59643555
NZL,2016,3516.93481445
NZL,2017,3702.09985352
NZL,2018,3706.80273438
NZL,2019,3679.59692383
NZL,2020,3887.71264648
NZL,2021,4749.04199219
NZL,2022,5138.33789063
NZL,2023,4997.24316406
NZL,2024,5022.03271484
OED,2000,2149.397056006228
OED,2001,2225.014265072404
OED,2002,2407.6333958656264
OED,2003,2730.4024969516913
OED,2004,3002.6849062296787
OED,2005,3166.516718048924
OED,2006,3337.284870088504
OED,2007,3626.2848595712458
OED,2008,3878.719071136349
OED,2009,3918.8504165808085
OED,2010,4047.090866086077
OED,2011,4341.013710462846
OED,2012,4350.4546952362825
OED,2013,4372.732042629357
OED,2014,4493.4352150265095
OED,2015,4326.517855519817
OED,2016,4448.9386684917945
OED,2017,4593.863819246792
OED,2018,4804.51632111085
OED,2019,4885.844208217707
OED,2020,5299.926183022775
OED,2021,5716.257962823939
OED,2022,5630.209911475194
OED,2023,5915.840538415461
OED,2024,NA
OMN,2000,261.88265991
OMN,2001,259.59085083
OMN,2002,274.11166382
OMN,2003,290.38589478
OMN,2004,306.42941284
OMN,2005,326.909729
OMN,2006,341.97601318
OMN,2007,397.21173096
OMN,2008,466.60375977
OMN,2009,510.08691406
OMN,2010,583.57073975
OMN,2011,563.23632813
OMN,2012,561.1171875
OMN,2013,587.71075439
OMN,2014,726.64660645
OMN,2015,767.04455566
OMN,2016,714.48864746
OMN,2017,704.6295166
OMN,2018,639.78082275
OMN,2019,730.08325195
OMN,2020,859.24987793
OMN,2021,843.01953125
OMN,2022,712.06097412
OMN,2023,732.04089355
OMN,2024,NA
OSS,2000,319.91067835772776
OSS,2001,313.739274872019
OSS,2002,359.7425689859258
OSS,2003,419.4403503474943
OSS,2004,488.8087445399876
OSS,2005,542.8008980121479
OSS,2006,573.1303117931145
OSS,2007,673.6204232781282
OSS,2008,750.9653635196244
OSS,2009,691.3307827511491
OSS,2010,693.7615292370949
OSS,2011,733.8551527377277
OSS,2012,703.7844521203896
OSS,2013,747.1450982757289
OSS,2014,784.2488414133717
OSS,2015,717.4756860624595
OSS,2016,761.4865133385123
OSS,2017,833.9685439080009
OSS,2018,915.6843689305632
OSS,2019,930.9608639008571
OSS,2020,989.0410564119029
OSS,2021,1150.9753856795858
OSS,2022,1117.9395687704232
OSS,2023,1203.8822553639545
OSS,2024,NA
PAK,2000,15.36755657
PAK,2001,13.41587162
PAK,2002,14.98332214
PAK,2003,14.34851551
PAK,2004,15.53542328
PAK,2005,19.58962631
PAK,2006,24.43647003
PAK,2007,26.14198685
PAK,2008,24.34272766
PAK,2009,23.14643288
PAK,2010,23.62846184
PAK,2011,25.02491379
PAK,2012,25.59742928
PAK,2013,28.20998955
PAK,2014,32.11787415
PAK,2015,33.99359894
PAK,2016,36.46934128
PAK,2017,42.07228851
PAK,2018,40.09578323
PAK,2019,36.01374817
PAK,2020,36.9091301
PAK,2021,42.79639816
PAK,2022,38.76602173
PAK,2023,30.48608398
PAK,2024,NA
PAN,2000,300.66052246
PAN,2001,296.75146484
PAN,2002,308.58657837
PAN,2003,303.45755005
PAN,2004,344.4079895
PAN,2005,323.0513916
PAN,2006,370.62973022
PAN,2007,472.08703613
PAN,2008,506.78494263
PAN,2009,550.80755615
PAN,2010,607.42242432
PAN,2011,664.97564697
PAN,2012,725.01544189
PAN,2013,805.78985596
PAN,2014,919.2946167
PAN,2015,982.06530762
PAN,2016,1056.68481445
PAN,2017,1126.96154785
PAN,2018,1227.30554199
PAN,2019,1339.45153809
PAN,2020,1358.4498291
PAN,2021,1417.1541748
PAN,2022,1572.93017578
PAN,2023,1557.81286621
PAN,2024,NA
PER,2000,83.63842773
PER,2001,89.36621857
PER,2002,97.6605072
PER,2003,97.352211
PER,2004,105.16587067
PER,2005,123.25354004
PER,2006,136.14295959
PER,2007,158.55148315
PER,2008,191.42611693999999
PER,2009,209.1973877
PER,2010,241.43280029
PER,2011,264.46487427
PER,2012,309.31439209
PER,2013,320.96490479
PER,2014,332.18841553
PER,2015,310.60983276
PER,2016,311.33517456
PER,2017,332.54321289
PER,2018,362.75994873
PER,2019,367.98739624
PER,2020,399.13800049
PER,2021,455.3560791
PER,2022,445.10473633
PER,2023,445.52667236
PER,2024,NA
PHL,2000,32.10300446
PHL,2001,27.60987473
PHL,2002,26.76997948
PHL,2003,31.60413551
PHL,2004,33.50411606
PHL,2005,45.67607498
PHL,2006,53.87452698
PHL,2007,64.27903748
PHL,2008,75.69056702
PHL,2009,77.64539337
PHL,2010,89.35166931
PHL,2011,95.95716095
PHL,2012,109.2149353
PHL,2013,118.87432098
PHL,2014,106.16293335
PHL,2015,113.4342804
PHL,2016,118.05981445
PHL,2017,120.32259369
PHL,2018,125.27716827
PHL,2019,141.6925354
PHL,2020,166.61218262
PHL,2021,208.192276
PHL,2022,182.93432617
PHL,2023,194.05484009
PHL,2024,NA
PLW,2000,675.54473877
PLW,2001,640.58422852
PLW,2002,609.03295898
PLW,2003,638.3067627
PLW,2004,765.0546875
PLW,2005,810.10369873
PLW,2006,852.00756836
PLW,2007,897.35339355
PLW,2008,880.83892822
PLW,2009,947.12615967
PLW,2010,1093.30786133
PLW,2011,1072.56323242
PLW,2012,1239.99304199
PLW,2013,1399.29931641
PLW,2014,1481.35656738
PLW,2015,1554.91186523
PLW,2016,1704.62316895
PLW,2017,1775.32849121
PLW,2018,1809.22070313
PLW,2019,1928.91564941
PLW,2020,1938.33837891
PLW,2021,1931.31152344
PLW,2022,2077.734375
PLW,2023,1683.8458252
PLW,2024,NA
PNG,2000,18.84121323
PNG,2001,18.19814301
PNG,2002,20.55322266
PNG,2003,21.9858036
PNG,2004,25.73586273
PNG,2005,27.49723434
PNG,2006,30.03865242
PNG,2007,33.18586731
PNG,2008,34.69308472
PNG,2009,36.5436821
PNG,2010,39.3453064
PNG,2011,52.49456787
PNG,2012,70.27664948
PNG,2013,76.75310516
PNG,2014,89.08061218
PNG,2015,45.18995285
PNG,2016,53.98646545
PNG,2017,55.24723816
PNG,2018,59.04003525
PNG,2019,59.89566803
PNG,2020,55.92817688
PNG,2021,61.02529907
PNG,2022,81.11356354
PNG,2023,85.15021515
PNG,2024,NA
POL,2000,238.00448608
POL,2001,282.8210144
POL,2002,315.83145142
POL,2003,339.33520508
POL,2004,392.00338745
POL,2005,465.70019531
POL,2006,524.09747314
POL,2007,660.92468262
POL,2008,892.59698486
POL,2009,759.60577393
POL,2010,809.19940186
POL,2011,866.09466553
POL,2012,815.1418457
POL,2013,878.08837891
POL,2014,911.29815674
POL,2015,803.95965576
POL,2016,816.08618164
POL,2017,909.57818604
POL,2018,978.73565674
POL,2019,1014.03820801
POL,2020,1025.98486328
POL,2021,1183.30236816
POL,2022,1219.29125977
POL,2023,1577.98168945
POL,2024,2014.12780762
PRE,2000,16.362683997371338
PRE,2001,16.384465516391547
PRE,2002,17.16894643469694
PRE,2003,24.548070180475882
PRE,2004,29.4835396433257
PRE,2005,33.87081018293617
PRE,2006,40.31852758692685
PRE,2007,46.95433166936773
PRE,2008,55.26213587880898
PRE,2009,52.328153236540366
PRE,2010,53.88110587809062
PRE,2011,58.84538374370541
PRE,2012,61.65509193330509
PRE,2013,67.17429403033985
PRE,2014,68.708484109509385
PRE,2015,61.86388648682896
PRE,2016,59.534165727086474
PRE,2017,57.5054612424601
PRE,2018,56.14745759770677
PRE,2019,57.566596560101196
PRE,2020,58.83100150753042
PRE,2021,64.82989657586474
PRE,2022,68.61803686819596
PRE,2023,65.28113418626404
PRE,2024,NA
PRI,2000,NA
PRI,2001,NA
PRI,2002,NA
PRI,2003,NA
PRI,2004,NA
PRI,2005,NA
PRI,2006,NA
PRI,2007,NA
PRI,2008,NA
PRI,2009,NA
PRI,2010,NA
PRI,2011,NA
PRI,2012,NA
PRI,2013,NA
PRI,2014,NA
PRI,2015,NA
PRI,2016,NA
PRI,2017,NA
PRI,2018,NA
PRI,2019,NA
PRI,2020,NA
PRI,2021,NA
PRI,2022,NA
PRI,2023,NA
PRI,2024,NA
PRK,2000,NA
PRK,2001,NA
PRK,2002,NA
PRK,2003,NA
PRK,2004,NA
PRK,2005,NA
PRK,2006,NA
PRK,2007,NA
PRK,2008,NA
PRK,2009,NA
PRK,2010,NA
PRK,2011,NA
PRK,2012,NA
PRK,2013,NA
PRK,2014,NA
PRK,2015,NA
PRK,2016,NA
PRK,2017,NA
PRK,2018,NA
PRK,2019,NA
PRK,2020,NA
PRK,2021,NA
PRK,2022,NA
PRK,2023,NA
PRK,2024,NA
PRT,2000,995.34210205
PRT,2001,1015.54956055
PRT,2002,1139.4029541
PRT,2003,1443.37792969
PRT,2004,1723.74401855
PRT,2005,1814.35449219
PRT,2006,1857.64526367
PRT,2007,2112.52880859
PRT,2008,2391.98120117
PRT,2009,2346.54199219
PRT,2010,2259.30371094
PRT,2011,2255.96923828
PRT,2012,1976.91479492
PRT,2013,2027.42089844
PRT,2014,2056.61474609
PRT,2015,1787.03759766
PRT,2016,1870.31848145
PRT,2017,1991.32263184
PRT,2018,2206.71240234
PRT,2019,2209.50219727
PRT,2020,2328.35571289
PRT,2021,2764.04296875
PRT,2022,2600.56665039
PRT,2023,2762.26293945
PRT,2024,2971.03930664
PRY,2000,104.49077606
PRY,2001,91.8441391
PRY,2002,65.0742569
PRY,2003,70.85758209
PRY,2004,88.10053253
PRY,2005,95.1805954
PRY,2006,122.45078278
PRY,2007,161.25285339
PRY,2008,220.90351868
PRY,2009,217.7858429
PRY,2010,258.43127441
PRY,2011,337.81317139
PRY,2012,368.7868042
PRY,2013,391.80084229
PRY,2014,440.85821533
PRY,2015,393.42440796
PRY,2016,385.52297974
PRY,2017,406.60488892
PRY,2018,422.13101196
PRY,2019,416.84432983
PRY,2020,411.81765747
PRY,2021,480.11322021
PRY,2022,480.02862549
PRY,2023,526.5098877
PRY,2024,NA
PSE,2000,129.54533386
PSE,2001,127.37930298
PSE,2002,118.22906494
PSE,2003,111.62216187
PSE,2004,150.72610474
PSE,2005,158.43028259
PSE,2006,154.09745789
PSE,2007,149.22294617
PSE,2008,200.96418762
PSE,2009,221.97026062
PSE,2010,219.44699097
PSE,2011,308.36453247
PSE,2012,298.34082031
PSE,2013,327.25717163
PSE,2014,314.27474976
PSE,2015,286.91394043
PSE,2016,299.4125061
PSE,2017,310.2114563
PSE,2018,324.02166748
PSE,2019,317.45007324
PSE,2020,314.82254028
PSE,2021,364.4173584
PSE,2022,350.63812256
PSE,2023,345.67965698
PSE,2024,NA
PSS,2000,82.60069113226015
PSS,2001,79.43358920042235
PSS,2002,88.38244229715528
PSS,2003,94.97250341879791
PSS,2004,116.51890146380279
PSS,2005,138.54126419965795
PSS,2006,139.54012886685842
PSS,2007,145.97192020349874
PSS,2008,150.05037239697884
PSS,2009,146.72159143426782
PSS,2010,151.41509668475337
PSS,2011,163.35922520777612
PSS,2012,176.40446656827757
PSS,2013,177.07206746615378
PSS,2014,185.36565323147715
PSS,2015,177.9951084239845
PSS,2016,185.42616481096914
PSS,2017,189.6724469947084
PSS,2018,217.72644323122216
PSS,2019,226.26402925515566
PSS,2020,227.8203535980175
PSS,2021,265.2632330020781
PSS,2022,228.2261598673577
PSS,2023,234.29833683072857
PSS,2024,NA
PST,2000,2477.3525640787825
PST,2001,2569.3647772175477
PST,2002,2787.479098763184
PST,2003,3170.042982489725
PST,2004,3488.0996185494
PST,2005,3677.644947030878
PST,2006,3878.691844306077
PST,2007,4209.531533803272
PST,2008,4500.160349369702
PST,2009,4573.818516271661
PST,2010,4725.5918738391765
PST,2011,5082.951261591563
PST,2012,5103.1254329136445
PST,2013,5127.106902534835
PST,2014,5284.817134080915
PST,2015,5112.939391827643
PST,2016,5275.021859837753
PST,2017,5452.605760151474
PST,2018,5718.616548751384
PST,2019,5831.504949175904
PST,2020,6358.753246011099
PST,2021,6913.6959237279425
PST,2022,7086.3586084443195
PST,2023,7413.554357614571
PST,2024,NA
PYF,2000,NA
PYF,2001,NA
PYF,2002,NA
PYF,2003,NA
PYF,2004,NA
PYF,2005,NA
PYF,2006,NA
PYF,2007,NA
PYF,2008,NA
PYF,2009,NA
PYF,2010,NA
PYF,2011,NA
PYF,2012,NA
PYF,2013,NA
PYF,2014,NA
PYF,2015,NA
PYF,2016,NA
PYF,2017,NA
PYF,2018,NA
PYF,2019,NA
PYF,2020,NA
PYF,2021,NA
PYF,2022,NA
PYF,2023,NA
PYF,2024,NA
QAT,2000,553.08605957
QAT,2001,598.73602295
QAT,2002,668.85986328
QAT,2003,1115.45336914
QAT,2004,1261.61999512
QAT,2005,1386.015625
QAT,2006,1378.9296875
QAT,2007,1301.49682617
QAT,2008,1292.60046387
QAT,2009,1325.43005371
QAT,2010,1309.79272461
QAT,2011,1482.28308105
QAT,2012,1712.67089844
QAT,2013,2029.8659668
QAT,2014,2252.4140625
QAT,2015,2422.64453125
QAT,2016,2072.06103516
QAT,2017,1911.95361328
QAT,2018,1966.55712891
QAT,2019,2007.51525879
QAT,2020,1967.15197754
QAT,2021,1847.00231934
QAT,2022,1781.50390625
QAT,2023,1804.35424805
QAT,2024,NA
ROU,2000,69.89345551
ROU,2001,78.8175354
ROU,2002,96.57698822
ROU,2003,143.54553223
ROU,2004,190.7950592
ROU,2005,254.52961731
ROU,2006,291.00408936
ROU,2007,415.06790161
ROU,2008,521.31561279
ROU,2009,449.37692261
ROU,2010,472.20751953
ROU,2011,426.59973145
ROU,2012,401.67105103
ROU,2013,495.23623657
ROU,2014,503.34753418
ROU,2015,442.24038696
ROU,2016,476.24505615
ROU,2017,555.11309814
ROU,2018,687.15411377
ROU,2019,738.5581665
ROU,2020,809.58880615
ROU,2021,963.01287842
ROU,2022,902.2677002
ROU,2023,1050.99755859
ROU,2024,NA
RUS,2000,95.20859528
RUS,2001,117.87785339
RUS,2002,140.05729675
RUS,2003,163.31135559
RUS,2004,207.61283875
RUS,2005,270.1439209
RUS,2006,350.84014893
RUS,2007,459.60296631
RUS,2008,606.77508545
RUS,2009,513.91033936
RUS,2010,564.30065918
RUS,2011,681.04345703
RUS,2012,755.48553467
RUS,2013,805.52130127
RUS,2014,736.32177734
RUS,2015,496.94955444
RUS,2016,463.29275513
RUS,2017,577.06811523
RUS,2018,606.11401367
RUS,2019,650.47058105
RUS,2020,814.94451904
RUS,2021,881.74395752
RUS,2022,1082.82104492
RUS,2023,1003.33166504
RUS,2024,NA
RWA,2000,9.00399399
RWA,2001,7.86746025
RWA,2002,7.32393837
RWA,2003,17.25927353
RWA,2004,20.23413277
RWA,2005,25.02086639
RWA,2006,27.1564312
RWA,2007,33.50738907
RWA,2008,39.94568634
RWA,2009,43.99641418
RWA,2010,47.96871567
RWA,2011,51.64939499
RWA,2012,57.26393127
RWA,2013,47.75388718
RWA,2014,50.63835144
RWA,2015,48.81296921
RWA,2016,43.54212189
RWA,2017,40.76682663
RWA,2018,42.11674881
RWA,2019,39.81322098
RWA,2020,45.15266418
RWA,2021,51.64677429
RWA,2022,57.83102036
RWA,2023,52.65630722
RWA,2024,NA
SAS,2000,17.595250950492808
SAS,2001,18.66102169874115
SAS,2002,19.146394106519185
SAS,2003,20.74019255485845
SAS,2004,23.606283213249675
SAS,2005,25.996352141638432
SAS,2006,27.819739595016085
SAS,2007,33.61637146533922
SAS,2008,35.899178489983726
SAS,2009,36.606604349459154
SAS,2010,42.987578932806095
SAS,2011,46.372331984182686
SAS,2012,46.615263455610524
SAS,2013,53.36915118884254
SAS,2014,54.57702723047961
SAS,2015,56.74170522037675
SAS,2016,58.84707149539362
SAS,2017,56.503092929653384
SAS,2018,57.62719374965459
SAS,2019,60.40975479402492
SAS,2020,63.7995398712069
SAS,2021,75.46533440214824
SAS,2022,79.99196589363645
SAS,2023,82.48698595745246
SAS,2024,NA
SAU,2000,493.36984253
SAU,2001,482.10446167
SAU,2002,449.84130859
SAU,2003,457.08770752
SAU,2004,471.45797729
SAU,2005,545.73571777
SAU,2006,634.81872559
SAU,2007,662.00793457
SAU,2008,663.14331055
SAU,2009,760.19476318
SAU,2010,765.91680908
SAU,2011,954.38873291
SAU,2012,1093.15588379
SAU,2013,1189.67932129
SAU,2014,1363.59155273
SAU,2015,1309.27148438
SAU,2016,1353.21813965
SAU,2017,1400.90356445
SAU,2018,1488.9753418
SAU,2019,1504.55249023
SAU,2020,1574.70068359
SAU,2021,1654.74353027
SAU,2022,1830.89074707
SAU,2023,1825.2545166
SAU,2024,NA
SDN,2000,13.99440289
SDN,2001,15.18372345
SDN,2002,16.70709991
SDN,2003,22.58504868
SDN,2004,29.30404472
SDN,2005,37.07490158
SDN,2006,55.32660294
SDN,2007,81.79016876
SDN,2008,82.84276581
SDN,2009,80.00441742
SDN,2010,73.60398865
SDN,2011,80.37197876
SDN,2012,75.40776825
SDN,2013,97.4931488
SDN,2014,88.78498077
SDN,2015,93.69657135
SDN,2016,89.39633942
SDN,2017,67.75476837
SDN,2018,33.88366699
SDN,2019,31.79406929
SDN,2020,22.91861534
SDN,2021,21.69141006
SDN,2022,25.75139618
SDN,2023,21.0830822
SDN,2024,NA
SEN,2000,21.41570663
SEN,2001,23.45893669
SEN,2002,26.46221161
SEN,2003,35.14493942
SEN,2004,41.94406128
SEN,2005,36.00606155
SEN,2006,38.28113556
SEN,2007,40.60185623
SEN,2008,49.05390167
SEN,2009,50.27443314
SEN,2010,51.38805008
SEN,2011,57.93114853
SEN,2012,56.61458969
SEN,2013,60.51578903
SEN,2014,61.40605545
SEN,2015,53.32304382
SEN,2016,53.90053558
SEN,2017,56.49185944
SEN,2018,64.37467957
SEN,2019,64.33670807
SEN,2020,75.16521454
SEN,2021,71.12162781
SEN,2022,63.44842529
SEN,2023,73.22670746
SEN,2024,NA
SGP,2000,796.03100586
SGP,2001,690.01330566
SGP,2002,749.44445801
SGP,2003,851.10961914
SGP,2004,868.43688965
SGP,2005,908.3760376
SGP,2006,989.73895264
SGP,2007,1116.97937012
SGP,2008,1286.91345215
SGP,2009,1326.11682129
SGP,2010,1510.66784668
SGP,2011,1700.1685791
SGP,2012,1853.02429199
SGP,2013,2102.97021484
SGP,2014,2233.34960938
SGP,2015,2330.39599609
SGP,2016,2509.92163086
SGP,2017,2673.66210938
SGP,2018,2726.00683594
SGP,2019,2924.24707031
SGP,2020,3541.36450195
SGP,2021,4050.81054688
SGP,2022,3902.14428711
SGP,2023,3921.60253906
SGP,2024,NA
SLB,2000,46.02681351
SLB,2001,60.23266602
SLB,2002,76.49930573
SLB,2003,53.52047729
SLB,2004,64.72148895
SLB,2005,89.02578735
SLB,2006,87.74922943
SLB,2007,89.10964203
SLB,2008,75.66864014
SLB,2009,93.879776
SLB,2010,74.17661285
SLB,2011,95.51364136
SLB,2012,100.84831238
SLB,2013,98.99965668
SLB,2014,105.85440826
SLB,2015,91.08989716
SLB,2016,94.32994843
SLB,2017,89.29357147
SLB,2018,88.03850555
SLB,2019,98.67025757
SLB,2020,100.99560547
SLB,2021,98.80261993
SLB,2022,96.74864197
SLB,2023,111.35532379
SLB,2024,NA
SLE,2000,17.66835022
SLE,2001,19.32042122
SLE,2002,22.29375267
SLE,2003,21.7804718
SLE,2004,23.03477859
SLE,2005,26.04933357
SLE,2006,29.63347244
SLE,2007,31.90766907
SLE,2008,37.23431396
SLE,2009,39.29960632
SLE,2010,37.84529114
SLE,2011,49.6336174
SLE,2012,51.99141312
SLE,2013,84.93772125
SLE,2014,143.60603333
SLE,2015,118.66024017
SLE,2016,84.22316742
SLE,2017,47.37737274
SLE,2018,44.82733536
SLE,2019,48.13619995
SLE,2020,47.886161799999996
SLE,2021,44.90049362
SLE,2022,41.31875229
SLE,2023,35.76205063
SLE,2024,NA
SLV,2000,155.52601624
SLV,2001,162.30456543
SLV,2002,166.81164551
SLV,2003,171.59013367
SLV,2004,185.83404541
SLV,2005,225.17417908
SLV,2006,231.73410034
SLV,2007,239.99687195
SLV,2008,253.45413208
SLV,2009,257.19317627
SLV,2010,270.69418335
SLV,2011,295.64242554
SLV,2012,301.03710938
SLV,2013,324.28027344
SLV,2014,315.23168945
SLV,2015,331.96725464
SLV,2016,339.97875977
SLV,2017,338.60742188
SLV,2018,348.18817139
SLV,2019,380.53384399
SLV,2020,357.78799438
SLV,2021,470.14025879
SLV,2022,500.20321655
SLV,2023,500.69497681
SLV,2024,NA
SMR,2000,2176.20825195
SMR,2001,2202.07763672
SMR,2002,2253.21850586
SMR,2003,2506.68334961
SMR,2004,2958.87963867
SMR,2005,3055.63232422
SMR,2006,3242.24291992
SMR,2007,3804.50634766
SMR,2008,4378.24853516
SMR,2009,4242.50341797
SMR,2010,3813.88354492
SMR,2011,4550.35058594
SMR,2012,4310.10009766
SMR,2013,4113.46679688
SMR,2014,4120.02685547
SMR,2015,3530.04614258
SMR,2016,3621.23266602
SMR,2017,3672.30322266
SMR,2018,3969.36474609
SMR,2019,3801.21044922
SMR,2020,3758.609375
SMR,2021,4033.1027832
SMR,2022,3874.98535156
SMR,2023,3923.5234375
SMR,2024,NA
SOM,2000,NA
SOM,2001,NA
SOM,2002,NA
SOM,2003,NA
SOM,2004,NA
SOM,2005,NA
SOM,2006,NA
SOM,2007,NA
SOM,2008,NA
SOM,2009,NA
SOM,2010,NA
SOM,2011,NA
SOM,2012,NA
SOM,2013,12.88169384
SOM,2014,13.15052128
SOM,2015,14.11613941
SOM,2016,11.76618958
SOM,2017,13.51753426
SOM,2018,12.7819252
SOM,2019,12.99074364
SOM,2020,12.79912567
SOM,2021,15.01879692
SOM,2022,16.31684875
SOM,2023,22.37065506
SOM,2024,NA
SRB,2000,56.52191544
SRB,2001,112.19754028
SRB,2002,173.24946594
SRB,2003,230.08865356
SRB,2004,274.45532227
SRB,2005,307.54705811
SRB,2006,371.506073
SRB,2007,547.22723389
SRB,2008,671.88702393
SRB,2009,575.262146
SRB,2010,545.33380127
SRB,2011,618.89422607
SRB,2012,559.90545654
SRB,2013,627.53308105
SRB,2014,608.85858154
SRB,2015,491.25177002
SRB,2016,486.42944336
SRB,2017,515.84570313
SRB,2018,617.08691406
SRB,2019,641.04754639
SRB,2020,670.03564453
SRB,2021,889.09753418
SRB,2022,843.57733154
SRB,2023,983.69372559
SRB,2024,NA
SSA,2000,35.49408980073958
SSA,2001,32.55501204218411
SSA,2002,31.24879988647758
SSA,2003,46.650236105265606
SSA,2004,56.22952571130951
SSA,2005,63.25004488556377
SSA,2006,70.40343314261678
SSA,2007,77.81032698868795
SSA,2008,82.88384037835402
SSA,2009,82.6352150941559
SSA,2010,93.66257318017931
SSA,2011,101.8255156843247
SSA,2012,100.30434304942922
SSA,2013,101.1714899733089
SSA,2014,98.1416182842957
SSA,2015,89.2306810136992
SSA,2016,81.61278652350721
SSA,2017,82.99226251129797
SSA,2018,82.14509241518125
SSA,2019,81.31991495313568
SSA,2020,79.80916017460243
SSA,2021,90.92104453509404
SSA,2022,91.42009681781272
SSA,2023,84.34453018829106
SSA,2024,NA
SSD,2000,NA
SSD,2001,NA
SSD,2002,NA
SSD,2003,NA
SSD,2004,NA
SSD,2005,NA
SSD,2006,NA
SSD,2007,NA
SSD,2008,NA
SSD,2009,NA
SSD,2010,NA
SSD,2011,NA
SSD,2012,NA
SSD,2013,NA
SSD,2014,NA
SSD,2015,NA
SSD,2016,NA
SSD,2017,28.05690956
SSD,2018,31.12328529
SSD,2019,35.18021774
SSD,2020,47.40253067
SSD,2021,34.78803635
SSD,2022,48.03352737
SSD,2023,72.75582886
SSD,2024,NA
SSF,2000,32.420258892750276
SSF,2001,29.79532691363394
SSF,2002,28.57841396143708
SSF,2003,42.429036919668285
SSF,2004,51.00265026126052
SSF,2005,57.353663816070004
SSF,2006,63.95051704010554
SSF,2007,70.89572414763529
SSF,2008,75.56712458197589
SSF,2009,75.55416357806384
SSF,2010,85.65941874421354
SSF,2011,92.80340334276818
SSF,2012,92.00277852003111
SSF,2013,92.81516071958966
SSF,2014,90.34398073131966
SSF,2015,82.5137813154486
SSF,2016,75.80119973886906
SSF,2017,77.07752218396368
SSF,2018,76.24729305151283
SSF,2019,75.74456213003646
SSF,2020,74.61716110903907
SSF,2021,84.35947078838198
SSF,2022,84.9160346502374
SSF,2023,79.34846847445017
SSF,2024,NA
SST,2000,278.29951467932176
SST,2001,274.35288535034516
SST,2002,311.8197277818905
SST,2003,358.58720964831605
SST,2004,414.408609155649
SST,2005,462.9730355022277
SST,2006,492.69311745954013
SST,2007,568.9175734781666
SST,2008,630.0399590001153
SST,2009,596.4810931573852
SST,2010,604.299714141107
SST,2011,639.574729092561
SST,2012,629.1901960356178
SST,2013,664.0016151918056
SST,2014,692.5735037196938
SST,2015,654.3505301284624
SST,2016,681.723000451672
SST,2017,737.7429132276142
SST,2018,793.8661903786514
SST,2019,811.6435437543823
SST,2020,843.4029039782225
SST,2021,964.4386961454276
SST,2022,953.1477277097844
SST,2023,1008.7214009774908
SST,2024,NA
STP,2000,49.63587952
STP,2001,47.14751816
STP,2002,50.61143494
STP,2003,71.20994568
STP,2004,71.05591583
STP,2005,80.13071442
STP,2006,57.2040329
STP,2007,59.71631241
STP,2008,64.58831787
STP,2009,64.90551758
STP,2010,60.94829941
STP,2011,69.45979309
STP,2012,86.29039001
STP,2013,124.59179688
STP,2014,118.70980835
STP,2015,85.37828827
STP,2016,109.73142242
STP,2017,117.07767487
STP,2018,108.87628937
STP,2019,106.86884308
STP,2020,159.84396362
STP,2021,187.06524658
STP,2022,139.02836609
STP,2023,171.05166626
STP,2024,NA
SUR,2000,166.90083313
SUR,2001,91.73781586
SUR,2002,158.21212769
SUR,2003,166.88664246
SUR,2004,212.50817871
SUR,2005,241.68415833
SUR,2006,313.68301392
SUR,2007,309.17565918
SUR,2008,334.24771118
SUR,2009,380.04019165
SUR,2010,399.59710693
SUR,2011,375.34957886
SUR,2012,406.05526733
SUR,2013,434.50332642
SUR,2014,440.95263672
SUR,2015,511.91244507
SUR,2016,338.24822998
SUR,2017,322.00415039
SUR,2018,440.32211304
SUR,2019,588.83825684
SUR,2020,409.86743164
SUR,2021,270.37786865
SUR,2022,344.74603271
SUR,2023,297.04589844
SUR,2024,NA
SVK,2000,203.50627136
SVK,2001,212.22207642
SVK,2002,254.12765503
SVK,2003,344.47335815
SVK,2004,511.52990723
SVK,2005,601.31323242
SVK,2006,729.01324463
SVK,2007,1029.30029297
SVK,2008,1251.67724609
SVK,2009,1320.09301758
SVK,2010,1296.54284668
SVK,2011,1352.43835449
SVK,2012,1319.43823242
SVK,2013,1370.46765137
SVK,2014,1289.34851074
SVK,2015,1108.87817383
SVK,2016,1175.6270752
SVK,2017,1189.07983398
SVK,2018,1299.91125488
SVK,2019,1342.07580566
SVK,2020,1393.62438965
SVK,2021,1684.51550293
SVK,2022,1642.39208984
SVK,2023,1813.46618652
SVK,2024,NA
SVN,2000,796.64703369
SVN,2001,826.22576904
SVN,2002,944.87145996
SVN,2003,1203.06359863
SVN,2004,1368.64855957
SVN,2005,1449.18920898
SVN,2006,1541.66430664
SVN,2007,1795.95043945
SVN,2008,2179.45239258
SVN,2009,2125.05688477
SVN,2010,2017.14660645
SVN,2011,2147.80517578
SVN,2012,1974.85400391
SVN,2013,2055.38134766
SVN,2014,2062.38476563
SVN,2015,1775.86071777
SVN,2016,1838.65405273
SVN,2017,1925.03466797
SVN,2018,2169.57885742
SVN,2019,2219.09790039
SVN,2020,2417.20874023
SVN,2021,2779.56591797
SVN,2022,2737.84936523
SVN,2023,3037.7644043
SVN,2024,3370.53076172
SWE,2000,2173.1940918
SWE,2001,2154.63354492
SWE,2002,2456.70068359
SWE,2003,3107.48876953
SWE,2004,3488.65771484
SWE,2005,3546.78686523
SWE,2006,3755.67529297
SWE,2007,4295.55224609
SWE,2008,4609.91845703
SWE,2009,4118.41650391
SWE,2010,4391.1171875
SWE,2011,6363.61474609
SWE,2012,6280.82519531
SWE,2013,6716.21484375
SWE,2014,6632.23681641
SWE,2015,5626.04833984
SWE,2016,5719.45996094
SWE,2017,5871.52294922
SWE,2018,6042.13525391
SWE,2019,5688.04492188
SWE,2020,6030.53271484
SWE,2021,6894.20166016
SWE,2022,6022.39257813
SWE,2023,6206.23046875
SWE,2024,6484.76464844
SWZ,2000,76.93126678
SWZ,2001,75.41345978
SWZ,2002,74.66481781
SWZ,2003,131.40959167
SWZ,2004,175.89544678
SWZ,2005,217.26066589
SWZ,2006,237.50752258
SWZ,2007,252.24301147
SWZ,2008,265.72091675
SWZ,2009,279.68212891
SWZ,2010,343.04284668
SWZ,2011,365.25265503
SWZ,2012,340.03012085
SWZ,2013,303.40438843
SWZ,2014,282.43395996
SWZ,2015,250.71520996
SWZ,2016,226.41770935
SWZ,2017,265.50152588
SWZ,2018,292.33929443
SWZ,2019,320.05084229
SWZ,2020,236.99609375
SWZ,2021,297.72213745
SWZ,2022,284.75802612
SWZ,2023,296.04562378
SWZ,2024,NA
SXM,2000,NA
SXM,2001,NA
SXM,2002,NA
SXM,2003,NA
SXM,2004,NA
SXM,2005,NA
SXM,2006,NA
SXM,2007,NA
SXM,2008,NA
SXM,2009,NA
SXM,2010,NA
SXM,2011,NA
SXM,2012,NA
SXM,2013,NA
SXM,2014,NA
SXM,2015,NA
SXM,2016,NA
SXM,2017,NA
SXM,2018,NA
SXM,2019,NA
SXM,2020,NA
SXM,2021,NA
SXM,2022,NA
SXM,2023,NA
SXM,2024,NA
SYC,2000,340.23703003
SYC,2001,334.48275757
SYC,2002,340.82293701
SYC,2003,394.09664917
SYC,2004,444.24789429
SYC,2005,457.77093506
SYC,2006,487.17950439
SYC,2007,428.61749268
SYC,2008,367.36502075
SYC,2009,310.96310425
SYC,2010,449.52416992
SYC,2011,457.16436768
SYC,2012,562.99871826
SYC,2013,545.24871826
SYC,2014,588.18261719
SYC,2015,566.96704102
SYC,2016,673.19622803
SYC,2017,667.09515381
SYC,2018,685.10827637
SYC,2019,675.47839355
SYC,2020,670.88684082
SYC,2021,629.85974121
SYC,2022,707.34448242
SYC,2023,766.28778076
SYC,2024,NA
SYR,2000,53.69049835
SYR,2001,57.71026993
SYR,2002,62.74715805
SYR,2003,59.87030792
SYR,2004,60.20412827
SYR,2005,62.29284668
SYR,2006,64.00552368
SYR,2007,72.10467529
SYR,2008,82.92500305
SYR,2009,88.00678253
SYR,2010,91.5537796
SYR,2011,78.28834534
SYR,2012,66.27796173
SYR,2013,47.07229233
SYR,2014,48.91549683
SYR,2015,38.17871475
SYR,2016,27.40652657
SYR,2017,35.57104874
SYR,2018,46.24067307
SYR,2019,55.2208252
SYR,2020,37.03173065
SYR,2021,53.4726181
SYR,2022,53.26486588
SYR,2023,33.34017944
SYR,2024,NA
TCA,2000,NA
TCA,2001,NA
TCA,2002,NA
TCA,2003,NA
TCA,2004,NA
TCA,2005,NA
TCA,2006,NA
TCA,2007,NA
TCA,2008,NA
TCA,2009,NA
TCA,2010,NA
TCA,2011,NA
TCA,2012,NA
TCA,2013,NA
TCA,2014,NA
TCA,2015,NA
TCA,2016,NA
TCA,2017,NA
TCA,2018,NA
TCA,2019,NA
TCA,2020,NA
TCA,2021,NA
TCA,2022,NA
TCA,2023,NA
TCA,2024,NA
TCD,2000,10.07452297
TCD,2001,11.64042854
TCD,2002,18.01737785
TCD,2003,18.0202446
TCD,2004,27.74994278
TCD,2005,31.27608871
TCD,2006,33.8651123
TCD,2007,34.0423584
TCD,2008,36.89921951
TCD,2009,34.82435226
TCD,2010,35.26005936
TCD,2011,37.35868073
TCD,2012,36.20247269
TCD,2013,38.59413528
TCD,2014,42.16276169
TCD,2015,33.82092285
TCD,2016,31.96038055
TCD,2017,29.9935894
TCD,2018,31.2043705
TCD,2019,30.23690224
TCD,2020,37.73088074
TCD,2021,37.59156799
TCD,2022,40.17007446
TCD,2023,47.43893051
TCD,2024,NA
TEA,2000,38.396260665325684
TEA,2001,39.52677584323286
TEA,2002,44.08864286208822
TEA,2003,50.34308024393605
TEA,2004,56.648101849890814
TEA,2005,65.03107622251429
TEA,2006,74.6221373015156
TEA,2007,89.2684378120494
TEA,2008,116.59945723182011
TEA,2009,138.5221980876831
TEA,2010,160.37548959536025
TEA,2011,200.31168352069272
TEA,2012,233.51598051581055
TEA,2013,263.8300528946526
TEA,2014,287.34001603522324
TEA,2015,307.28501637845903
TEA,2016,312.5947006523468
TEA,2017,342.7690550600832
TEA,2018,388.6270169961566
TEA,2019,414.6270393156305
TEA,2020,446.4711166093616
TEA,2021,515.5455592480012
TEA,2022,566.0525355230328
TEA,2023,570.0651945205759
TEA,2024,NA
TEC,2000,105.56712274440878
TEC,2001,114.1597341230183
TEC,2002,133.79392524597964
TEC,2003,161.90070918597232
TEC,2004,202.02345761714284
TEC,2005,251.97156171272405
TEC,2006,303.2679054562387
TEC,2007,385.73682842196666
TEC,2008,485.8693362698419
TEC,2009,419.846879774389
TEC,2010,454.11080834159577
TEC,2011,505.5059524225904
TEC,2012,530.6444793168575
TEC,2013,565.4576503394215
TEC,2014,535.5081478368176
TEC,2015,416.8678673001756
TEC,2016,406.3638217858367
TEC,2017,454.56238580520966
TEC,2018,472.92294572172955
TEC,2019,499.11892500505934
TEC,2020,565.47187430609
TEC,2021,641.6920300730609
TEC,2022,732.6197329168004
TEC,2023,791.090004873467
TEC,2024,NA
TGO,2000,13.0541811
TGO,2001,13.04282379
TGO,2002,14.65135479
TGO,2003,17.7094574
TGO,2004,18.62999153
TGO,2005,20.9699707
TGO,2006,22.74487495
TGO,2007,22.34309769
TGO,2008,26.89384079
TGO,2009,28.3035717
TGO,2010,30.54597664
TGO,2011,34.41139603
TGO,2012,35.40290833
TGO,2013,39.56414795
TGO,2014,41.96416092
TGO,2015,46.92110825
TGO,2016,50.878349299999996
TGO,2017,51.5464592
TGO,2018,52.43610382
TGO,2019,48.85387421
TGO,2020,52.75213242
TGO,2021,52.72237015
TGO,2022,55.79545593
TGO,2023,59.60503769
TGO,2024,NA
THA,2000,62.21043015
THA,2001,57.19389343
THA,2002,69.68746185
THA,2003,76.13368225
THA,2004,82.91682434
THA,2005,90.61147308
THA,2006,103.26116943
THA,2007,125.10979462
THA,2008,149.06762695
THA,2009,149.67800903
THA,2010,168.61891174
THA,2011,191.74464417
THA,2012,201.70690918
THA,2013,207.81243896
THA,2014,213.74395752
THA,2015,219.15092468
THA,2016,229.7849884
THA,2017,247.08152771
THA,2018,274.71221924
THA,2019,288.31097412
THA,2020,304.3817749
THA,2021,363.72845459
THA,2022,369.97647095
THA,2023,326.50482178
THA,2024,NA
TJK,2000,5.90626955
TJK,2001,7.56599855
TJK,2002,8.21969986
TJK,2003,10.97546482
TJK,2004,14.6509676
TJK,2005,17.38472557
TJK,2006,20.04485893
TJK,2007,28.58950996
TJK,2008,41.35135651
TJK,2009,38.9187851
TJK,2010,42.28567886
TJK,2011,48.8431282
TJK,2012,56.97117615
TJK,2013,67.62356567
TJK,2014,73.06859589
TJK,2015,62.75804901
TJK,2016,54.9213562
TJK,2017,56.85092545
TJK,2018,58.51539993
TJK,2019,60.51568222
TJK,2020,74.17329407
TJK,2021,75.10315704
TJK,2022,78.61326599
TJK,2023,85.14702606
TJK,2024,NA
TKM,2000,75.52490234
TKM,2001,120.8463974
TKM,2002,128.08802795
TKM,2003,199.93019104
TKM,2004,302.85839844
TKM,2005,324.81155396
TKM,2006,349.6842041
TKM,2007,261.83258057
TKM,2008,235.91514587
TKM,2009,178.44587708
TKM,2010,202.7792511
TKM,2011,251.85777283
TKM,2012,289.13015747
TKM,2013,339.92349243
TKM,2014,393.86843872
TKM,2015,362.72949219
TKM,2016,376.65567017
TKM,2017,410.81082153
TKM,2018,411.32562256
TKM,2019,432.78118896
TKM,2020,420.0083313
TKM,2021,471.86325073
TKM,2022,579.15454102
TKM,2023,581.38220215
TKM,2024,NA
TLA,2000,284.08364673607
TLA,2001,274.9929055508947
TLA,2002,236.40442146045376
TLA,2003,247.4620508047726
TLA,2004,281.1745408917739
TLA,2005,339.67544850930403
TLA,2006,395.49529241149054
TLA,2007,469.17481554515484
TLA,2008,540.1654367390774
TLA,2009,534.4673136447266
TLA,2010,638.3407849837165
TLA,2011,726.976954542189
TLA,2012,727.9279314632677
TLA,2013,760.1953654962093
TLA,2014,761.9768018780571
TLA,2015,675.6377243052843
TLA,2016,648.4591813584594
TLA,2017,733.7655608929354
TLA,2018,671.9410890096494
TLA,2019,654.6352697504668
TLA,2020,579.294045090621
TLA,2021,672.7124812970877
TLA,2022,731.083036553733
TLA,2023,815.3002262974355
TLA,2024,NA
TLS,2000,NA
TLS,2001,NA
TLS,2002,NA
TLS,2003,15.18759537
TLS,2004,20.22569466
TLS,2005,25.72540092
TLS,2006,27.90169907
TLS,2007,30.51906586
TLS,2008,43.71953964
TLS,2009,50.18856049
TLS,2010,52.6151619
TLS,2011,64.43626404
TLS,2012,71.46888733
TLS,2013,102.79840851
TLS,2014,93.10574341
TLS,2015,101.4779892
TLS,2016,92.69400787
TLS,2017,86.16269684
TLS,2018,78.07413483
TLS,2019,78.01346588
TLS,2020,118.49451447
TLS,2021,132.07870483
TLS,2022,174.91529846
TLS,2023,144.21452332
TLS,2024,NA
TMN,2000,54.49682437271884
TMN,2001,56.52351210998208
TMN,2002,55.746385114208884
TMN,2003,55.18515943928887
TMN,2004,62.99183048553799
TMN,2005,71.33181140231798
TMN,2006,80.57320253487741
TMN,2007,96.42156608094562
TMN,2008,115.20539126036257
TMN,2009,126.78002607125067
TMN,2010,140.01820325657428
TMN,2011,157.78716341064955
TMN,2012,166.77722955891
TMN,2013,156.95869988117568
TMN,2014,160.5506917053187
TMN,2015,158.91248499838426
TMN,2016,157.3588116135114
TMN,2017,158.0552711632383
TMN,2018,138.6355364419695
TMN,2019,134.6863344313185
TMN,2020,124.4294757333507
TMN,2021,131.19471730862546
TMN,2022,135.66573767853092
TMN,2023,138.73807750718845
TMN,2024,NA
TON,2000,53.3949585
TON,2001,55.2772522
TON,2002,62.6541748
TON,2003,68.05188751
TON,2004,102.70134735
TON,2005,108.29302216
TON,2006,149.22753906
TON,2007,134.56217957
TON,2008,190.86582947
TON,2009,118.79367065
TON,2010,166.58139038
TON,2011,193.43716430999999
TON,2012,318.4196167
TON,2013,171.82066345
TON,2014,210.86004639
TON,2015,181.91452026
TON,2016,208.53982544
TON,2017,246.34036255
TON,2018,278.49508667
TON,2019,266.68792725
TON,2020,262.55459595
TON,2021,348.79745483
TON,2022,382.79116821
TON,2023,357.54415894
TON,2024,NA
TSA,2000,17.595250950492808
TSA,2001,18.661021698741145
TSA,2002,19.146394106519185
TSA,2003,20.740192554858456
TSA,2004,23.606283213249675
TSA,2005,25.996352141638432
TSA,2006,27.819739595016088
TSA,2007,33.61637146533922
TSA,2008,35.899178489983726
TSA,2009,36.60660434945915
TSA,2010,42.98757893280609
TSA,2011,46.372331984182686
TSA,2012,46.615263455610524
TSA,2013,53.36915118884254
TSA,2014,54.57702723047961
TSA,2015,56.741705220376744
TSA,2016,58.84707149539362
TSA,2017,56.50309292965338
TSA,2018,57.62719374965459
TSA,2019,60.40975479402492
TSA,2020,63.79953987120692
TSA,2021,75.46533440214826
TSA,2022,79.99196589363643
TSA,2023,82.48698595745246
TSA,2024,NA
TSS,2000,32.420258892750276
TSS,2001,29.79532691363395
TSS,2002,28.578413961437086
TSS,2003,42.429036919668285
TSS,2004,51.002650261260534
TSS,2005,57.35366381607
TSS,2006,63.95051704010553
TSS,2007,70.8957241476353
TSS,2008,75.5671245819759
TSS,2009,75.55416357806382
TSS,2010,85.65941874421355
TSS,2011,92.8034033427682
TSS,2012,92.00277852003114
TSS,2013,92.81516071958964
TSS,2014,90.34398073131968
TSS,2015,82.51378131544861
TSS,2016,75.80119973886907
TSS,2017,77.0775221839637
TSS,2018,76.24729305151283
TSS,2019,75.74456213003646
TSS,2020,74.61716110903907
TSS,2021,84.35947078838197
TSS,2022,84.9160346502374
TSS,2023,79.34846847445017
TSS,2024,NA
TTO,2000,266.16275024
TTO,2001,272.72851563
TTO,2002,324.36880493
TTO,2003,358.59500122
TTO,2004,431.37268066
TTO,2005,530.35229492
TTO,2006,568.72583008
TTO,2007,667.35321045
TTO,2008,751.54608154
TTO,2009,776.62243652
TTO,2010,825.16088867
TTO,2011,872.96398926
TTO,2012,895.08026123
TTO,2013,970.90222168
TTO,2014,1010.82769775
TTO,2015,1061.58666992
TTO,2016,1064.41772461
TTO,2017,1083.37609863
TTO,2018,1080.45397949
TTO,2019,1097.20556641
TTO,2020,1059.72583008
TTO,2021,1170.93859863
TTO,2022,1266.28820801
TTO,2023,1276.33862305
TTO,2024,NA
TUN,2000,111.01378632
TUN,2001,114.00454712
TUN,2002,124.64620972
TUN,2003,148.93447876
TUN,2004,167.27586365
TUN,2005,169.84550476
TUN,2006,178.82592773
TUN,2007,202.32022095
TUN,2008,230.50152588
TUN,2009,231.3591156
TUN,2010,240.75447083
TUN,2011,270.67507935
TUN,2012,270.29055786
TUN,2013,284.64538574
TUN,2014,287.60955811
TUN,2015,249.46418762
TUN,2016,240.40258789
TUN,2017,223.85903931000001
TUN,2018,215.418396
TUN,2019,212.60031128
TUN,2020,250.40145874
TUN,2021,285.25247192
TUN,2022,276.46380615
TUN,2023,317.70983887
TUN,2024,NA
TUR,2000,192.8344574
TUR,2001,148.86210632
TUR,2002,181.39144897
TUR,2003,232.5562439
TUR,2004,292.65307617
TUR,2005,357.40197754
TUR,2006,409.25881958
TUR,2007,504.37646484
TUR,2008,561.73529053
TUR,2009,492.30032349
TUR,2010,531.82861328
TUR,2011,525.89105225
TUR,2012,520.44274902
TUR,2013,547.95465088
TUR,2014,520.40753174
TUR,2015,444.70803833
TUR,2016,456.3659668
TUR,2017,432.13754272
TUR,2018,380.27835083
TUR,2019,388.67486572
TUR,2020,386.2593689
TUR,2021,431.33978271
TUR,2022,385.87997437
TUR,2023,547.8145752
TUR,2024,NA
TUV,2000,351.92758179
TUV,2001,261.71032715
TUV,2002,207.1824646
TUV,2003,274.99337769
TUV,2004,216.72221375
TUV,2005,232.03250122
TUV,2006,291.76730347
TUV,2007,292.23049927
TUV,2008,319.3182373
TUV,2009,349.2015686
TUV,2010,490.41107178
TUV,2011,536.10473633
TUV,2012,499.21899414
TUV,2013,484.58966064
TUV,2014,512.64215088
TUV,2015,451.35287476
TUV,2016,697.99798584
TUV,2017,1017.49633789
TUV,2018,819.41162109
TUV,2019,1138.82617188
TUV,2020,899.59460449
TUV,2021,1122.39929199
TUV,2022,1300.46679688
TUV,2023,1723.56542969
TUV,2024,NA
TZA,2000,12.33031845
TZA,2001,15.1739912
TZA,2002,17.0355854
TZA,2003,20.39437675
TZA,2004,23.4493866
TZA,2005,27.71374512
TZA,2006,35.59762955
TZA,2007,36.23610306
TZA,2008,36.26182556
TZA,2009,33.9993782
TZA,2010,37.18493271
TZA,2011,37.75179672
TZA,2012,41.99654007
TZA,2013,43.46931839
TZA,2014,39.85456848
TZA,2015,33.27184296
TZA,2016,36.65267563
TZA,2017,39.03767014
TZA,2018,41.27171326
TZA,2019,39.97783661
TZA,2020,31.7036171
TZA,2021,37.53121185
TZA,2022,35.93323135
TZA,2023,36.25619888
TZA,2024,NA
UGA,2000,16.42602158
UGA,2001,15.99579906
UGA,2002,15.74441719
UGA,2003,14.23364067
UGA,2004,18.60707474
UGA,2005,25.86819267
UGA,2006,31.60310555
UGA,2007,36.10126495
UGA,2008,40.04308701
UGA,2009,44.3670578
UGA,2010,51.88574982
UGA,2011,55.2076683
UGA,2012,55.03918457
UGA,2013,52.906353
UGA,2014,50.957798
UGA,2015,40.09843445
UGA,2016,39.08125305
UGA,2017,31.43818092
UGA,2018,32.9515686
UGA,2019,33.36559677
UGA,2020,44.733818049999996
UGA,2021,51.03484726
UGA,2022,44.47286224
UGA,2023,45.21318436
UGA,2024,NA
UKR,2000,34.62232971
UKR,2001,44.14328766
UKR,2002,52.11910248
UKR,2003,67.87039948
UKR,2004,83.23918915
UKR,2005,114.63265228
UKR,2006,146.27377318999999
UKR,2007,183.18217468
UKR,2008,212.75292969
UKR,2009,165.98542786
UKR,2010,199.49559021
UKR,2011,240.17747498
UKR,2012,270.76205444
UKR,2013,275.94143677
UKR,2014,208.94400024
UKR,2015,154.75454712
UKR,2016,154.5546875
UKR,2017,183.69506836
UKR,2018,217.73760986
UKR,2019,242.81388855
UKR,2020,265.07846069
UKR,2021,369.90487671
UKR,2022,NA
UKR,2023,NA
UKR,2024,NA
UMC,2000,97.99290584597719
UMC,2001,96.63956286196891
UMC,2002,94.05379018198128
UMC,2003,105.2745554896805
UMC,2004,121.96808088251524
UMC,2005,144.6249126329547
UMC,2006,166.81482759218142
UMC,2007,200.2972000846555
UMC,2008,240.81953551026342
UMC,2009,255.7166307335228
UMC,2010,299.04776507160625
UMC,2011,352.60660996963463
UMC,2012,377.45425994031353
UMC,2013,404.8061383631913
UMC,2014,420.23318779972715
UMC,2015,410.77703772160015
UMC,2016,407.7184370736481
UMC,2017,449.4747748862221
UMC,2018,469.1646139976045
UMC,2019,484.74432733918434
UMC,2020,490.7563504565689
UMC,2021,562.4582659152431
UMC,2022,618.84502765484
UMC,2023,647.6687857641713
UMC,2024,NA
URY,2000,699.20495605
URY,2001,679.4229126
URY,2002,436.44049072
URY,2003,383.55554199
URY,2004,375.93881226
URY,2005,445.28201294
URY,2006,500.65515137
URY,2007,578.34454346
URY,2008,811.7020874
URY,2009,826.05682373
URY,2010,1043.26000977
URY,2011,1244.93884277
URY,2012,1347.02868652
URY,2013,1516.80664063
URY,2014,1495.59777832
URY,2015,1424.8939209
URY,2016,1469.38964844
URY,2017,1672.3314209
URY,2018,1713.26611328
URY,2019,1692.50195313
URY,2020,1432.00463867
URY,2021,1594.98059082
URY,2022,1850.80737305
URY,2023,2076.09423828
URY,2024,NA
USA,2000,4548.5546875
USA,2001,4901.67529297
USA,2002,5327.93701172
USA,2003,5732.24365234
USA,2004,6071.84423828
USA,2005,6428.60205078
USA,2006,6802.47509766
USA,2007,7153.73144531
USA,2008,7364.93847656
USA,2009,7614.82421875
USA,2010,7836.08837891
USA,2011,8015.78076172
USA,2012,8262.29296875
USA,2013,8412.25195313
USA,2014,8796.33886719
USA,2015,9200.93164063
USA,2016,9535.60058594
USA,2017,9822.60644531
USA,2018,10180.48242188
USA,2019,10550.22070313
USA,2020,11648.49511719
USA,2021,12080.07324219
USA,2022,12586.19628906
USA,2023,13473.19335938
USA,2024,NA
UZB,2000,35.72119904
UZB,2001,30.46290398
UZB,2002,24.50708961
UZB,2003,25.61911011
UZB,2004,28.02430153
UZB,2005,32.512611390000004
UZB,2006,37.97257233
UZB,2007,46.89629364
UZB,2008,61.29156876
UZB,2009,71.95819092
UZB,2010,92.87456512
UZB,2011,109.86156464
UZB,2012,127.94210052
UZB,2013,140.71011353
UZB,2014,118.44307709
UZB,2015,132.60565186
UZB,2016,129.82177734
UZB,2017,93.4151535
UZB,2018,82.53038788
UZB,2019,98.6240387
UZB,2020,120.29019165
UZB,2021,156.44789124
UZB,2022,170.64073181
UZB,2023,192.11869812
UZB,2024,NA
VCT,2000,149.9225769
VCT,2001,162.93431091
VCT,2002,175.48046875
VCT,2003,178.1368866
VCT,2004,188.43644714
VCT,2005,197.63206482
VCT,2006,209.83639526
VCT,2007,244.32910156
VCT,2008,256.13983154
VCT,2009,264.6159668
VCT,2010,281.91867065
VCT,2011,276.15722656
VCT,2012,298.78082275
VCT,2013,300.01953125
VCT,2014,299.33129883
VCT,2015,302.58422852
VCT,2016,313.66229248
VCT,2017,337.89614868
VCT,2018,358.53372192
VCT,2019,372.05615234
VCT,2020,406.3571167
VCT,2021,454.784729
VCT,2022,437.94085693
VCT,2023,469.20709229
VCT,2024,NA
VEN,2000,NA
VEN,2001,NA
VEN,2002,NA
VEN,2003,NA
VEN,2004,NA
VEN,2005,NA
VEN,2006,NA
VEN,2007,NA
VEN,2008,NA
VEN,2009,NA
VEN,2010,NA
VEN,2011,NA
VEN,2012,NA
VEN,2013,NA
VEN,2014,NA
VEN,2015,NA
VEN,2016,NA
VEN,2017,NA
VEN,2018,164.68154907
VEN,2019,112.72974396
VEN,2020,153.21711731
VEN,2021,162.43952942
VEN,2022,208.66654968
VEN,2023,185.99124146
VEN,2024,NA
VGB,2000,NA
VGB,2001,NA
VGB,2002,NA
VGB,2003,NA
VGB,2004,NA
VGB,2005,NA
VGB,2006,NA
VGB,2007,NA
VGB,2008,NA
VGB,2009,NA
VGB,2010,NA
VGB,2011,NA
VGB,2012,NA
VGB,2013,NA
VGB,2014,NA
VGB,2015,NA
VGB,2016,NA
VGB,2017,NA
VGB,2018,NA
VGB,2019,NA
VGB,2020,NA
VGB,2021,NA
VGB,2022,NA
VGB,2023,NA
VGB,2024,NA
VIR,2000,NA
VIR,2001,NA
VIR,2002,NA
VIR,2003,NA
VIR,2004,NA
VIR,2005,NA
VIR,2006,NA
VIR,2007,NA
VIR,2008,NA
VIR,2009,NA
VIR,2010,NA
VIR,2011,NA
VIR,2012,NA
VIR,2013,NA
VIR,2014,NA
VIR,2015,NA
VIR,2016,NA
VIR,2017,NA
VIR,2018,NA
VIR,2019,NA
VIR,2020,NA
VIR,2021,NA
VIR,2022,NA
VIR,2023,NA
VIR,2024,NA
VNM,2000,21.0719223
VNM,2001,25.55491257
VNM,2002,21.87733841
VNM,2003,24.88381386
VNM,2004,31.97719193
VNM,2005,38.96974945
VNM,2006,46.86905289
VNM,2007,54.40701294
VNM,2008,64.433815
VNM,2009,69.82720184
VNM,2010,85.36088562
VNM,2011,97.05238342
VNM,2012,109.29483795
VNM,2013,104.10972595
VNM,2014,119.44549561
VNM,2015,121.43981171
VNM,2016,133.1960144
VNM,2017,147.51425171
VNM,2018,161.97871399
VNM,2019,171.15296936
VNM,2020,153.10160828
VNM,2021,168.09350586
VNM,2022,188.22650146
VNM,2023,197.19210815
VNM,2024,NA
VUT,2000,48.28763199
VUT,2001,45.73453903
VUT,2002,52.34658813
VUT,2003,54.93638229
VUT,2004,62.80937958
VUT,2005,61.93361664
VUT,2006,67.60163116
VUT,2007,72.5284729
VUT,2008,81.72294617
VUT,2009,82.80382538
VUT,2010,99.27418518
VUT,2011,113.80240631
VUT,2012,118.27751923
VUT,2013,130.88458252
VUT,2014,108.2263031
VUT,2015,118.71543121
VUT,2016,88.35998535
VUT,2017,91.04128265
VUT,2018,110.32492065
VUT,2019,112.13746643
VUT,2020,125.41011047
VUT,2021,142.56698608
VUT,2022,136.79508972
VUT,2023,143.43753052
VUT,2024,NA
WLD,2000,475.619580145089
WLD,2001,487.9355415619268
WLD,2002,518.8440337681076
WLD,2003,582.8371010530082
WLD,2004,640.4486897954827
WLD,2005,679.4715130542171
WLD,2006,720.3168700582565
WLD,2007,788.474987945052
WLD,2008,853.600856003886
WLD,2009,863.2094611872025
WLD,2010,899.8195877529143
WLD,2011,973.8283958498364
WLD,2012,982.0647692057863
WLD,2013,992.4797771439213
WLD,2014,1016.2110518572532
WLD,2015,974.6399264063417
WLD,2016,991.6963920781891
WLD,2017,1028.3271582725292
WLD,2018,1067.383487104738
WLD,2019,1084.4930643909738
WLD,2020,1159.5728531122727
WLD,2021,1257.4739162847256
WLD,2022,1266.0555528082798
WLD,2023,1317.1671582956014
WLD,2024,NA
WSM,2000,60.4606514
WSM,2001,56.09679031
WSM,2002,72.41275024
WSM,2003,81.95996094
WSM,2004,104.42662811
WSM,2005,121.24176788
WSM,2006,133.41867065
WSM,2007,147.84771729
WSM,2008,156.89399719
WSM,2009,172.45288086
WSM,2010,185.43850708
WSM,2011,211.88684082
WSM,2012,197.01564026
WSM,2013,247.41108704
WSM,2014,252.30943298
WSM,2015,232.50479126
WSM,2016,238.35044861
WSM,2017,220.82336426
WSM,2018,200.40919495
WSM,2019,242.91064453
WSM,2020,252.77748108
WSM,2021,285.65393066
WSM,2022,259.95404053
WSM,2023,292.81085205
WSM,2024,NA
XKX,2000,NA
XKX,2001,NA
XKX,2002,NA
XKX,2003,NA
XKX,2004,NA
XKX,2005,NA
XKX,2006,NA
XKX,2007,NA
XKX,2008,NA
XKX,2009,NA
XKX,2010,NA
XKX,2011,NA
XKX,2012,NA
XKX,2013,NA
XKX,2014,NA
XKX,2015,NA
XKX,2016,NA
XKX,2017,NA
XKX,2018,NA
XKX,2019,NA
XKX,2020,NA
XKX,2021,NA
XKX,2022,NA
XKX,2023,NA
XKX,2024,NA
YEM,2000,22.91244888
YEM,2001,24.09247589
YEM,2002,24.80142403
YEM,2003,31.60428619
YEM,2004,34.62483978
YEM,2005,38.27000809
YEM,2006,44.81512451
YEM,2007,51.83703613
YEM,2008,61.74676514
YEM,2009,58.02085114
YEM,2010,59.60072327
YEM,2011,56.58930588
YEM,2012,64.677566530000007
YEM,2013,68.39746857
YEM,2014,83.48936462
YEM,2015,88.40743256
YEM,2016,75.22454071
YEM,2017,87.29970551
YEM,2018,143.68727112
YEM,2019,80.94759369
YEM,2020,65.17704773
YEM,2021,49.30105209
YEM,2022,54.29036331
YEM,2023,47.78109741
YEM,2024,NA
ZAF,2000,236.08114624
ZAF,2001,202.81065369
ZAF,2002,179.5135498
ZAF,2003,286.01998901
ZAF,2004,362.28662109
ZAF,2005,400.5355835
ZAF,2006,417.91174316
ZAF,2007,455.17498779
ZAF,2008,442.10626221
ZAF,2009,487.62774658
ZAF,2010,621.41906738
ZAF,2011,686.87243652
ZAF,2012,646.49920654
ZAF,2013,593.80157471
ZAF,2014,539.30780029
ZAF,2015,491.90652466
ZAF,2016,456.56936646
ZAF,2017,527.52026367
ZAF,2018,558.80145264
ZAF,2019,538.80438232
ZAF,2020,503.46759033
ZAF,2021,592.9465332
ZAF,2022,570.48028564
ZAF,2023,536.58843994
ZAF,2024,NA
ZMB,2000,14.80953312
ZMB,2001,18.94953918
ZMB,2002,23.19246864
ZMB,2003,26.75762367
ZMB,2004,29.99057961
ZMB,2005,44.99598694
ZMB,2006,58.68175507
ZMB,2007,51.02414322
ZMB,2008,61.82287216
ZMB,2009,59.38909531
ZMB,2010,59.98767853
ZMB,2011,64.3181076
ZMB,2012,69.17604828
ZMB,2013,83.29361725
ZMB,2014,65.39261627
ZMB,2015,57.38765335
ZMB,2016,55.39532089
ZMB,2017,70.93283844
ZMB,2018,69.82767487
ZMB,2019,85.02349854
ZMB,2020,60.01779938
ZMB,2021,74.83802795
ZMB,2022,75.40128326
ZMB,2023,79.55635071
ZMB,2024,NA
ZWE,2000,NA
ZWE,2001,NA
ZWE,2002,NA
ZWE,2003,NA
ZWE,2004,NA
ZWE,2005,NA
ZWE,2006,NA
ZWE,2007,NA
ZWE,2008,NA
ZWE,2009,NA
ZWE,2010,94.44809723
ZWE,2011,83.82868195
ZWE,2012,85.69155121
ZWE,2013,96.86148834
ZWE,2014,111.61201477
ZWE,2015,103.31652832
ZWE,2016,102.15909576
ZWE,2017,91.87199402
ZWE,2018,114.76815033
ZWE,2019,55.10725403
ZWE,2020,51.14250565
ZWE,2021,60.89874268
ZWE,2022,68.90727997
ZWE,2023,62.92946243
ZWE,2024,NA
