iso3,year,u5mr
ABW,2000,NA
ABW,2001,NA
ABW,2002,NA
ABW,2003,NA
ABW,2004,NA
ABW,2005,NA
ABW,2006,NA
ABW,2007,NA
ABW,2008,NA
ABW,2009,NA
ABW,2010,NA
ABW,2011,NA
ABW,2012,NA
ABW,2013,NA
ABW,2014,NA
ABW,2015,NA
ABW,2016,NA
ABW,2017,NA
ABW,2018,NA
ABW,2019,NA
ABW,2020,NA
ABW,2021,NA
ABW,2022,NA
ABW,2023,NA
ABW,2024,NA
AFE,2000,138.90554204727565
AFE,2001,135.62599409686297
AFE,2002,127.20582541952668
AFE,2003,121.16260786406839
AFE,2004,116.02911919795733
AFE,2005,106.32460818128544
AFE,2006,99.9110205751859
AFE,2007,94.69534900648324
AFE,2008,89.60620415092176
AFE,2009,85.09217904281662
AFE,2010,81.92932176582416
AFE,2011,83.5500388786075
AFE,2012,75.18098551139813
AFE,2013,71.37188339658589
AFE,2014,70.80755440594487
AFE,2015,69.72576411133967
AFE,2016,68.36302856444922
AFE,2017,67.73779962236081
AFE,2018,63.42294710712327
AFE,2019,61.491635749926054
AFE,2020,60.62281056031255
AFE,2021,63.105475457299534
AFE,2022,63.20678831455255
AFE,2023,59.37564887098708
AFE,2024,57.246882477874465
AFG,2000,131.7
AFG,2001,127.5
AFG,2002,123.1
AFG,2003,118.5
AFG,2004,113.9
AFG,2005,109.3
AFG,2006,104.8
AFG,2007,100.4
AFG,2008,96.1
AFG,2009,91.9
AFG,2010,88
AFG,2011,84.3
AFG,2012,80.8
AFG,2013,77.6
AFG,2014,74.6
AFG,2015,71.9
AFG,2016,69.4
AFG,2017,67.1
AFG,2018,64.8
AFG,2019,62.7
AFG,2020,60.7
AFG,2021,58.7
AFG,2022,56.8
AFG,2023,54.9
AFG,2024,53
AFW,2000,166.59718152261135
AFW,2001,160.78131902722646
AFW,2002,154.90808166528947
AFW,2003,149.03874453149066
AFW,2004,143.42708787478875
AFW,2005,138.0552916952041
AFW,2006,133.16726008558285
AFW,2007,128.6498512372911
AFW,2008,124.41147139787292
AFW,2009,125.44548844460333
AFW,2010,117.47601419550828
AFW,2011,114.06774513160781
AFW,2012,111.21404904192084
AFW,2013,108.91349876534741
AFW,2014,107.62097561479779
AFW,2015,104.79258399692343
AFW,2016,103.1451353529803
AFW,2017,102.05803690266968
AFW,2018,100.21841529156202
AFW,2019,100.83605078810504
AFW,2020,97.61331231850475
AFW,2021,97.2224382375747
AFW,2022,99.28329769339837
AFW,2023,93.13846250379461
AFW,2024,91.26900634092068
AGO,2000,185
AGO,2001,176.3
AGO,2002,166.4
AGO,2003,155.5
AGO,2004,143.7
AGO,2005,131.5
AGO,2006,119.8
AGO,2007,109
AGO,2008,99.2
AGO,2009,90.7
AGO,2010,83.4
AGO,2011,77.2
AGO,2012,72
AGO,2013,67.9
AGO,2014,64.5
AGO,2015,61.8
AGO,2016,59.6
AGO,2017,57.9
AGO,2018,56.5
AGO,2019,55.3
AGO,2020,54.2
AGO,2021,53.2
AGO,2022,51.9
AGO,2023,50.5
AGO,2024,49
ALB,2000,27
ALB,2001,25.6
ALB,2002,24.3
ALB,2003,22.9
ALB,2004,21.4
ALB,2005,20
ALB,2006,18.5
ALB,2007,17.1
ALB,2008,15.8
ALB,2009,14.5
ALB,2010,13.3
ALB,2011,12.2
ALB,2012,11.2
ALB,2013,10.5
ALB,2014,9.9
ALB,2015,9.6
ALB,2016,9.4
ALB,2017,9.3
ALB,2018,9.3
ALB,2019,9.4
ALB,2020,9.4
ALB,2021,9.5
ALB,2022,9.4
ALB,2023,9.4
ALB,2024,9.2
AND,2000,7.6
AND,2001,7.2
AND,2002,6.8
AND,2003,6.5
AND,2004,6.2
AND,2005,5.9
AND,2006,5.6
AND,2007,5.3
AND,2008,5
AND,2009,4.8
AND,2010,4.5
AND,2011,4.3
AND,2012,4.1
AND,2013,3.9
AND,2014,3.7
AND,2015,3.5
AND,2016,3.4
AND,2017,3.2
AND,2018,3.1
AND,2019,3
AND,2020,2.9
AND,2021,2.8
AND,2022,2.7
AND,2023,2.6
AND,2024,2.5
ARB,2000,61.01752474482481
ARB,2001,59.162643648453184
ARB,2002,57.366798570148354
ARB,2003,55.53660675651371
ARB,2004,55.471251798744426
ARB,2005,53.77494158601223
ARB,2006,50.28368508469168
ARB,2007,48.302531853628224
ARB,2008,46.471239953465
ARB,2009,44.8441745490491
ARB,2010,44.91735987749797
ARB,2011,53.893719960424114
ARB,2012,43.23797572798559
ARB,2013,40.065110772465154
ARB,2014,38.96647332552705
ARB,2015,38.326408628059426
ARB,2016,37.44695168145548
ARB,2017,38.70972642104729
ARB,2018,37.483456062208305
ARB,2019,35.847761883025726
ARB,2020,34.911618449246866
ARB,2021,34.347184058651976
ARB,2022,36.04093439394783
ARB,2023,35.06583874610879
ARB,2024,33.71665871050931
ARE,2000,10.7
ARE,2001,10.5
ARE,2002,10.3
ARE,2003,10.2
ARE,2004,10
ARE,2005,9.8
ARE,2006,9.6
ARE,2007,9.4
ARE,2008,9.2
ARE,2009,9
ARE,2010,8.8
ARE,2011,8.6
ARE,2012,8.4
ARE,2013,8.2
ARE,2014,7.9
ARE,2015,7.6
ARE,2016,7.3
ARE,2017,7
ARE,2018,6.7
ARE,2019,6.3
ARE,2020,5.9
ARE,2021,5.6
ARE,2022,5.3
ARE,2023,5
ARE,2024,4.8
ARG,2000,19.4
ARG,2001,18.8
ARG,2002,18.3
ARG,2003,17.8
ARG,2004,17.3
ARG,2005,16.7
ARG,2006,16.2
ARG,2007,15.8
ARG,2008,15.4
ARG,2009,15
ARG,2010,14.4
ARG,2011,13.9
ARG,2012,13.3
ARG,2013,12.7
ARG,2014,12.2
ARG,2015,11.7
ARG,2016,11.4
ARG,2017,11
ARG,2018,10.7
ARG,2019,10.5
ARG,2020,10.3
ARG,2021,10.1
ARG,2022,9.9
ARG,2023,9.7
ARG,2024,9.5
ARM,2000,30.6
ARM,2001,29.1
ARM,2002,27.7
ARM,2003,26.4
ARM,2004,25.1
ARM,2005,23.9
ARM,2006,22.7
ARM,2007,21.6
ARM,2008,20.6
ARM,2009,19.6
ARM,2010,18.7
ARM,2011,17.8
ARM,2012,16.9
ARM,2013,16.1
ARM,2014,15.4
ARM,2015,14.7
ARM,2016,14
ARM,2017,13.3
ARM,2018,12.7
ARM,2019,12.1
ARM,2020,11.6
ARM,2021,11
ARM,2022,10.5
ARM,2023,10
ARM,2024,9.6
ASM,2000,NA
ASM,2001,NA
ASM,2002,NA
ASM,2003,NA
ASM,2004,NA
ASM,2005,NA
ASM,2006,NA
ASM,2007,NA
ASM,2008,NA
ASM,2009,NA
ASM,2010,NA
ASM,2011,NA
ASM,2012,NA
ASM,2013,NA
ASM,2014,NA
ASM,2015,NA
ASM,2016,NA
ASM,2017,NA
ASM,2018,NA
ASM,2019,NA
ASM,2020,NA
ASM,2021,NA
ASM,2022,NA
ASM,2023,NA
ASM,2024,NA
ATG,2000,14.9
ATG,2001,14.6
ATG,2002,14.3
ATG,2003,13.9
ATG,2004,13.6
ATG,2005,13.3
ATG,2006,13
ATG,2007,12.7
ATG,2008,12.5
ATG,2009,12.2
ATG,2010,12
ATG,2011,11.8
ATG,2012,11.6
ATG,2013,11.4
ATG,2014,11.2
ATG,2015,11
ATG,2016,10.8
ATG,2017,10.7
ATG,2018,10.5
ATG,2019,10.3
ATG,2020,10.1
ATG,2021,9.8
ATG,2022,9.6
ATG,2023,9.3
ATG,2024,9.1
AUS,2000,6.2
AUS,2001,6.1
AUS,2002,6
AUS,2003,5.9
AUS,2004,5.8
AUS,2005,5.7
AUS,2006,5.6
AUS,2007,5.4
AUS,2008,5.2
AUS,2009,5
AUS,2010,4.8
AUS,2011,4.5
AUS,2012,4.3
AUS,2013,4.1
AUS,2014,4
AUS,2015,3.9
AUS,2016,3.8
AUS,2017,3.8
AUS,2018,3.8
AUS,2019,3.8
AUS,2020,3.8
AUS,2021,3.7
AUS,2022,3.7
AUS,2023,3.7
AUS,2024,3.6
AUT,2000,5.5
AUT,2001,5.4
AUT,2002,5.3
AUT,2003,5.2
AUT,2004,5
AUT,2005,4.9
AUT,2006,4.8
AUT,2007,4.6
AUT,2008,4.5
AUT,2009,4.4
AUT,2010,4.3
AUT,2011,4.2
AUT,2012,4
AUT,2013,3.9
AUT,2014,3.8
AUT,2015,3.7
AUT,2016,3.6
AUT,2017,3.6
AUT,2018,3.5
AUT,2019,3.5
AUT,2020,3.4
AUT,2021,3.4
AUT,2022,3.3
AUT,2023,3.3
AUT,2024,3.3
AZE,2000,74.3
AZE,2001,69.3
AZE,2002,64.4
AZE,2003,59.9
AZE,2004,55.8
AZE,2005,52.1
AZE,2006,48.7
AZE,2007,45.7
AZE,2008,42.9
AZE,2009,40.2
AZE,2010,37.8
AZE,2011,35.5
AZE,2012,33.4
AZE,2013,31.4
AZE,2014,29.6
AZE,2015,27.9
AZE,2016,26.5
AZE,2017,25.1
AZE,2018,23.8
AZE,2019,22.7
AZE,2020,21.5
AZE,2021,20.5
AZE,2022,19.6
AZE,2023,18.7
AZE,2024,17.9
BDI,2000,152.4
BDI,2001,147.5
BDI,2002,142.3
BDI,2003,136.6
BDI,2004,130.4
BDI,2005,123.7
BDI,2006,116.6
BDI,2007,109.5
BDI,2008,102.6
BDI,2009,96.1
BDI,2010,90.2
BDI,2011,84.7
BDI,2012,79.6
BDI,2013,74.9
BDI,2014,70.6
BDI,2015,66.9
BDI,2016,63.7
BDI,2017,60.9
BDI,2018,58.5
BDI,2019,56.2
BDI,2020,54.3
BDI,2021,52.3
BDI,2022,50.3
BDI,2023,48.7
BDI,2024,47.1
BEL,2000,5.9
BEL,2001,5.7
BEL,2002,5.5
BEL,2003,5.3
BEL,2004,5.2
BEL,2005,5
BEL,2006,4.9
BEL,2007,4.8
BEL,2008,4.7
BEL,2009,4.6
BEL,2010,4.5
BEL,2011,4.4
BEL,2012,4.3
BEL,2013,4.2
BEL,2014,4.1
BEL,2015,4.1
BEL,2016,4.1
BEL,2017,4
BEL,2018,4
BEL,2019,3.9
BEL,2020,3.9
BEL,2021,3.8
BEL,2022,3.8
BEL,2023,3.7
BEL,2024,3.7
BEN,2000,135
BEN,2001,131.7
BEN,2002,128.5
BEN,2003,125.4
BEN,2004,122.5
BEN,2005,119.7
BEN,2006,117
BEN,2007,114.4
BEN,2008,112
BEN,2009,109.7
BEN,2010,107.4
BEN,2011,105.1
BEN,2012,102.9
BEN,2013,100.6
BEN,2014,98.4
BEN,2015,96.1
BEN,2016,94
BEN,2017,91.8
BEN,2018,89.4
BEN,2019,87
BEN,2020,84.6
BEN,2021,82.2
BEN,2022,79.6
BEN,2023,77.2
BEN,2024,74.7
BFA,2000,176
BFA,2001,171.9
BFA,2002,167.3
BFA,2003,162.3
BFA,2004,156.8
BFA,2005,150.8
BFA,2006,144.4
BFA,2007,138.1
BFA,2008,132.1
BFA,2009,126.5
BFA,2010,121.3
BFA,2011,116.6
BFA,2012,112.3
BFA,2013,108.2
BFA,2014,104.3
BFA,2015,100.8
BFA,2016,97.4
BFA,2017,94.1
BFA,2018,91
BFA,2019,88.1
BFA,2020,85.1
BFA,2021,82.4
BFA,2022,79.8
BFA,2023,77.4
BFA,2024,74.9
BGD,2000,85.5
BGD,2001,80.2
BGD,2002,75.3
BGD,2003,70.8
BGD,2004,66.8
BGD,2005,63
BGD,2006,59.6
BGD,2007,56.5
BGD,2008,53.6
BGD,2009,51.1
BGD,2010,48.7
BGD,2011,46.5
BGD,2012,44.4
BGD,2013,42.4
BGD,2014,40.5
BGD,2015,38.5
BGD,2016,36.7
BGD,2017,35
BGD,2018,33.5
BGD,2019,32.3
BGD,2020,31.4
BGD,2021,30.9
BGD,2022,30.7
BGD,2023,30.6
BGD,2024,30.5
BGR,2000,17.5
BGR,2001,16.7
BGR,2002,16
BGR,2003,15.1
BGR,2004,14.2
BGR,2005,13.3
BGR,2006,12.5
BGR,2007,11.9
BGR,2008,11.4
BGR,2009,11.1
BGR,2010,10.9
BGR,2011,10.4
BGR,2012,9.9
BGR,2013,9.3
BGR,2014,8.7
BGR,2015,8.2
BGR,2016,7.7
BGR,2017,7.3
BGR,2018,7
BGR,2019,6.7
BGR,2020,6.5
BGR,2021,6.3
BGR,2022,6.1
BGR,2023,5.9
BGR,2024,5.7
BHR,2000,12.5
BHR,2001,12
BHR,2002,11.6
BHR,2003,11.3
BHR,2004,11
BHR,2005,10.6
BHR,2006,10.3
BHR,2007,9.8
BHR,2008,9.4
BHR,2009,9
BHR,2010,8.6
BHR,2011,8.3
BHR,2012,8.1
BHR,2013,7.9
BHR,2014,7.8
BHR,2015,7.7
BHR,2016,7.6
BHR,2017,7.7
BHR,2018,7.7
BHR,2019,7.8
BHR,2020,8
BHR,2021,8.2
BHR,2022,8.4
BHR,2023,8.6
BHR,2024,8.8
BHS,2000,16.2
BHS,2001,16.3
BHS,2002,16.5
BHS,2003,16.7
BHS,2004,16.8
BHS,2005,16.9
BHS,2006,16.8
BHS,2007,16.5
BHS,2008,16.2
BHS,2009,15.8
BHS,2010,15.4
BHS,2011,15.1
BHS,2012,14.7
BHS,2013,14.4
BHS,2014,14.2
BHS,2015,14
BHS,2016,13.8
BHS,2017,13.7
BHS,2018,13.5
BHS,2019,24.3
BHS,2020,13.3
BHS,2021,13.1
BHS,2022,12.9
BHS,2023,12.7
BHS,2024,12.4
BIH,2000,9.5
BIH,2001,8.9
BIH,2002,8.4
BIH,2003,8
BIH,2004,7.6
BIH,2005,7.4
BIH,2006,7.2
BIH,2007,7.1
BIH,2008,7
BIH,2009,6.9
BIH,2010,6.8
BIH,2011,6.8
BIH,2012,6.7
BIH,2013,6.7
BIH,2014,6.7
BIH,2015,6.7
BIH,2016,6.8
BIH,2017,6.8
BIH,2018,6.8
BIH,2019,6.7
BIH,2020,6.6
BIH,2021,6.4
BIH,2022,6.2
BIH,2023,6
BIH,2024,6.9
BLR,2000,12.8
BLR,2001,11.8
BLR,2002,10.9
BLR,2003,10.1
BLR,2004,9.4
BLR,2005,8.7
BLR,2006,8
BLR,2007,7.3
BLR,2008,6.6
BLR,2009,6.1
BLR,2010,5.6
BLR,2011,5.2
BLR,2012,4.9
BLR,2013,4.6
BLR,2014,4.3
BLR,2015,4.1
BLR,2016,3.9
BLR,2017,3.6
BLR,2018,3.4
BLR,2019,3.1
BLR,2020,2.9
BLR,2021,2.7
BLR,2022,2.6
BLR,2023,2.4
BLR,2024,2.3
BLZ,2000,24.5
BLZ,2001,23.6
BLZ,2002,22.8
BLZ,2003,22.1
BLZ,2004,21.5
BLZ,2005,21
BLZ,2006,20.6
BLZ,2007,20.2
BLZ,2008,19.7
BLZ,2009,19.3
BLZ,2010,18.8
BLZ,2011,18.3
BLZ,2012,17.7
BLZ,2013,17
BLZ,2014,16.3
BLZ,2015,15.6
BLZ,2016,15
BLZ,2017,14.4
BLZ,2018,13.9
BLZ,2019,13.5
BLZ,2020,13.2
BLZ,2021,13
BLZ,2022,12.8
BLZ,2023,12.8
BLZ,2024,12.7
BMU,2000,NA
BMU,2001,NA
BMU,2002,NA
BMU,2003,NA
BMU,2004,NA
BMU,2005,NA
BMU,2006,NA
BMU,2007,NA
BMU,2008,NA
BMU,2009,NA
BMU,2010,NA
BMU,2011,NA
BMU,2012,NA
BMU,2013,NA
BMU,2014,NA
BMU,2015,NA
BMU,2016,NA
BMU,2017,NA
BMU,2018,NA
BMU,2019,NA
BMU,2020,NA
BMU,2021,NA
BMU,2022,NA
BMU,2023,NA
BMU,2024,NA
BOL,2000,70.7
BOL,2001,66.3
BOL,2002,62.1
BOL,2003,58.2
BOL,2004,54.5
BOL,2005,51
BOL,2006,47.7
BOL,2007,44.7
BOL,2008,41.8
BOL,2009,39.1
BOL,2010,36.7
BOL,2011,34.4
BOL,2012,32.3
BOL,2013,30.3
BOL,2014,28.4
BOL,2015,26.7
BOL,2016,25
BOL,2017,23.4
BOL,2018,22
BOL,2019,20.6
BOL,2020,19.3
BOL,2021,18.2
BOL,2022,17.3
BOL,2023,16.4
BOL,2024,15.7
BRA,2000,34.4
BRA,2001,32.2
BRA,2002,30.1
BRA,2003,28.2
BRA,2004,26.3
BRA,2005,24.6
BRA,2006,23.1
BRA,2007,21.7
BRA,2008,20.5
BRA,2009,19.5
BRA,2010,18.6
BRA,2011,17.9
BRA,2012,17.2
BRA,2013,16.7
BRA,2014,16.3
BRA,2015,16
BRA,2016,16.8
BRA,2017,15.4
BRA,2018,15.2
BRA,2019,15
BRA,2020,14.9
BRA,2021,14.7
BRA,2022,14.6
BRA,2023,14.4
BRA,2024,14.2
BRB,2000,14.4
BRB,2001,14.5
BRB,2002,14.7
BRB,2003,14.8
BRB,2004,14.9
BRB,2005,14.8
BRB,2006,14.7
BRB,2007,14.5
BRB,2008,14.3
BRB,2009,14.1
BRB,2010,13.9
BRB,2011,13.7
BRB,2012,13.5
BRB,2013,13.3
BRB,2014,13.1
BRB,2015,12.8
BRB,2016,12.4
BRB,2017,12.1
BRB,2018,11.8
BRB,2019,11.4
BRB,2020,11.1
BRB,2021,10.7
BRB,2022,10.4
BRB,2023,10.1
BRB,2024,9.8
BRN,2000,10.3
BRN,2001,10
BRN,2002,9.8
BRN,2003,9.7
BRN,2004,9.6
BRN,2005,9.5
BRN,2006,9.5
BRN,2007,9.6
BRN,2008,9.6
BRN,2009,9.7
BRN,2010,9.9
BRN,2011,10
BRN,2012,10.2
BRN,2013,10.4
BRN,2014,10.6
BRN,2015,10.7
BRN,2016,10.7
BRN,2017,10.7
BRN,2018,10.6
BRN,2019,10.5
BRN,2020,10.4
BRN,2021,10.3
BRN,2022,10.2
BRN,2023,10.1
BRN,2024,9.9
BTN,2000,77.7
BTN,2001,73.2
BTN,2002,68.8
BTN,2003,64.6
BTN,2004,60.6
BTN,2005,56.7
BTN,2006,52.9
BTN,2007,49.5
BTN,2008,46.2
BTN,2009,43.3
BTN,2010,40.5
BTN,2011,37.9
BTN,2012,35.5
BTN,2013,33.2
BTN,2014,31.2
BTN,2015,29.2
BTN,2016,27.4
BTN,2017,25.8
BTN,2018,24.2
BTN,2019,22.7
BTN,2020,21.3
BTN,2021,20
BTN,2022,19
BTN,2023,18
BTN,2024,17.2
BWA,2000,79.8
BWA,2001,79.3
BWA,2002,77.9
BWA,2003,76.7
BWA,2004,75.7
BWA,2005,70.8
BWA,2006,66
BWA,2007,64.3
BWA,2008,63.7
BWA,2009,60.6
BWA,2010,58.4
BWA,2011,58.8
BWA,2012,53.9
BWA,2013,50.3
BWA,2014,49
BWA,2015,46.7
BWA,2016,45.1
BWA,2017,42.1
BWA,2018,41.2
BWA,2019,40
BWA,2020,38.9
BWA,2021,37.1
BWA,2022,35.7
BWA,2023,34.6
BWA,2024,33.3
CAF,2000,165.5
CAF,2001,162.5
CAF,2002,159
CAF,2003,155.6
CAF,2004,151.8
CAF,2005,147.9
CAF,2006,143.5
CAF,2007,139.3
CAF,2008,135.5
CAF,2009,489.3
CAF,2010,150.7
CAF,2011,125.1
CAF,2012,121.9
CAF,2013,134.2
CAF,2014,186.8
CAF,2015,113.7
CAF,2016,126.8
CAF,2017,155.2
CAF,2018,120.2
CAF,2019,254.7
CAF,2020,124.2
CAF,2021,178.7
CAF,2022,424.6
CAF,2023,92.6
CAF,2024,89.7
CAN,2000,6.2
CAN,2001,6.2
CAN,2002,6.2
CAN,2003,6.2
CAN,2004,6.1
CAN,2005,6.1
CAN,2006,6
CAN,2007,6
CAN,2008,5.9
CAN,2009,5.8
CAN,2010,5.7
CAN,2011,5.6
CAN,2012,5.6
CAN,2013,5.5
CAN,2014,5.4
CAN,2015,5.3
CAN,2016,5.3
CAN,2017,5.2
CAN,2018,5.2
CAN,2019,5.2
CAN,2020,5.2
CAN,2021,5.2
CAN,2022,5.3
CAN,2023,5.4
CAN,2024,5.4
CEB,2000,12.318883414651376
CEB,2001,11.709139974095251
CEB,2002,11.307268543692427
CEB,2003,10.99996076697078
CEB,2004,10.538767688216746
CEB,2005,10.026253306843579
CEB,2006,9.380219295121485
CEB,2007,8.723517957078872
CEB,2008,8.205507394142126
CEB,2009,7.750346415714476
CEB,2010,7.33253040004125
CEB,2011,6.953847409813723
CEB,2012,6.623999988556313
CEB,2013,6.317386205899222
CEB,2014,6.037690139159522
CEB,2015,5.804880752045494
CEB,2016,5.53686433246911
CEB,2017,5.27542081196346
CEB,2018,5.044378910135532
CEB,2019,4.868019975316722
CEB,2020,4.732891412917114
CEB,2021,4.6754157737720075
CEB,2022,4.693924319098005
CEB,2023,4.752436945133471
CEB,2024,4.7930421228267
CHE,2000,5.6
CHE,2001,5.5
CHE,2002,5.4
CHE,2003,5.3
CHE,2004,5.2
CHE,2005,5.1
CHE,2006,4.9
CHE,2007,4.8
CHE,2008,4.7
CHE,2009,4.6
CHE,2010,4.6
CHE,2011,4.5
CHE,2012,4.4
CHE,2013,4.4
CHE,2014,4.3
CHE,2015,4.3
CHE,2016,4.2
CHE,2017,4.1
CHE,2018,4.1
CHE,2019,4
CHE,2020,4
CHE,2021,4
CHE,2022,3.9
CHE,2023,3.9
CHE,2024,3.9
CHI,2000,NA
CHI,2001,NA
CHI,2002,NA
CHI,2003,NA
CHI,2004,NA
CHI,2005,NA
CHI,2006,NA
CHI,2007,NA
CHI,2008,NA
CHI,2009,NA
CHI,2010,NA
CHI,2011,NA
CHI,2012,NA
CHI,2013,NA
CHI,2014,NA
CHI,2015,NA
CHI,2016,NA
CHI,2017,NA
CHI,2018,NA
CHI,2019,NA
CHI,2020,NA
CHI,2021,NA
CHI,2022,NA
CHI,2023,NA
CHI,2024,NA
CHL,2000,10.9
CHL,2001,10.3
CHL,2002,9.8
CHL,2003,9.4
CHL,2004,9.2
CHL,2005,9.1
CHL,2006,9
CHL,2007,8.9
CHL,2008,8.8
CHL,2009,8.8
CHL,2010,8.7
CHL,2011,8.6
CHL,2012,8.4
CHL,2013,8.3
CHL,2014,8.1
CHL,2015,7.9
CHL,2016,7.7
CHL,2017,7.6
CHL,2018,7.3
CHL,2019,7
CHL,2020,6.8
CHL,2021,6.7
CHL,2022,6.8
CHL,2023,6.9
CHL,2024,6.8
CHN,2000,36.6
CHN,2001,34.1
CHN,2002,31.4
CHN,2003,28.8
CHN,2004,26.3
CHN,2005,24
CHN,2006,21.9
CHN,2007,20.1
CHN,2008,18.5
CHN,2009,17.1
CHN,2010,15.7
CHN,2011,14.6
CHN,2012,13.5
CHN,2013,12.5
CHN,2014,11.6
CHN,2015,10.7
CHN,2016,10
CHN,2017,9.3
CHN,2018,8.6
CHN,2019,8
CHN,2020,7.5
CHN,2021,7
CHN,2022,6.6
CHN,2023,6.1
CHN,2024,5.7
CIV,2000,140.4
CIV,2001,136.9
CIV,2002,133.1
CIV,2003,129.2
CIV,2004,125.3
CIV,2005,121.2
CIV,2006,117.4
CIV,2007,113.5
CIV,2008,109
CIV,2009,105.2
CIV,2010,101.6
CIV,2011,98.4
CIV,2012,95.3
CIV,2013,92
CIV,2014,88.6
CIV,2015,85.5
CIV,2016,83
CIV,2017,80.5
CIV,2018,77.9
CIV,2019,75.3
CIV,2020,73
CIV,2021,70.8
CIV,2022,68.7
CIV,2023,66.5
CIV,2024,64.5
CMR,2000,143.9
CMR,2001,141
CMR,2002,137.6
CMR,2003,134.3
CMR,2004,130.9
CMR,2005,127.6
CMR,2006,124.2
CMR,2007,120.8
CMR,2008,117.2
CMR,2009,113.7
CMR,2010,109.5
CMR,2011,105.2
CMR,2012,100.8
CMR,2013,96.5
CMR,2014,92.4
CMR,2015,88.5
CMR,2016,85.1
CMR,2017,81.9
CMR,2018,78.9
CMR,2019,76.6
CMR,2020,74.4
CMR,2021,71.9
CMR,2022,69.4
CMR,2023,67
CMR,2024,64.8
COD,2000,184.6
COD,2001,178.4
COD,2002,172.2
COD,2003,165.9
COD,2004,159.4
COD,2005,124.4
COD,2006,118.9
COD,2007,113.8
COD,2008,109.2
COD,2009,105
COD,2010,101.4
COD,2011,98.3
COD,2012,95.9
COD,2013,94.1
COD,2014,92.7
COD,2015,91.9
COD,2016,91.5
COD,2017,91.5
COD,2018,91.7
COD,2019,92.2
COD,2020,92.7
COD,2021,92.9
COD,2022,92.5
COD,2023,91.3
COD,2024,89.7
COG,2000,112.5
COG,2001,109.3
COG,2002,104.6
COG,2003,98.9
COG,2004,92.3
COG,2005,85.7
COG,2006,79.5
COG,2007,73.9
COG,2008,69.2
COG,2009,65.3
COG,2010,62.4
COG,2011,60
COG,2012,57.9
COG,2013,56.2
COG,2014,54.5
COG,2015,52.7
COG,2016,51
COG,2017,49.3
COG,2018,47.6
COG,2019,52.2
COG,2020,44.5
COG,2021,43
COG,2022,41.5
COG,2023,40.3
COG,2024,39.1
COL,2000,25
COL,2001,24.2
COL,2002,23.5
COL,2003,22.7
COL,2004,22.1
COL,2005,21.4
COL,2006,20.7
COL,2007,20.1
COL,2008,19.5
COL,2009,18.8
COL,2010,18.2
COL,2011,17.6
COL,2012,17.1
COL,2013,16.5
COL,2014,16
COL,2015,15.5
COL,2016,15
COL,2017,14.5
COL,2018,14
COL,2019,13.5
COL,2020,13.1
COL,2021,12.7
COL,2022,12.3
COL,2023,11.9
COL,2024,11.5
COM,2000,79.9
COM,2001,76.8
COM,2002,73.8
COM,2003,71
COM,2004,68.3
COM,2005,65.8
COM,2006,63.4
COM,2007,61.2
COM,2008,59.2
COM,2009,57.3
COM,2010,55.6
COM,2011,54
COM,2012,52.5
COM,2013,51.2
COM,2014,50
COM,2015,48.9
COM,2016,47.9
COM,2017,46.9
COM,2018,45.8
COM,2019,44.8
COM,2020,43.7
COM,2021,42.6
COM,2022,41.4
COM,2023,40.2
COM,2024,39
CPV,2000,36
CPV,2001,32.8
CPV,2002,30.5
CPV,2003,29
CPV,2004,28.2
CPV,2005,28
CPV,2006,28
CPV,2007,28.1
CPV,2008,27.9
CPV,2009,27.5
CPV,2010,26.7
CPV,2011,25.6
CPV,2012,24.2
CPV,2013,22.6
CPV,2014,20.9
CPV,2015,19.2
CPV,2016,17.6
CPV,2017,16.2
CPV,2018,15.1
CPV,2019,14.1
CPV,2020,13.3
CPV,2021,12.7
CPV,2022,12.1
CPV,2023,11.6
CPV,2024,11.1
CRI,2000,13.1
CRI,2001,12.6
CRI,2002,12.2
CRI,2003,11.8
CRI,2004,11.5
CRI,2005,11.3
CRI,2006,11.2
CRI,2007,11.1
CRI,2008,10.9
CRI,2009,10.7
CRI,2010,10.5
CRI,2011,10.2
CRI,2012,9.8
CRI,2013,9.5
CRI,2014,9.2
CRI,2015,9
CRI,2016,8.9
CRI,2017,8.9
CRI,2018,9
CRI,2019,9.1
CRI,2020,9.3
CRI,2021,9.6
CRI,2022,9.9
CRI,2023,10.1
CRI,2024,10.4
CSS,2000,30.336554213522145
CSS,2001,29.612902440586765
CSS,2002,28.914716991064264
CSS,2003,28.216808167651795
CSS,2004,27.642053115702705
CSS,2005,27.125631576063125
CSS,2006,26.66429783739392
CSS,2007,26.20603224838349
CSS,2008,25.7292304129259
CSS,2009,25.26084051489037
CSS,2010,24.87519090305445
CSS,2011,24.46797830168996
CSS,2012,23.98739761080284
CSS,2013,23.545931743935498
CSS,2014,23.084774339180964
CSS,2015,22.59260854267821
CSS,2016,22.130981638820778
CSS,2017,21.618688842568467
CSS,2018,21.09488565002775
CSS,2019,21.482570616553563
CSS,2020,20.234078793008717
CSS,2021,19.83000136204731
CSS,2022,19.251905540913082
CSS,2023,18.67342807530616
CSS,2024,18.153685484859633
CUB,2000,8.6
CUB,2001,8.2
CUB,2002,7.9
CUB,2003,7.6
CUB,2004,7.3
CUB,2005,7.1
CUB,2006,6.8
CUB,2007,6.6
CUB,2008,6.5
CUB,2009,6.3
CUB,2010,6.2
CUB,2011,6.1
CUB,2012,6.1
CUB,2013,6
CUB,2014,6.1
CUB,2015,6.1
CUB,2016,6.3
CUB,2017,6.4
CUB,2018,6.6
CUB,2019,6.9
CUB,2020,7.2
CUB,2021,7.5
CUB,2022,7.8
CUB,2023,8.2
CUB,2024,8.6
CUW,2000,NA
CUW,2001,NA
CUW,2002,NA
CUW,2003,NA
CUW,2004,NA
CUW,2005,NA
CUW,2006,NA
CUW,2007,NA
CUW,2008,NA
CUW,2009,NA
CUW,2010,NA
CUW,2011,NA
CUW,2012,NA
CUW,2013,NA
CUW,2014,NA
CUW,2015,NA
CUW,2016,NA
CUW,2017,NA
CUW,2018,NA
CUW,2019,NA
CUW,2020,NA
CUW,2021,NA
CUW,2022,NA
CUW,2023,NA
CUW,2024,NA
CYM,2000,NA
CYM,2001,NA
CYM,2002,NA
CYM,2003,NA
CYM,2004,NA
CYM,2005,NA
CYM,2006,NA
CYM,2007,NA
CYM,2008,NA
CYM,2009,NA
CYM,2010,NA
CYM,2011,NA
CYM,2012,NA
CYM,2013,NA
CYM,2014,NA
CYM,2015,NA
CYM,2016,NA
CYM,2017,NA
CYM,2018,NA
CYM,2019,NA
CYM,2020,NA
CYM,2021,NA
CYM,2022,NA
CYM,2023,NA
CYM,2024,NA
CYP,2000,6.6
CYP,2001,6.2
CYP,2002,5.8
CYP,2003,5.4
CYP,2004,5.1
CYP,2005,4.7
CYP,2006,4.4
CYP,2007,4.1
CYP,2008,3.8
CYP,2009,3.5
CYP,2010,3.2
CYP,2011,3
CYP,2012,2.8
CYP,2013,2.7
CYP,2014,2.6
CYP,2015,2.5
CYP,2016,2.5
CYP,2017,2.6
CYP,2018,2.7
CYP,2019,3
CYP,2020,3.3
CYP,2021,3.7
CYP,2022,4.1
CYP,2023,4.6
CYP,2024,5
CZE,2000,5.5
CZE,2001,5.2
CZE,2002,5
CZE,2003,4.8
CZE,2004,4.6
CZE,2005,4.4
CZE,2006,4.1
CZE,2007,3.9
CZE,2008,3.7
CZE,2009,3.5
CZE,2010,3.4
CZE,2011,3.3
CZE,2012,3.2
CZE,2013,3.1
CZE,2014,3.1
CZE,2015,3.2
CZE,2016,3.2
CZE,2017,3.2
CZE,2018,3.1
CZE,2019,3
CZE,2020,2.9
CZE,2021,2.8
CZE,2022,2.7
CZE,2023,2.6
CZE,2024,2.6
DEU,2000,5.4
DEU,2001,5.2
DEU,2002,5.1
DEU,2003,5
DEU,2004,4.9
DEU,2005,4.7
DEU,2006,4.6
DEU,2007,4.5
DEU,2008,4.4
DEU,2009,4.3
DEU,2010,4.2
DEU,2011,4.1
DEU,2012,4
DEU,2013,4
DEU,2014,4
DEU,2015,3.9
DEU,2016,3.9
DEU,2017,3.8
DEU,2018,3.8
DEU,2019,3.7
DEU,2020,3.7
DEU,2021,3.7
DEU,2022,3.7
DEU,2023,3.7
DEU,2024,3.7
DJI,2000,98.5
DJI,2001,96.3
DJI,2002,94
DJI,2003,91.6
DJI,2004,89.3
DJI,2005,86.9
DJI,2006,84.6
DJI,2007,82.3
DJI,2008,79.9
DJI,2009,77.7
DJI,2010,75.5
DJI,2011,73.4
DJI,2012,71.3
DJI,2013,69.2
DJI,2014,67.2
DJI,2015,65.2
DJI,2016,63.2
DJI,2017,61.2
DJI,2018,59.4
DJI,2019,57.5
DJI,2020,55.7
DJI,2021,54
DJI,2022,52.1
DJI,2023,50.5
DJI,2024,48.9
DMA,2000,19.4
DMA,2001,19.7
DMA,2002,20.1
DMA,2003,20.6
DMA,2004,21.1
DMA,2005,21.6
DMA,2006,22.2
DMA,2007,22.8
DMA,2008,23.5
DMA,2009,24.2
DMA,2010,24.9
DMA,2011,25.7
DMA,2012,26.5
DMA,2013,27.4
DMA,2014,28.3
DMA,2015,29.2
DMA,2016,30.2
DMA,2017,31.1
DMA,2018,32.1
DMA,2019,33
DMA,2020,33.8
DMA,2021,34.4
DMA,2022,35
DMA,2023,35.4
DMA,2024,35.7
DNK,2000,5.6
DNK,2001,5.5
DNK,2002,5.4
DNK,2003,5.2
DNK,2004,5
DNK,2005,4.8
DNK,2006,4.6
DNK,2007,4.5
DNK,2008,4.3
DNK,2009,4.2
DNK,2010,4.1
DNK,2011,4.1
DNK,2012,4.1
DNK,2013,4.1
DNK,2014,4.1
DNK,2015,4.1
DNK,2016,4
DNK,2017,3.9
DNK,2018,3.9
DNK,2019,3.8
DNK,2020,3.7
DNK,2021,3.7
DNK,2022,3.8
DNK,2023,3.9
DNK,2024,4
DOM,2000,39.6
DOM,2001,38.6
DOM,2002,37.7
DOM,2003,37
DOM,2004,36.4
DOM,2005,36
DOM,2006,35.6
DOM,2007,35.3
DOM,2008,35.1
DOM,2009,34.9
DOM,2010,34.9
DOM,2011,34.8
DOM,2012,34.8
DOM,2013,34.8
DOM,2014,34.9
DOM,2015,34.9
DOM,2016,34.9
DOM,2017,34.9
DOM,2018,34.7
DOM,2019,34.4
DOM,2020,33.8
DOM,2021,33
DOM,2022,32.3
DOM,2023,31.5
DOM,2024,30.6
DZA,2000,41.7
DZA,2001,40.2
DZA,2002,38.6
DZA,2003,37
DZA,2004,35.4
DZA,2005,33.9
DZA,2006,32.5
DZA,2007,31.2
DZA,2008,30.1
DZA,2009,29
DZA,2010,28.1
DZA,2011,27.3
DZA,2012,26.6
DZA,2013,25.9
DZA,2014,25.4
DZA,2015,24.9
DZA,2016,24.5
DZA,2017,24
DZA,2018,23.7
DZA,2019,23.3
DZA,2020,22.9
DZA,2021,22.6
DZA,2022,22.3
DZA,2023,22
DZA,2024,21.6
EAP,2000,41.96954553823525
EAP,2001,39.88423668536898
EAP,2002,37.55725275926587
EAP,2003,34.48121871823692
EAP,2004,33.276157742541216
EAP,2005,30.29070510585037
EAP,2006,28.42241154699923
EAP,2007,26.755983796209666
EAP,2008,26.20644905727303
EAP,2009,23.727457850137743
EAP,2010,22.43994934511708
EAP,2011,21.368502681419272
EAP,2012,19.973724180029723
EAP,2013,19.13655969509177
EAP,2014,18.0713618055203
EAP,2015,17.48655575264114
EAP,2016,16.472034183073497
EAP,2017,15.647483444370184
EAP,2018,15.53817154617954
EAP,2019,15.01809403277975
EAP,2020,15.182394893456665
EAP,2021,15.012296700999888
EAP,2022,14.844860195650085
EAP,2023,14.474959436385088
EAP,2024,13.949881867143942
EAR,2000,79.45537176554616
EAR,2001,76.2893190449641
EAR,2002,73.20510288656529
EAR,2003,70.16972375826698
EAR,2004,67.62127255869491
EAR,2005,64.27007005993993
EAR,2006,61.445917265839014
EAR,2007,58.74685221615049
EAR,2008,56.61462456090751
EAR,2009,53.62834463163164
EAR,2010,51.434656463223774
EAR,2011,48.82095342050745
EAR,2012,46.62214175007729
EAR,2013,44.494297006347416
EAR,2014,42.46662589538909
EAR,2015,40.68128134829254
EAR,2016,38.999765693730595
EAR,2017,37.47169567755265
EAR,2018,36.15627664867838
EAR,2019,34.91016418222636
EAR,2020,33.700117980571946
EAR,2021,33.83126802537465
EAR,2022,32.71764549007836
EAR,2023,30.87858265849247
EAR,2024,29.399320144919763
EAS,2000,39.6
EAS,2001,37.5
EAS,2002,35.5
EAS,2003,32.6
EAS,2004,31.5
EAS,2005,28.7
EAS,2006,27
EAS,2007,25.4
EAS,2008,24.9
EAS,2009,22.5
EAS,2010,21.4
EAS,2011,20.3
EAS,2012,19.1
EAS,2013,18.2
EAS,2014,17.2
EAS,2015,16.6
EAS,2016,15.7
EAS,2017,15
EAS,2018,14.8
EAS,2019,14.3
EAS,2020,14.4
EAS,2021,14.2
EAS,2022,14
EAS,2023,13.7
EAS,2024,13.2
ECA,2000,41.90478345149853
ECA,2001,39.354758701547965
ECA,2002,36.85172042763536
ECA,2003,34.35883455862802
ECA,2004,32.31959451969545
ECA,2005,30.188066390566387
ECA,2006,28.228528769844463
ECA,2007,26.45964565322861
ECA,2008,24.75376587382445
ECA,2009,23.166275031006087
ECA,2010,21.832761926408196
ECA,2011,20.605205246650623
ECA,2012,19.37822484859535
ECA,2013,18.40402617854428
ECA,2014,17.53886574186963
ECA,2015,16.807824406414436
ECA,2016,16.072147472861406
ECA,2017,15.590433475280445
ECA,2018,15.205286320267454
ECA,2019,14.90676687231982
ECA,2020,14.569054862434836
ECA,2021,14.275400687089254
ECA,2022,14.140372198114395
ECA,2023,14.931891021720302
ECA,2024,13.451733027161616
ECS,2000,20.9
ECS,2001,19.7
ECS,2002,18.5
ECS,2003,17.4
ECS,2004,16.4
ECS,2005,15.5
ECS,2006,14.6
ECS,2007,13.8
ECS,2008,13
ECS,2009,12.3
ECS,2010,11.7
ECS,2011,11.2
ECS,2012,10.8
ECS,2013,10.4
ECS,2014,10
ECS,2015,9.6
ECS,2016,9.2
ECS,2017,8.8
ECS,2018,8.6
ECS,2019,8.5
ECS,2020,8.3
ECS,2021,8.1
ECS,2022,8
ECS,2023,8.4
ECS,2024,7.8
ECU,2000,29.6
ECU,2001,28
ECU,2002,26.6
ECU,2003,25.5
ECU,2004,24.5
ECU,2005,23.6
ECU,2006,22.7
ECU,2007,21.8
ECU,2008,20.9
ECU,2009,20
ECU,2010,19.1
ECU,2011,18.2
ECU,2012,17.4
ECU,2013,16.6
ECU,2014,15.9
ECU,2015,15.3
ECU,2016,14.8
ECU,2017,14.4
ECU,2018,14.1
ECU,2019,13.8
ECU,2020,13.6
ECU,2021,13.4
ECU,2022,13.2
ECU,2023,13
ECU,2024,12.9
EGY,2000,47.3
EGY,2001,44.8
EGY,2002,42.5
EGY,2003,40.4
EGY,2004,38.6
EGY,2005,37
EGY,2006,35.6
EGY,2007,34.2
EGY,2008,32.8
EGY,2009,31.6
EGY,2010,30.5
EGY,2011,29.5
EGY,2012,28.6
EGY,2013,27.8
EGY,2014,27.1
EGY,2015,26.5
EGY,2016,26
EGY,2017,25.6
EGY,2018,25.2
EGY,2019,24.8
EGY,2020,24.4
EGY,2021,24
EGY,2022,23.5
EGY,2023,22.9
EGY,2024,22.4
EMU,2000,5.837714354050239
EMU,2001,5.596901575464579
EMU,2002,5.419032239144227
EMU,2003,5.222370096873691
EMU,2004,5.04459207849048
EMU,2005,4.8476623565305825
EMU,2006,4.676988593680842
EMU,2007,4.548526982866373
EMU,2008,4.429767612012408
EMU,2009,4.324048426303178
EMU,2010,4.187246909225435
EMU,2011,4.107614682609935
EMU,2012,4.006511636878927
EMU,2013,3.958659203932394
EMU,2014,3.9148447487338944
EMU,2015,3.8763222341384207
EMU,2016,3.85275424700881
EMU,2017,3.7852520824390687
EMU,2018,3.7596871893520314
EMU,2019,3.713434859668958
EMU,2020,3.6961259921934353
EMU,2021,3.699552629878521
EMU,2022,3.681935293871304
EMU,2023,3.6701056198406694
EMU,2024,3.662258293163014
ERI,2000,85.3
ERI,2001,81.1
ERI,2002,77.3
ERI,2003,73.8
ERI,2004,70.5
ERI,2005,67.5
ERI,2006,64.7
ERI,2007,62
ERI,2008,59.6
ERI,2009,57.3
ERI,2010,55.2
ERI,2011,53.3
ERI,2012,51.4
ERI,2013,49.7
ERI,2014,48.1
ERI,2015,46.4
ERI,2016,44.7
ERI,2017,43.3
ERI,2018,41.9
ERI,2019,40.5
ERI,2020,39.1
ERI,2021,37.8
ERI,2022,36.6
ERI,2023,35.4
ERI,2024,34.3
ESP,2000,5.4
ESP,2001,5.3
ESP,2002,5.1
ESP,2003,5
ESP,2004,4.9
ESP,2005,4.7
ESP,2006,4.5
ESP,2007,4.4
ESP,2008,4.2
ESP,2009,4
ESP,2010,3.8
ESP,2011,3.7
ESP,2012,3.6
ESP,2013,3.5
ESP,2014,3.4
ESP,2015,3.3
ESP,2016,3.3
ESP,2017,3.2
ESP,2018,3.2
ESP,2019,3.2
ESP,2020,3.2
ESP,2021,3.2
ESP,2022,3.2
ESP,2023,3.2
ESP,2024,3.2
EST,2000,11
EST,2001,10.1
EST,2002,9.3
EST,2003,8.5
EST,2004,7.8
EST,2005,7.1
EST,2006,6.5
EST,2007,5.9
EST,2008,5.4
EST,2009,5
EST,2010,4.6
EST,2011,4.2
EST,2012,3.9
EST,2013,3.6
EST,2014,3.4
EST,2015,3.2
EST,2016,3
EST,2017,2.8
EST,2018,2.7
EST,2019,2.5
EST,2020,2.4
EST,2021,2.3
EST,2022,2.2
EST,2023,2.1
EST,2024,2
ETH,2000,140.1
ETH,2001,133.8
ETH,2002,127.4
ETH,2003,121
ETH,2004,114.6
ETH,2005,108.3
ETH,2006,102.4
ETH,2007,96.9
ETH,2008,91.8
ETH,2009,87.1
ETH,2010,82.7
ETH,2011,78.6
ETH,2012,74.8
ETH,2013,71.2
ETH,2014,67.7
ETH,2015,64.4
ETH,2016,61.3
ETH,2017,58.4
ETH,2018,55.8
ETH,2019,53.6
ETH,2020,51.5
ETH,2021,70.4
ETH,2022,68.1
ETH,2023,51.5
ETH,2024,44.5
EUU,2000,7.165989362956806
EUU,2001,6.837332190051944
EUU,2002,6.6051822769734105
EUU,2003,6.378224731719576
EUU,2004,6.155345212462528
EUU,2005,5.919937054304574
EUU,2006,5.651472074092682
EUU,2007,5.423483412353726
EUU,2008,5.237850018497679
EUU,2009,5.065705140655731
EUU,2010,4.855548704590928
EUU,2011,4.691810035548491
EUU,2012,4.545305002679597
EUU,2013,4.4371936775856
EUU,2014,4.348625121031132
EUU,2015,4.272619155745405
EUU,2016,4.19492071938833
EUU,2017,4.095746351467892
EUU,2018,4.01789187486254
EUU,2019,3.9375796178343947
EUU,2020,3.888321431690126
EUU,2021,3.868368413777164
EUU,2022,3.8603970586866865
EUU,2023,3.8658097990384745
EUU,2024,3.8644046901010882
FCS,2000,139.66330497563365
FCS,2001,134.96258007019327
FCS,2002,130.1616003237672
FCS,2003,125.37620878252221
FCS,2004,121.33072585407838
FCS,2005,114.12657730617353
FCS,2006,109.14917154350752
FCS,2007,105.17699600230172
FCS,2008,102.59301264370168
FCS,2009,100.58132579290132
FCS,2010,96.33632343712797
FCS,2011,96.47208577026504
FCS,2012,90.48635050227222
FCS,2013,87.67041901230886
FCS,2014,87.50403084026978
FCS,2015,86.18198855991825
FCS,2016,85.10528724081084
FCS,2017,84.72071709858199
FCS,2018,81.15281273524343
FCS,2019,80.25962706624327
FCS,2020,78.14763189423317
FCS,2021,80.2556380274426
FCS,2022,81.87338577797006
FCS,2023,76.37453334027812
FCS,2024,74.02748542237727
FIN,2000,4.3
FIN,2001,4.2
FIN,2002,4.1
FIN,2003,4
FIN,2004,3.9
FIN,2005,3.7
FIN,2006,3.6
FIN,2007,3.5
FIN,2008,3.3
FIN,2009,3.2
FIN,2010,3
FIN,2011,2.9
FIN,2012,2.8
FIN,2013,2.6
FIN,2014,2.6
FIN,2015,2.5
FIN,2016,2.4
FIN,2017,2.4
FIN,2018,2.4
FIN,2019,2.4
FIN,2020,2.4
FIN,2021,2.4
FIN,2022,2.4
FIN,2023,2.4
FIN,2024,2.4
FJI,2000,22.6
FJI,2001,22.6
FJI,2002,22.7
FJI,2003,22.8
FJI,2004,23.1
FJI,2005,23.3
FJI,2006,23.5
FJI,2007,23.5
FJI,2008,23.2
FJI,2009,22.8
FJI,2010,22.2
FJI,2011,21.6
FJI,2012,21
FJI,2013,20.7
FJI,2014,20.6
FJI,2015,20.9
FJI,2016,21.6
FJI,2017,22.7
FJI,2018,24.2
FJI,2019,25.7
FJI,2020,27.2
FJI,2021,28.3
FJI,2022,28.9
FJI,2023,29.2
FJI,2024,29.1
FRA,2000,5.4
FRA,2001,5.2
FRA,2002,5.1
FRA,2003,4.9
FRA,2004,4.8
FRA,2005,4.6
FRA,2006,4.5
FRA,2007,4.4
FRA,2008,4.4
FRA,2009,4.3
FRA,2010,4.2
FRA,2011,4.2
FRA,2012,4.1
FRA,2013,4.1
FRA,2014,4.1
FRA,2015,4.2
FRA,2016,4.2
FRA,2017,4.2
FRA,2018,4.2
FRA,2019,4.2
FRA,2020,4.2
FRA,2021,4.3
FRA,2022,4.3
FRA,2023,4.3
FRA,2024,4.3
FRO,2000,NA
FRO,2001,NA
FRO,2002,NA
FRO,2003,NA
FRO,2004,NA
FRO,2005,NA
FRO,2006,NA
FRO,2007,NA
FRO,2008,NA
FRO,2009,NA
FRO,2010,NA
FRO,2011,NA
FRO,2012,NA
FRO,2013,NA
FRO,2014,NA
FRO,2015,NA
FRO,2016,NA
FRO,2017,NA
FRO,2018,NA
FRO,2019,NA
FRO,2020,NA
FRO,2021,NA
FRO,2022,NA
FRO,2023,NA
FRO,2024,NA
FSM,2000,38.6
FSM,2001,37.7
FSM,2002,41.5
FSM,2003,36.4
FSM,2004,36.1
FSM,2005,35.9
FSM,2006,35.9
FSM,2007,35.6
FSM,2008,35.3
FSM,2009,34.8
FSM,2010,34.1
FSM,2011,33.4
FSM,2012,32.6
FSM,2013,31.6
FSM,2014,30.7
FSM,2015,29.8
FSM,2016,28.9
FSM,2017,28.1
FSM,2018,27.3
FSM,2019,26.4
FSM,2020,25.6
FSM,2021,24.7
FSM,2022,23.9
FSM,2023,23.1
FSM,2024,22.4
GAB,2000,73.3
GAB,2001,71.5
GAB,2002,69.6
GAB,2003,67.7
GAB,2004,65.6
GAB,2005,63.6
GAB,2006,61.8
GAB,2007,59.7
GAB,2008,57.6
GAB,2009,55.6
GAB,2010,53.4
GAB,2011,51.3
GAB,2012,49.4
GAB,2013,47.3
GAB,2014,45.8
GAB,2015,44.4
GAB,2016,42.7
GAB,2017,41.4
GAB,2018,39.9
GAB,2019,38.5
GAB,2020,36.8
GAB,2021,35.8
GAB,2022,34.7
GAB,2023,33.8
GAB,2024,32.6
GBR,2000,6.5
GBR,2001,6.4
GBR,2002,6.3
GBR,2003,6.2
GBR,2004,6.1
GBR,2005,6
GBR,2006,5.9
GBR,2007,5.8
GBR,2008,5.6
GBR,2009,5.4
GBR,2010,5.2
GBR,2011,5
GBR,2012,4.8
GBR,2013,4.6
GBR,2014,4.5
GBR,2015,4.5
GBR,2016,4.4
GBR,2017,4.4
GBR,2018,4.4
GBR,2019,4.4
GBR,2020,4.4
GBR,2021,4.4
GBR,2022,4.5
GBR,2023,4.6
GBR,2024,4.7
GEO,2000,35.8
GEO,2001,33.4
GEO,2002,30.9
GEO,2003,28.3
GEO,2004,25.8
GEO,2005,23.3
GEO,2006,21
GEO,2007,19
GEO,2008,17.1
GEO,2009,15.5
GEO,2010,14.2
GEO,2011,13.1
GEO,2012,12.2
GEO,2013,11.5
GEO,2014,11
GEO,2015,10.6
GEO,2016,10.2
GEO,2017,10
GEO,2018,9.8
GEO,2019,9.6
GEO,2020,9.4
GEO,2021,9.2
GEO,2022,9
GEO,2023,8.8
GEO,2024,8.6
GHA,2000,99.9
GHA,2001,95.8
GHA,2002,91.9
GHA,2003,88.2
GHA,2004,85
GHA,2005,82
GHA,2006,79.1
GHA,2007,76.2
GHA,2008,73.1
GHA,2009,69.8
GHA,2010,66.5
GHA,2011,63.3
GHA,2012,60.3
GHA,2013,57.5
GHA,2014,54.9
GHA,2015,52.5
GHA,2016,50.3
GHA,2017,48.2
GHA,2018,46.1
GHA,2019,44.1
GHA,2020,42.2
GHA,2021,40.3
GHA,2022,38.6
GHA,2023,37.2
GHA,2024,35.9
GIB,2000,NA
GIB,2001,NA
GIB,2002,NA
GIB,2003,NA
GIB,2004,NA
GIB,2005,NA
GIB,2006,NA
GIB,2007,NA
GIB,2008,NA
GIB,2009,NA
GIB,2010,NA
GIB,2011,NA
GIB,2012,NA
GIB,2013,NA
GIB,2014,NA
GIB,2015,NA
GIB,2016,NA
GIB,2017,NA
GIB,2018,NA
GIB,2019,NA
GIB,2020,NA
GIB,2021,NA
GIB,2022,NA
GIB,2023,NA
GIB,2024,NA
GIN,2000,165.7
GIN,2001,159
GIN,2002,152.7
GIN,2003,146.9
GIN,2004,141.6
GIN,2005,137
GIN,2006,133.1
GIN,2007,129.7
GIN,2008,126.9
GIN,2009,124.4
GIN,2010,122.2
GIN,2011,120.3
GIN,2012,118.4
GIN,2013,116.6
GIN,2014,115.4
GIN,2015,113.7
GIN,2016,111.4
GIN,2017,109.5
GIN,2018,107.5
GIN,2019,105.4
GIN,2020,102.9
GIN,2021,100.3
GIN,2022,97.6
GIN,2023,95
GIN,2024,92.1
GMB,2000,112.8
GMB,2001,108.1
GMB,2002,103.6
GMB,2003,99.2
GMB,2004,94.9
GMB,2005,90.7
GMB,2006,86.8
GMB,2007,83
GMB,2008,79.4
GMB,2009,76
GMB,2010,72.7
GMB,2011,69.7
GMB,2012,66.8
GMB,2013,64
GMB,2014,61.4
GMB,2015,58.9
GMB,2016,56.6
GMB,2017,54.3
GMB,2018,52.3
GMB,2019,50.4
GMB,2020,48.6
GMB,2021,47
GMB,2022,45.3
GMB,2023,43.8
GMB,2024,42.4
GNB,2000,174.8
GNB,2001,169.3
GNB,2002,163.6
GNB,2003,157.7
GNB,2004,151.6
GNB,2005,145.3
GNB,2006,139.1
GNB,2007,132.8
GNB,2008,126.5
GNB,2009,120.2
GNB,2010,114.3
GNB,2011,108.6
GNB,2012,103.6
GNB,2013,99.1
GNB,2014,95.2
GNB,2015,91.6
GNB,2016,88.2
GNB,2017,85.1
GNB,2018,82.2
GNB,2019,79.5
GNB,2020,76.7
GNB,2021,74.3
GNB,2022,72
GNB,2023,69.7
GNB,2024,67.3
GNQ,2000,154.5
GNQ,2001,150.2
GNQ,2002,145.9
GNQ,2003,141.5
GNQ,2004,137
GNQ,2005,132.3
GNQ,2006,127.4
GNQ,2007,122.6
GNQ,2008,118
GNQ,2009,113.5
GNQ,2010,109.4
GNQ,2011,105.6
GNQ,2012,102
GNQ,2013,98.6
GNQ,2014,95.3
GNQ,2015,92.1
GNQ,2016,89
GNQ,2017,86.1
GNQ,2018,83.2
GNQ,2019,80.7
GNQ,2020,77.9
GNQ,2021,75.1
GNQ,2022,72.8
GNQ,2023,70.4
GNQ,2024,68
GRC,2000,6.4
GRC,2001,6
GRC,2002,5.6
GRC,2003,5.2
GRC,2004,4.9
GRC,2005,4.6
GRC,2006,4.3
GRC,2007,4.1
GRC,2008,4
GRC,2009,4
GRC,2010,3.9
GRC,2011,4
GRC,2012,4
GRC,2013,4.1
GRC,2014,4.2
GRC,2015,4.3
GRC,2016,4.3
GRC,2017,4.3
GRC,2018,4.2
GRC,2019,4.1
GRC,2020,4.1
GRC,2021,4
GRC,2022,4
GRC,2023,3.9
GRC,2024,3.8
GRD,2000,15.5
GRD,2001,15.3
GRD,2002,15.1
GRD,2003,14.9
GRD,2004,14.8
GRD,2005,14.8
GRD,2006,14.9
GRD,2007,14.9
GRD,2008,15.1
GRD,2009,15.4
GRD,2010,15.7
GRD,2011,16
GRD,2012,16.4
GRD,2013,16.8
GRD,2014,17.2
GRD,2015,17.5
GRD,2016,17.8
GRD,2017,18.1
GRD,2018,18.3
GRD,2019,18.5
GRD,2020,18.6
GRD,2021,18.7
GRD,2022,18.5
GRD,2023,18.3
GRD,2024,18
GRL,2000,NA
GRL,2001,NA
GRL,2002,NA
GRL,2003,NA
GRL,2004,NA
GRL,2005,NA
GRL,2006,NA
GRL,2007,NA
GRL,2008,NA
GRL,2009,NA
GRL,2010,NA
GRL,2011,NA
GRL,2012,NA
GRL,2013,NA
GRL,2014,NA
GRL,2015,NA
GRL,2016,NA
GRL,2017,NA
GRL,2018,NA
GRL,2019,NA
GRL,2020,NA
GRL,2021,NA
GRL,2022,NA
GRL,2023,NA
GRL,2024,NA
GTM,2000,51.8
GTM,2001,49.7
GTM,2002,47.7
GTM,2003,45.9
GTM,2004,44.1
GTM,2005,42.4
GTM,2006,40.7
GTM,2007,39.1
GTM,2008,37.5
GTM,2009,36
GTM,2010,34.5
GTM,2011,33.1
GTM,2012,31.8
GTM,2013,30.4
GTM,2014,29.2
GTM,2015,28.1
GTM,2016,27
GTM,2017,26.1
GTM,2018,25.1
GTM,2019,24.3
GTM,2020,23.5
GTM,2021,22.7
GTM,2022,21.9
GTM,2023,21.2
GTM,2024,20.5
GUM,2000,NA
GUM,2001,NA
GUM,2002,NA
GUM,2003,NA
GUM,2004,NA
GUM,2005,NA
GUM,2006,NA
GUM,2007,NA
GUM,2008,NA
GUM,2009,NA
GUM,2010,NA
GUM,2011,NA
GUM,2012,NA
GUM,2013,NA
GUM,2014,NA
GUM,2015,NA
GUM,2016,NA
GUM,2017,NA
GUM,2018,NA
GUM,2019,NA
GUM,2020,NA
GUM,2021,NA
GUM,2022,NA
GUM,2023,NA
GUM,2024,NA
GUY,2000,46.7
GUY,2001,45.6
GUY,2002,44.5
GUY,2003,43.4
GUY,2004,42.5
GUY,2005,41.6
GUY,2006,40.7
GUY,2007,39.9
GUY,2008,39.1
GUY,2009,38.3
GUY,2010,37.6
GUY,2011,36.8
GUY,2012,36
GUY,2013,35.2
GUY,2014,34.3
GUY,2015,33.3
GUY,2016,32.4
GUY,2017,31.4
GUY,2018,30.5
GUY,2019,29.6
GUY,2020,28.6
GUY,2021,27.8
GUY,2022,26.9
GUY,2023,26
GUY,2024,25.2
HIC,2000,9.2
HIC,2001,8.9
HIC,2002,8.6
HIC,2003,8.4
HIC,2004,8.1
HIC,2005,7.8
HIC,2006,7.5
HIC,2007,7.3
HIC,2008,7
HIC,2009,6.8
HIC,2010,6.6
HIC,2011,6.5
HIC,2012,6.3
HIC,2013,6.2
HIC,2014,6
HIC,2015,5.8
HIC,2016,5.7
HIC,2017,5.5
HIC,2018,5.4
HIC,2019,5.2
HIC,2020,5.2
HIC,2021,5.1
HIC,2022,5.1
HIC,2023,5.1
HIC,2024,5.1
HKG,2000,NA
HKG,2001,NA
HKG,2002,NA
HKG,2003,NA
HKG,2004,NA
HKG,2005,NA
HKG,2006,NA
HKG,2007,NA
HKG,2008,NA
HKG,2009,NA
HKG,2010,NA
HKG,2011,NA
HKG,2012,NA
HKG,2013,NA
HKG,2014,NA
HKG,2015,NA
HKG,2016,NA
HKG,2017,NA
HKG,2018,NA
HKG,2019,NA
HKG,2020,NA
HKG,2021,NA
HKG,2022,NA
HKG,2023,NA
HKG,2024,NA
HND,2000,37.3
HND,2001,35.6
HND,2002,34
HND,2003,32.5
HND,2004,31.1
HND,2005,29.8
HND,2006,28.6
HND,2007,27.4
HND,2008,26.4
HND,2009,25.4
HND,2010,24.4
HND,2011,23.5
HND,2012,22.7
HND,2013,21.9
HND,2014,21.1
HND,2015,20.3
HND,2016,19.6
HND,2017,18.9
HND,2018,18.2
HND,2019,17.7
HND,2020,17.1
HND,2021,16.5
HND,2022,16
HND,2023,15.5
HND,2024,15
HPC,2000,146.10009758398385
HPC,2001,142.31657960062864
HPC,2002,134.41531504783083
HPC,2003,128.47188832847147
HPC,2004,123.32611050905102
HPC,2005,114.69959373307339
HPC,2006,108.91803843795557
HPC,2007,104.10238345932127
HPC,2008,99.63788653097573
HPC,2009,98.28959692803987
HPC,2010,93.22127512682809
HPC,2011,93.13947622870495
HPC,2012,85.89566160083294
HPC,2013,82.23925329795458
HPC,2014,80.1013664951844
HPC,2015,77.22521961820136
HPC,2016,75.05315883558734
HPC,2017,74.09856055748236
HPC,2018,71.59729274545481
HPC,2019,70.65050608094583
HPC,2020,68.14630921266094
HPC,2021,69.78246676589578
HPC,2022,70.98108274821344
HPC,2023,64.77376087434389
HPC,2024,62.405365903484785
HRV,2000,8.3
HRV,2001,8
HRV,2002,7.7
HRV,2003,8.2
HRV,2004,7.1
HRV,2005,6.7
HRV,2006,6.4
HRV,2007,6.2
HRV,2008,5.9
HRV,2009,5.7
HRV,2010,5.5
HRV,2011,5.3
HRV,2012,5.2
HRV,2013,5.1
HRV,2014,5
HRV,2015,4.9
HRV,2016,4.9
HRV,2017,4.8
HRV,2018,4.8
HRV,2019,4.7
HRV,2020,4.7
HRV,2021,4.6
HRV,2022,4.6
HRV,2023,5.1
HRV,2024,5.6
HTI,2000,102.9
HTI,2001,99.4
HTI,2002,96.2
HTI,2003,93.3
HTI,2004,90.7
HTI,2005,88.4
HTI,2006,86.2
HTI,2007,84.1
HTI,2008,82.2
HTI,2009,80.2
HTI,2010,137.7
HTI,2011,76.5
HTI,2012,74.6
HTI,2013,72.8
HTI,2014,70.9
HTI,2015,69.1
HTI,2016,67.2
HTI,2017,65.3
HTI,2018,63.4
HTI,2019,61.5
HTI,2020,59.8
HTI,2021,58.1
HTI,2022,56.2
HTI,2023,54.4
HTI,2024,52.8
HUN,2000,10.1
HUN,2001,9.5
HUN,2002,9
HUN,2003,8.4
HUN,2004,8
HUN,2005,7.5
HUN,2006,7.2
HUN,2007,6.8
HUN,2008,6.5
HUN,2009,6.2
HUN,2010,6
HUN,2011,5.9
HUN,2012,5.7
HUN,2013,5.6
HUN,2014,5.3
HUN,2015,5.1
HUN,2016,4.7
HUN,2017,4.5
HUN,2018,4.3
HUN,2019,4.1
HUN,2020,4
HUN,2021,4
HUN,2022,3.9
HUN,2023,3.8
HUN,2024,3.7
IBD,2000,58.36144298128749
IBD,2001,56.16881582307127
IBD,2002,53.63253244528459
IBD,2003,51.05966496368074
IBD,2004,48.84626251795639
IBD,2005,45.922145775216926
IBD,2006,43.389900181036865
IBD,2007,40.93552704494896
IBD,2008,38.564199030649434
IBD,2009,36.42550853722236
IBD,2010,34.45130383424272
IBD,2011,32.66335780254763
IBD,2012,30.599501221355144
IBD,2013,29.16808334198305
IBD,2014,27.412386498986876
IBD,2015,26.341329089321942
IBD,2016,25.10898070819469
IBD,2017,23.85431881836804
IBD,2018,23.444295609954725
IBD,2019,22.584461564767725
IBD,2020,22.185062320320224
IBD,2021,21.592426716874147
IBD,2022,21.01935198978546
IBD,2023,20.450703771574716
IBD,2024,19.609173004943624
IBT,2000,83.25183396086359
IBT,2001,80.8212518784276
IBT,2002,77.38881600367401
IBT,2003,74.30420222873367
IBT,2004,71.53456257515711
IBT,2005,67.71555222118023
IBT,2006,64.68487520064726
IBT,2007,61.854877715754796
IBT,2008,59.37838548857072
IBT,2009,57.26650993365674
IBT,2010,54.874317527704875
IBT,2011,53.5375021107104
IBT,2012,50.401959151966366
IBT,2013,48.77989666917993
IBT,2014,47.435171086879954
IBT,2015,46.3869965708754
IBT,2016,45.016789792503225
IBT,2017,44.158302893160595
IBT,2018,43.37394828955537
IBT,2019,42.77944210086869
IBT,2020,42.49220832815634
IBT,2021,42.93827429317038
IBT,2022,43.183469802913905
IBT,2023,41.382706913427995
IBT,2024,40.262320509094685
IDA,2000,129.19928124914406
IDA,2001,125.22625441822643
IDA,2002,119.38429204613871
IDA,2003,114.64634600663871
IDA,2004,110.57317686638568
IDA,2005,104.62394389903302
IDA,2006,100.22172718919192
IDA,2007,96.34748172885621
IDA,2008,93.46322878803255
IDA,2009,91.13943775443461
IDA,2010,87.54883055335998
IDA,2011,86.61531185097577
IDA,2012,82.09846772695423
IDA,2013,79.35629073649496
IDA,2014,78.26965318744409
IDA,2015,76.49321959870039
IDA,2016,74.80222364146074
IDA,2017,73.68206948667435
IDA,2018,70.7073225986315
IDA,2019,69.40749685021491
IDA,2020,67.46481267831183
IDA,2021,68.00641122019557
IDA,2022,68.2791646728512
IDA,2023,64.49126847506388
IDA,2024,62.74941429761979
IDB,2000,132.63214337845497
IDB,2001,128.5237225143606
IDB,2002,124.42772712549686
IDB,2003,120.43249240923556
IDB,2004,116.71983411114891
IDB,2005,113.09667821984458
IDB,2006,109.50467285384288
IDB,2007,106.19518093675435
IDB,2008,102.98914699881061
IDB,2009,100.27445580716412
IDB,2010,97.7581338926115
IDB,2011,95.40710075799721
IDB,2012,93.06036661727481
IDB,2013,90.870695521886
IDB,2014,89.02002428105281
IDB,2015,87.34208379228882
IDB,2016,85.77067385233693
IDB,2017,84.3590132998074
IDB,2018,82.94170223384474
IDB,2019,81.79549064532996
IDB,2020,80.44581189678604
IDB,2021,79.43877394934546
IDB,2022,78.37941859536849
IDB,2023,77.19426535680782
IDB,2024,75.89185207234361
IDN,2000,51.4
IDN,2001,49
IDN,2002,46.7
IDN,2003,44.6
IDN,2004,48.6
IDN,2005,40.7
IDN,2006,38.9
IDN,2007,37.2
IDN,2008,35.6
IDN,2009,34.1
IDN,2010,32.6
IDN,2011,31.2
IDN,2012,29.9
IDN,2013,28.6
IDN,2014,27.3
IDN,2015,26.1
IDN,2016,25
IDN,2017,23.8
IDN,2018,22.8
IDN,2019,21.8
IDN,2020,20.8
IDN,2021,19.9
IDN,2022,19.1
IDN,2023,18.4
IDN,2024,17.7
IDX,2000,127.3271809273155
IDX,2001,123.42074423880796
IDX,2002,116.61594217135473
IDX,2003,111.46092678565498
IDX,2004,107.19758398310945
IDX,2005,99.93978457768293
IDX,2006,95.02776881160479
IDX,2007,90.76637076986832
IDX,2008,87.96679918279618
IDX,2009,85.80503105561439
IDX,2010,81.5360914415985
IDX,2011,81.42481113801074
IDX,2012,75.66437027255937
IDX,2013,72.63861363659062
IDX,2014,72.0297513904006
IDX,2015,70.27064077584689
IDX,2016,68.62892698148235
IDX,2017,67.74829702295838
IDX,2018,64.00906927988649
IDX,2019,62.72773143345134
IDX,2020,60.54730112702187
IDX,2021,61.920056322614464
IDX,2022,62.926757940315355
IDX,2023,57.78657526665872
IDX,2024,55.864906779955675
IMN,2000,NA
IMN,2001,NA
IMN,2002,NA
IMN,2003,NA
IMN,2004,NA
IMN,2005,NA
IMN,2006,NA
IMN,2007,NA
IMN,2008,NA
IMN,2009,NA
IMN,2010,NA
IMN,2011,NA
IMN,2012,NA
IMN,2013,NA
IMN,2014,NA
IMN,2015,NA
IMN,2016,NA
IMN,2017,NA
IMN,2018,NA
IMN,2019,NA
IMN,2020,NA
IMN,2021,NA
IMN,2022,NA
IMN,2023,NA
IMN,2024,NA
IND,2000,91.8
IND,2001,88.1
IND,2002,84.6
IND,2003,81.1
IND,2004,77.7
IND,2005,74.3
IND,2006,71
IND,2007,67.8
IND,2008,64.5
IND,2009,61.2
IND,2010,58.1
IND,2011,55
IND,2012,52
IND,2013,49.1
IND,2014,46.4
IND,2015,43.7
IND,2016,41.3
IND,2017,39
IND,2018,36.9
IND,2019,34.9
IND,2020,33
IND,2021,31.2
IND,2022,29.5
IND,2023,28
IND,2024,26.6
INX,2000,NA
INX,2001,NA
INX,2002,NA
INX,2003,NA
INX,2004,NA
INX,2005,NA
INX,2006,NA
INX,2007,NA
INX,2008,NA
INX,2009,NA
INX,2010,NA
INX,2011,NA
INX,2012,NA
INX,2013,NA
INX,2014,NA
INX,2015,NA
INX,2016,NA
INX,2017,NA
INX,2018,NA
INX,2019,NA
INX,2020,NA
INX,2021,NA
INX,2022,NA
INX,2023,NA
INX,2024,NA
IRL,2000,7.2
IRL,2001,6.9
IRL,2002,6.5
IRL,2003,6.1
IRL,2004,5.6
IRL,2005,5.2
IRL,2006,4.8
IRL,2007,4.6
IRL,2008,4.4
IRL,2009,4.3
IRL,2010,4.2
IRL,2011,4.1
IRL,2012,4
IRL,2013,3.9
IRL,2014,3.8
IRL,2015,3.7
IRL,2016,3.6
IRL,2017,3.5
IRL,2018,3.4
IRL,2019,3.4
IRL,2020,3.5
IRL,2021,3.6
IRL,2022,3.7
IRL,2023,3.8
IRL,2024,3.9
IRN,2000,36.4
IRN,2001,34.3
IRN,2002,32.3
IRN,2003,30.3
IRN,2004,28.3
IRN,2005,26.5
IRN,2006,24.7
IRN,2007,23.1
IRN,2008,21.7
IRN,2009,20.4
IRN,2010,19.3
IRN,2011,18.3
IRN,2012,17.5
IRN,2013,16.8
IRN,2014,16.1
IRN,2015,15.5
IRN,2016,14.9
IRN,2017,14.4
IRN,2018,13.9
IRN,2019,13.4
IRN,2020,13
IRN,2021,12.6
IRN,2022,12.1
IRN,2023,11.7
IRN,2024,11.3
IRQ,2000,44.3
IRQ,2001,43.4
IRQ,2002,42.5
IRQ,2003,41.6
IRQ,2004,40.7
IRQ,2005,39.7
IRQ,2006,38.8
IRQ,2007,37.7
IRQ,2008,36.7
IRQ,2009,35.6
IRQ,2010,34.5
IRQ,2011,33.4
IRQ,2012,32.4
IRQ,2013,31.3
IRQ,2014,30.3
IRQ,2015,29.3
IRQ,2016,28.4
IRQ,2017,27.5
IRQ,2018,26.5
IRQ,2019,25.7
IRQ,2020,24.9
IRQ,2021,24
IRQ,2022,23.3
IRQ,2023,22.5
IRQ,2024,21.8
ISL,2000,3.9
ISL,2001,3.7
ISL,2002,3.5
ISL,2003,3.3
ISL,2004,3.2
ISL,2005,3.1
ISL,2006,2.9
ISL,2007,2.8
ISL,2008,2.8
ISL,2009,2.7
ISL,2010,2.7
ISL,2011,2.6
ISL,2012,2.6
ISL,2013,2.6
ISL,2014,2.6
ISL,2015,2.6
ISL,2016,2.6
ISL,2017,2.7
ISL,2018,2.7
ISL,2019,2.8
ISL,2020,2.8
ISL,2021,2.9
ISL,2022,2.9
ISL,2023,2.9
ISL,2024,2.8
ISR,2000,6.9
ISR,2001,6.6
ISR,2002,6.4
ISR,2003,6.1
ISR,2004,5.8
ISR,2005,5.6
ISR,2006,5.3
ISR,2007,5.1
ISR,2008,4.9
ISR,2009,4.7
ISR,2010,4.6
ISR,2011,4.4
ISR,2012,4.3
ISR,2013,4.1
ISR,2014,4
ISR,2015,3.9
ISR,2016,3.8
ISR,2017,3.7
ISR,2018,3.7
ISR,2019,3.6
ISR,2020,3.5
ISR,2021,3.5
ISR,2022,3.4
ISR,2023,3.4
ISR,2024,3.3
ITA,2000,5.6
ITA,2001,5.3
ITA,2002,5.1
ITA,2003,4.8
ITA,2004,4.6
ITA,2005,4.5
ITA,2006,4.3
ITA,2007,4.2
ITA,2008,4.1
ITA,2009,4.1
ITA,2010,4
ITA,2011,3.9
ITA,2012,3.8
ITA,2013,3.7
ITA,2014,3.6
ITA,2015,3.5
ITA,2016,3.4
ITA,2017,3.3
ITA,2018,3.2
ITA,2019,3.1
ITA,2020,3
ITA,2021,2.9
ITA,2022,2.8
ITA,2023,2.8
ITA,2024,2.7
JAM,2000,20.5
JAM,2001,20
JAM,2002,19.6
JAM,2003,19.3
JAM,2004,19.1
JAM,2005,19.1
JAM,2006,19.1
JAM,2007,19.1
JAM,2008,19.1
JAM,2009,19.1
JAM,2010,19
JAM,2011,19
JAM,2012,18.9
JAM,2013,18.9
JAM,2014,18.8
JAM,2015,18.7
JAM,2016,18.7
JAM,2017,18.7
JAM,2018,18.7
JAM,2019,18.8
JAM,2020,18.7
JAM,2021,18.6
JAM,2022,18.4
JAM,2023,18.1
JAM,2024,17.8
JOR,2000,25.8
JOR,2001,25
JOR,2002,24.2
JOR,2003,23.5
JOR,2004,22.7
JOR,2005,22
JOR,2006,21.3
JOR,2007,20.7
JOR,2008,20.1
JOR,2009,19.5
JOR,2010,18.9
JOR,2011,18.4
JOR,2012,17.9
JOR,2013,17.4
JOR,2014,17
JOR,2015,16.5
JOR,2016,16.1
JOR,2017,15.7
JOR,2018,15.3
JOR,2019,14.9
JOR,2020,14.5
JOR,2021,14.1
JOR,2022,13.7
JOR,2023,13.3
JOR,2024,12.9
JPN,2000,4.5
JPN,2001,4.3
JPN,2002,4.1
JPN,2003,4
JPN,2004,3.9
JPN,2005,3.7
JPN,2006,3.6
JPN,2007,3.5
JPN,2008,3.4
JPN,2009,3.4
JPN,2010,3.3
JPN,2011,3.3
JPN,2012,3.1
JPN,2013,3
JPN,2014,2.9
JPN,2015,2.8
JPN,2016,2.7
JPN,2017,2.6
JPN,2018,2.5
JPN,2019,2.5
JPN,2020,2.4
JPN,2021,2.4
JPN,2022,2.4
JPN,2023,2.4
JPN,2024,2.4
KAZ,2000,42.1
KAZ,2001,39.6
KAZ,2002,37.2
KAZ,2003,35.1
KAZ,2004,33
KAZ,2005,31
KAZ,2006,28.9
KAZ,2007,26.8
KAZ,2008,24.7
KAZ,2009,22.5
KAZ,2010,20.4
KAZ,2011,18.3
KAZ,2012,16.3
KAZ,2013,14.5
KAZ,2014,13
KAZ,2015,11.9
KAZ,2016,11
KAZ,2017,10.5
KAZ,2018,10.3
KAZ,2019,10.2
KAZ,2020,10.1
KAZ,2021,10
KAZ,2022,9.8
KAZ,2023,9.6
KAZ,2024,9.4
KEN,2000,95.2
KEN,2001,90.5
KEN,2002,85.6
KEN,2003,80.8
KEN,2004,76.1
KEN,2005,71.2
KEN,2006,66.8
KEN,2007,62.9
KEN,2008,58
KEN,2009,55.2
KEN,2010,53.1
KEN,2011,51.7
KEN,2012,50.7
KEN,2013,49.4
KEN,2014,48.3
KEN,2015,46.8
KEN,2016,45.5
KEN,2017,44.7
KEN,2018,43.7
KEN,2019,42.7
KEN,2020,42.1
KEN,2021,41.3
KEN,2022,40.5
KEN,2023,39.6
KEN,2024,38.8
KGZ,2000,50.8
KGZ,2001,48.1
KGZ,2002,45.5
KGZ,2003,43
KGZ,2004,40.9
KGZ,2005,39.2
KGZ,2006,37.6
KGZ,2007,35.9
KGZ,2008,33.8
KGZ,2009,31.6
KGZ,2010,29.5
KGZ,2011,27.6
KGZ,2012,26
KGZ,2013,24.7
KGZ,2014,23.5
KGZ,2015,22.3
KGZ,2016,21.1
KGZ,2017,20
KGZ,2018,19
KGZ,2019,18.3
KGZ,2020,17.8
KGZ,2021,17.5
KGZ,2022,17.3
KGZ,2023,17
KGZ,2024,16.8
KHM,2000,105.2
KHM,2001,96
KHM,2002,86.2
KHM,2003,77.5
KHM,2004,70.4
KHM,2005,64.4
KHM,2006,59.3
KHM,2007,54.9
KHM,2008,50.8
KHM,2009,47
KHM,2010,43.5
KHM,2011,40.3
KHM,2012,37.2
KHM,2013,34.5
KHM,2014,32
KHM,2015,29.6
KHM,2016,27.5
KHM,2017,25.6
KHM,2018,24.1
KHM,2019,22.8
KHM,2020,21.8
KHM,2021,20.8
KHM,2022,19.9
KHM,2023,19.1
KHM,2024,18.4
KIR,2000,65.8
KIR,2001,64.1
KIR,2002,62.5
KIR,2003,61.4
KIR,2004,60.7
KIR,2005,60.1
KIR,2006,59.7
KIR,2007,59.2
KIR,2008,58.7
KIR,2009,58.2
KIR,2010,57.7
KIR,2011,57.5
KIR,2012,57.4
KIR,2013,57.7
KIR,2014,58
KIR,2015,58.6
KIR,2016,59.1
KIR,2017,59.6
KIR,2018,59.6
KIR,2019,59.1
KIR,2020,58.3
KIR,2021,57.2
KIR,2022,55.9
KIR,2023,54.5
KIR,2024,53.1
KNA,2000,23.9
KNA,2001,22.9
KNA,2002,22
KNA,2003,21.1
KNA,2004,20.3
KNA,2005,19.7
KNA,2006,19.2
KNA,2007,18.9
KNA,2008,18.8
KNA,2009,18.7
KNA,2010,18.8
KNA,2011,18.9
KNA,2012,19.1
KNA,2013,19.3
KNA,2014,19.4
KNA,2015,19.4
KNA,2016,19.3
KNA,2017,19
KNA,2018,18.6
KNA,2019,18.2
KNA,2020,17.8
KNA,2021,17.3
KNA,2022,16.8
KNA,2023,16.4
KNA,2024,15.9
KOR,2000,7.6
KOR,2001,7.2
KOR,2002,6.8
KOR,2003,6.4
KOR,2004,6
KOR,2005,5.6
KOR,2006,5.2
KOR,2007,4.8
KOR,2008,4.5
KOR,2009,4.3
KOR,2010,4.1
KOR,2011,4
KOR,2012,3.8
KOR,2013,3.7
KOR,2014,3.6
KOR,2015,3.5
KOR,2016,3.4
KOR,2017,3.3
KOR,2018,3.2
KOR,2019,3.1
KOR,2020,3.1
KOR,2021,3
KOR,2022,2.9
KOR,2023,2.9
KOR,2024,2.8
KWT,2000,12.7
KWT,2001,12.5
KWT,2002,12.3
KWT,2003,12.2
KWT,2004,12
KWT,2005,11.8
KWT,2006,11.6
KWT,2007,11.4
KWT,2008,11.2
KWT,2009,11
KWT,2010,10.7
KWT,2011,10.3
KWT,2012,10
KWT,2013,9.6
KWT,2014,9.3
KWT,2015,9.1
KWT,2016,9
KWT,2017,8.9
KWT,2018,8.9
KWT,2019,8.9
KWT,2020,8.8
KWT,2021,8.7
KWT,2022,8.6
KWT,2023,8.4
KWT,2024,8.1
LAC,2000,34.10930803502727
LAC,2001,32.36303250312343
LAC,2002,30.711026965259748
LAC,2003,29.25451936963653
LAC,2004,27.895945693262547
LAC,2005,26.614027267164435
LAC,2006,25.484512145968733
LAC,2007,24.4539590784842
LAC,2008,23.4490298281481
LAC,2009,22.59599334844208
LAC,2010,23.426929399787362
LAC,2011,21.018751432260938
LAC,2012,20.32572704995126
LAC,2013,19.68095539112697
LAC,2014,19.10072439936138
LAC,2015,18.612384497229968
LAC,2016,18.539694556252897
LAC,2017,17.726694264104474
LAC,2018,17.298162691444972
LAC,2019,16.925369472175003
LAC,2020,16.630354387981523
LAC,2021,16.235344929052282
LAC,2022,15.904280128532248
LAC,2023,15.508500805355409
LAC,2024,15.119861685786
LAO,2000,100.1
LAO,2001,95.6
LAO,2002,91.1
LAO,2003,86.6
LAO,2004,82.1
LAO,2005,77.7
LAO,2006,73.5
LAO,2007,69.5
LAO,2008,65.5
LAO,2009,61.8
LAO,2010,58.4
LAO,2011,55.1
LAO,2012,52.1
LAO,2013,49.4
LAO,2014,46.8
LAO,2015,44.4
LAO,2016,42.2
LAO,2017,40.2
LAO,2018,38.3
LAO,2019,36.5
LAO,2020,34.8
LAO,2021,33.2
LAO,2022,31.8
LAO,2023,30.5
LAO,2024,29.4
LBN,2000,20
LBN,2001,18.9
LBN,2002,18
LBN,2003,17
LBN,2004,16.1
LBN,2005,15.3
LBN,2006,14.6
LBN,2007,14.1
LBN,2008,13.6
LBN,2009,13.2
LBN,2010,13
LBN,2011,12.8
LBN,2012,12.7
LBN,2013,12.7
LBN,2014,12.8
LBN,2015,12.9
LBN,2016,13.2
LBN,2017,13.5
LBN,2018,14
LBN,2019,14.5
LBN,2020,15.1
LBN,2021,15.7
LBN,2022,16.3
LBN,2023,17
LBN,2024,17.6
LBR,2000,194.9
LBR,2001,181.7
LBR,2002,168.6
LBR,2003,156.2
LBR,2004,144.8
LBR,2005,134.9
LBR,2006,126.5
LBR,2007,119.6
LBR,2008,114
LBR,2009,109.5
LBR,2010,105.7
LBR,2011,102.4
LBR,2012,99.5
LBR,2013,97
LBR,2014,97
LBR,2015,93.2
LBR,2016,91.5
LBR,2017,90.3
LBR,2018,89.4
LBR,2019,88.7
LBR,2020,88.3
LBR,2021,88
LBR,2022,87.8
LBR,2023,87.3
LBR,2024,86.4
LBY,2000,28.1
LBY,2001,27.3
LBY,2002,26.5
LBY,2003,25.5
LBY,2004,24.4
LBY,2005,23.1
LBY,2006,21.7
LBY,2007,20.2
LBY,2008,18.8
LBY,2009,17.6
LBY,2010,16.6
LBY,2011,19.6
LBY,2012,15
LBY,2013,14.4
LBY,2014,13.8
LBY,2015,13.3
LBY,2016,12.8
LBY,2017,12.4
LBY,2018,11.9
LBY,2019,11.6
LBY,2020,11.2
LBY,2021,10.8
LBY,2022,10.4
LBY,2023,31.7
LBY,2024,9.8
LCA,2000,18.5
LCA,2001,18.4
LCA,2002,18.4
LCA,2003,18.4
LCA,2004,18.5
LCA,2005,18.5
LCA,2006,18.6
LCA,2007,18.6
LCA,2008,18.7
LCA,2009,18.8
LCA,2010,18.8
LCA,2011,18.8
LCA,2012,18.8
LCA,2013,18.8
LCA,2014,18.8
LCA,2015,18.7
LCA,2016,18.6
LCA,2017,18.5
LCA,2018,18.4
LCA,2019,18.2
LCA,2020,18.1
LCA,2021,17.9
LCA,2022,17.7
LCA,2023,17.5
LCA,2024,17.2
LCN,2000,32.7
LCN,2001,31
LCN,2002,29.5
LCN,2003,28.1
LCN,2004,26.8
LCN,2005,25.6
LCN,2006,24.6
LCN,2007,23.6
LCN,2008,22.7
LCN,2009,21.8
LCN,2010,22.7
LCN,2011,20.4
LCN,2012,19.8
LCN,2013,19.2
LCN,2014,18.7
LCN,2015,18.3
LCN,2016,18.5
LCN,2017,17.8
LCN,2018,17.4
LCN,2019,17
LCN,2020,16.7
LCN,2021,16.4
LCN,2022,16
LCN,2023,15.7
LCN,2024,15.4
LDC,2000,135.4517908039087
LDC,2001,131.32841545956748
LDC,2002,124.03828013283758
LDC,2003,118.42024503038557
LDC,2004,113.52081394987046
LDC,2005,105.83981686482194
LDC,2006,100.45763576768637
LDC,2007,95.87326178720897
LDC,2008,92.82472760957337
LDC,2009,90.199391714479
LDC,2010,85.68996883748129
LDC,2011,85.40563066054305
LDC,2012,78.96831076301274
LDC,2013,75.60251931828238
LDC,2014,74.80258372902094
LDC,2015,72.81001259482551
LDC,2016,71.054277919873
LDC,2017,70.07961566524496
LDC,2018,66.20884322187345
LDC,2019,64.98948420464593
LDC,2020,62.76095754919694
LDC,2021,64.19446502549056
LDC,2022,65.20738999565339
LDC,2023,59.91423566958171
LDC,2024,57.96367186379219
LIC,2000,150
LIC,2001,147.4
LIC,2002,138.7
LIC,2003,131.5
LIC,2004,126.9
LIC,2005,116.7
LIC,2006,110.8
LIC,2007,105.8
LIC,2008,101.1
LIC,2009,102.3
LIC,2010,94.8
LIC,2011,98.5
LIC,2012,88.9
LIC,2013,85.4
LIC,2014,86.2
LIC,2015,84.9
LIC,2016,83.6
LIC,2017,83.5
LIC,2018,77.9
LIC,2019,76.9
LIC,2020,73.9
LIC,2021,73.3
LIC,2022,76.7
LIC,2023,70.5
LIC,2024,68.8
LIE,2000,NA
LIE,2001,NA
LIE,2002,NA
LIE,2003,NA
LIE,2004,NA
LIE,2005,NA
LIE,2006,NA
LIE,2007,NA
LIE,2008,NA
LIE,2009,NA
LIE,2010,NA
LIE,2011,NA
LIE,2012,NA
LIE,2013,NA
LIE,2014,NA
LIE,2015,NA
LIE,2016,NA
LIE,2017,NA
LIE,2018,NA
LIE,2019,NA
LIE,2020,NA
LIE,2021,NA
LIE,2022,NA
LIE,2023,NA
LIE,2024,NA
LKA,2000,16.3
LKA,2001,15.8
LKA,2002,15.5
LKA,2003,15.2
LKA,2004,29
LKA,2005,14
LKA,2006,13.3
LKA,2007,12.6
LKA,2008,12
LKA,2009,21.5
LKA,2010,11.2
LKA,2011,10.8
LKA,2012,10.3
LKA,2013,9.8
LKA,2014,9.2
LKA,2015,8.7
LKA,2016,8.3
LKA,2017,7.9
LKA,2018,7.6
LKA,2019,7.2
LKA,2020,6.9
LKA,2021,6.6
LKA,2022,6.3
LKA,2023,6.1
LKA,2024,5.9
LMC,2000,97.8
LMC,2001,94.1
LMC,2002,90.4
LMC,2003,86.8
LMC,2004,83.5
LMC,2005,80.2
LMC,2006,77.2
LMC,2007,74.2
LMC,2008,71.9
LMC,2009,68.7
LMC,2010,66.4
LMC,2011,63.7
LMC,2012,61.3
LMC,2013,59.1
LMC,2014,57.1
LMC,2015,55.3
LMC,2016,53.5
LMC,2017,52
LMC,2018,50.6
LMC,2019,49.3
LMC,2020,48.1
LMC,2021,47
LMC,2022,46
LMC,2023,44.9
LMC,2024,43.8
LMY,2000,83.38568736832983
LMY,2001,81.0114760953915
LMY,2002,77.6075518007386
LMY,2003,74.39225446888771
LMY,2004,71.68247305568836
LMY,2005,67.84899436423233
LMY,2006,64.86170717544213
LMY,2007,62.113975160244095
LMY,2008,59.713464977851736
LMY,2009,57.65089390302793
LMY,2010,55.25459124391359
LMY,2011,53.93900977239876
LMY,2012,50.77540666699152
LMY,2013,49.15615923022758
LMY,2014,47.841426387416234
LMY,2015,46.81502179559281
LMY,2016,45.420857808318765
LMY,2017,44.5413837946826
LMY,2018,43.759083667015126
LMY,2019,43.146615328295354
LMY,2020,42.89081944719544
LMY,2021,42.67856781348238
LMY,2022,42.97366374932747
LMY,2023,41.68393512290319
LMY,2024,40.73083582896477
LSO,2000,108.3
LSO,2001,110.3
LSO,2002,112.1
LSO,2003,113.2
LSO,2004,113.9
LSO,2005,114.6
LSO,2006,114.7
LSO,2007,111.9
LSO,2008,111.6
LSO,2009,99.1
LSO,2010,90.9
LSO,2011,85.2
LSO,2012,81.4
LSO,2013,79.3
LSO,2014,77.6
LSO,2015,75.1
LSO,2016,71.4
LSO,2017,70.1
LSO,2018,68.8
LSO,2019,68.1
LSO,2020,66.3
LSO,2021,64
LSO,2022,62
LSO,2023,61.3
LSO,2024,60
LTE,2000,34.01439211843614
LTE,2001,31.82915936374843
LTE,2002,29.624624669632805
LTE,2003,26.727513387691403
LTE,2004,25.026233077609103
LTE,2005,23.066640618367703
LTE,2006,21.423063755531842
LTE,2007,19.941020590709467
LTE,2008,18.59118427146017
LTE,2009,17.537759125726076
LTE,2010,16.31953495320029
LTE,2011,15.437095089291917
LTE,2012,14.492022260525749
LTE,2013,13.71656017765717
LTE,2014,12.963930913128008
LTE,2015,12.286319981792456
LTE,2016,11.70397376339737
LTE,2017,11.014489927828052
LTE,2018,10.622397482105045
LTE,2019,10.209210734268995
LTE,2020,10.046273119554368
LTE,2021,9.799890820067873
LTE,2022,9.626949585910452
LTE,2023,9.324576789816662
LTE,2024,8.98518770267021
LTU,2000,10.7
LTU,2001,10.3
LTU,2002,9.9
LTU,2003,9.6
LTU,2004,9.3
LTU,2005,9
LTU,2006,8.6
LTU,2007,8
LTU,2008,7.3
LTU,2009,6.7
LTU,2010,6.1
LTU,2011,5.6
LTU,2012,5.3
LTU,2013,5.1
LTU,2014,5.1
LTU,2015,5
LTU,2016,4.8
LTU,2017,4.5
LTU,2018,4.2
LTU,2019,3.9
LTU,2020,3.7
LTU,2021,3.6
LTU,2022,3.5
LTU,2023,3.4
LTU,2024,3.4
LUX,2000,4.7
LUX,2001,4.4
LUX,2002,4.2
LUX,2003,3.9
LUX,2004,3.7
LUX,2005,3.5
LUX,2006,3.3
LUX,2007,3.1
LUX,2008,3
LUX,2009,2.9
LUX,2010,2.8
LUX,2011,2.7
LUX,2012,2.7
LUX,2013,2.6
LUX,2014,2.6
LUX,2015,2.5
LUX,2016,2.5
LUX,2017,2.5
LUX,2018,2.4
LUX,2019,2.4
LUX,2020,2.4
LUX,2021,2.3
LUX,2022,2.3
LUX,2023,2.2
LUX,2024,2.2
LVA,2000,14.3
LVA,2001,13.4
LVA,2002,12.6
LVA,2003,11.9
LVA,2004,11.1
LVA,2005,10.5
LVA,2006,9.9
LVA,2007,9.3
LVA,2008,8.8
LVA,2009,8.3
LVA,2010,7.7
LVA,2011,7.2
LVA,2012,6.6
LVA,2013,6.1
LVA,2014,5.6
LVA,2015,5.1
LVA,2016,4.8
LVA,2017,4.5
LVA,2018,4.2
LVA,2019,3.9
LVA,2020,3.6
LVA,2021,3.3
LVA,2022,3
LVA,2023,2.8
LVA,2024,2.5
MAC,2000,NA
MAC,2001,NA
MAC,2002,NA
MAC,2003,NA
MAC,2004,NA
MAC,2005,NA
MAC,2006,NA
MAC,2007,NA
MAC,2008,NA
MAC,2009,NA
MAC,2010,NA
MAC,2011,NA
MAC,2012,NA
MAC,2013,NA
MAC,2014,NA
MAC,2015,NA
MAC,2016,NA
MAC,2017,NA
MAC,2018,NA
MAC,2019,NA
MAC,2020,NA
MAC,2021,NA
MAC,2022,NA
MAC,2023,NA
MAC,2024,NA
MAF,2000,NA
MAF,2001,NA
MAF,2002,NA
MAF,2003,NA
MAF,2004,NA
MAF,2005,NA
MAF,2006,NA
MAF,2007,NA
MAF,2008,NA
MAF,2009,NA
MAF,2010,NA
MAF,2011,NA
MAF,2012,NA
MAF,2013,NA
MAF,2014,NA
MAF,2015,NA
MAF,2016,NA
MAF,2017,NA
MAF,2018,NA
MAF,2019,NA
MAF,2020,NA
MAF,2021,NA
MAF,2022,NA
MAF,2023,NA
MAF,2024,NA
MAR,2000,52.4
MAR,2001,50.2
MAR,2002,48
MAR,2003,45.8
MAR,2004,43.6
MAR,2005,41.4
MAR,2006,39.2
MAR,2007,36.9
MAR,2008,34.8
MAR,2009,32.8
MAR,2010,30.9
MAR,2011,29.2
MAR,2012,27.5
MAR,2013,26
MAR,2014,24.5
MAR,2015,23.1
MAR,2016,21.9
MAR,2017,20.8
MAR,2018,19.9
MAR,2019,19.1
MAR,2020,18.3
MAR,2021,17.6
MAR,2022,17
MAR,2023,16.3
MAR,2024,15.7
MCO,2000,5.2
MCO,2001,5
MCO,2002,4.8
MCO,2003,4.7
MCO,2004,4.6
MCO,2005,4.5
MCO,2006,4.4
MCO,2007,4.3
MCO,2008,4.2
MCO,2009,4.1
MCO,2010,4
MCO,2011,3.9
MCO,2012,3.8
MCO,2013,3.7
MCO,2014,3.6
MCO,2015,3.5
MCO,2016,3.4
MCO,2017,3.3
MCO,2018,3.2
MCO,2019,3.1
MCO,2020,3
MCO,2021,2.9
MCO,2022,2.8
MCO,2023,2.7
MCO,2024,2.7
MDA,2000,31.4
MDA,2001,28.5
MDA,2002,25.8
MDA,2003,23.4
MDA,2004,21.5
MDA,2005,20.1
MDA,2006,19
MDA,2007,18.2
MDA,2008,17.7
MDA,2009,17.2
MDA,2010,16.8
MDA,2011,16.5
MDA,2012,16.2
MDA,2013,16
MDA,2014,15.8
MDA,2015,15.6
MDA,2016,15.5
MDA,2017,15.4
MDA,2018,15.4
MDA,2019,15.5
MDA,2020,15.6
MDA,2021,15.8
MDA,2022,16
MDA,2023,16.2
MDA,2024,16.5
MDG,2000,104.4
MDG,2001,99.8
MDG,2002,95.6
MDG,2003,91.6
MDG,2004,87.8
MDG,2005,84.1
MDG,2006,80.8
MDG,2007,77.6
MDG,2008,74.8
MDG,2009,72.4
MDG,2010,70.3
MDG,2011,68.6
MDG,2012,67.3
MDG,2013,66.4
MDG,2014,65.7
MDG,2015,65.3
MDG,2016,64.9
MDG,2017,64.9
MDG,2018,64.9
MDG,2019,65
MDG,2020,65.1
MDG,2021,65
MDG,2022,64.5
MDG,2023,63.6
MDG,2024,62.4
MDV,2000,39.5
MDV,2001,35.1
MDV,2002,31.1
MDV,2003,27.4
MDV,2004,27.2
MDV,2005,21.6
MDV,2006,19.4
MDV,2007,17.6
MDV,2008,16.1
MDV,2009,14.9
MDV,2010,13.8
MDV,2011,12.9
MDV,2012,12.1
MDV,2013,11.3
MDV,2014,10.6
MDV,2015,9.9
MDV,2016,9.2
MDV,2017,8.6
MDV,2018,8
MDV,2019,7.4
MDV,2020,6.9
MDV,2021,6.4
MDV,2022,6
MDV,2023,5.7
MDV,2024,5.4
MEA,2000,75
MEA,2001,72.4
MEA,2002,69.9
MEA,2003,67.7
MEA,2004,65.4
MEA,2005,63.2
MEA,2006,61.3
MEA,2007,59.4
MEA,2008,57.6
MEA,2009,55.9
MEA,2010,54.2
MEA,2011,52.5
MEA,2012,51.1
MEA,2013,49.4
MEA,2014,47.6
MEA,2015,46.2
MEA,2016,44.6
MEA,2017,43.5
MEA,2018,42.7
MEA,2019,41.9
MEA,2020,40.8
MEA,2021,39.8
MEA,2022,38.7
MEA,2023,37.8
MEA,2024,36.4
MEX,2000,27.4
MEX,2001,26.2
MEX,2002,25
MEX,2003,23.9
MEX,2004,23
MEX,2005,22.1
MEX,2006,21.3
MEX,2007,20.7
MEX,2008,20
MEX,2009,19.5
MEX,2010,18.9
MEX,2011,18.4
MEX,2012,17.9
MEX,2013,17.5
MEX,2014,17
MEX,2015,16.6
MEX,2016,16.2
MEX,2017,15.8
MEX,2018,15.4
MEX,2019,15
MEX,2020,14.6
MEX,2021,14.2
MEX,2022,13.8
MEX,2023,13.4
MEX,2024,13.1
MHL,2000,42.7
MHL,2001,42.7
MHL,2002,42.5
MHL,2003,42.2
MHL,2004,41.8
MHL,2005,41.3
MHL,2006,40.9
MHL,2007,40.4
MHL,2008,40
MHL,2009,39.5
MHL,2010,39
MHL,2011,38.4
MHL,2012,37.8
MHL,2013,37
MHL,2014,36.1
MHL,2015,35.2
MHL,2016,34.2
MHL,2017,33.2
MHL,2018,32.2
MHL,2019,31.2
MHL,2020,30.3
MHL,2021,29.4
MHL,2022,28.5
MHL,2023,27.6
MHL,2024,26.7
MIC,2000,74.59872492131092
MIC,2001,72.0649704249996
MIC,2002,69.20145852756069
MIC,2003,66.3635807828835
MIC,2004,63.776246017823766
MIC,2005,60.692325732494126
MIC,2006,58.02945091764797
MIC,2007,55.50684868612837
MIC,2008,53.36745479629169
MIC,2009,50.852983776328394
MIC,2010,48.974356687611305
MIC,2011,46.90826445559094
MIC,2012,44.60785918140628
MIC,2013,43.16082965737725
MIC,2014,41.42595843721851
MIC,2015,40.32139415293389
MIC,2016,38.83858797427333
MIC,2017,37.635451044786336
MIC,2018,37.361080877311124
MIC,2019,36.60445984554965
MIC,2020,36.49455400072277
MIC,2021,36.128431696668365
MIC,2022,35.66983170741501
MIC,2023,35.1557275458505
MIC,2024,34.25055819451146
MKD,2000,16
MKD,2001,15.1
MKD,2002,14.5
MKD,2003,14.2
MKD,2004,14
MKD,2005,13.7
MKD,2006,13.1
MKD,2007,12.3
MKD,2008,11.5
MKD,2009,10.8
MKD,2010,10.4
MKD,2011,10.2
MKD,2012,10.4
MKD,2013,10.7
MKD,2014,11.1
MKD,2015,11.1
MKD,2016,10.6
MKD,2017,9.6
MKD,2018,8.4
MKD,2019,7.1
MKD,2020,6
MKD,2021,5.1
MKD,2022,4.2
MKD,2023,3.4
MKD,2024,2.8
MLI,2000,189.9
MLI,2001,183.9
MLI,2002,177.7
MLI,2003,171.7
MLI,2004,165.8
MLI,2005,160.1
MLI,2006,154.6
MLI,2007,149.2
MLI,2008,144
MLI,2009,138.9
MLI,2010,133.8
MLI,2011,128.8
MLI,2012,123.9
MLI,2013,119.1
MLI,2014,114.4
MLI,2015,109.7
MLI,2016,105.1
MLI,2017,100.6
MLI,2018,96.2
MLI,2019,91.9
MLI,2020,87.6
MLI,2021,83.6
MLI,2022,79.7
MLI,2023,76.2
MLI,2024,73
MLT,2000,7.6
MLT,2001,7.4
MLT,2002,7.2
MLT,2003,7.1
MLT,2004,7
MLT,2005,6.9
MLT,2006,6.9
MLT,2007,6.9
MLT,2008,6.9
MLT,2009,6.9
MLT,2010,6.9
MLT,2011,6.8
MLT,2012,6.8
MLT,2013,6.7
MLT,2014,6.7
MLT,2015,6.6
MLT,2016,6.5
MLT,2017,6.4
MLT,2018,6.3
MLT,2019,6.1
MLT,2020,6
MLT,2021,5.8
MLT,2022,5.6
MLT,2023,5.5
MLT,2024,5.3
MMR,2000,88.9
MMR,2001,86.5
MMR,2002,84.1
MMR,2003,81.6
MMR,2004,79.1
MMR,2005,76.3
MMR,2006,73.6
MMR,2007,70.8
MMR,2008,101.7
MMR,2009,65.1
MMR,2010,62.4
MMR,2011,59.7
MMR,2012,57
MMR,2013,54.6
MMR,2014,52.4
MMR,2015,50.5
MMR,2016,48.7
MMR,2017,46.8
MMR,2018,45.2
MMR,2019,43.6
MMR,2020,42.1
MMR,2021,40.8
MMR,2022,39.5
MMR,2023,38.1
MMR,2024,36.9
MNA,2000,78.15406054819084
MNA,2001,75.37209380750774
MNA,2002,72.84266092260766
MNA,2003,70.54687436339331
MNA,2004,68.04435571080931
MNA,2005,65.78285284208636
MNA,2006,63.88289832141639
MNA,2007,61.85594917439714
MNA,2008,60.06053908600584
MNA,2009,58.3663299864853
MNA,2010,56.60600446996196
MNA,2011,54.84218870916854
MNA,2012,53.364958552870945
MNA,2013,51.57083951262525
MNA,2014,49.81620568781129
MNA,2015,48.36951618099068
MNA,2016,46.84927279698886
MNA,2017,45.77089917528069
MNA,2018,45.031107386159526
MNA,2019,43.9889081854891
MNA,2020,42.729427175982224
MNA,2021,41.712288012450685
MNA,2022,40.52609630288763
MNA,2023,39.65097292528874
MNA,2024,38.22020778068336
MNE,2000,14.2
MNE,2001,13.7
MNE,2002,13
MNE,2003,12.2
MNE,2004,11.4
MNE,2005,10.6
MNE,2006,9.7
MNE,2007,8.9
MNE,2008,8.1
MNE,2009,7.4
MNE,2010,6.7
MNE,2011,6.1
MNE,2012,5.5
MNE,2013,5
MNE,2014,4.6
MNE,2015,4.2
MNE,2016,3.9
MNE,2017,3.6
MNE,2018,3.3
MNE,2019,3.1
MNE,2020,2.9
MNE,2021,2.8
MNE,2022,2.6
MNE,2023,2.5
MNE,2024,2.4
MNG,2000,62.5
MNG,2001,57.7
MNG,2002,52.9
MNG,2003,48.5
MNG,2004,44.3
MNG,2005,40.5
MNG,2006,37
MNG,2007,33.8
MNG,2008,31
MNG,2009,28.5
MNG,2010,26.3
MNG,2011,24.4
MNG,2012,22.8
MNG,2013,21.5
MNG,2014,20.4
MNG,2015,19.4
MNG,2016,18.4
MNG,2017,17.4
MNG,2018,16.4
MNG,2019,15.6
MNG,2020,14.8
MNG,2021,14.3
MNG,2022,13.9
MNG,2023,13.6
MNG,2024,13.4
MNP,2000,NA
MNP,2001,NA
MNP,2002,NA
MNP,2003,NA
MNP,2004,NA
MNP,2005,NA
MNP,2006,NA
MNP,2007,NA
MNP,2008,NA
MNP,2009,NA
MNP,2010,NA
MNP,2011,NA
MNP,2012,NA
MNP,2013,NA
MNP,2014,NA
MNP,2015,NA
MNP,2016,NA
MNP,2017,NA
MNP,2018,NA
MNP,2019,NA
MNP,2020,NA
MNP,2021,NA
MNP,2022,NA
MNP,2023,NA
MNP,2024,NA
MOZ,2000,164.6
MOZ,2001,155.7
MOZ,2002,147.5
MOZ,2003,139.8
MOZ,2004,132.5
MOZ,2005,125.7
MOZ,2006,118.8
MOZ,2007,110.7
MOZ,2008,104.4
MOZ,2009,98.3
MOZ,2010,95.6
MOZ,2011,91.1
MOZ,2012,86.5
MOZ,2013,82.9
MOZ,2014,79.7
MOZ,2015,75.8
MOZ,2016,73.3
MOZ,2017,72
MOZ,2018,70.2
MOZ,2019,68.6
MOZ,2020,67.6
MOZ,2021,65.5
MOZ,2022,63.9
MOZ,2023,61.7
MOZ,2024,59.4
MRT,2000,98
MRT,2001,93.4
MRT,2002,88.2
MRT,2003,82.8
MRT,2004,77.5
MRT,2005,72.5
MRT,2006,68.1
MRT,2007,64.3
MRT,2008,61.3
MRT,2009,58.8
MRT,2010,56.8
MRT,2011,55.1
MRT,2012,53.5
MRT,2013,52.1
MRT,2014,50.6
MRT,2015,49.1
MRT,2016,47.7
MRT,2017,46.2
MRT,2018,44.7
MRT,2019,43.4
MRT,2020,42
MRT,2021,40.7
MRT,2022,39.4
MRT,2023,38.1
MRT,2024,36.9
MUS,2000,18.8
MUS,2001,17.5
MUS,2002,16.6
MUS,2003,16
MUS,2004,15.7
MUS,2005,15.6
MUS,2006,15.4
MUS,2007,15.2
MUS,2008,15
MUS,2009,14.9
MUS,2010,14.8
MUS,2011,14.9
MUS,2012,15
MUS,2013,14.9
MUS,2014,14.7
MUS,2015,14.5
MUS,2016,14.6
MUS,2017,15
MUS,2018,15.4
MUS,2019,15.7
MUS,2020,15.8
MUS,2021,15.7
MUS,2022,15.5
MUS,2023,15.4
MUS,2024,15.4
MWI,2000,171
MWI,2001,239
MWI,2002,143.2
MWI,2003,130
MWI,2004,118.7
MWI,2005,109.7
MWI,2006,102.7
MWI,2007,96.9
MWI,2008,91
MWI,2009,85.3
MWI,2010,80.1
MWI,2011,74
MWI,2012,67.9
MWI,2013,62.9
MWI,2014,60
MWI,2015,57.4
MWI,2016,55.8
MWI,2017,53.8
MWI,2018,52
MWI,2019,51.3
MWI,2020,50.4
MWI,2021,50
MWI,2022,50.1
MWI,2023,49.6
MWI,2024,48.8
MYS,2000,9.9
MYS,2001,9.3
MYS,2002,8.8
MYS,2003,8.6
MYS,2004,8.4
MYS,2005,8.3
MYS,2006,8.3
MYS,2007,8.3
MYS,2008,8.2
MYS,2009,8.2
MYS,2010,8.1
MYS,2011,8.1
MYS,2012,8
MYS,2013,8
MYS,2014,8.1
MYS,2015,8.2
MYS,2016,8.2
MYS,2017,8.2
MYS,2018,8.2
MYS,2019,8.2
MYS,2020,8.2
MYS,2021,8.2
MYS,2022,8.2
MYS,2023,8.3
MYS,2024,8.3
NAC,2000,8.3
NAC,2001,8.2
NAC,2002,8.1
NAC,2003,8
NAC,2004,7.9
NAC,2005,7.8
NAC,2006,7.7
NAC,2007,7.6
NAC,2008,7.5
NAC,2009,7.3
NAC,2010,7.2
NAC,2011,7
NAC,2012,6.9
NAC,2013,6.8
NAC,2014,6.7
NAC,2015,6.6
NAC,2016,6.6
NAC,2017,6.5
NAC,2018,6.4
NAC,2019,6.4
NAC,2020,6.4
NAC,2021,6.4
NAC,2022,6.4
NAC,2023,6.4
NAC,2024,6.4
NAM,2000,78.2
NAM,2001,77.6
NAM,2002,76.6
NAM,2003,75.6
NAM,2004,74.4
NAM,2005,71
NAM,2006,66
NAM,2007,62
NAM,2008,57.5
NAM,2009,53.2
NAM,2010,50.3
NAM,2011,50
NAM,2012,52.6
NAM,2013,50.8
NAM,2014,50
NAM,2015,51.8
NAM,2016,51.4
NAM,2017,49.8
NAM,2018,48.5
NAM,2019,46.6
NAM,2020,44.8
NAM,2021,43.2
NAM,2022,41.6
NAM,2023,41.1
NAM,2024,39.5
NCL,2000,NA
NCL,2001,NA
NCL,2002,NA
NCL,2003,NA
NCL,2004,NA
NCL,2005,NA
NCL,2006,NA
NCL,2007,NA
NCL,2008,NA
NCL,2009,NA
NCL,2010,NA
NCL,2011,NA
NCL,2012,NA
NCL,2013,NA
NCL,2014,NA
NCL,2015,NA
NCL,2016,NA
NCL,2017,NA
NCL,2018,NA
NCL,2019,NA
NCL,2020,NA
NCL,2021,NA
NCL,2022,NA
NCL,2023,NA
NCL,2024,NA
NER,2000,227.9
NER,2001,217.4
NER,2002,205.9
NER,2003,194.1
NER,2004,182.4
NER,2005,171.4
NER,2006,161.6
NER,2007,153.1
NER,2008,146
NER,2009,140.3
NER,2010,136
NER,2011,132.7
NER,2012,130.3
NER,2013,128.3
NER,2014,126.8
NER,2015,125.4
NER,2016,124.3
NER,2017,123.1
NER,2018,121.9
NER,2019,120.8
NER,2020,119.5
NER,2021,118
NER,2022,116
NER,2023,113.5
NER,2024,110.7
NGA,2000,177.3
NGA,2001,170.5
NGA,2002,163.9
NGA,2003,157.4
NGA,2004,151.4
NGA,2005,145.8
NGA,2006,140.9
NGA,2007,136.5
NGA,2008,132.5
NGA,2009,129.2
NGA,2010,126.3
NGA,2011,123.8
NGA,2012,121.6
NGA,2013,119.9
NGA,2014,118.7
NGA,2015,117.8
NGA,2016,117.4
NGA,2017,117.2
NGA,2018,117.2
NGA,2019,117.4
NGA,2020,117.4
NGA,2021,117.6
NGA,2022,117.5
NGA,2023,116.8
NGA,2024,115.6
NIC,2000,37.1
NIC,2001,35.3
NIC,2002,33.8
NIC,2003,32.4
NIC,2004,31.1
NIC,2005,29.7
NIC,2006,28.4
NIC,2007,27.1
NIC,2008,25.8
NIC,2009,24.5
NIC,2010,23.2
NIC,2011,21.9
NIC,2012,20.6
NIC,2013,19.4
NIC,2014,18.3
NIC,2015,17.2
NIC,2016,16.1
NIC,2017,15.3
NIC,2018,14.6
NIC,2019,14.3
NIC,2020,14.2
NIC,2021,14.2
NIC,2022,14.3
NIC,2023,13.8
NIC,2024,11.2
NLD,2000,6.2
NLD,2001,6
NLD,2002,5.9
NLD,2003,5.7
NLD,2004,5.5
NLD,2005,5.3
NLD,2006,5.1
NLD,2007,4.9
NLD,2008,4.7
NLD,2009,4.6
NLD,2010,4.4
NLD,2011,4.3
NLD,2012,4.2
NLD,2013,4.2
NLD,2014,4.1
NLD,2015,4.1
NLD,2016,4.1
NLD,2017,4
NLD,2018,4
NLD,2019,4
NLD,2020,4
NLD,2021,4
NLD,2022,4
NLD,2023,3.9
NLD,2024,3.9
NOR,2000,4.9
NOR,2001,4.7
NOR,2002,4.6
NOR,2003,4.4
NOR,2004,4.2
NOR,2005,4.1
NOR,2006,3.9
NOR,2007,3.7
NOR,2008,3.6
NOR,2009,3.4
NOR,2010,3.3
NOR,2011,3.1
NOR,2012,3
NOR,2013,2.9
NOR,2014,2.8
NOR,2015,2.7
NOR,2016,2.6
NOR,2017,2.5
NOR,2018,2.5
NOR,2019,2.4
NOR,2020,2.4
NOR,2021,2.4
NOR,2022,2.4
NOR,2023,2.4
NOR,2024,2.5
NPL,2000,78.7
NPL,2001,74.3
NPL,2002,70.2
NPL,2003,66.5
NPL,2004,63.1
NPL,2005,60
NPL,2006,57.3
NPL,2007,54.7
NPL,2008,52.4
NPL,2009,50.1
NPL,2010,47.9
NPL,2011,45.8
NPL,2012,43.7
NPL,2013,41.7
NPL,2014,39.7
NPL,2015,37.8
NPL,2016,36
NPL,2017,34.2
NPL,2018,32.6
NPL,2019,31
NPL,2020,29.6
NPL,2021,28.3
NPL,2022,27.1
NPL,2023,26.1
NPL,2024,25.1
NRU,2000,41.1
NRU,2001,39.4
NRU,2002,37.9
NRU,2003,36.5
NRU,2004,35.2
NRU,2005,34
NRU,2006,32.7
NRU,2007,31.4
NRU,2008,29.8
NRU,2009,28.2
NRU,2010,26.4
NRU,2011,24.6
NRU,2012,22.7
NRU,2013,20.9
NRU,2014,19.2
NRU,2015,17.5
NRU,2016,15.9
NRU,2017,14.4
NRU,2018,13.1
NRU,2019,12
NRU,2020,10.9
NRU,2021,10
NRU,2022,9.3
NRU,2023,8.7
NRU,2024,8.3
NZL,2000,7.4
NZL,2001,7.2
NZL,2002,7
NZL,2003,6.9
NZL,2004,6.7
NZL,2005,6.6
NZL,2006,6.5
NZL,2007,6.4
NZL,2008,6.4
NZL,2009,6.3
NZL,2010,6.2
NZL,2011,6.1
NZL,2012,6
NZL,2013,5.9
NZL,2014,5.8
NZL,2015,5.6
NZL,2016,5.5
NZL,2017,5.4
NZL,2018,5.3
NZL,2019,5.2
NZL,2020,5.1
NZL,2021,5
NZL,2022,5
NZL,2023,4.9
NZL,2024,4.7
OED,2000,13.490642257494965
OED,2001,12.913273367735835
OED,2002,12.332161938151348
OED,2003,11.751365613604944
OED,2004,11.294688798636063
OED,2005,10.842795493527849
OED,2006,10.362608672228863
OED,2007,9.94498031482296
OED,2008,9.562410487042932
OED,2009,9.28419539882045
OED,2010,8.921896276680766
OED,2011,8.69271975908628
OED,2012,8.42946117167397
OED,2013,8.242043278100923
OED,2014,8.019016093322778
OED,2015,7.8194840832408925
OED,2016,7.610127309661974
OED,2017,7.451574083458118
OED,2018,7.317241424217786
OED,2019,7.21198030537372
OED,2020,7.097051764621645
OED,2021,6.966832230673905
OED,2022,6.883482628046947
OED,2023,7.1165633495837985
OED,2024,6.713405833456043
OMN,2000,16.5
OMN,2001,15.5
OMN,2002,14.6
OMN,2003,13.9
OMN,2004,13.3
OMN,2005,12.9
OMN,2006,12.5
OMN,2007,12.2
OMN,2008,12
OMN,2009,11.9
OMN,2010,11.7
OMN,2011,11.6
OMN,2012,11.4
OMN,2013,11.3
OMN,2014,11.2
OMN,2015,11.1
OMN,2016,11
OMN,2017,11
OMN,2018,10.9
OMN,2019,10.8
OMN,2020,10.7
OMN,2021,10.6
OMN,2022,10.5
OMN,2023,10.4
OMN,2024,10.3
OSS,2000,65.4295252718068
OSS,2001,64.89703442554956
OSS,2002,63.60844485106692
OSS,2003,62.183252266344496
OSS,2004,60.284861648880906
OSS,2005,58.337564960843046
OSS,2006,54.84439610776819
OSS,2007,52.172994730481896
OSS,2008,50.03409918158044
OSS,2009,47.76216271536381
OSS,2010,44.9563981042654
OSS,2011,41.79390329900821
OSS,2012,39.87022609011793
OSS,2013,38.69296562086623
OSS,2014,37.705672638027686
OSS,2015,36.362767123932336
OSS,2016,34.861527500307716
OSS,2017,34.06876976156382
OSS,2018,32.900928923293456
OSS,2019,32.45358174748533
OSS,2020,31.672297055082772
OSS,2021,30.59457610927552
OSS,2022,30.22019977691411
OSS,2023,29.517920526928958
OSS,2024,28.79175710907658
PAK,2000,107.9
PAK,2001,105.1
PAK,2002,102.5
PAK,2003,100.1
PAK,2004,98
PAK,2005,96
PAK,2006,94.2
PAK,2007,92.3
PAK,2008,90.5
PAK,2009,88.5
PAK,2010,86.5
PAK,2011,84.3
PAK,2012,82
PAK,2013,79.6
PAK,2014,77.2
PAK,2015,74.8
PAK,2016,72.4
PAK,2017,70.1
PAK,2018,67.9
PAK,2019,65.8
PAK,2020,63.7
PAK,2021,61.7
PAK,2022,59.7
PAK,2023,57.8
PAK,2024,56
PAN,2000,25.7
PAN,2001,25
PAN,2002,24.2
PAN,2003,23.4
PAN,2004,22.6
PAN,2005,21.9
PAN,2006,21.2
PAN,2007,20.5
PAN,2008,19.8
PAN,2009,19.2
PAN,2010,18.7
PAN,2011,18.3
PAN,2012,17.9
PAN,2013,17.5
PAN,2014,17.3
PAN,2015,17.1
PAN,2016,17
PAN,2017,16.7
PAN,2018,16.3
PAN,2019,15.9
PAN,2020,15.5
PAN,2021,15.2
PAN,2022,15.1
PAN,2023,15.1
PAN,2024,15.3
PER,2000,38.3
PER,2001,35.3
PER,2002,32.7
PER,2003,30.4
PER,2004,28.4
PER,2005,26.6
PER,2006,25
PER,2007,23.6
PER,2008,22.3
PER,2009,21.2
PER,2010,20.2
PER,2011,19.3
PER,2012,18.5
PER,2013,17.8
PER,2014,17.2
PER,2015,16.6
PER,2016,16.1
PER,2017,15.7
PER,2018,15.3
PER,2019,14.9
PER,2020,14.5
PER,2021,14.1
PER,2022,13.7
PER,2023,13.3
PER,2024,12.9
PHL,2000,36.8
PHL,2001,36
PHL,2002,35.2
PHL,2003,34.4
PHL,2004,33.6
PHL,2005,32.8
PHL,2006,32
PHL,2007,31.3
PHL,2008,30.7
PHL,2009,30.1
PHL,2010,29.5
PHL,2011,29
PHL,2012,28.6
PHL,2013,28.3
PHL,2014,28
PHL,2015,27.9
PHL,2016,27.8
PHL,2017,27.8
PHL,2018,27.9
PHL,2019,28
PHL,2020,28
PHL,2021,27.9
PHL,2022,27.5
PHL,2023,27
PHL,2024,26.5
PLW,2000,26.5
PLW,2001,25.5
PLW,2002,24.6
PLW,2003,23.7
PLW,2004,22.9
PLW,2005,22.1
PLW,2006,21.3
PLW,2007,20.6
PLW,2008,20.1
PLW,2009,19.7
PLW,2010,19.5
PLW,2011,19.5
PLW,2012,19.7
PLW,2013,20.1
PLW,2014,20.6
PLW,2015,21.3
PLW,2016,21.9
PLW,2017,22.5
PLW,2018,22.9
PLW,2019,23
PLW,2020,22.9
PLW,2021,22.7
PLW,2022,22.4
PLW,2023,21.9
PLW,2024,21.4
PNG,2000,72
PNG,2001,70.8
PNG,2002,69.6
PNG,2003,68.4
PNG,2004,67.2
PNG,2005,65.9
PNG,2006,64.6
PNG,2007,63.2
PNG,2008,61.8
PNG,2009,60.3
PNG,2010,58.9
PNG,2011,57.5
PNG,2012,56.1
PNG,2013,54.7
PNG,2014,53.3
PNG,2015,57.3
PNG,2016,50.4
PNG,2017,48.9
PNG,2018,47.5
PNG,2019,46.1
PNG,2020,44.7
PNG,2021,43.2
PNG,2022,41.9
PNG,2023,40.6
PNG,2024,39.4
POL,2000,9.3
POL,2001,8.8
POL,2002,8.4
POL,2003,8.1
POL,2004,7.8
POL,2005,7.6
POL,2006,7.3
POL,2007,7
POL,2008,6.7
POL,2009,6.3
POL,2010,6
POL,2011,5.7
POL,2012,5.4
POL,2013,5.2
POL,2014,5
POL,2015,4.9
POL,2016,4.8
POL,2017,4.6
POL,2018,4.5
POL,2019,4.5
POL,2020,4.4
POL,2021,4.4
POL,2022,4.3
POL,2023,4.3
POL,2024,4.2
PRE,2000,153.00662935938576
PRE,2001,148.8364525223899
PRE,2002,141.18227692525525
PRE,2003,135.11749790246859
PRE,2004,129.7695095364534
PRE,2005,121.59120549169462
PRE,2006,115.83317929255087
PRE,2007,111.10532635560683
PRE,2008,106.67548931687185
PRE,2009,104.89855968278493
PRE,2010,99.68693690571982
PRE,2011,99.72900609991956
PRE,2012,93.53233196674084
PRE,2013,90.36454304729912
PRE,2014,89.73475592931466
PRE,2015,88.00827115122469
PRE,2016,86.62160267272937
PRE,2017,85.8918608835943
PRE,2018,82.3130203380837
PRE,2019,81.34801065238808
PRE,2020,79.29190525060548
PRE,2021,78.55460841269982
PRE,2022,79.7149340894285
PRE,2023,76.07329425757318
PRE,2024,74.46018729478976
PRI,2000,NA
PRI,2001,NA
PRI,2002,NA
PRI,2003,NA
PRI,2004,NA
PRI,2005,NA
PRI,2006,NA
PRI,2007,NA
PRI,2008,NA
PRI,2009,NA
PRI,2010,NA
PRI,2011,NA
PRI,2012,NA
PRI,2013,NA
PRI,2014,NA
PRI,2015,NA
PRI,2016,NA
PRI,2017,NA
PRI,2018,NA
PRI,2019,NA
PRI,2020,NA
PRI,2021,NA
PRI,2022,NA
PRI,2023,NA
PRI,2024,NA
PRK,2000,100.2
PRK,2001,99
PRK,2002,97.8
PRK,2003,34.5
PRK,2004,33.8
PRK,2005,33.3
PRK,2006,32.8
PRK,2007,32.4
PRK,2008,31
PRK,2009,30
PRK,2010,28.7
PRK,2011,27.2
PRK,2012,25.7
PRK,2013,24.1
PRK,2014,22.6
PRK,2015,21.4
PRK,2016,20.6
PRK,2017,19.1
PRK,2018,18.4
PRK,2019,17.7
PRK,2020,17.4
PRK,2021,17.4
PRK,2022,17.7
PRK,2023,18
PRK,2024,16.7
PRT,2000,7.2
PRT,2001,6.6
PRT,2002,6
PRT,2003,5.5
PRT,2004,5
PRT,2005,4.7
PRT,2006,4.4
PRT,2007,4.2
PRT,2008,4
PRT,2009,3.9
PRT,2010,3.8
PRT,2011,3.7
PRT,2012,3.7
PRT,2013,3.6
PRT,2014,3.6
PRT,2015,3.6
PRT,2016,3.6
PRT,2017,3.6
PRT,2018,3.5
PRT,2019,3.5
PRT,2020,3.4
PRT,2021,3.3
PRT,2022,3.3
PRT,2023,3.2
PRT,2024,3.2
PRY,2000,33.6
PRY,2001,32.8
PRY,2002,32
PRY,2003,31.3
PRY,2004,30.5
PRY,2005,29.7
PRY,2006,28.9
PRY,2007,28.2
PRY,2008,27.3
PRY,2009,26.5
PRY,2010,25.7
PRY,2011,24.9
PRY,2012,24.2
PRY,2013,23.4
PRY,2014,22.7
PRY,2015,21.9
PRY,2016,21.2
PRY,2017,20.5
PRY,2018,19.9
PRY,2019,19.2
PRY,2020,18.6
PRY,2021,18
PRY,2022,17.5
PRY,2023,16.9
PRY,2024,16.3
PSE,2000,30.3
PSE,2001,29.4
PSE,2002,28.5
PSE,2003,27.7
PSE,2004,26.8
PSE,2005,26
PSE,2006,25.1
PSE,2007,24.3
PSE,2008,23.5
PSE,2009,22.7
PSE,2010,21.9
PSE,2011,21.1
PSE,2012,20.3
PSE,2013,19.6
PSE,2014,21.9
PSE,2015,18.2
PSE,2016,17.5
PSE,2017,16.9
PSE,2018,16.3
PSE,2019,15.7
PSE,2020,15.2
PSE,2021,14.6
PSE,2022,14.1
PSE,2023,41.9
PSE,2024,37.9
PSS,2000,28.41778110694965
PSS,2001,28.013295994962636
PSS,2002,27.891139219631253
PSS,2003,27.374614450715317
PSS,2004,27.275753619167304
PSS,2005,27.169463778697168
PSS,2006,27.089525723472672
PSS,2007,26.867652221087567
PSS,2008,26.509661866395994
PSS,2009,26.676242429992254
PSS,2010,25.62756263517674
PSS,2011,25.137819364570568
PSS,2012,24.612251454236393
PSS,2013,24.227777348040657
PSS,2014,23.938467673901368
PSS,2015,23.82746812721499
PSS,2016,23.834208986480245
PSS,2017,23.940274908752038
PSS,2018,24.11383612400919
PSS,2019,24.50154721202477
PSS,2020,24.295592618428564
PSS,2021,24.19842981760507
PSS,2022,23.94668111968374
PSS,2023,23.54653155169107
PSS,2024,23.06308082095736
PST,2000,7.276250649341822
PST,2001,7.069959553728543
PST,2002,6.902663186804956
PST,2003,6.7482014678225335
PST,2004,6.626964573066623
PST,2005,6.468668457647914
PST,2006,6.332822961750806
PST,2007,6.161999409788126
PST,2008,6.020572012866746
PST,2009,5.8901746414079685
PST,2010,5.681483481441331
PST,2011,5.573776405706462
PST,2012,5.412819264873359
PST,2013,5.309228324569905
PST,2014,5.210944235254244
PST,2015,5.151576044063491
PST,2016,5.061269258860406
PST,2017,4.974081204262216
PST,2018,4.9066724418554335
PST,2019,4.886687192856855
PST,2020,4.8582134423463845
PST,2021,4.841434347760527
PST,2022,4.863974697976072
PST,2023,4.863679074558073
PST,2024,4.861204040017024
PYF,2000,NA
PYF,2001,NA
PYF,2002,NA
PYF,2003,NA
PYF,2004,NA
PYF,2005,NA
PYF,2006,NA
PYF,2007,NA
PYF,2008,NA
PYF,2009,NA
PYF,2010,NA
PYF,2011,NA
PYF,2012,NA
PYF,2013,NA
PYF,2014,NA
PYF,2015,NA
PYF,2016,NA
PYF,2017,NA
PYF,2018,NA
PYF,2019,NA
PYF,2020,NA
PYF,2021,NA
PYF,2022,NA
PYF,2023,NA
PYF,2024,NA
QAT,2000,12.5
QAT,2001,12
QAT,2002,11.6
QAT,2003,11.2
QAT,2004,10.8
QAT,2005,10.4
QAT,2006,10.1
QAT,2007,9.8
QAT,2008,9.6
QAT,2009,9.3
QAT,2010,9.1
QAT,2011,8.9
QAT,2012,8.7
QAT,2013,8.4
QAT,2014,8.1
QAT,2015,7.8
QAT,2016,7.5
QAT,2017,7.1
QAT,2018,6.8
QAT,2019,6.6
QAT,2020,6.3
QAT,2021,6.2
QAT,2022,6.1
QAT,2023,6
QAT,2024,5.9
ROU,2000,21.4
ROU,2001,20.6
ROU,2002,20.2
ROU,2003,19.9
ROU,2004,19.3
ROU,2005,18.2
ROU,2006,16.7
ROU,2007,15.2
ROU,2008,13.9
ROU,2009,13
ROU,2010,12.4
ROU,2011,11.8
ROU,2012,11.2
ROU,2013,10.6
ROU,2014,9.9
ROU,2015,9.2
ROU,2016,8.5
ROU,2017,7.9
ROU,2018,7.3
ROU,2019,6.8
ROU,2020,6.5
ROU,2021,6.4
ROU,2022,6.6
ROU,2023,6.9
ROU,2024,7.3
RUS,2000,19.4
RUS,2001,18.4
RUS,2002,17.3
RUS,2003,16.1
RUS,2004,15
RUS,2005,13.9
RUS,2006,12.8
RUS,2007,12
RUS,2008,11.3
RUS,2009,10.7
RUS,2010,10.4
RUS,2011,10.2
RUS,2012,9.9
RUS,2013,9.5
RUS,2014,8.9
RUS,2015,8.2
RUS,2016,7.5
RUS,2017,6.9
RUS,2018,6.4
RUS,2019,6
RUS,2020,5.7
RUS,2021,5.5
RUS,2022,5.4
RUS,2023,5.3
RUS,2024,5.2
RWA,2000,184.2
RWA,2001,166.5
RWA,2002,149.1
RWA,2003,132.7
RWA,2004,117.5
RWA,2005,104.5
RWA,2006,93.4
RWA,2007,84.1
RWA,2008,76
RWA,2009,69.1
RWA,2010,63.3
RWA,2011,58.1
RWA,2012,54.2
RWA,2013,51.4
RWA,2014,49.2
RWA,2015,47.3
RWA,2016,45.8
RWA,2017,44.7
RWA,2018,43.7
RWA,2019,42.7
RWA,2020,41.6
RWA,2021,40.6
RWA,2022,39.7
RWA,2023,38.8
RWA,2024,37.7
SAS,2000,90
SAS,2001,86.1
SAS,2002,82.4
SAS,2003,78.9
SAS,2004,75.6
SAS,2005,72
SAS,2006,68.7
SAS,2007,65.5
SAS,2008,62.4
SAS,2009,59.4
SAS,2010,56.3
SAS,2011,53.4
SAS,2012,50.5
SAS,2013,47.7
SAS,2014,45.1
SAS,2015,42.6
SAS,2016,40.3
SAS,2017,38.1
SAS,2018,36
SAS,2019,34.1
SAS,2020,32.4
SAS,2021,30.8
SAS,2022,29.3
SAS,2023,28
SAS,2024,26.8
SAU,2000,21.9
SAU,2001,20.6
SAU,2002,19.4
SAU,2003,18.4
SAU,2004,17.3
SAU,2005,16.3
SAU,2006,15.4
SAU,2007,14.5
SAU,2008,13.7
SAU,2009,12.9
SAU,2010,12.1
SAU,2011,11.4
SAU,2012,10.8
SAU,2013,10.1
SAU,2014,9.6
SAU,2015,9
SAU,2016,8.5
SAU,2017,8
SAU,2018,7.6
SAU,2019,7.2
SAU,2020,6.9
SAU,2021,6.7
SAU,2022,6.4
SAU,2023,6.2
SAU,2024,6
SDN,2000,102
SDN,2001,98.6
SDN,2002,95.2
SDN,2003,91.9
SDN,2004,101.1
SDN,2005,98.8
SDN,2006,83
SDN,2007,80.4
SDN,2008,77.9
SDN,2009,75.5
SDN,2010,73.4
SDN,2011,71.3
SDN,2012,69.3
SDN,2013,67.3
SDN,2014,65.4
SDN,2015,63.5
SDN,2016,61.6
SDN,2017,59.7
SDN,2018,57.8
SDN,2019,56.1
SDN,2020,54.3
SDN,2021,52.7
SDN,2022,51
SDN,2023,63.1
SDN,2024,61.6
SEN,2000,128.9
SEN,2001,121.7
SEN,2002,113.2
SEN,2003,104.2
SEN,2004,95.5
SEN,2005,87.6
SEN,2006,80.8
SEN,2007,75
SEN,2008,70.1
SEN,2009,66.1
SEN,2010,62.8
SEN,2011,60
SEN,2012,57.6
SEN,2013,55.5
SEN,2014,53.7
SEN,2015,52.2
SEN,2016,50.8
SEN,2017,49.4
SEN,2018,47.9
SEN,2019,46.2
SEN,2020,44.2
SEN,2021,42.2
SEN,2022,40.1
SEN,2023,38.2
SEN,2024,36.5
SGP,2000,3.9
SGP,2001,3.6
SGP,2002,3.4
SGP,2003,3.2
SGP,2004,3.1
SGP,2005,3
SGP,2006,2.9
SGP,2007,2.9
SGP,2008,2.8
SGP,2009,2.8
SGP,2010,2.8
SGP,2011,2.8
SGP,2012,2.8
SGP,2013,2.8
SGP,2014,2.7
SGP,2015,2.7
SGP,2016,2.6
SGP,2017,2.6
SGP,2018,2.5
SGP,2019,2.5
SGP,2020,2.4
SGP,2021,2.4
SGP,2022,2.5
SGP,2023,2.6
SGP,2024,2.7
SLB,2000,30.5
SLB,2001,30.2
SLB,2002,29.8
SLB,2003,29.6
SLB,2004,29.3
SLB,2005,29.1
SLB,2006,28.8
SLB,2007,28.4
SLB,2008,28
SLB,2009,27.6
SLB,2010,27.2
SLB,2011,26.7
SLB,2012,26.2
SLB,2013,25.8
SLB,2014,25.4
SLB,2015,25
SLB,2016,24.6
SLB,2017,24.1
SLB,2018,23.6
SLB,2019,23.1
SLB,2020,22.5
SLB,2021,21.9
SLB,2022,21.3
SLB,2023,20.6
SLB,2024,20
SLE,2000,222.8
SLE,2001,217.3
SLE,2002,211.6
SLE,2003,205.7
SLE,2004,199.6
SLE,2005,193.2
SLE,2006,186.5
SLE,2007,179.6
SLE,2008,172.4
SLE,2009,165.2
SLE,2010,157.9
SLE,2011,150.8
SLE,2012,144.1
SLE,2013,137.9
SLE,2014,135.9
SLE,2015,136.8
SLE,2016,121.8
SLE,2017,117
SLE,2018,112.4
SLE,2019,108.3
SLE,2020,104.4
SLE,2021,100.6
SLE,2022,97.1
SLE,2023,93.8
SLE,2024,90.5
SLV,2000,32.2
SLV,2001,30.3
SLV,2002,28.6
SLV,2003,26.9
SLV,2004,25.4
SLV,2005,24
SLV,2006,22.7
SLV,2007,21.5
SLV,2008,20.4
SLV,2009,19.4
SLV,2010,18.4
SLV,2011,17.6
SLV,2012,16.7
SLV,2013,16
SLV,2014,15.3
SLV,2015,14.6
SLV,2016,13.9
SLV,2017,13.3
SLV,2018,12.7
SLV,2019,12.2
SLV,2020,11.7
SLV,2021,11.2
SLV,2022,10.8
SLV,2023,10.4
SLV,2024,10
SMR,2000,5.2
SMR,2001,4.8
SMR,2002,4.5
SMR,2003,4.1
SMR,2004,3.8
SMR,2005,3.6
SMR,2006,3.3
SMR,2007,3.1
SMR,2008,2.9
SMR,2009,2.7
SMR,2010,2.6
SMR,2011,2.4
SMR,2012,2.3
SMR,2013,2.1
SMR,2014,2
SMR,2015,1.9
SMR,2016,1.8
SMR,2017,1.7
SMR,2018,1.6
SMR,2019,1.5
SMR,2020,1.5
SMR,2021,1.4
SMR,2022,1.4
SMR,2023,1.3
SMR,2024,1.3
SOM,2000,173.2
SOM,2001,173.2
SOM,2002,173.2
SOM,2003,173.2
SOM,2004,173.2
SOM,2005,173.2
SOM,2006,172.6
SOM,2007,170.5
SOM,2008,166.7
SOM,2009,162.4
SOM,2010,186.7
SOM,2011,363.1
SOM,2012,185.4
SOM,2013,143.2
SOM,2014,138.6
SOM,2015,134.3
SOM,2016,130.2
SOM,2017,156.4
SOM,2018,136.4
SOM,2019,118.4
SOM,2020,114.7
SOM,2021,111
SOM,2022,143.1
SOM,2023,104.3
SOM,2024,101.1
SRB,2000,12.7
SRB,2001,12.1
SRB,2002,11.4
SRB,2003,10.6
SRB,2004,9.7
SRB,2005,9
SRB,2006,8.5
SRB,2007,8.1
SRB,2008,7.9
SRB,2009,7.8
SRB,2010,7.6
SRB,2011,7.4
SRB,2012,7.1
SRB,2013,6.8
SRB,2014,6.6
SRB,2015,6.3
SRB,2016,6.1
SRB,2017,5.9
SRB,2018,5.8
SRB,2019,5.6
SRB,2020,5.5
SRB,2021,5.4
SRB,2022,5.4
SRB,2023,5.4
SRB,2024,5.4
SSA,2000,151.70583901592835
SSA,2001,147.63575652149888
SSA,2002,140.1969282113877
SSA,2003,134.29784316283502
SSA,2004,129.0765377315939
SSA,2005,121.03601979729181
SSA,2006,115.29447703399643
SSA,2007,110.45153520128457
SSA,2008,105.75091335503306
SSA,2009,103.92148370856714
SSA,2010,98.66924001911721
SSA,2011,98.53943052355756
SSA,2012,92.33140443876437
SSA,2013,89.19004826275516
SSA,2014,88.55304792209658
SSA,2015,86.84150746606976
SSA,2016,85.44997278096876
SSA,2017,84.71742115013377
SSA,2018,81.22932904132487
SSA,2019,80.34851915224225
SSA,2020,78.40937247921335
SSA,2021,77.75657472224796
SSA,2022,78.984092218843
SSA,2023,75.50206272444004
SSA,2024,74.01566170058702
SSD,2000,180.1
SSD,2001,171.1
SSD,2002,162.2
SSD,2003,153.7
SSD,2004,145.8
SSD,2005,138.4
SSD,2006,131.5
SSD,2007,124.9
SSD,2008,118.7
SSD,2009,112.7
SSD,2010,107.2
SSD,2011,102.3
SSD,2012,98.9
SSD,2013,97.2
SSD,2014,182.6
SSD,2015,240.8
SSD,2016,272.9
SSD,2017,292
SSD,2018,133.7
SSD,2019,96.7
SSD,2020,96.7
SSD,2021,96.7
SSD,2022,96.7
SSD,2023,96.7
SSD,2024,96.7
SSF,2000,150.4
SSF,2001,146.3
SSF,2002,138.9
SSF,2003,133
SSF,2004,127.7
SSF,2005,119.8
SSF,2006,114
SSF,2007,109.1
SSF,2008,104.5
SSF,2009,102.8
SSF,2010,97.2
SSF,2011,97.1
SSF,2012,90.7
SSF,2013,87.6
SSF,2014,86.8
SSF,2015,85
SSF,2016,83.4
SSF,2017,82.5
SSF,2018,79
SSF,2019,78
SSF,2020,75.9
SSF,2021,77.1
SSF,2022,78.3
SSF,2023,73.2
SSF,2024,71.2
SST,2000,51.380838035879734
SST,2001,50.88441842011963
SST,2002,50.131556658181815
SST,2003,49.16591531947651
SST,2004,47.91669954106591
SST,2005,46.55176887950851
SST,2006,44.230441585535466
SST,2007,42.44160896204184
SST,2008,40.981163552334095
SST,2009,39.504288501722876
SST,2010,37.49531615076201
SST,2011,35.330997743549496
SST,2012,33.91509401109316
SST,2013,32.96621796304206
SST,2014,32.17641692700938
SST,2015,31.21409395780702
SST,2016,30.215131495362726
SST,2017,29.641558954841543
SST,2018,28.85209966852004
SST,2019,28.706756576113595
SST,2020,27.97365351917044
SST,2021,27.239566238222803
SST,2022,26.819691608376715
SST,2023,26.193061191986445
SST,2024,25.558813603004353
STP,2000,82.2
STP,2001,76.7
STP,2002,71.1
STP,2003,65.7
STP,2004,60.5
STP,2005,55.7
STP,2006,51.1
STP,2007,46.9
STP,2008,43.1
STP,2009,39.5
STP,2010,36.2
STP,2011,33.2
STP,2012,30.4
STP,2013,27.9
STP,2014,25.5
STP,2015,23.3
STP,2016,21.3
STP,2017,19.6
STP,2018,18.2
STP,2019,17.1
STP,2020,16.1
STP,2021,15.3
STP,2022,14.7
STP,2023,14.1
STP,2024,13.6
SUR,2000,31
SUR,2001,30
SUR,2002,29
SUR,2003,28.1
SUR,2004,27.2
SUR,2005,26.5
SUR,2006,25.7
SUR,2007,25.1
SUR,2008,24.4
SUR,2009,23.8
SUR,2010,23.2
SUR,2011,22.7
SUR,2012,22.2
SUR,2013,21.6
SUR,2014,21.1
SUR,2015,20.6
SUR,2016,20.1
SUR,2017,19.5
SUR,2018,18.9
SUR,2019,18.4
SUR,2020,17.9
SUR,2021,17.4
SUR,2022,16.8
SUR,2023,16.3
SUR,2024,15.8
SVK,2000,9.6
SVK,2001,9.3
SVK,2002,9.1
SVK,2003,8.8
SVK,2004,8.6
SVK,2005,8.3
SVK,2006,8
SVK,2007,7.7
SVK,2008,7.4
SVK,2009,7.1
SVK,2010,6.9
SVK,2011,6.7
SVK,2012,6.6
SVK,2013,6.4
SVK,2014,6.3
SVK,2015,6.2
SVK,2016,6.1
SVK,2017,6
SVK,2018,5.9
SVK,2019,5.9
SVK,2020,5.9
SVK,2021,6
SVK,2022,6.1
SVK,2023,6.2
SVK,2024,6.3
SVN,2000,5.4
SVN,2001,5.2
SVN,2002,4.9
SVN,2003,4.7
SVN,2004,4.4
SVN,2005,4.2
SVN,2006,4
SVN,2007,3.8
SVN,2008,3.6
SVN,2009,3.4
SVN,2010,3.2
SVN,2011,3.1
SVN,2012,2.9
SVN,2013,2.8
SVN,2014,2.7
SVN,2015,2.6
SVN,2016,2.5
SVN,2017,2.5
SVN,2018,2.4
SVN,2019,2.4
SVN,2020,2.4
SVN,2021,2.3
SVN,2022,2.3
SVN,2023,2.3
SVN,2024,2.3
SWE,2000,4.1
SWE,2001,4
SWE,2002,4
SWE,2003,3.9
SWE,2004,3.7
SWE,2005,3.6
SWE,2006,3.5
SWE,2007,3.3
SWE,2008,3.2
SWE,2009,3.1
SWE,2010,3.1
SWE,2011,3
SWE,2012,3
SWE,2013,2.9
SWE,2014,2.9
SWE,2015,2.9
SWE,2016,2.8
SWE,2017,2.8
SWE,2018,2.7
SWE,2019,2.6
SWE,2020,2.6
SWE,2021,2.5
SWE,2022,2.5
SWE,2023,2.4
SWE,2024,2.4
SWZ,2000,112.5
SWZ,2001,115.7
SWZ,2002,117
SWZ,2003,117.9
SWZ,2004,118
SWZ,2005,117
SWZ,2006,106.4
SWZ,2007,100.3
SWZ,2008,97.9
SWZ,2009,92.4
SWZ,2010,82.1
SWZ,2011,67.6
SWZ,2012,62.7
SWZ,2013,59.7
SWZ,2014,60
SWZ,2015,57.5
SWZ,2016,54.4
SWZ,2017,53.6
SWZ,2018,50.4
SWZ,2019,51.5
SWZ,2020,50.5
SWZ,2021,47.9
SWZ,2022,47.3
SWZ,2023,46.2
SWZ,2024,45.1
SXM,2000,NA
SXM,2001,NA
SXM,2002,NA
SXM,2003,NA
SXM,2004,NA
SXM,2005,NA
SXM,2006,NA
SXM,2007,NA
SXM,2008,NA
SXM,2009,NA
SXM,2010,NA
SXM,2011,NA
SXM,2012,NA
SXM,2013,NA
SXM,2014,NA
SXM,2015,NA
SXM,2016,NA
SXM,2017,NA
SXM,2018,NA
SXM,2019,NA
SXM,2020,NA
SXM,2021,NA
SXM,2022,NA
SXM,2023,NA
SXM,2024,NA
SYC,2000,13.8
SYC,2001,13.8
SYC,2002,13.7
SYC,2003,13.8
SYC,2004,13.8
SYC,2005,13.8
SYC,2006,13.8
SYC,2007,13.9
SYC,2008,13.9
SYC,2009,14
SYC,2010,14.1
SYC,2011,14.2
SYC,2012,14.3
SYC,2013,14.4
SYC,2014,14.5
SYC,2015,14.6
SYC,2016,14.7
SYC,2017,14.7
SYC,2018,14.8
SYC,2019,14.8
SYC,2020,14.8
SYC,2021,14.7
SYC,2022,14.5
SYC,2023,14.3
SYC,2024,14
SYR,2000,23.1
SYR,2001,22.2
SYR,2002,21.4
SYR,2003,20.8
SYR,2004,20.2
SYR,2005,19.8
SYR,2006,19.4
SYR,2007,19.1
SYR,2008,18.9
SYR,2009,18.8
SYR,2010,18.8
SYR,2011,21.6
SYR,2012,34.2
SYR,2013,36.9
SYR,2014,35.5
SYR,2015,37.1
SYR,2016,32.2
SYR,2017,32.9
SYR,2018,32.5
SYR,2019,24.6
SYR,2020,21.9
SYR,2021,20.5
SYR,2022,20.7
SYR,2023,20.1
SYR,2024,18.4
TCA,2000,11.7
TCA,2001,11.1
TCA,2002,10.5
TCA,2003,9.9
TCA,2004,9.4
TCA,2005,8.9
TCA,2006,8.5
TCA,2007,8.1
TCA,2008,7.8
TCA,2009,7.5
TCA,2010,7.3
TCA,2011,7
TCA,2012,6.8
TCA,2013,6.6
TCA,2014,6.4
TCA,2015,6.2
TCA,2016,6
TCA,2017,5.8
TCA,2018,5.6
TCA,2019,5.5
TCA,2020,5.3
TCA,2021,5.1
TCA,2022,5
TCA,2023,4.8
TCA,2024,4.7
TCD,2000,182.4
TCD,2001,179
TCD,2002,175.6
TCD,2003,172.3
TCD,2004,168.8
TCD,2005,165.4
TCD,2006,161.8
TCD,2007,158.1
TCD,2008,154.3
TCD,2009,150.5
TCD,2010,146.7
TCD,2011,142.9
TCD,2012,139.3
TCD,2013,135.8
TCD,2014,132.3
TCD,2015,128.7
TCD,2016,125
TCD,2017,121.4
TCD,2018,117.6
TCD,2019,114
TCD,2020,110.6
TCD,2021,107.3
TCD,2022,103.9
TCD,2023,100.6
TCD,2024,97.3
TEA,2000,41.14639068976581
TEA,2001,39.047195737498335
TEA,2002,36.73621698991434
TEA,2003,34.480883710411526
TEA,2004,33.269520396236544
TEA,2005,30.25482455730705
TEA,2006,28.37021879557475
TEA,2007,26.690231699626207
TEA,2008,26.151104962074058
TEA,2009,23.658345642276984
TEA,2010,22.371111289120464
TEA,2011,21.304380383047743
TEA,2012,19.913184008334994
TEA,2013,19.081800887577437
TEA,2014,18.021597295550436
TEA,2015,17.441339920976038
TEA,2016,16.424837911708362
TEA,2017,15.6073305916676
TEA,2018,15.500839535401484
TEA,2019,14.981793121096745
TEA,2020,15.1483633261233
TEA,2021,14.973090146322077
TEA,2022,14.795706939873304
TEA,2023,14.413048377875471
TEA,2024,13.901417368353153
TEC,2000,33.1505941426176
TEC,2001,31.067773905634816
TEC,2002,28.98941277829996
TEC,2003,26.9579816601548
TEC,2004,25.400881608878915
TEC,2005,23.79612213683247
TEC,2006,22.231710920945694
TEC,2007,20.70591577881703
TEC,2008,19.28501773011228
TEC,2009,18.05176149782355
TEC,2010,17.084767683903806
TEC,2011,16.29445068226887
TEC,2012,15.410158412149551
TEC,2013,14.73038152591075
TEC,2014,14.022005170982217
TEC,2015,13.343577725526
TEC,2016,12.66843636313338
TEC,2017,12.25254800852232
TEC,2018,11.93954315190026
TEC,2019,11.72131481783179
TEC,2020,11.440237655571945
TEC,2021,11.239065420560747
TEC,2022,11.141266368354602
TEC,2023,11.66089182206276
TEC,2024,10.680911204864879
TGO,2000,119.2
TGO,2001,115.7
TGO,2002,112.2
TGO,2003,108.8
TGO,2004,105.5
TGO,2005,102.4
TGO,2006,99.3
TGO,2007,96.5
TGO,2008,93.7
TGO,2009,90.9
TGO,2010,88.3
TGO,2011,85.6
TGO,2012,82.9
TGO,2013,80.2
TGO,2014,77.7
TGO,2015,75.2
TGO,2016,72.8
TGO,2017,70.4
TGO,2018,68.1
TGO,2019,66
TGO,2020,63.9
TGO,2021,62
TGO,2022,60
TGO,2023,58.1
TGO,2024,56.1
THA,2000,21.7
THA,2001,20.7
THA,2002,19.7
THA,2003,18.9
THA,2004,18
THA,2005,17.2
THA,2006,16.5
THA,2007,15.9
THA,2008,15.2
THA,2009,14.7
THA,2010,14.1
THA,2011,13.6
THA,2012,13.1
THA,2013,12.7
THA,2014,12.3
THA,2015,11.9
THA,2016,11.5
THA,2017,11.1
THA,2018,10.8
THA,2019,10.4
THA,2020,10.1
THA,2021,9.8
THA,2022,9.5
THA,2023,9.2
THA,2024,9
TJK,2000,78.4
TJK,2001,71.8
TJK,2002,65.6
TJK,2003,59.8
TJK,2004,54.6
TJK,2005,50.3
TJK,2006,46.6
TJK,2007,43.6
TJK,2008,41.2
TJK,2009,39.3
TJK,2010,37.6
TJK,2011,36.2
TJK,2012,35
TJK,2013,34
TJK,2014,33
TJK,2015,32.2
TJK,2016,31.5
TJK,2017,31
TJK,2018,30.7
TJK,2019,30.4
TJK,2020,30.1
TJK,2021,29.8
TJK,2022,29.4
TJK,2023,28.8
TJK,2024,28.1
TKM,2000,68.7
TKM,2001,65.4
TKM,2002,61.9
TKM,2003,58.6
TKM,2004,55.4
TKM,2005,52.6
TKM,2006,50.1
TKM,2007,48.1
TKM,2008,46.4
TKM,2009,45
TKM,2010,44
TKM,2011,43.4
TKM,2012,42.9
TKM,2013,42.8
TKM,2014,42.9
TKM,2015,43.2
TKM,2016,43.5
TKM,2017,43.8
TKM,2018,43.8
TKM,2019,43.5
TKM,2020,42.9
TKM,2021,42.1
TKM,2022,41.1
TKM,2023,40.2
TKM,2024,39
TLA,2000,32.99396522386964
TLA,2001,31.321216860368747
TLA,2002,29.766833502576507
TLA,2003,28.379063960865675
TLA,2004,27.078960067390444
TLA,2005,25.832823454675875
TLA,2006,24.743330582505756
TLA,2007,23.757604702918954
TLA,2008,22.825678969166812
TLA,2009,22.044348031861325
TLA,2010,22.79769362258791
TLA,2011,20.605738536039414
TLA,2012,19.962941239737294
TLA,2013,19.384527913299912
TLA,2014,18.860045646409418
TLA,2015,18.44932136110459
TLA,2016,18.649011590988696
TLA,2017,17.90655049358039
TLA,2018,17.48133112358228
TLA,2019,17.107951389239606
TLA,2020,16.821924099218002
TLA,2021,16.45951462783292
TLA,2022,16.134184448796727
TLA,2023,15.782827681935359
TLA,2024,15.428340944835595
TLS,2000,111.5
TLS,2001,106.4
TLS,2002,101.5
TLS,2003,96.8
TLS,2004,92.3
TLS,2005,88
TLS,2006,84
TLS,2007,80.4
TLS,2008,76.9
TLS,2009,73.9
TLS,2010,71
TLS,2011,68.4
TLS,2012,65.9
TLS,2013,63.9
TLS,2014,61.9
TLS,2015,60.2
TLS,2016,58.7
TLS,2017,57.3
TLS,2018,56
TLS,2019,54.8
TLS,2020,53.4
TLS,2021,52
TLS,2022,50.7
TLS,2023,49.2
TLS,2024,47.6
TMN,2000,78.57626771997197
TMN,2001,75.78177690393096
TMN,2002,73.23910425584386
TMN,2003,70.92415556814228
TMN,2004,68.40727932845199
TMN,2005,66.12923806833442
TMN,2006,64.21228394014967
TMN,2007,62.1665400488655
TMN,2008,60.36050835000642
TMN,2009,58.65994112202991
TMN,2010,56.89628114240564
TMN,2011,55.12265929142872
TMN,2012,53.6353878519067
TMN,2013,51.83158925584677
TMN,2014,50.046939971717215
TMN,2015,48.625213987048895
TMN,2016,47.10204192863664
TMN,2017,46.01873774543253
TMN,2018,45.2801998035535
TMN,2019,44.23478771251541
TMN,2020,42.96690151974036
TMN,2021,41.94589057491153
TMN,2022,40.752433971369726
TMN,2023,39.63180907678216
TMN,2024,38.22290620713727
TON,2000,16.9
TON,2001,16.5
TON,2002,16
TON,2003,15.6
TON,2004,15.2
TON,2005,14.8
TON,2006,14.4
TON,2007,14
TON,2008,13.7
TON,2009,13.4
TON,2010,13.1
TON,2011,12.8
TON,2012,12.6
TON,2013,12.3
TON,2014,12.1
TON,2015,11.9
TON,2016,11.6
TON,2017,11.4
TON,2018,11.1
TON,2019,10.9
TON,2020,10.6
TON,2021,10.4
TON,2022,10.1
TON,2023,9.8
TON,2024,9.5
TSA,2000,89.97851395586522
TSA,2001,86.09297835031137
TSA,2002,82.43558227529279
TSA,2003,78.84346601319834
TSA,2004,75.5748395041314
TSA,2005,72.0002867368244
TSA,2006,68.7185869960036
TSA,2007,65.56760105870842
TSA,2008,62.40169253354582
TSA,2009,59.40377993784346
TSA,2010,56.338241527038136
TSA,2011,53.392922683098476
TSA,2012,50.52421655633098
TSA,2013,47.74603453726866
TSA,2014,45.1433866579388
TSA,2015,42.575411231152096
TSA,2016,40.284023817824036
TSA,2017,38.06642415582901
TSA,2018,36.071721265403454
TSA,2019,34.17888602172254
TSA,2020,32.413341320135316
TSA,2021,30.800566226394853
TSA,2022,29.318460047007893
TSA,2023,28.023750392508667
TSA,2024,26.81200703774897
TSS,2000,150.44997519505407
TSS,2001,146.14748483528567
TSS,2002,138.82860202329732
TSS,2003,132.89441558681307
TSS,2004,127.5612052298014
TSS,2005,119.7140108002182
TSS,2006,113.97853982099375
TSS,2007,109.09004541984251
TSS,2008,104.3814737356469
TSS,2009,102.31088981103383
TSS,2010,97.16445042154074
TSS,2011,96.6851412592745
TSS,2012,90.72846350796958
TSS,2013,87.56624681132813
TSS,2014,86.66106420846073
TSS,2015,84.77829505299789
TSS,2016,83.19261151115272
TSS,2017,82.22792753557162
TSS,2018,78.77549285821104
TSS,2019,77.7158849260533
TSS,2020,75.73754225403073
TSS,2021,77.02575019948013
TSS,2022,77.90648719833177
TSS,2023,73.13930678926894
TSS,2024,71.11416505529158
TTO,2000,28.8
TTO,2001,28.5
TTO,2002,28.1
TTO,2003,27.7
TTO,2004,27.3
TTO,2005,26.9
TTO,2006,26.5
TTO,2007,26.1
TTO,2008,25.7
TTO,2009,25.3
TTO,2010,24.8
TTO,2011,24.4
TTO,2012,23.9
TTO,2013,23.5
TTO,2014,23.1
TTO,2015,22.7
TTO,2016,22.3
TTO,2017,22
TTO,2018,21.6
TTO,2019,21.2
TTO,2020,20.8
TTO,2021,20.4
TTO,2022,19.9
TTO,2023,19.3
TTO,2024,18.8
TUN,2000,29.2
TUN,2001,27.2
TUN,2002,25.5
TUN,2003,24
TUN,2004,22.7
TUN,2005,21.6
TUN,2006,20.7
TUN,2007,20
TUN,2008,19.4
TUN,2009,19
TUN,2010,18.7
TUN,2011,18.5
TUN,2012,18.4
TUN,2013,18.3
TUN,2014,18.3
TUN,2015,18.2
TUN,2016,18.1
TUN,2017,17.9
TUN,2018,17.5
TUN,2019,16.9
TUN,2020,16
TUN,2021,15
TUN,2022,13.9
TUN,2023,12.9
TUN,2024,12.1
TUR,2000,37.2
TUR,2001,34.5
TUR,2002,32
TUR,2003,29.6
TUR,2004,27.4
TUR,2005,25.3
TUR,2006,23.5
TUR,2007,21.8
TUR,2008,20.3
TUR,2009,18.9
TUR,2010,17.6
TUR,2011,16.6
TUR,2012,15.6
TUR,2013,14.7
TUR,2014,14
TUR,2015,13.3
TUR,2016,12.7
TUR,2017,12.2
TUR,2018,11.7
TUR,2019,11.3
TUR,2020,10.9
TUR,2021,10.6
TUR,2022,10.2
TUR,2023,13.8
TUR,2024,9.6
TUV,2000,42.8
TUV,2001,41.8
TUV,2002,40.8
TUV,2003,40
TUV,2004,39.1
TUV,2005,38.1
TUV,2006,36.9
TUV,2007,35.6
TUV,2008,34.2
TUV,2009,32.8
TUV,2010,31.4
TUV,2011,30.2
TUV,2012,29
TUV,2013,28
TUV,2014,26.9
TUV,2015,26
TUV,2016,25.2
TUV,2017,24.3
TUV,2018,23.5
TUV,2019,22.7
TUV,2020,21.9
TUV,2021,21.2
TUV,2022,20.5
TUV,2023,19.8
TUV,2024,19.2
TZA,2000,128
TZA,2001,120.3
TZA,2002,112.4
TZA,2003,105
TZA,2004,98.3
TZA,2005,92.2
TZA,2006,86.7
TZA,2007,81.3
TZA,2008,76.6
TZA,2009,72
TZA,2010,68.2
TZA,2011,64.6
TZA,2012,61.7
TZA,2013,59
TZA,2014,56.3
TZA,2015,54.3
TZA,2016,52
TZA,2017,49.8
TZA,2018,47.6
TZA,2019,45.6
TZA,2020,43.8
TZA,2021,41.7
TZA,2022,40.1
TZA,2023,38.5
TZA,2024,37
UGA,2000,143.9
UGA,2001,137.2
UGA,2002,129.9
UGA,2003,122.1
UGA,2004,114.2
UGA,2005,106.5
UGA,2006,99.2
UGA,2007,92.5
UGA,2008,86.4
UGA,2009,81.2
UGA,2010,76
UGA,2011,70.9
UGA,2012,66.5
UGA,2013,62.8
UGA,2014,60.2
UGA,2015,57.9
UGA,2016,55.6
UGA,2017,54
UGA,2018,52.7
UGA,2019,51.6
UGA,2020,50.9
UGA,2021,50.2
UGA,2022,50
UGA,2023,49.4
UGA,2024,48.7
UKR,2000,18.2
UKR,2001,17.4
UKR,2002,16.6
UKR,2003,15.8
UKR,2004,15.1
UKR,2005,14.5
UKR,2006,14
UKR,2007,13.4
UKR,2008,12.9
UKR,2009,12.3
UKR,2010,11.7
UKR,2011,11.2
UKR,2012,10.7
UKR,2013,10.2
UKR,2014,9.8
UKR,2015,9.5
UKR,2016,9.1
UKR,2017,8.9
UKR,2018,8.7
UKR,2019,8.5
UKR,2020,8.4
UKR,2021,8.2
UKR,2022,8.5
UKR,2023,8
UKR,2024,7.9
UMC,2000,37.6
UMC,2001,35.6
UMC,2002,33.6
UMC,2003,31.7
UMC,2004,30.7
UMC,2005,28.3
UMC,2006,26.7
UMC,2007,25.1
UMC,2008,23.5
UMC,2009,22.1
UMC,2010,20.8
UMC,2011,19.7
UMC,2012,18.6
UMC,2013,17.8
UMC,2014,16.9
UMC,2015,16.2
UMC,2016,15.5
UMC,2017,14.7
UMC,2018,14.5
UMC,2019,14.1
UMC,2020,14.1
UMC,2021,13.9
UMC,2022,13.8
UMC,2023,13.7
UMC,2024,13.1
URY,2000,17
URY,2001,16.6
URY,2002,16.2
URY,2003,15.7
URY,2004,15.2
URY,2005,14.4
URY,2006,13.6
URY,2007,12.7
URY,2008,11.9
URY,2009,11.3
URY,2010,10.8
URY,2011,10.4
URY,2012,10
URY,2013,9.7
URY,2014,9.3
URY,2015,8.9
URY,2016,8.4
URY,2017,8
URY,2018,7.7
URY,2019,7.5
URY,2020,7.3
URY,2021,7.3
URY,2022,7.3
URY,2023,7.4
URY,2024,7.4
USA,2000,8.4
USA,2001,8.3
USA,2002,8.2
USA,2003,8.1
USA,2004,8.1
USA,2005,8
USA,2006,7.9
USA,2007,7.7
USA,2008,7.6
USA,2009,7.5
USA,2010,7.3
USA,2011,7.2
USA,2012,7
USA,2013,6.9
USA,2014,6.8
USA,2015,6.8
USA,2016,6.7
USA,2017,6.6
USA,2018,6.5
USA,2019,6.5
USA,2020,6.5
USA,2021,6.5
USA,2022,6.5
USA,2023,6.5
USA,2024,6.5
UZB,2000,60.7
UZB,2001,58
UZB,2002,55
UZB,2003,51.9
UZB,2004,48.6
UZB,2005,45.2
UZB,2006,41.9
UZB,2007,38.6
UZB,2008,35.5
UZB,2009,32.6
UZB,2010,29.8
UZB,2011,27.3
UZB,2012,25
UZB,2013,23
UZB,2014,21.3
UZB,2015,19.7
UZB,2016,18.4
UZB,2017,17.3
UZB,2018,16.4
UZB,2019,15.7
UZB,2020,15.1
UZB,2021,14.6
UZB,2022,14.1
UZB,2023,13.7
UZB,2024,13.4
VCT,2000,22.6
VCT,2001,22.6
VCT,2002,22.6
VCT,2003,22.6
VCT,2004,22.7
VCT,2005,22.8
VCT,2006,22.8
VCT,2007,22.7
VCT,2008,22.4
VCT,2009,22
VCT,2010,21.4
VCT,2011,20.7
VCT,2012,19.9
VCT,2013,19.1
VCT,2014,18.2
VCT,2015,17.4
VCT,2016,16.6
VCT,2017,15.8
VCT,2018,15
VCT,2019,14.3
VCT,2020,13.6
VCT,2021,12.9
VCT,2022,12.3
VCT,2023,11.8
VCT,2024,11.3
VEN,2000,21.5
VEN,2001,20.9
VEN,2002,20.3
VEN,2003,19.8
VEN,2004,19.2
VEN,2005,18.5
VEN,2006,17.9
VEN,2007,17.4
VEN,2008,17.2
VEN,2009,17.1
VEN,2010,17.2
VEN,2011,17.4
VEN,2012,17.6
VEN,2013,17.9
VEN,2014,18.3
VEN,2015,19.1
VEN,2016,24.2
VEN,2017,24.2
VEN,2018,24.2
VEN,2019,24.2
VEN,2020,24.2
VEN,2021,24.2
VEN,2022,24.2
VEN,2023,24.2
VEN,2024,24.2
VGB,2000,16.8
VGB,2001,16.6
VGB,2002,16.4
VGB,2003,16.1
VGB,2004,16
VGB,2005,15.9
VGB,2006,15.8
VGB,2007,15.7
VGB,2008,15.7
VGB,2009,15.6
VGB,2010,15.6
VGB,2011,15.6
VGB,2012,15.6
VGB,2013,15.6
VGB,2014,15.6
VGB,2015,15.5
VGB,2016,15.2
VGB,2017,14.9
VGB,2018,14.6
VGB,2019,14.2
VGB,2020,13.8
VGB,2021,13.5
VGB,2022,13.1
VGB,2023,12.7
VGB,2024,12.4
VIR,2000,NA
VIR,2001,NA
VIR,2002,NA
VIR,2003,NA
VIR,2004,NA
VIR,2005,NA
VIR,2006,NA
VIR,2007,NA
VIR,2008,NA
VIR,2009,NA
VIR,2010,NA
VIR,2011,NA
VIR,2012,NA
VIR,2013,NA
VIR,2014,NA
VIR,2015,NA
VIR,2016,NA
VIR,2017,NA
VIR,2018,NA
VIR,2019,NA
VIR,2020,NA
VIR,2021,NA
VIR,2022,NA
VIR,2023,NA
VIR,2024,NA
VNM,2000,30.3
VNM,2001,29
VNM,2002,27.9
VNM,2003,26.9
VNM,2004,26.1
VNM,2005,25.4
VNM,2006,24.8
VNM,2007,24.3
VNM,2008,23.8
VNM,2009,23.4
VNM,2010,23.1
VNM,2011,22.8
VNM,2012,22.5
VNM,2013,22.3
VNM,2014,22
VNM,2015,21.6
VNM,2016,21.3
VNM,2017,20.9
VNM,2018,20.5
VNM,2019,20
VNM,2020,19.5
VNM,2021,18.9
VNM,2022,18.4
VNM,2023,17.8
VNM,2024,17.3
VUT,2000,26.6
VUT,2001,26.1
VUT,2002,25.7
VUT,2003,25.3
VUT,2004,25
VUT,2005,24.5
VUT,2006,24.1
VUT,2007,23.5
VUT,2008,22.7
VUT,2009,21.9
VUT,2010,21.1
VUT,2011,20.3
VUT,2012,19.7
VUT,2013,19.2
VUT,2014,18.8
VUT,2015,18.6
VUT,2016,18.4
VUT,2017,18.3
VUT,2018,18.2
VUT,2019,18.1
VUT,2020,18.1
VUT,2021,18
VUT,2022,17.8
VUT,2023,17.5
VUT,2024,17.1
WLD,2000,76.7
WLD,2001,74.3
WLD,2002,71.3
WLD,2003,68.3
WLD,2004,65.8
WLD,2005,62.3
WLD,2006,59.6
WLD,2007,57
WLD,2008,54.7
WLD,2009,52.9
WLD,2010,50.6
WLD,2011,49.5
WLD,2012,46.7
WLD,2013,45.1
WLD,2014,43.9
WLD,2015,42.9
WLD,2016,41.7
WLD,2017,40.9
WLD,2018,40
WLD,2019,39.6
WLD,2020,39.2
WLD,2021,39.6
WLD,2022,40
WLD,2023,38.3
WLD,2024,37.4
WSM,2000,21
WSM,2001,20.3
WSM,2002,19.8
WSM,2003,19.4
WSM,2004,19.1
WSM,2005,19
WSM,2006,19
WSM,2007,19
WSM,2008,19
WSM,2009,25.3
WSM,2010,19.1
WSM,2011,19
WSM,2012,18.8
WSM,2013,18.7
WSM,2014,18.5
WSM,2015,18.3
WSM,2016,18.1
WSM,2017,17.8
WSM,2018,17.5
WSM,2019,20
WSM,2020,16.7
WSM,2021,16.2
WSM,2022,15.8
WSM,2023,15.3
WSM,2024,14.9
XKX,2000,48.4
XKX,2001,44.2
XKX,2002,40.3
XKX,2003,36.7
XKX,2004,33.5
XKX,2005,30.6
XKX,2006,28
XKX,2007,25.7
XKX,2008,23.6
XKX,2009,21.7
XKX,2010,20.1
XKX,2011,18.7
XKX,2012,17.4
XKX,2013,16.3
XKX,2014,15.2
XKX,2015,14.3
XKX,2016,13.4
XKX,2017,12.6
XKX,2018,11.9
XKX,2019,11.2
XKX,2020,10.5
XKX,2021,10
XKX,2022,9.5
XKX,2023,9.1
XKX,2024,8.7
YEM,2000,92.9
YEM,2001,88.2
YEM,2002,83.5
YEM,2003,79
YEM,2004,74.7
YEM,2005,70.6
YEM,2006,66.9
YEM,2007,63.4
YEM,2008,60.2
YEM,2009,57.5
YEM,2010,55
YEM,2011,53.1
YEM,2012,51.6
YEM,2013,49.6
YEM,2014,48.7
YEM,2015,49.3
YEM,2016,47.9
YEM,2017,47.5
YEM,2018,47.3
YEM,2019,46.1
YEM,2020,43.4
YEM,2021,42.6
YEM,2022,41.1
YEM,2023,39.5
YEM,2024,38.1
ZAF,2000,71.4
ZAF,2001,74.5
ZAF,2002,77
ZAF,2003,79.2
ZAF,2004,80.7
ZAF,2005,79.8
ZAF,2006,76.9
ZAF,2007,71.2
ZAF,2008,63.7
ZAF,2009,56.9
ZAF,2010,50.3
ZAF,2011,45.6
ZAF,2012,43.1
ZAF,2013,41.4
ZAF,2014,39.7
ZAF,2015,38.2
ZAF,2016,36.8
ZAF,2017,35.7
ZAF,2018,34.9
ZAF,2019,34.3
ZAF,2020,33.9
ZAF,2021,34
ZAF,2022,34.3
ZAF,2023,34.8
ZAF,2024,35.1
ZMB,2000,151.8
ZMB,2001,143.2
ZMB,2002,132.9
ZMB,2003,122.1
ZMB,2004,111.7
ZMB,2005,102.7
ZMB,2006,94.8
ZMB,2007,89.1
ZMB,2008,84.2
ZMB,2009,78.4
ZMB,2010,74.3
ZMB,2011,71.8
ZMB,2012,69.2
ZMB,2013,66
ZMB,2014,62.6
ZMB,2015,60.2
ZMB,2016,57.1
ZMB,2017,55.2
ZMB,2018,54.7
ZMB,2019,53.5
ZMB,2020,52.5
ZMB,2021,50.4
ZMB,2022,49.5
ZMB,2023,49.1
ZMB,2024,48.4
ZWE,2000,99.4
ZWE,2001,96.3
ZWE,2002,93.8
ZWE,2003,91.9
ZWE,2004,91.2
ZWE,2005,91.6
ZWE,2006,87.6
ZWE,2007,90.6
ZWE,2008,91.1
ZWE,2009,89.8
ZWE,2010,85.2
ZWE,2011,77.2
ZWE,2012,68
ZWE,2013,62.6
ZWE,2014,59.8
ZWE,2015,59.2
ZWE,2016,57.5
ZWE,2017,56.7
ZWE,2018,56.3
ZWE,2019,58.6
ZWE,2020,61.7
ZWE,2021,62.4
ZWE,2022,64
ZWE,2023,64.2
ZWE,2024,64.7
